cell_id,month,min_minutes,best_arr,best_dep
0,1,454.8,SHI,ICN
1,1,444.8,SHI,ICN
2,1,441.1,SHI,ICN
3,1,401.2,SHI,ICN
4,1,407.0,SHI,ICN
5,1,396.9,SHI,ICN
6,1,313.5,SHI,ICN
7,1,323.4,SHI,ICN
8,1,300.4,SHI,ICN
9,1,311.1,SHI,ICN
10,1,276.1,OKA,PUS
11,1,267.4,OKA,PUS
12,1,278.1,OKA,PUS
13,1,281.3,OKA,PUS
14,1,288.8,OKA,PUS
15,1,296.0,OKA,PUS
16,1,304.8,OKA,PUS
17,1,303.2,OKA,PUS
18,1,317.7,OKA,PUS
19,1,325.2,OKA,PUS
20,1,1264.1,FSZ,ICN
21,1,325.7,OKA,PUS
22,1,332.3,OKA,PUS
23,1,339.9,OKA,PUS
24,1,1254.8,FSZ,ICN
25,1,326.5,OKA,PUS
26,1,346.9,OKA,PUS
27,1,354.5,OKA,PUS
28,1,361.5,OKA,PUS
29,1,479.2,OKA,PUS
30,1,487.2,OKA,PUS
31,1,530.2,OKA,PUS
32,1,544.6,OKA,PUS
33,1,546.3,OKA,PUS
34,1,552.5,OKA,PUS
35,1,560.6,OKA,PUS
36,1,566.9,OKA,PUS
37,1,601.6,OKA,PUS
38,1,581.2,OKA,PUS
39,1,587.8,OKA,PUS
40,1,483.2,KOJ,PUS
41,1,438.4,KOJ,PUS
42,1,396.2,KOJ,PUS
43,1,395.0,KOJ,PUS
44,1,386.3,KOJ,PUS
45,1,385.0,KOJ,PUS
46,1,376.4,KOJ,PUS
47,1,375.0,KOJ,PUS
48,1,375.0,KOJ,PUS
49,1,356.7,KOJ,PUS
50,1,346.8,KOJ,PUS
51,1,294.3,KOJ,PUS
52,1,295.7,KOJ,PUS
53,1,285.9,KOJ,PUS
54,1,284.3,KOJ,PUS
55,1,285.9,KOJ,PUS
56,1,289.0,KOJ,PUS
57,1,291.0,KOJ,PUS
58,1,284.9,KOJ,PUS
59,1,279.8,KOJ,PUS
60,1,276.2,KOJ,PUS
61,1,276.3,KOJ,PUS
62,1,279.9,KOJ,PUS
63,1,284.9,KOJ,PUS
64,1,291.5,KOJ,PUS
65,1,276.8,KOJ,PUS
66,1,271.0,KOJ,PUS
67,1,264.4,KOJ,PUS
68,1,266.7,KOJ,PUS
69,1,271.0,KOJ,PUS
70,1,291.5,KOJ,PUS
71,1,269.5,KOJ,PUS
72,1,262.6,KOJ,PUS
73,1,254.5,KOJ,PUS
74,1,257.4,KOJ,PUS
75,1,262.7,KOJ,PUS
76,1,269.5,KOJ,PUS
77,1,277.4,KOJ,PUS
78,1,285.9,KOJ,PUS
79,1,263.3,KOJ,PUS
80,1,255.2,KOJ,PUS
81,1,248.6,KOJ,PUS
82,1,244.6,KOJ,PUS
83,1,248.6,KOJ,PUS
84,1,255.2,KOJ,PUS
85,1,263.3,KOJ,PUS
86,1,272.1,KOJ,PUS
87,1,281.3,KOJ,PUS
88,1,318.1,KOJ,PUS
89,1,258.7,KOJ,PUS
90,1,249.4,KOJ,PUS
91,1,240.9,KOJ,PUS
92,1,241.0,KOJ,PUS
93,1,249.4,KOJ,PUS
94,1,258.7,KOJ,PUS
95,1,268.4,KOJ,PUS
96,1,273.0,KMI,ICN
97,1,269.5,KMI,ICN
98,1,266.5,KOJ,PUS
99,1,256.4,KOJ,PUS
100,1,246.3,KOJ,PUS
101,1,236.3,KOJ,PUS
102,1,226.8,KOJ,PUS
103,1,226.8,KOJ,PUS
104,1,236.3,KOJ,PUS
105,1,246.4,KOJ,PUS
106,1,256.5,KOJ,PUS
107,1,266.6,KOJ,PUS
108,1,265.3,KMI,ICN
109,1,259.7,KMI,ICN
110,1,297.1,KOJ,PUS
111,1,266.9,KOJ,PUS
112,1,256.9,KOJ,PUS
113,1,247.0,KOJ,PUS
114,1,237.4,KOJ,PUS
115,1,229.2,KOJ,PUS
116,1,229.2,KOJ,PUS
117,1,237.4,KOJ,PUS
118,1,247.0,KOJ,PUS
119,1,256.9,KOJ,PUS
120,1,266.9,KOJ,PUS
121,1,261.1,KMI,ICN
122,1,251.2,KMI,ICN
123,1,269.4,KOJ,PUS
124,1,260.0,KOJ,PUS
125,1,251.1,KOJ,PUS
126,1,243.4,KOJ,PUS
127,1,238.3,KOJ,PUS
128,1,238.3,KOJ,PUS
129,1,243.4,KOJ,PUS
130,1,251.2,KOJ,PUS
131,1,260.0,KOJ,PUS
132,1,269.4,KOJ,PUS
133,1,263.5,KMI,ICN
134,1,256.9,KMI,ICN
135,1,273.6,KOJ,PUS
136,1,265.2,KOJ,PUS
137,1,257.6,KOJ,PUS
138,1,251.6,KOJ,PUS
139,1,248.0,KOJ,PUS
140,1,248.0,KOJ,PUS
141,1,251.6,KOJ,PUS
142,1,257.6,KOJ,PUS
143,1,265.2,KOJ,PUS
144,1,273.7,KOJ,PUS
145,1,270.6,KMI,ICN
146,1,266.7,KMI,ICN
147,1,287.5,KOJ,PUS
148,1,265.4,KOJ,PUS
149,1,260.6,KOJ,PUS
150,1,257.9,KOJ,PUS
151,1,257.9,KOJ,PUS
152,1,260.6,KOJ,PUS
153,1,265.5,KOJ,PUS
154,1,271.9,KOJ,PUS
155,1,279.4,KOJ,PUS
156,1,279.3,KMI,ICN
157,1,276.6,KMI,ICN
158,1,277.3,KMI,ICN
159,1,301.5,KOJ,PUS
160,1,274.0,KOJ,PUS
161,1,270.0,KOJ,PUS
162,1,267.9,KOJ,PUS
163,1,267.9,KOJ,PUS
164,1,270.0,KOJ,PUS
165,1,274.0,KOJ,PUS
166,1,279.5,KOJ,PUS
167,1,286.1,KOJ,PUS
168,1,288.6,KMI,ICN
169,1,286.6,KMI,ICN
170,1,287.1,KMI,ICN
171,1,302.4,NGS,ICN
172,1,300.3,KOJ,PUS
173,1,287.7,KOJ,PUS
174,1,278.0,KMJ,PUS
175,1,274.4,KMJ,PUS
176,1,272.2,KMJ,PUS
177,1,271.8,KMJ,PUS
178,1,273.0,KMJ,PUS
179,1,275.9,KMJ,PUS
180,1,280.2,KMJ,PUS
181,1,285.7,KMJ,PUS
182,1,292.0,KMJ,PUS
183,1,297.0,KMI,ICN
184,1,292.5,NGS,ICN
185,1,295.1,NGS,ICN
186,1,269.2,KMJ,PUS
187,1,264.9,KMJ,PUS
188,1,262.3,KMJ,PUS
189,1,261.8,KMJ,PUS
190,1,263.3,KMJ,PUS
191,1,266.7,KMJ,PUS
192,1,271.7,KMJ,PUS
193,1,277.9,KMJ,PUS
194,1,284.9,KMJ,PUS
195,1,292.6,KMJ,PUS
196,1,300.8,KMJ,PUS
197,1,285.7,NGS,ICN
198,1,274.8,KMJ,PUS
199,1,260.7,KMJ,PUS
200,1,255.6,KMJ,PUS
201,1,252.5,KMJ,PUS
202,1,251.8,KMJ,PUS
203,1,253.7,KMJ,PUS
204,1,257.8,KMJ,PUS
205,1,263.7,KMJ,PUS
206,1,270.7,KMJ,PUS
207,1,278.6,KMJ,PUS
208,1,286.9,KMJ,PUS
209,1,295.7,KMJ,PUS
210,1,260.7,KMJ,PUS
211,1,246.8,KMJ,PUS
212,1,242.7,KMJ,PUS
213,1,241.8,KMJ,PUS
214,1,244.3,KMJ,PUS
215,1,249.6,KMJ,PUS
216,1,256.6,KMJ,PUS
217,1,264.6,KMJ,PUS
218,1,273.2,KMJ,PUS
219,1,282.3,KMJ,PUS
220,1,291.5,KMJ,PUS
221,1,348.4,NGS,ICN
222,1,338.6,NGS,ICN
223,1,274.2,KMJ,PUS
224,1,264.7,KMJ,PUS
225,1,246.7,KMJ,PUS
226,1,238.9,KMJ,PUS
227,1,233.2,KMJ,PUS
228,1,231.8,KMJ,PUS
229,1,235.5,KMJ,PUS
230,1,242.4,KMJ,PUS
231,1,250.8,KMJ,PUS
232,1,259.8,KMJ,PUS
233,1,269.2,KMJ,PUS
234,1,278.8,KMJ,PUS
235,1,288.5,KMJ,PUS
236,1,298.3,KMJ,PUS
237,1,254.3,NGS,ICN
238,1,251.6,NGS,ICN
239,1,254.3,NGS,ICN
240,1,269.2,NGS,ICN
241,1,262.1,KMJ,PUS
242,1,233.0,KMJ,PUS
243,1,224.7,KMJ,PUS
244,1,222.0,KMJ,PUS
245,1,228.4,KMJ,PUS
246,1,237.4,KMJ,PUS
247,1,247.1,KMJ,PUS
248,1,256.9,KMJ,PUS
249,1,266.8,KMJ,PUS
250,1,276.7,KMJ,PUS
251,1,286.7,KMJ,PUS
252,1,296.7,KMJ,PUS
253,1,306.6,KMJ,PUS
254,1,336.7,MYJ,PUS
255,1,325.2,NGS,ICN
256,1,315.2,NGS,ICN
257,1,255.9,NGS,ICN
258,1,246.9,NGS,ICN
259,1,241.6,NGS,ICN
260,1,246.8,NGS,ICN
261,1,255.9,NGS,ICN
262,1,265.5,NGS,ICN
263,1,241.4,KMJ,PUS
264,1,231.4,KMJ,PUS
265,1,221.5,KMJ,PUS
266,1,216.7,KMJ,PUS
267,1,226.2,KMJ,PUS
268,1,236.1,KMJ,PUS
269,1,246.1,KMJ,PUS
270,1,256.1,KMJ,PUS
271,1,266.2,KMJ,PUS
272,1,276.2,KMJ,PUS
273,1,286.2,KMJ,PUS
274,1,296.2,KMJ,PUS
275,1,306.3,KMJ,PUS
276,1,311.2,OIT,ICN
277,1,326.3,MYJ,PUS
278,1,326.8,MYJ,PUS
279,1,328.2,MYJ,PUS
280,1,315.0,NGS,ICN
281,1,255.0,NGS,ICN
282,1,245.2,NGS,ICN
283,1,245.2,NGS,ICN
284,1,255.0,NGS,ICN
285,1,253.2,KMJ,PUS
286,1,243.8,KMJ,PUS
287,1,235.0,KMJ,PUS
288,1,227.8,KMJ,PUS
289,1,225.8,KMJ,PUS
290,1,230.9,KMJ,PUS
291,1,239.0,KMJ,PUS
292,1,248.2,KMJ,PUS
293,1,257.7,KMJ,PUS
294,1,267.5,KMJ,PUS
295,1,277.3,KMJ,PUS
296,1,287.1,KMJ,PUS
297,1,297.0,KMJ,PUS
298,1,299.2,OIT,ICN
299,1,301.7,OIT,ICN
300,1,305.6,OIT,ICN
301,1,316.7,MYJ,PUS
302,1,316.2,MYJ,PUS
303,1,316.8,MYJ,PUS
304,1,318.4,MYJ,PUS
305,1,315.9,NGS,ICN
306,1,267.5,NGS,ICN
307,1,258.7,NGS,ICN
308,1,247.9,NGS,ICN
309,1,251.2,NGS,ICN
310,1,255.1,HSG,ICN
311,1,253.3,HSG,ICN
312,1,249.0,KMJ,PUS
313,1,241.8,KMJ,PUS
314,1,236.9,KMJ,PUS
315,1,235.8,KMJ,PUS
316,1,238.9,KMJ,PUS
317,1,245.0,KMJ,PUS
318,1,252.8,KMJ,PUS
319,1,261.4,KMJ,PUS
320,1,270.5,KMJ,PUS
321,1,279.9,KMJ,PUS
322,1,289.3,OIT,ICN
323,1,288.3,OIT,ICN
324,1,289.4,OIT,ICN
325,1,308.3,MYJ,PUS
326,1,306.7,MYJ,PUS
327,1,306.2,MYJ,PUS
328,1,306.8,MYJ,PUS
329,1,308.6,MYJ,PUS
330,1,311.3,MYJ,PUS
331,1,265.3,NGS,ICN
332,1,260.0,NGS,ICN
333,1,257.9,NGS,ICN
334,1,259.9,NGS,ICN
335,1,248.6,HSG,ICN
336,1,256.0,KMJ,PUS
337,1,250.2,KMJ,PUS
338,1,246.5,KMJ,PUS
339,1,245.7,KMJ,PUS
340,1,248.0,KMJ,PUS
341,1,252.7,KMJ,PUS
342,1,259.2,KMJ,PUS
343,1,266.8,KMJ,PUS
344,1,275.1,KMJ,PUS
345,1,283.0,OIT,ICN
346,1,279.5,OIT,ICN
347,1,278.3,OIT,ICN
348,1,296.8,MYJ,PUS
349,1,296.2,MYJ,PUS
350,1,296.9,MYJ,PUS
351,1,298.8,MYJ,PUS
352,1,301.9,MYJ,PUS
353,1,306.0,MYJ,PUS
354,1,503.4,FSZ,ICN
355,1,509.4,FSZ,ICN
356,1,321.4,NGS,ICN
357,1,279.5,NGS,ICN
358,1,273.5,NGS,ICN
359,1,269.4,NGS,ICN
360,1,267.9,NGS,ICN
361,1,261.7,HSG,ICN
362,1,252.3,HSG,ICN
363,1,244.1,HSG,ICN
364,1,242.8,HSG,ICN
365,1,248.1,FUK,PUS
366,1,249.2,FUK,PUS
367,1,252.6,FUK,PUS
368,1,256.4,KMJ,PUS
369,1,255.7,KMJ,PUS
370,1,257.4,KMJ,PUS
371,1,261.2,KMJ,PUS
372,1,266.7,KMJ,PUS
373,1,273.3,KMJ,PUS
374,1,280.7,OIT,ICN
375,1,274.3,OIT,ICN
376,1,269.9,OIT,ICN
377,1,268.3,OIT,ICN
378,1,270.0,OIT,ICN
379,1,286.8,MYJ,PUS
380,1,286.2,MYJ,PUS
381,1,287.0,MYJ,PUS
382,1,289.2,MYJ,PUS
383,1,292.7,MYJ,PUS
384,1,297.3,MYJ,PUS
385,1,293.6,NGS,ICN
386,1,287.3,NGS,ICN
387,1,282.3,NGS,ICN
388,1,274.3,FUK,PUS
389,1,265.7,FUK,PUS
390,1,257.5,FUK,PUS
391,1,250.1,FUK,PUS
392,1,243.9,FUK,PUS
393,1,239.6,FUK,PUS
394,1,238.0,FUK,PUS
395,1,239.6,FUK,PUS
396,1,243.9,FUK,PUS
397,1,250.0,FUK,PUS
398,1,257.5,FUK,PUS
399,1,265.6,FUK,PUS
400,1,270.3,KMJ,PUS
401,1,274.9,KMJ,PUS
402,1,280.7,KMJ,PUS
403,1,274.4,OIT,ICN
404,1,276.9,MYJ,PUS
405,1,276.2,MYJ,PUS
406,1,277.1,MYJ,PUS
407,1,279.7,MYJ,PUS
408,1,283.7,MYJ,PUS
409,1,288.8,MYJ,PUS
410,1,294.9,MYJ,PUS
411,1,261.0,FUK,PUS
412,1,252.0,FUK,PUS
413,1,243.5,FUK,PUS
414,1,236.0,FUK,PUS
415,1,230.3,FUK,PUS
416,1,228.0,FUK,PUS
417,1,230.2,FUK,PUS
418,1,235.9,FUK,PUS
419,1,243.5,FUK,PUS
420,1,252.0,FUK,PUS
421,1,261.0,FUK,PUS
422,1,270.2,FUK,PUS
423,1,279.7,FUK,PUS
424,1,279.6,OIT,ICN
425,1,270.0,OIT,ICN
426,1,260.7,OIT,ICN
427,1,252.4,OIT,ICN
428,1,269.9,MYJ,PUS
429,1,267.1,MYJ,PUS
430,1,266.2,MYJ,PUS
431,1,267.3,MYJ,PUS
432,1,270.3,MYJ,PUS
433,1,275.0,MYJ,PUS
434,1,280.8,MYJ,PUS
435,1,287.7,MYJ,PUS
436,1,339.3,TAK,ICN
437,1,340.7,TAK,ICN
438,1,257.9,FUK,PUS
439,1,238.8,FUK,PUS
440,1,229.7,FUK,PUS
441,1,221.8,FUK,PUS
442,1,218.0,FUK,PUS
443,1,221.8,FUK,PUS
444,1,229.7,FUK,PUS
445,1,238.7,FUK,PUS
446,1,248.2,FUK,PUS
447,1,257.9,FUK,PUS
448,1,267.6,FUK,PUS
449,1,276.3,KKJ,ICN
450,1,278.6,OIT,ICN
451,1,268.6,OIT,ICN
452,1,258.6,OIT,ICN
453,1,248.7,OIT,ICN
454,1,266.1,MYJ,PUS
455,1,260.8,MYJ,PUS
456,1,257.3,MYJ,PUS
457,1,256.1,MYJ,PUS
458,1,257.6,MYJ,PUS
459,1,261.3,MYJ,PUS
460,1,266.8,MYJ,PUS
461,1,273.5,MYJ,PUS
462,1,281.2,MYJ,PUS
463,1,289.3,MYJ,PUS
464,1,297.9,MYJ,PUS
465,1,329.0,TAK,ICN
466,1,329.3,TAK,ICN
467,1,330.9,TAK,ICN
468,1,296.1,SHM,ICN
469,1,236.8,FUK,PUS
470,1,226.8,FUK,PUS
471,1,216.9,FUK,PUS
472,1,208.0,FUK,PUS
473,1,216.9,FUK,PUS
474,1,226.8,FUK,PUS
475,1,236.7,FUK,PUS
476,1,246.7,FUK,PUS
477,1,256.6,FUK,PUS
478,1,263.9,KKJ,ICN
479,1,267.1,KKJ,ICN
480,1,272.7,KKJ,ICN
481,1,261.4,OIT,ICN
482,1,253.4,OIT,ICN
483,1,252.2,MYJ,PUS
484,1,247.7,MYJ,PUS
485,1,246.1,MYJ,PUS
486,1,248.0,MYJ,PUS
487,1,252.8,MYJ,PUS
488,1,259.4,MYJ,PUS
489,1,267.2,MYJ,PUS
490,1,275.7,MYJ,PUS
491,1,284.5,MYJ,PUS
492,1,293.6,MYJ,PUS
493,1,302.9,MYJ,PUS
494,1,312.4,MYJ,PUS
495,1,321.9,MYJ,PUS
496,1,319.9,TAK,ICN
497,1,319.0,TAK,ICN
498,1,319.4,TAK,ICN
499,1,321.1,TAK,ICN
500,1,273.9,SHM,ICN
501,1,282.6,SHM,ICN
502,1,291.9,SHM,ICN
503,1,301.6,SHM,ICN
504,1,215.8,FUK,PUS
505,1,220.2,FUK,PUS
506,1,228.6,FUK,PUS
507,1,238.0,FUK,PUS
508,1,247.6,FUK,PUS
509,1,253.8,KKJ,ICN
510,1,267.5,OIT,ICN
511,1,261.8,OIT,ICN
512,1,236.1,MYJ,PUS
513,1,238.9,MYJ,PUS
514,1,245.3,MYJ,PUS
515,1,253.4,MYJ,PUS
516,1,262.3,MYJ,PUS
517,1,271.5,MYJ,PUS
518,1,280.9,MYJ,PUS
519,1,290.5,MYJ,PUS
520,1,300.2,MYJ,PUS
521,1,309.9,MYJ,PUS
522,1,312.7,TAK,ICN
523,1,310.0,TAK,ICN
524,1,308.9,TAK,ICN
525,1,309.4,TAK,ICN
526,1,311.5,TAK,ICN
527,1,310.2,TKS,ICN
528,1,306.3,TKS,ICN
529,1,260.8,SHM,ICN
530,1,270.7,SHM,ICN
531,1,280.6,SHM,ICN
532,1,290.5,SHM,ICN
533,1,300.5,SHM,ICN
534,1,310.4,SHM,ICN
535,1,279.0,FUK,PUS
536,1,228.2,FUK,PUS
537,1,234.3,FUK,PUS
538,1,242.2,FUK,PUS
539,1,250.8,KKJ,ICN
540,1,244.2,KKJ,ICN
541,1,226.1,MYJ,PUS
542,1,231.3,MYJ,PUS
543,1,240.1,MYJ,PUS
544,1,249.5,MYJ,PUS
545,1,259.2,MYJ,PUS
546,1,269.0,MYJ,PUS
547,1,278.8,MYJ,PUS
548,1,288.7,MYJ,PUS
549,1,298.5,MYJ,PUS
550,1,307.9,TAK,ICN
551,1,303.3,TAK,ICN
552,1,300.2,TAK,ICN
553,1,298.9,TAK,ICN
554,1,299.5,TAK,ICN
555,1,301.9,TAK,ICN
556,1,301.5,TKS,ICN
557,1,296.9,TKS,ICN
558,1,294.2,TKS,ICN
559,1,269.0,SHM,ICN
560,1,274.5,SHM,ICN
561,1,282.9,SHM,ICN
562,1,292.2,SHM,ICN
563,1,301.7,SHM,ICN
564,1,311.4,SHM,ICN
565,1,282.2,FUK,PUS
566,1,237.5,FUK,PUS
567,1,242.0,FUK,PUS
568,1,248.4,FUK,PUS
569,1,247.6,KKJ,ICN
570,1,220.4,MYJ,PUS
571,1,228.9,MYJ,PUS
572,1,238.7,MYJ,PUS
573,1,248.6,MYJ,PUS
574,1,258.5,MYJ,PUS
575,1,268.4,MYJ,PUS
576,1,278.3,MYJ,PUS
577,1,288.2,MYJ,PUS
578,1,298.1,MYJ,PUS
579,1,299.6,TAK,ICN
580,1,294.3,TAK,ICN
581,1,290.5,TAK,ICN
582,1,288.9,TAK,ICN
583,1,289.6,TAK,ICN
584,1,292.6,TAK,ICN
585,1,293.4,TKS,ICN
586,1,287.8,TKS,ICN
587,1,284.4,TKS,ICN
588,1,283.7,TKS,ICN
589,1,285.1,SHM,ICN
590,1,280.0,SHM,ICN
591,1,278.9,SHM,ICN
592,1,282.2,SHM,ICN
593,1,288.5,SHM,ICN
594,1,296.4,SHM,ICN
595,1,305.1,SHM,ICN
596,1,314.2,SHM,ICN
597,1,323.6,SHM,ICN
598,1,244.3,KKJ,ICN
599,1,278.4,MYJ,PUS
600,1,259.2,MYJ,PUS
601,1,234.2,MYJ,PUS
602,1,241.9,MYJ,PUS
603,1,250.8,MYJ,PUS
604,1,269.8,MYJ,PUS
605,1,279.4,MYJ,PUS
606,1,289.2,MYJ,PUS
607,1,299.0,MYJ,PUS
608,1,292.1,TAK,ICN
609,1,285.7,TAK,ICN
610,1,281.0,TAK,ICN
611,1,278.9,TAK,ICN
612,1,279.9,TAK,ICN
613,1,283.6,TAK,ICN
614,1,286.3,TKS,ICN
615,1,279.4,TKS,ICN
616,1,274.7,TKS,ICN
617,1,273.8,TKS,ICN
618,1,288.6,KIX,PUS
619,1,288.3,KIX,PUS
620,1,288.8,SHM,ICN
621,1,291.1,SHM,ICN
622,1,296.0,SHM,ICN
623,1,302.6,SHM,ICN
624,1,309.7,KIX,PUS
625,1,316.9,KIX,PUS
626,1,324.6,KIX,PUS
627,1,332.7,KIX,PUS
628,1,253.9,KKJ,ICN
629,1,246.9,UBJ,ICN
630,1,245.1,UBJ,ICN
631,1,250.7,UBJ,ICN
632,1,259.1,UBJ,ICN
633,1,277.8,UBJ,ICN
634,1,287.5,UBJ,ICN
635,1,290.5,MYJ,PUS
636,1,281.2,MYJ,PUS
637,1,272.0,MYJ,PUS
638,1,248.3,MYJ,PUS
639,1,255.7,MYJ,PUS
640,1,285.8,TAK,ICN
641,1,278.0,TAK,ICN
642,1,271.9,TAK,ICN
643,1,268.9,TAK,ICN
644,1,270.3,TAK,ICN
645,1,275.4,TAK,ICN
646,1,281.1,TKS,ICN
647,1,272.4,TKS,ICN
648,1,265.5,TKS,ICN
649,1,278.6,KIX,PUS
650,1,278.4,KIX,PUS
651,1,280.2,KIX,PUS
652,1,284.0,KIX,PUS
653,1,289.2,KIX,PUS
654,1,295.6,KIX,PUS
655,1,302.9,KIX,PUS
656,1,310.7,KIX,PUS
657,1,318.9,KIX,PUS
658,1,327.5,KIX,PUS
659,1,336.3,KIX,PUS
660,1,266.6,KKJ,ICN
661,1,263.7,KKJ,ICN
662,1,260.8,UBJ,ICN
663,1,255.9,UBJ,ICN
664,1,255.0,UBJ,ICN
665,1,258.4,UBJ,ICN
666,1,264.7,UBJ,ICN
667,1,272.6,UBJ,ICN
668,1,281.3,UBJ,ICN
669,1,290.3,UBJ,ICN
670,1,294.2,MYJ,PUS
671,1,285.3,MYJ,PUS
672,1,276.8,MYJ,PUS
673,1,255.7,MYJ,PUS
674,1,256.3,MYJ,PUS
675,1,262.4,MYJ,PUS
676,1,281.3,TAK,ICN
677,1,272.2,TAK,ICN
678,1,264.0,TAK,ICN
679,1,259.0,TAK,ICN
680,1,261.4,TAK,ICN
681,1,268.8,TAK,ICN
682,1,277.7,TAK,ICN
683,1,268.8,TKS,ICN
684,1,259.0,TKS,ICN
685,1,268.8,KIX,PUS
686,1,268.4,KIX,PUS
687,1,270.7,KIX,PUS
688,1,275.3,KIX,PUS
689,1,281.6,KIX,PUS
690,1,288.9,KIX,PUS
691,1,296.9,KIX,PUS
692,1,305.3,KIX,PUS
693,1,314.1,KIX,PUS
694,1,323.1,KIX,PUS
695,1,332.3,KIX,PUS
696,1,335.9,FUK,PUS
697,1,273.7,KKJ,ICN
698,1,269.1,UBJ,ICN
699,1,265.6,UBJ,ICN
700,1,264.9,UBJ,ICN
701,1,267.3,UBJ,ICN
702,1,272.2,UBJ,ICN
703,1,278.8,UBJ,ICN
704,1,286.4,UBJ,ICN
705,1,294.7,UBJ,ICN
706,1,298.9,MYJ,PUS
707,1,290.6,MYJ,PUS
708,1,282.8,MYJ,PUS
709,1,279.4,TAK,ICN
710,1,269.6,TAK,ICN
711,1,259.7,TAK,ICN
712,1,250.0,TAK,ICN
713,1,255.9,TAK,ICN
714,1,265.7,TAK,ICN
715,1,275.6,TAK,ICN
716,1,270.6,TKS,ICN
717,1,262.6,TKS,ICN
718,1,266.9,TKS,ICN
719,1,259.0,KIX,PUS
720,1,258.4,KIX,PUS
721,1,261.6,KIX,PUS
722,1,267.5,KIX,PUS
723,1,274.9,KIX,PUS
724,1,283.2,KIX,PUS
725,1,292.0,KIX,PUS
726,1,301.0,KIX,PUS
727,1,310.3,KIX,PUS
728,1,319.7,KIX,PUS
729,1,329.2,KIX,PUS
730,1,327.1,NGO,PUS
731,1,381.6,FSZ,ICN
732,1,341.5,FUK,PUS
733,1,333.6,FUK,PUS
734,1,282.8,UBJ,ICN
735,1,278.2,UBJ,ICN
736,1,275.4,UBJ,ICN
737,1,274.9,UBJ,ICN
738,1,276.7,UBJ,ICN
739,1,280.7,UBJ,ICN
740,1,286.2,UBJ,ICN
741,1,292.8,UBJ,ICN
742,1,300.3,UBJ,ICN
743,1,304.5,MYJ,PUS
744,1,296.9,MYJ,PUS
745,1,289.8,MYJ,PUS
746,1,283.4,MYJ,PUS
747,1,271.3,MYJ,PUS
748,1,265.4,HIJ,ICN
749,1,265.6,HIJ,ICN
750,1,271.4,TAK,ICN
751,1,262.7,TAK,ICN
752,1,257.1,TAK,ICN
753,1,259.9,TAK,ICN
754,1,267.9,TAK,ICN
755,1,274.0,TKS,ICN
756,1,272.3,KIX,PUS
757,1,249.4,KIX,PUS
758,1,248.6,KIX,PUS
759,1,253.4,KIX,PUS
760,1,261.1,KIX,PUS
761,1,269.8,KIX,PUS
762,1,279.0,KIX,PUS
763,1,288.5,KIX,PUS
764,1,298.0,KIX,PUS
765,1,307.7,KIX,PUS
766,1,317.4,KIX,PUS
767,1,324.3,NGO,PUS
768,1,318.5,NGO,PUS
769,1,313.6,NGO,PUS
770,1,309.8,NGO,PUS
771,1,306.3,NGO,PUS
772,1,347.6,FUK,PUS
773,1,287.6,UBJ,ICN
774,1,285.3,UBJ,ICN
775,1,284.9,UBJ,ICN
776,1,286.4,UBJ,ICN
777,1,289.6,UBJ,ICN
778,1,294.3,UBJ,ICN
779,1,300.2,UBJ,ICN
780,1,306.9,UBJ,ICN
781,1,310.9,MYJ,PUS
782,1,303.8,MYJ,PUS
783,1,297.4,MYJ,PUS
784,1,291.7,MYJ,PUS
785,1,286.9,MYJ,PUS
786,1,280.1,HIJ,ICN
787,1,270.4,HIJ,ICN
788,1,260.7,HIJ,ICN
789,1,251.6,HIJ,ICN
790,1,245.9,HIJ,ICN
791,1,251.9,HIJ,ICN
792,1,261.0,HIJ,ICN
793,1,280.4,HIJ,ICN
794,1,276.7,TAK,ICN
795,1,269.7,KIX,PUS
796,1,239.4,KIX,PUS
797,1,247.8,KIX,PUS
798,1,257.4,KIX,PUS
799,1,267.1,KIX,PUS
800,1,276.9,KIX,PUS
801,1,286.7,KIX,PUS
802,1,296.5,KIX,PUS
803,1,306.3,KIX,PUS
804,1,316.2,KIX,PUS
805,1,316.8,NGO,PUS
806,1,310.3,NGO,PUS
807,1,304.8,NGO,PUS
808,1,300.4,NGO,PUS
809,1,297.5,NGO,PUS
810,1,296.3,NGO,PUS
811,1,379.7,FSZ,ICN
812,1,346.9,FUK,PUS
813,1,298.9,UBJ,ICN
814,1,303.0,UBJ,ICN
815,1,308.1,UBJ,ICN
816,1,314.2,UBJ,ICN
817,1,317.9,MYJ,PUS
818,1,311.3,MYJ,PUS
819,1,305.4,MYJ,PUS
820,1,299.5,HIJ,ICN
821,1,289.7,HIJ,ICN
822,1,279.9,HIJ,ICN
823,1,270.2,HIJ,ICN
824,1,260.5,HIJ,ICN
825,1,251.1,HIJ,ICN
826,1,245.0,HIJ,ICN
827,1,251.4,HIJ,ICN
828,1,260.8,HIJ,ICN
829,1,270.5,HIJ,ICN
830,1,280.2,HIJ,ICN
831,1,290.0,HIJ,ICN
832,1,285.7,OKJ,ICN
833,1,276.6,OKJ,ICN
834,1,276.0,OKJ,ICN
835,1,277.0,TAK,ICN
836,1,288.0,TAK,ICN
837,1,269.8,KIX,PUS
838,1,248.2,KIX,PUS
839,1,257.6,KIX,PUS
840,1,267.2,KIX,PUS
841,1,277.0,KIX,PUS
842,1,286.7,KIX,PUS
843,1,296.5,KIX,PUS
844,1,306.4,KIX,PUS
845,1,316.2,KIX,PUS
846,1,310.0,NGO,PUS
847,1,302.8,NGO,PUS
848,1,296.4,NGO,PUS
849,1,291.3,NGO,PUS
850,1,287.7,NGO,PUS
851,1,286.2,NGO,PUS
852,1,354.1,FUK,PUS
853,1,311.9,UBJ,ICN
854,1,316.5,UBJ,ICN
855,1,322.0,UBJ,ICN
856,1,325.3,MYJ,PUS
857,1,319.3,MYJ,PUS
858,1,310.7,HIJ,ICN
859,1,301.1,HIJ,ICN
860,1,291.6,HIJ,ICN
861,1,282.3,HIJ,ICN
862,1,273.2,HIJ,ICN
863,1,264.8,HIJ,ICN
864,1,257.9,HIJ,ICN
865,1,255.0,HIJ,ICN
866,1,258.1,HIJ,ICN
867,1,265.0,HIJ,ICN
868,1,273.5,HIJ,ICN
869,1,282.6,HIJ,ICN
870,1,286.8,OKJ,ICN
871,1,278.7,OKJ,ICN
872,1,271.7,OKJ,ICN
873,1,267.0,OKJ,ICN
874,1,266.1,OKJ,ICN
875,1,269.4,OKJ,ICN
876,1,263.8,KIX,PUS
877,1,261.6,KIX,PUS
878,1,270.2,KIX,PUS
879,1,279.3,KIX,PUS
880,1,288.7,KIX,PUS
881,1,298.2,KIX,PUS
882,1,307.8,KIX,PUS
883,1,312.5,NGO,PUS
884,1,304.0,NGO,PUS
885,1,296.0,NGO,PUS
886,1,288.7,NGO,PUS
887,1,282.6,NGO,PUS
888,1,321.1,UBJ,ICN
889,1,325.3,UBJ,ICN
890,1,330.2,UBJ,ICN
891,1,332.2,HIJ,ICN
892,1,322.7,HIJ,ICN
893,1,313.4,HIJ,ICN
894,1,304.2,HIJ,ICN
895,1,295.3,HIJ,ICN
896,1,286.7,HIJ,ICN
897,1,278.7,HIJ,ICN
898,1,271.8,HIJ,ICN
899,1,266.8,HIJ,ICN
900,1,265.0,HIJ,ICN
901,1,267.0,HIJ,ICN
902,1,272.0,HIJ,ICN
903,1,279.0,HIJ,ICN
904,1,287.0,HIJ,ICN
905,1,282.7,OKJ,ICN
906,1,273.5,OKJ,ICN
907,1,264.8,OKJ,ICN
908,1,257.8,OKJ,ICN
909,1,256.2,OKJ,ICN
910,1,261.7,OKJ,ICN
911,1,269.9,OKJ,ICN
912,1,270.0,KIX,PUS
913,1,263.8,KIX,PUS
914,1,259.9,KIX,PUS
915,1,262.5,KIX,PUS
916,1,268.2,KIX,PUS
917,1,275.4,KIX,PUS
918,1,283.6,KIX,PUS
919,1,292.3,KIX,PUS
920,1,301.2,KIX,PUS
921,1,310.4,KIX,PUS
922,1,308.3,NGO,PUS
923,1,299.2,NGO,PUS
924,1,290.4,NGO,PUS
925,1,282.1,NGO,PUS
926,1,287.5,NGO,PUS
927,1,296.2,NGO,PUS
928,1,314.9,FSZ,ICN
929,1,290.7,FSZ,ICN
930,1,287.5,FSZ,ICN
931,1,332.2,FSZ,ICN
932,1,335.3,HIJ,ICN
933,1,326.2,HIJ,ICN
934,1,317.3,HIJ,ICN
935,1,308.7,HIJ,ICN
936,1,300.4,HIJ,ICN
937,1,292.7,HIJ,ICN
938,1,285.8,HIJ,ICN
939,1,280.1,HIJ,ICN
940,1,276.3,HIJ,ICN
941,1,275.0,HIJ,ICN
942,1,276.4,HIJ,ICN
943,1,280.3,HIJ,ICN
944,1,286.0,HIJ,ICN
945,1,290.9,OKJ,ICN
946,1,281.1,OKJ,ICN
947,1,271.3,OKJ,ICN
948,1,261.5,OKJ,ICN
949,1,251.7,OKJ,ICN
950,1,247.9,OKJ,ICN
951,1,257.5,OKJ,ICN
952,1,267.3,OKJ,ICN
953,1,277.1,OKJ,ICN
954,1,286.9,OKJ,ICN
955,1,296.8,OKJ,ICN
956,1,284.0,KIX,PUS
957,1,277.6,KIX,PUS
958,1,272.6,KIX,PUS
959,1,269.7,KIX,PUS
960,1,269.4,KIX,PUS
961,1,271.6,KIX,PUS
962,1,276.1,KIX,PUS
963,1,282.2,KIX,PUS
964,1,289.4,KIX,PUS
965,1,297.2,KIX,PUS
966,1,305.6,KIX,PUS
967,1,314.3,KIX,PUS
968,1,305.5,NGO,PUS
969,1,296.0,NGO,PUS
970,1,286.5,NGO,PUS
971,1,277.2,NGO,PUS
972,1,258.6,NGO,PUS
973,1,292.7,NGO,PUS
974,1,302.3,NGO,PUS
975,1,311.9,NGO,PUS
976,1,321.5,NGO,PUS
977,1,312.4,FSZ,ICN
978,1,302.7,FSZ,ICN
979,1,293.2,FSZ,ICN
980,1,283.9,FSZ,ICN
981,1,277.5,FSZ,ICN
982,1,330.4,FSZ,ICN
983,1,340.2,FSZ,ICN
984,1,375.8,HND,GMP
985,1,330.7,HIJ,ICN
986,1,322.3,HIJ,ICN
987,1,314.2,HIJ,ICN
988,1,306.7,HIJ,ICN
989,1,299.8,HIJ,ICN
990,1,293.8,HIJ,ICN
991,1,289.1,HIJ,ICN
992,1,286.1,HIJ,ICN
993,1,285.0,HIJ,ICN
994,1,286.1,HIJ,ICN
995,1,289.2,HIJ,ICN
996,1,294.0,HIJ,ICN
997,1,291.7,OKJ,ICN
998,1,282.1,OKJ,ICN
999,1,272.7,OKJ,ICN
1000,1,263.7,OKJ,ICN
1001,1,256.0,OKJ,ICN
1002,1,254.1,OKJ,ICN
1003,1,260.3,OKJ,ICN
1004,1,269.0,OKJ,ICN
1005,1,278.3,OKJ,ICN
1006,1,287.8,OKJ,ICN
1007,1,297.5,OKJ,ICN
1008,1,307.2,OKJ,ICN
1009,1,305.3,KIX,PUS
1010,1,298.1,KIX,PUS
1011,1,291.5,KIX,PUS
1012,1,286.0,KIX,PUS
1013,1,281.9,KIX,PUS
1014,1,279.6,KIX,PUS
1015,1,279.3,KIX,PUS
1016,1,281.1,KIX,PUS
1017,1,284.8,KIX,PUS
1018,1,289.9,KIX,PUS
1019,1,296.2,KIX,PUS
1020,1,303.3,KIX,PUS
1021,1,311.0,KIX,PUS
1022,1,314.1,NGO,PUS
1023,1,304.3,NGO,PUS
1024,1,294.5,NGO,PUS
1025,1,284.7,NGO,PUS
1026,1,274.9,NGO,PUS
1027,1,265.2,NGO,PUS
1028,1,252.2,NGO,PUS
1029,1,261.9,NGO,PUS
1030,1,271.6,NGO,PUS
1031,1,281.4,NGO,PUS
1032,1,291.2,NGO,PUS
1033,1,301.0,NGO,PUS
1034,1,310.8,NGO,PUS
1035,1,320.5,NGO,PUS
1036,1,312.3,FSZ,ICN
1037,1,302.6,FSZ,ICN
1038,1,293.0,FSZ,ICN
1039,1,283.6,FSZ,ICN
1040,1,276.8,FSZ,ICN
1041,1,282.3,FSZ,ICN
1042,1,330.4,FSZ,ICN
1043,1,340.1,FSZ,ICN
1044,1,349.9,FSZ,ICN
1045,1,328.1,HIJ,ICN
1046,1,320.7,HIJ,ICN
1047,1,313.8,HIJ,ICN
1048,1,307.6,HIJ,ICN
1049,1,302.4,HIJ,ICN
1050,1,298.4,HIJ,ICN
1051,1,295.9,HIJ,ICN
1052,1,295.1,HIJ,ICN
1053,1,296.0,HIJ,ICN
1054,1,298.5,HIJ,ICN
1055,1,301.2,YGJ,ICN
1056,1,294.6,OKJ,ICN
1057,1,285.7,OKJ,ICN
1058,1,277.3,OKJ,ICN
1059,1,270.0,OKJ,ICN
1060,1,264.9,OKJ,ICN
1061,1,263.9,OKJ,ICN
1062,1,267.6,OKJ,ICN
1063,1,274.2,OKJ,ICN
1064,1,282.2,OKJ,ICN
1065,1,291.0,OKJ,ICN
1066,1,300.0,OKJ,ICN
1067,1,309.3,OKJ,ICN
1068,1,312.1,KIX,PUS
1069,1,305.5,KIX,PUS
1070,1,299.7,KIX,PUS
1071,1,294.9,KIX,PUS
1072,1,291.5,KIX,PUS
1073,1,289.6,KIX,PUS
1074,1,289.3,KIX,PUS
1075,1,290.8,KIX,PUS
1076,1,293.9,KIX,PUS
1077,1,298.3,KIX,PUS
1078,1,303.8,KIX,PUS
1079,1,310.2,KIX,PUS
1080,1,317.3,KIX,PUS
1081,1,314.4,NGO,PUS
1082,1,304.7,NGO,PUS
1083,1,295.0,NGO,PUS
1084,1,285.3,NGO,PUS
1085,1,275.8,NGO,PUS
1086,1,266.4,NGO,PUS
1087,1,254.9,NGO,PUS
1088,1,263.3,NGO,PUS
1089,1,272.5,NGO,PUS
1090,1,282.1,NGO,PUS
1091,1,291.7,NGO,PUS
1092,1,301.4,NGO,PUS
1093,1,311.1,NGO,PUS
1094,1,320.9,NGO,PUS
1095,1,314.7,FSZ,ICN
1096,1,305.6,FSZ,ICN
1097,1,297.2,FSZ,ICN
1098,1,290.2,FSZ,ICN
1099,1,286.8,FSZ,ICN
1100,1,289.4,FSZ,ICN
1101,1,332.0,FSZ,ICN
1102,1,341.5,FSZ,ICN
1103,1,351.1,FSZ,ICN
1104,1,348.6,HND,GMP
1105,1,327.8,HIJ,ICN
1106,1,321.5,HIJ,ICN
1107,1,316.0,HIJ,ICN
1108,1,311.4,HIJ,ICN
1109,1,307.9,HIJ,ICN
1110,1,303.7,YGJ,ICN
1111,1,298.4,YGJ,ICN
1112,1,294.5,YGJ,ICN
1113,1,292.0,YGJ,ICN
1114,1,291.2,YGJ,ICN
1115,1,292.2,YGJ,ICN
1116,1,291.1,OKJ,ICN
1117,1,284.0,OKJ,ICN
1118,1,278.2,OKJ,ICN
1119,1,274.5,OKJ,ICN
1120,1,273.9,OKJ,ICN
1121,1,276.4,OKJ,ICN
1122,1,281.4,OKJ,ICN
1123,1,288.1,OKJ,ICN
1124,1,295.9,OKJ,ICN
1125,1,304.2,OKJ,ICN
1126,1,312.9,OKJ,ICN
1127,1,319.4,KIX,PUS
1128,1,313.5,KIX,PUS
1129,1,308.3,KIX,PUS
1130,1,304.1,KIX,PUS
1131,1,301.2,KIX,PUS
1132,1,299.5,KIX,PUS
1133,1,299.3,KIX,PUS
1134,1,300.6,KIX,PUS
1135,1,303.2,KIX,PUS
1136,1,307.1,KIX,PUS
1137,1,312.0,KIX,PUS
1138,1,317.8,KIX,PUS
1139,1,324.2,KIX,PUS
1140,1,316.2,NGO,PUS
1141,1,306.7,NGO,PUS
1142,1,297.4,NGO,PUS
1143,1,288.3,NGO,PUS
1144,1,279.5,NGO,PUS
1145,1,271.4,NGO,PUS
1146,1,264.8,NGO,PUS
1147,1,263.2,NGO,PUS
1148,1,268.9,NGO,PUS
1149,1,276.6,NGO,PUS
1150,1,285.2,NGO,PUS
1151,1,294.3,NGO,PUS
1152,1,303.5,NGO,PUS
1153,1,312.9,NGO,PUS
1154,1,322.4,NGO,PUS
1155,1,319.0,FSZ,ICN
1156,1,311.1,FSZ,ICN
1157,1,304.1,FSZ,ICN
1158,1,299.0,FSZ,ICN
1159,1,296.8,FSZ,ICN
1160,1,298.4,FSZ,ICN
1161,1,303.2,FSZ,ICN
1162,1,335.2,FSZ,ICN
1163,1,344.3,FSZ,ICN
1164,1,353.5,FSZ,ICN
1165,1,338.7,HND,GMP
1166,1,326.8,YGJ,ICN
1167,1,318.4,YGJ,ICN
1168,1,310.3,YGJ,ICN
1169,1,302.8,YGJ,ICN
1170,1,295.8,YGJ,ICN
1171,1,289.8,YGJ,ICN
1172,1,285.1,YGJ,ICN
1173,1,282.1,YGJ,ICN
1174,1,281.2,YGJ,ICN
1175,1,282.4,YGJ,ICN
1176,1,285.7,YGJ,ICN
1177,1,290.6,YGJ,ICN
1178,1,287.1,OKJ,ICN
1179,1,284.3,OKJ,ICN
1180,1,283.8,OKJ,ICN
1181,1,285.7,OKJ,ICN
1182,1,289.8,OKJ,ICN
1183,1,295.4,OKJ,ICN
1184,1,302.1,OKJ,ICN
1185,1,309.6,OKJ,ICN
1186,1,317.7,OKJ,ICN
1187,1,326.1,OKJ,ICN
1188,1,321.9,KIX,PUS
1189,1,317.2,KIX,PUS
1190,1,313.5,KIX,PUS
1191,1,310.9,KIX,PUS
1192,1,309.5,KIX,PUS
1193,1,309.3,KIX,PUS
1194,1,310.4,KIX,PUS
1195,1,312.7,KIX,PUS
1196,1,316.1,KIX,PUS
1197,1,320.5,KIX,PUS
1198,1,325.8,KIX,PUS
1199,1,328.4,NGO,PUS
1200,1,319.2,NGO,PUS
1201,1,310.2,NGO,PUS
1202,1,301.5,NGO,PUS
1203,1,293.1,NGO,PUS
1204,1,285.4,NGO,PUS
1205,1,278.7,NGO,PUS
1206,1,273.7,NGO,PUS
1207,1,271.5,NGO,PUS
1208,1,272.6,NGO,PUS
1209,1,276.8,NGO,PUS
1210,1,282.9,NGO,PUS
1211,1,290.4,NGO,PUS
1212,1,298.6,NGO,PUS
1213,1,307.2,NGO,PUS
1214,1,316.1,NGO,PUS
1215,1,325.2,NGO,PUS
1216,1,325.0,FSZ,ICN
1217,1,318.1,FSZ,ICN
1218,1,312.3,FSZ,ICN
1219,1,308.4,FSZ,ICN
1220,1,306.8,FSZ,ICN
1221,1,308.0,FSZ,ICN
1222,1,311.6,FSZ,ICN
1223,1,317.1,FSZ,ICN
1224,1,339.7,FSZ,ICN
1225,1,348.2,FSZ,ICN
1226,1,357.1,FSZ,ICN
1227,1,328.8,HND,GMP
1228,1,331.7,HND,GMP
1229,1,313.5,YGJ,ICN
1230,1,304.8,YGJ,ICN
1231,1,296.6,YGJ,ICN
1232,1,288.8,YGJ,ICN
1233,1,281.9,YGJ,ICN
1234,1,276.2,YGJ,ICN
1235,1,272.4,YGJ,ICN
1236,1,271.2,YGJ,ICN
1237,1,272.7,YGJ,ICN
1238,1,276.8,YGJ,ICN
1239,1,282.7,YGJ,ICN
1240,1,289.8,YGJ,ICN
1241,1,294.2,OKJ,ICN
1242,1,293.8,OKJ,ICN
1243,1,295.4,OKJ,ICN
1244,1,298.7,OKJ,ICN
1245,1,303.4,OKJ,ICN
1246,1,309.3,OKJ,ICN
1247,1,316.1,OKJ,ICN
1248,1,323.5,OKJ,ICN
1249,1,331.4,OKJ,ICN
1250,1,330.6,KIX,PUS
1251,1,326.4,KIX,PUS
1252,1,323.1,KIX,PUS
1253,1,320.8,KIX,PUS
1254,1,319.5,KIX,PUS
1255,1,319.3,KIX,PUS
1256,1,320.3,KIX,PUS
1257,1,322.4,KIX,PUS
1258,1,325.4,KIX,PUS
1259,1,329.4,KIX,PUS
1260,1,334.1,KIX,PUS
1261,1,332.1,NGO,PUS
1262,1,323.4,NGO,PUS
1263,1,314.9,NGO,PUS
1264,1,306.9,NGO,PUS
1265,1,299.3,NGO,PUS
1266,1,292.6,NGO,PUS
1267,1,287.1,NGO,PUS
1268,1,283.2,NGO,PUS
1269,1,281.5,NGO,PUS
1270,1,282.4,NGO,PUS
1271,1,285.5,NGO,PUS
1272,1,290.6,NGO,PUS
1273,1,296.9,NGO,PUS
1274,1,304.2,NGO,PUS
1275,1,312.1,NGO,PUS
1276,1,320.5,NGO,PUS
1277,1,329.1,NGO,PUS
1278,1,332.0,FSZ,ICN
1279,1,326.0,FSZ,ICN
1280,1,321.2,FSZ,ICN
1281,1,318.1,FSZ,ICN
1282,1,316.9,FSZ,ICN
1283,1,317.8,FSZ,ICN
1284,1,320.6,FSZ,ICN
1285,1,325.2,FSZ,ICN
1286,1,331.1,FSZ,ICN
1287,1,337.8,FSZ,ICN
1288,1,345.3,FSZ,ICN
1289,1,353.3,FSZ,ICN
1290,1,356.7,HND,GMP
1291,1,319.1,HND,GMP
1292,1,322.6,HND,GMP
1293,1,327.8,HND,GMP
1294,1,333.1,NRT,PUS
1295,1,331.6,NRT,PUS
1296,1,291.5,YGJ,ICN
1297,1,282.9,YGJ,ICN
1298,1,274.9,YGJ,ICN
1299,1,267.9,YGJ,ICN
1300,1,262.9,YGJ,ICN
1301,1,261.1,YGJ,ICN
1302,1,263.4,YGJ,ICN
1303,1,268.7,YGJ,ICN
1304,1,275.9,YGJ,ICN
1305,1,284.0,YGJ,ICN
1306,1,292.7,YGJ,ICN
1307,1,301.6,YGJ,ICN
1308,1,305.1,OKJ,ICN
1309,1,307.9,OKJ,ICN
1310,1,312.0,OKJ,ICN
1311,1,317.2,OKJ,ICN
1312,1,323.3,OKJ,ICN
1313,1,330.1,OKJ,ICN
1314,1,337.4,OKJ,ICN
1315,1,339.5,KIX,PUS
1316,1,335.7,KIX,PUS
1317,1,332.7,KIX,PUS
1318,1,330.6,KIX,PUS
1319,1,329.5,KIX,PUS
1320,1,329.4,KIX,PUS
1321,1,330.2,KIX,PUS
1322,1,332.1,KIX,PUS
1323,1,334.8,KIX,PUS
1324,1,338.4,KIX,PUS
1325,1,342.8,KIX,PUS
1326,1,336.8,NGO,PUS
1327,1,328.6,NGO,PUS
1328,1,320.7,NGO,PUS
1329,1,313.3,NGO,PUS
1330,1,306.5,NGO,PUS
1331,1,300.7,NGO,PUS
1332,1,296.0,NGO,PUS
1333,1,292.9,NGO,PUS
1334,1,291.5,NGO,PUS
1335,1,292.2,NGO,PUS
1336,1,294.7,NGO,PUS
1337,1,298.9,NGO,PUS
1338,1,304.4,NGO,PUS
1339,1,310.9,NGO,PUS
1340,1,318.1,NGO,PUS
1341,1,325.8,NGO,PUS
1342,1,334.0,NGO,PUS
1343,1,339.8,FSZ,ICN
1344,1,334.6,FSZ,ICN
1345,1,330.5,FSZ,ICN
1346,1,327.9,FSZ,ICN
1347,1,326.9,FSZ,ICN
1348,1,327.6,FSZ,ICN
1349,1,330.0,FSZ,ICN
1350,1,333.9,FSZ,ICN
1351,1,339.0,FSZ,ICN
1352,1,345.0,FSZ,ICN
1353,1,351.8,FSZ,ICN
1354,1,359.2,FSZ,ICN
1355,1,352.1,HND,GMP
1356,1,343.3,HND,GMP
1357,1,313.3,HND,GMP
1358,1,309.5,HND,GMP
1359,1,314.0,HND,GMP
1360,1,320.3,HND,GMP
1361,1,323.4,NRT,PUS
1362,1,321.6,NRT,PUS
1363,1,288.1,YGJ,ICN
1364,1,278.7,YGJ,ICN
1365,1,269.7,YGJ,ICN
1366,1,261.1,YGJ,ICN
1367,1,254.0,YGJ,ICN
1368,1,251.1,YGJ,ICN
1369,1,254.8,YGJ,ICN
1370,1,262.2,YGJ,ICN
1371,1,270.8,YGJ,ICN
1372,1,279.9,YGJ,ICN
1373,1,289.3,YGJ,ICN
1374,1,298.7,YGJ,ICN
1375,1,308.3,YGJ,ICN
1376,1,317.3,OKJ,ICN
1377,1,320.9,OKJ,ICN
1378,1,325.6,OKJ,ICN
1379,1,331.1,OKJ,ICN
1380,1,337.2,OKJ,ICN
1381,1,344.0,OKJ,ICN
1382,1,348.6,KIX,PUS
1383,1,345.1,KIX,PUS
1384,1,342.4,KIX,PUS
1385,1,340.5,KIX,PUS
1386,1,339.5,KIX,PUS
1387,1,339.4,KIX,PUS
1388,1,340.1,KIX,PUS
1389,1,341.8,KIX,PUS
1390,1,344.3,KIX,PUS
1391,1,347.6,KIX,PUS
1392,1,350.4,NGO,PUS
1393,1,342.3,NGO,PUS
1394,1,334.6,NGO,PUS
1395,1,327.2,NGO,PUS
1396,1,320.5,NGO,PUS
1397,1,314.4,NGO,PUS
1398,1,309.3,NGO,PUS
1399,1,305.3,NGO,PUS
1400,1,302.6,NGO,PUS
1401,1,301.6,NGO,PUS
1402,1,302.1,NGO,PUS
1403,1,304.2,NGO,PUS
1404,1,307.8,NGO,PUS
1405,1,312.6,NGO,PUS
1406,1,318.3,NGO,PUS
1407,1,324.9,NGO,PUS
1408,1,332.0,NGO,PUS
1409,1,339.6,NGO,PUS
1410,1,347.6,NGO,PUS
1411,1,343.5,FSZ,ICN
1412,1,340.0,FSZ,ICN
1413,1,337.7,FSZ,ICN
1414,1,336.9,FSZ,ICN
1415,1,337.5,FSZ,ICN
1416,1,339.6,FSZ,ICN
1417,1,342.9,FSZ,ICN
1418,1,347.4,FSZ,ICN
1419,1,352.8,FSZ,ICN
1420,1,359.0,FSZ,ICN
1421,1,358.1,HND,GMP
1422,1,348.7,HND,GMP
1423,1,339.4,HND,GMP
1424,1,330.3,HND,GMP
1425,1,321.4,HND,GMP
1426,1,313.0,HND,GMP
1427,1,305.4,HND,GMP
1428,1,306.3,HND,GMP
1429,1,314.0,HND,GMP
1430,1,313.9,NRT,PUS
1431,1,311.7,NRT,PUS
1432,1,276.7,YGJ,ICN
1433,1,267.1,YGJ,ICN
1434,1,257.4,YGJ,ICN
1435,1,247.9,YGJ,ICN
1436,1,241.2,YGJ,ICN
1437,1,258.6,YGJ,ICN
1438,1,268.3,YGJ,ICN
1439,1,278.0,YGJ,ICN
1440,1,287.7,YGJ,ICN
1441,1,297.4,YGJ,ICN
1442,1,307.1,YGJ,ICN
1443,1,316.8,YGJ,ICN
1444,1,326.6,YGJ,ICN
1445,1,334.3,OKJ,ICN
1446,1,339.2,OKJ,ICN
1447,1,344.9,OKJ,ICN
1448,1,351.2,OKJ,ICN
1449,1,357.9,KIX,PUS
1450,1,354.7,KIX,PUS
1451,1,352.2,KIX,PUS
1452,1,350.4,KIX,PUS
1453,1,349.5,KIX,PUS
1454,1,349.4,KIX,PUS
1455,1,350.1,KIX,PUS
1456,1,351.6,KIX,PUS
1457,1,353.9,KIX,PUS
1458,1,357.0,KIX,PUS
1459,1,356.1,NGO,PUS
1460,1,348.4,NGO,PUS
1461,1,341.2,NGO,PUS
1462,1,334.4,NGO,PUS
1463,1,328.3,NGO,PUS
1464,1,322.8,NGO,PUS
1465,1,318.3,NGO,PUS
1466,1,314.8,NGO,PUS
1467,1,312.5,NGO,PUS
1468,1,311.6,NGO,PUS
1469,1,312.0,NGO,PUS
1470,1,313.9,NGO,PUS
1471,1,317.0,NGO,PUS
1472,1,321.2,NGO,PUS
1473,1,326.3,NGO,PUS
1474,1,332.3,NGO,PUS
1475,1,338.8,NGO,PUS
1476,1,345.9,NGO,PUS
1477,1,353.4,NGO,PUS
1478,1,352.7,FSZ,ICN
1479,1,349.6,FSZ,ICN
1480,1,347.6,FSZ,ICN
1481,1,346.9,FSZ,ICN
1482,1,347.4,FSZ,ICN
1483,1,349.2,FSZ,ICN
1484,1,352.2,FSZ,ICN
1485,1,356.1,FSZ,ICN
1486,1,361.0,FSZ,ICN
1487,1,365.9,HND,GMP
1488,1,356.3,HND,GMP
1489,1,346.6,HND,GMP
1490,1,337.0,HND,GMP
1491,1,327.4,HND,GMP
1492,1,317.9,HND,GMP
1493,1,308.6,HND,GMP
1494,1,299.5,HND,GMP
1495,1,291.5,HND,GMP
1496,1,300.6,HND,GMP
1497,1,309.4,NRT,PUS
1498,1,304.5,NRT,PUS
1499,1,301.7,NRT,PUS
1500,1,250.0,YGJ,ICN
1501,1,245.7,YGJ,ICN
1502,1,336.5,YGJ,ICN
1503,1,346.1,YGJ,ICN
1504,1,353.0,OKJ,ICN
1505,1,358.8,OKJ,ICN
1506,1,365.2,OKJ,ICN
1507,1,364.3,KIX,PUS
1508,1,362.0,KIX,PUS
1509,1,360.4,KIX,PUS
1510,1,359.5,KIX,PUS
1511,1,366.4,KIX,PUS
1512,1,362.3,NGO,PUS
1513,1,355.2,NGO,PUS
1514,1,348.4,NGO,PUS
1515,1,342.1,NGO,PUS
1516,1,336.5,NGO,PUS
1517,1,331.6,NGO,PUS
1518,1,327.5,NGO,PUS
1519,1,324.4,NGO,PUS
1520,1,322.4,NGO,PUS
1521,1,321.6,NGO,PUS
1522,1,322.0,NGO,PUS
1523,1,323.6,NGO,PUS
1524,1,326.3,NGO,PUS
1525,1,330.1,NGO,PUS
1526,1,334.7,NGO,PUS
1527,1,340.1,NGO,PUS
1528,1,346.2,NGO,PUS
1529,1,352.8,NGO,PUS
1530,1,359.8,NGO,PUS
1531,1,362.1,FSZ,ICN
1532,1,359.3,FSZ,ICN
1533,1,357.6,FSZ,ICN
1534,1,356.9,FSZ,ICN
1535,1,357.4,FSZ,ICN
1536,1,359.0,FSZ,ICN
1537,1,361.6,FSZ,ICN
1538,1,365.2,FSZ,ICN
1539,1,369.6,FSZ,ICN
1540,1,365.4,HND,GMP
1541,1,355.7,HND,GMP
1542,1,346.0,HND,GMP
1543,1,336.3,HND,GMP
1544,1,326.6,HND,GMP
1545,1,316.9,HND,GMP
1546,1,307.1,HND,GMP
1547,1,297.4,HND,GMP
1548,1,287.7,HND,GMP
1549,1,279.7,HND,GMP
1550,1,301.9,NRT,PUS
1551,1,295.7,NRT,PUS
1552,1,291.9,NRT,PUS
1553,1,291.7,NRT,PUS
1554,1,356.8,YGJ,ICN
1555,1,366.4,YGJ,ICN
1556,1,372.7,OKJ,ICN
1557,1,373.9,KIX,PUS
1558,1,371.8,KIX,PUS
1559,1,370.3,KIX,PUS
1560,1,369.5,KIX,PUS
1561,1,346.3,KMQ,ICN
1562,1,343.2,KMQ,ICN
1563,1,341.0,KMQ,ICN
1564,1,340.0,KMQ,ICN
1565,1,336.9,NGO,PUS
1566,1,334.1,NGO,PUS
1567,1,332.3,NGO,PUS
1568,1,331.6,NGO,PUS
1569,1,332.0,NGO,PUS
1570,1,333.4,NGO,PUS
1571,1,335.8,NGO,PUS
1572,1,339.2,NGO,PUS
1573,1,343.4,NGO,PUS
1574,1,348.4,NGO,PUS
1575,1,354.0,NGO,PUS
1576,1,360.1,NGO,PUS
1577,1,366.8,NGO,PUS
1578,1,371.6,FSZ,ICN
1579,1,369.1,FSZ,ICN
1580,1,367.5,FSZ,ICN
1581,1,366.9,FSZ,ICN
1582,1,367.4,FSZ,ICN
1583,1,368.8,FSZ,ICN
1584,1,371.1,FSZ,ICN
1585,1,374.4,FSZ,ICN
1586,1,375.7,HND,GMP
1587,1,366.1,HND,GMP
1588,1,356.4,HND,GMP
1589,1,346.8,HND,GMP
1590,1,337.3,HND,GMP
1591,1,327.8,HND,GMP
1592,1,318.4,HND,GMP
1593,1,309.1,HND,GMP
1594,1,300.3,HND,GMP
1595,1,292.8,HND,GMP
1596,1,289.5,HND,GMP
1597,1,293.6,HND,GMP
1598,1,295.9,NRT,PUS
1599,1,288.0,NRT,PUS
1600,1,282.3,NRT,PUS
1601,1,282.0,NRT,PUS
1602,1,287.4,NRT,PUS
1603,1,379.5,KIX,PUS
1604,1,333.6,KMQ,ICN
1605,1,331.2,KMQ,ICN
1606,1,329.9,KMQ,ICN
1607,1,330.0,KMQ,ICN
1608,1,331.3,KMQ,ICN
1609,1,333.8,KMQ,ICN
1610,1,337.4,KMQ,ICN
1611,1,341.9,NGO,PUS
1612,1,343.2,NGO,PUS
1613,1,345.4,NGO,PUS
1614,1,348.5,NGO,PUS
1615,1,352.3,NGO,PUS
1616,1,356.9,NGO,PUS
1617,1,362.1,NGO,PUS
1618,1,367.8,NGO,PUS
1619,1,374.1,NGO,PUS
1620,1,380.7,NGO,PUS
1621,1,378.9,FSZ,ICN
1622,1,377.5,FSZ,ICN
1623,1,377.0,FSZ,ICN
1624,1,377.3,FSZ,ICN
1625,1,378.6,FSZ,ICN
1626,1,380.8,FSZ,ICN
1627,1,383.7,FSZ,ICN
1628,1,377.3,HND,GMP
1629,1,367.8,HND,GMP
1630,1,358.4,HND,GMP
1631,1,349.1,HND,GMP
1632,1,339.9,HND,GMP
1633,1,330.9,HND,GMP
1634,1,322.2,HND,GMP
1635,1,314.0,HND,GMP
1636,1,306.7,HND,GMP
1637,1,301.4,HND,GMP
1638,1,299.5,HND,GMP
1639,1,301.9,HND,GMP
1640,1,302.4,NRT,PUS
1641,1,292.7,NRT,PUS
1642,1,283.2,NRT,PUS
1643,1,274.1,NRT,PUS
1644,1,273.5,NRT,PUS
1645,1,282.4,NRT,PUS
1646,1,291.9,NRT,PUS
1647,1,301.6,NRT,PUS
1648,1,324.1,KMQ,ICN
1649,1,321.4,KMQ,ICN
1650,1,320.0,KMQ,ICN
1651,1,320.0,KMQ,ICN
1652,1,321.5,KMQ,ICN
1653,1,324.4,KMQ,ICN
1654,1,328.5,KMQ,ICN
1655,1,333.5,KMQ,ICN
1656,1,339.4,KMQ,ICN
1657,1,346.0,KMQ,ICN
1658,1,353.0,KMQ,ICN
1659,1,360.5,KMQ,ICN
1660,1,365.7,NGO,PUS
1661,1,370.5,NGO,PUS
1662,1,375.9,NGO,PUS
1663,1,381.7,NGO,PUS
1664,1,388.0,NGO,PUS
1665,1,388.7,FSZ,ICN
1666,1,387.5,FSZ,ICN
1667,1,387.0,FSZ,ICN
1668,1,387.3,FSZ,ICN
1669,1,388.5,FSZ,ICN
1670,1,390.5,FSZ,ICN
1671,1,389.1,HND,GMP
1672,1,379.8,HND,GMP
1673,1,370.6,HND,GMP
1674,1,361.6,HND,GMP
1675,1,352.7,HND,GMP
1676,1,344.0,HND,GMP
1677,1,335.6,HND,GMP
1678,1,327.8,HND,GMP
1679,1,320.7,HND,GMP
1680,1,314.8,HND,GMP
1681,1,310.9,HND,GMP
1682,1,309.6,HND,GMP
1683,1,311.2,HND,GMP
1684,1,302.8,NRT,PUS
1685,1,293.4,NRT,PUS
1686,1,284.2,NRT,PUS
1687,1,276.3,NRT,PUS
1688,1,275.9,NRT,PUS
1689,1,283.5,NRT,PUS
1690,1,292.6,NRT,PUS
1691,1,302.0,NRT,PUS
1692,1,319.4,KMQ,ICN
1693,1,314.9,KMQ,ICN
1694,1,311.6,KMQ,ICN
1695,1,310.0,KMQ,ICN
1696,1,310.0,KMQ,ICN
1697,1,311.8,KMQ,ICN
1698,1,315.2,KMQ,ICN
1699,1,319.8,KMQ,ICN
1700,1,325.5,KMQ,ICN
1701,1,332.0,KMQ,ICN
1702,1,339.2,KMQ,ICN
1703,1,346.8,KMQ,ICN
1704,1,354.7,KMQ,ICN
1705,1,363.0,KMQ,ICN
1706,1,371.4,KMQ,ICN
1707,1,380.1,KMQ,ICN
1708,1,388.9,KMQ,ICN
1709,1,395.6,NGO,PUS
1710,1,398.6,FSZ,ICN
1711,1,397.4,FSZ,ICN
1712,1,397.0,FSZ,ICN
1713,1,397.3,FSZ,ICN
1714,1,398.4,FSZ,ICN
1715,1,400.2,FSZ,ICN
1716,1,392.3,HND,GMP
1717,1,383.3,HND,GMP
1718,1,374.4,HND,GMP
1719,1,365.8,HND,GMP
1720,1,357.3,HND,GMP
1721,1,349.2,HND,GMP
1722,1,341.6,HND,GMP
1723,1,334.6,HND,GMP
1724,1,328.5,HND,GMP
1725,1,323.7,HND,GMP
1726,1,320.6,HND,GMP
1727,1,319.6,HND,GMP
1728,1,314.9,NRT,PUS
1729,1,306.0,NRT,PUS
1730,1,297.6,NRT,PUS
1731,1,290.2,NRT,PUS
1732,1,285.3,NRT,PUS
1733,1,285.1,NRT,PUS
1734,1,289.7,NRT,PUS
1735,1,296.9,NRT,PUS
1736,1,298.8,YGJ,ICN
1737,1,311.2,KMQ,ICN
1738,1,305.9,KMQ,ICN
1739,1,302.0,KMQ,ICN
1740,1,300.0,KMQ,ICN
1741,1,300.1,KMQ,ICN
1742,1,302.2,KMQ,ICN
1743,1,306.2,KMQ,ICN
1744,1,311.7,KMQ,ICN
1745,1,318.1,KMQ,ICN
1746,1,325.3,KMQ,ICN
1747,1,333.1,KMQ,ICN
1748,1,341.2,KMQ,ICN
1749,1,349.7,KMQ,ICN
1750,1,358.3,KMQ,ICN
1751,1,367.1,KMQ,ICN
1752,1,376.1,KMQ,ICN
1753,1,385.1,KMQ,ICN
1754,1,394.2,KMQ,ICN
1755,1,403.4,KMQ,ICN
1756,1,407.4,FSZ,ICN
1757,1,407.0,FSZ,ICN
1758,1,407.3,FSZ,ICN
1759,1,408.3,FSZ,ICN
1760,1,405.0,HND,GMP
1761,1,396.2,HND,GMP
1762,1,387.5,HND,GMP
1763,1,379.1,HND,GMP
1764,1,370.9,HND,GMP
1765,1,363.0,HND,GMP
1766,1,355.5,HND,GMP
1767,1,348.5,HND,GMP
1768,1,342.3,HND,GMP
1769,1,337.0,HND,GMP
1770,1,332.9,HND,GMP
1771,1,330.4,HND,GMP
1772,1,327.8,NRT,PUS
1773,1,319.3,NRT,PUS
1774,1,311.3,NRT,PUS
1775,1,304.1,NRT,PUS
1776,1,298.4,NRT,PUS
1777,1,295.0,NRT,PUS
1778,1,294.9,NRT,PUS
1779,1,298.0,NRT,PUS
1780,1,308.3,YGJ,ICN
1781,1,303.7,KMQ,ICN
1782,1,297.4,KMQ,ICN
1783,1,292.6,KMQ,ICN
1784,1,290.0,KMQ,ICN
1785,1,290.1,KMQ,ICN
1786,1,292.9,KMQ,ICN
1787,1,297.8,KMQ,ICN
1788,1,304.2,KMQ,ICN
1789,1,311.6,KMQ,ICN
1790,1,319.5,KMQ,ICN
1791,1,327.9,KMQ,ICN
1792,1,336.6,KMQ,ICN
1793,1,345.5,KMQ,ICN
1794,1,354.5,KMQ,ICN
1795,1,363.6,KMQ,ICN
1796,1,372.8,KMQ,ICN
1797,1,382.0,KMQ,ICN
1798,1,391.4,KMQ,ICN
1799,1,400.7,KMQ,ICN
1800,1,410.1,KMQ,ICN
1801,1,417.0,FSZ,ICN
1802,1,417.3,FSZ,ICN
1803,1,417.9,HND,GMP
1804,1,409.3,HND,GMP
1805,1,400.8,HND,GMP
1806,1,392.5,HND,GMP
1807,1,384.5,HND,GMP
1808,1,376.7,HND,GMP
1809,1,369.3,HND,GMP
1810,1,362.4,HND,GMP
1811,1,356.1,HND,GMP
1812,1,350.5,HND,GMP
1813,1,345.9,HND,GMP
1814,1,342.4,HND,GMP
1815,1,340.3,HND,GMP
1816,1,332.8,NRT,PUS
1817,1,325.1,NRT,PUS
1818,1,318.1,NRT,PUS
1819,1,312.0,NRT,PUS
1820,1,307.5,NRT,PUS
1821,1,304.9,NRT,PUS
1822,1,304.8,NRT,PUS
1823,1,307.2,NRT,PUS
1824,1,289.8,KMQ,ICN
1825,1,283.7,KMQ,ICN
1826,1,280.2,KMQ,ICN
1827,1,280.3,KMQ,ICN
1828,1,284.1,KMQ,ICN
1829,1,290.3,KMQ,ICN
1830,1,297.9,KMQ,ICN
1831,1,306.2,KMQ,ICN
1832,1,314.9,KMQ,ICN
1833,1,323.9,KMQ,ICN
1834,1,333.0,KMQ,ICN
1835,1,342.2,KMQ,ICN
1836,1,351.5,KMQ,ICN
1837,1,360.9,KMQ,ICN
1838,1,370.3,KMQ,ICN
1839,1,379.7,KMQ,ICN
1840,1,389.2,KMQ,ICN
1841,1,398.7,KMQ,ICN
1842,1,408.2,KMQ,ICN
1843,1,417.7,KMQ,ICN
1844,1,427.3,KMQ,ICN
1845,1,422.5,HND,GMP
1846,1,414.2,HND,GMP
1847,1,406.1,HND,GMP
1848,1,398.1,HND,GMP
1849,1,390.5,HND,GMP
1850,1,383.2,HND,GMP
1851,1,376.3,HND,GMP
1852,1,369.9,HND,GMP
1853,1,364.2,HND,GMP
1854,1,359.2,HND,GMP
1855,1,355.1,HND,GMP
1856,1,352.1,HND,GMP
1857,1,346.5,NRT,PUS
1858,1,338.9,NRT,PUS
1859,1,332.0,NRT,PUS
1860,1,325.8,NRT,PUS
1861,1,320.6,NRT,PUS
1862,1,316.9,NRT,PUS
1863,1,314.9,NRT,PUS
1864,1,314.8,NRT,PUS
1865,1,316.7,NRT,PUS
1866,1,325.8,YGJ,ICN
1867,1,326.4,YGJ,ICN
1868,1,275.9,KMQ,ICN
1869,1,270.5,KMQ,ICN
1870,1,270.7,KMQ,ICN
1871,1,276.5,KMQ,ICN
1872,1,284.5,KMQ,ICN
1873,1,293.3,KMQ,ICN
1874,1,302.4,KMQ,ICN
1875,1,311.7,KMQ,ICN
1876,1,321.1,KMQ,ICN
1877,1,330.6,KMQ,ICN
1878,1,340.0,KMQ,ICN
1879,1,349.6,KMQ,ICN
1880,1,359.1,KMQ,ICN
1881,1,368.6,KMQ,ICN
1882,1,378.2,KMQ,ICN
1883,1,387.8,KMQ,ICN
1884,1,397.4,KMQ,ICN
1885,1,406.9,KMQ,ICN
1886,1,416.5,KMQ,ICN
1887,1,426.1,KMQ,ICN
1888,1,427.7,HND,GMP
1889,1,419.6,HND,GMP
1890,1,411.8,HND,GMP
1891,1,404.3,HND,GMP
1892,1,397.1,HND,GMP
1893,1,390.2,HND,GMP
1894,1,383.8,HND,GMP
1895,1,377.9,HND,GMP
1896,1,372.7,HND,GMP
1897,1,368.1,HND,GMP
1898,1,364.5,HND,GMP
1899,1,360.2,NRT,PUS
1900,1,352.8,NRT,PUS
1901,1,345.9,NRT,PUS
1902,1,339.6,NRT,PUS
1903,1,334.1,NRT,PUS
1904,1,329.7,NRT,PUS
1905,1,326.5,NRT,PUS
1906,1,324.8,NRT,PUS
1907,1,324.8,NRT,PUS
1908,1,326.3,NRT,PUS
1909,1,262.2,KMQ,ICN
1910,1,262.8,KMQ,ICN
1911,1,272.0,KMQ,ICN
1912,1,281.5,KMQ,ICN
1913,1,291.1,KMQ,ICN
1914,1,300.6,KMQ,ICN
1915,1,310.2,KMQ,ICN
1916,1,319.8,KMQ,ICN
1917,1,329.4,KMQ,ICN
1918,1,339.1,KMQ,ICN
1919,1,348.7,KMQ,ICN
1920,1,358.3,KMQ,ICN
1921,1,367.9,KMQ,ICN
1922,1,377.5,KMQ,ICN
1923,1,387.1,KMQ,ICN
1924,1,396.7,KMQ,ICN
1925,1,406.3,KMQ,ICN
1926,1,415.9,KMQ,ICN
1927,1,425.6,KMQ,ICN
1928,1,433.3,HND,GMP
1929,1,425.6,HND,GMP
1930,1,418.1,HND,GMP
1931,1,410.9,HND,GMP
1932,1,404.1,HND,GMP
1933,1,397.7,HND,GMP
1934,1,391.7,HND,GMP
1935,1,386.2,HND,GMP
1936,1,381.4,HND,GMP
1937,1,377.3,HND,GMP
1938,1,373.9,NRT,PUS
1939,1,366.6,NRT,PUS
1940,1,359.7,NRT,PUS
1941,1,353.4,NRT,PUS
1942,1,347.7,NRT,PUS
1943,1,342.9,NRT,PUS
1944,1,339.0,NRT,PUS
1945,1,336.2,NRT,PUS
1946,1,334.8,NRT,PUS
1947,1,334.8,NRT,PUS
1948,1,336.1,NRT,PUS
1949,1,265.9,KMQ,ICN
1950,1,273.4,KMQ,ICN
1951,1,282.4,KMQ,ICN
1952,1,291.7,KMQ,ICN
1953,1,301.1,KMQ,ICN
1954,1,310.6,KMQ,ICN
1955,1,320.2,KMQ,ICN
1956,1,329.7,KMQ,ICN
1957,1,339.3,KMQ,ICN
1958,1,348.9,KMQ,ICN
1959,1,358.4,KMQ,ICN
1960,1,368.0,KMQ,ICN
1961,1,377.6,KMQ,ICN
1962,1,387.2,KMQ,ICN
1963,1,396.8,KMQ,ICN
1964,1,406.4,KMQ,ICN
1965,1,416.0,KMQ,ICN
1966,1,425.6,KMQ,ICN
1967,1,435.2,KMQ,ICN
1968,1,431.9,HND,GMP
1969,1,424.8,HND,GMP
1970,1,418.0,HND,GMP
1971,1,411.5,HND,GMP
1972,1,405.5,HND,GMP
1973,1,399.9,HND,GMP
1974,1,394.8,HND,GMP
1975,1,390.4,HND,GMP
1976,1,386.6,HND,GMP
1977,1,380.5,NRT,PUS
1978,1,373.6,NRT,PUS
1979,1,367.2,NRT,PUS
1980,1,361.4,NRT,PUS
1981,1,356.3,NRT,PUS
1982,1,351.9,NRT,PUS
1983,1,348.4,NRT,PUS
1984,1,346.1,NRT,PUS
1985,1,344.8,NRT,PUS
1986,1,344.8,NRT,PUS
1987,1,345.9,NRT,PUS
1988,1,279.7,KMQ,ICN
1989,1,286.8,KMQ,ICN
1990,1,295.0,KMQ,ICN
1991,1,303.8,KMQ,ICN
1992,1,312.8,KMQ,ICN
1993,1,322.0,KMQ,ICN
1994,1,331.3,KMQ,ICN
1995,1,340.7,KMQ,ICN
1996,1,350.1,KMQ,ICN
1997,1,359.6,KMQ,ICN
1998,1,369.1,KMQ,ICN
1999,1,378.6,KMQ,ICN
2000,1,388.1,KMQ,ICN
2001,1,397.6,KMQ,ICN
2002,1,407.1,KMQ,ICN
2003,1,416.7,KMQ,ICN
2004,1,426.2,KMQ,ICN
2005,1,435.8,KMQ,ICN
2006,1,438.7,HND,GMP
2007,1,431.9,HND,GMP
2008,1,425.4,HND,GMP
2009,1,419.3,HND,GMP
2010,1,413.6,HND,GMP
2011,1,408.3,HND,GMP
2012,1,403.6,HND,GMP
2013,1,399.5,HND,GMP
2014,1,394.3,NRT,PUS
2015,1,387.5,NRT,PUS
2016,1,381.1,NRT,PUS
2017,1,375.1,NRT,PUS
2018,1,369.8,NRT,PUS
2019,1,365.1,NRT,PUS
2020,1,361.1,NRT,PUS
2021,1,358.0,NRT,PUS
2022,1,355.9,NRT,PUS
2023,1,354.8,NRT,PUS
2024,1,354.8,NRT,PUS
2025,1,355.8,NRT,PUS
2026,1,293.5,KMQ,ICN
2027,1,300.5,KMQ,ICN
2028,1,308.3,KMQ,ICN
2029,1,316.7,KMQ,ICN
2030,1,325.4,KMQ,ICN
2031,1,334.3,KMQ,ICN
2032,1,343.3,KMQ,ICN
2033,1,352.4,KMQ,ICN
2034,1,361.7,KMQ,ICN
2035,1,371.0,KMQ,ICN
2036,1,380.3,KMQ,ICN
2037,1,389.7,KMQ,ICN
2038,1,399.1,KMQ,ICN
2039,1,408.5,KMQ,ICN
2040,1,418.0,KMQ,ICN
2041,1,427.4,KMQ,ICN
2042,1,432.9,KIJ,ICN
2043,1,429.4,KIJ,ICN
2044,1,426.3,KIJ,ICN
2045,1,423.9,KIJ,ICN
2046,1,422.0,KIJ,ICN
2047,1,420.7,KIJ,ICN
2048,1,417.0,HND,GMP
2049,1,412.6,HND,GMP
2050,1,408.2,NRT,PUS
2051,1,401.4,NRT,PUS
2052,1,394.9,NRT,PUS
2053,1,388.9,NRT,PUS
2054,1,383.4,NRT,PUS
2055,1,378.4,NRT,PUS
2056,1,374.1,NRT,PUS
2057,1,370.5,NRT,PUS
2058,1,367.7,NRT,PUS
2059,1,365.8,NRT,PUS
2060,1,364.8,NRT,PUS
2061,1,364.8,NRT,PUS
2062,1,365.7,NRT,PUS
2063,1,367.5,NRT,PUS
2064,1,307.4,KMQ,ICN
2065,1,314.3,KMQ,ICN
2066,1,321.8,KMQ,ICN
2067,1,329.9,KMQ,ICN
2068,1,338.3,KMQ,ICN
2069,1,346.9,KMQ,ICN
2070,1,355.7,KMQ,ICN
2071,1,364.7,KMQ,ICN
2072,1,373.7,KMQ,ICN
2073,1,382.8,KMQ,ICN
2074,1,392.0,KMQ,ICN
2075,1,401.3,KMQ,ICN
2076,1,410.6,KMQ,ICN
2077,1,419.9,KMQ,ICN
2078,1,428.0,KIJ,ICN
2079,1,423.7,KIJ,ICN
2080,1,420.0,KIJ,ICN
2081,1,416.8,KIJ,ICN
2082,1,414.1,KIJ,ICN
2083,1,412.1,KIJ,ICN
2084,1,410.7,KIJ,ICN
2085,1,409.9,KIJ,ICN
2086,1,409.8,KIJ,ICN
2087,1,410.4,KIJ,ICN
2088,1,408.8,NRT,PUS
2089,1,402.7,NRT,PUS
2090,1,397.0,NRT,PUS
2091,1,391.9,NRT,PUS
2092,1,387.3,NRT,PUS
2093,1,383.3,NRT,PUS
2094,1,380.0,NRT,PUS
2095,1,377.4,NRT,PUS
2096,1,375.7,NRT,PUS
2097,1,374.8,NRT,PUS
2098,1,374.8,NRT,PUS
2099,1,375.6,NRT,PUS
2100,1,377.3,NRT,PUS
2101,1,315.2,KMQ,ICN
2102,1,321.2,KMQ,ICN
2103,1,328.1,KMQ,ICN
2104,1,359.9,KMQ,ICN
2105,1,368.5,KMQ,ICN
2106,1,377.2,KMQ,ICN
2107,1,386.1,KMQ,ICN
2108,1,395.1,KMQ,ICN
2109,1,404.1,KMQ,ICN
2110,1,413.2,KMQ,ICN
2111,1,422.4,KMQ,ICN
2112,1,419.2,KIJ,ICN
2113,1,414.7,KIJ,ICN
2114,1,410.7,KIJ,ICN
2115,1,407.3,KIJ,ICN
2116,1,404.5,KIJ,ICN
2117,1,402.3,KIJ,ICN
2118,1,400.7,KIJ,ICN
2119,1,399.9,KIJ,ICN
2120,1,399.8,KIJ,ICN
2121,1,400.4,KIJ,ICN
2122,1,401.7,KIJ,ICN
2123,1,403.7,KIJ,ICN
2124,1,405.4,NRT,PUS
2125,1,400.6,NRT,PUS
2126,1,396.3,NRT,PUS
2127,1,392.6,NRT,PUS
2128,1,389.6,NRT,PUS
2129,1,387.2,NRT,PUS
2130,1,385.6,NRT,PUS
2131,1,384.8,NRT,PUS
2132,1,384.8,NRT,PUS
2133,1,385.5,NRT,PUS
2134,1,387.1,NRT,PUS
2135,1,389.3,NRT,PUS
2136,1,323.6,KMQ,ICN
2137,1,328.9,KMQ,ICN
2138,1,335.1,KMQ,ICN
2139,1,364.8,KMQ,ICN
2140,1,373.0,KMQ,ICN
2141,1,381.5,KMQ,ICN
2142,1,390.0,KMQ,ICN
2143,1,398.7,KMQ,ICN
2144,1,407.6,KMQ,ICN
2145,1,416.5,KMQ,ICN
2146,1,415.8,KIJ,ICN
2147,1,410.6,KIJ,ICN
2148,1,405.8,KIJ,ICN
2149,1,401.5,KIJ,ICN
2150,1,397.9,KIJ,ICN
2151,1,394.8,KIJ,ICN
2152,1,392.5,KIJ,ICN
2153,1,390.8,KIJ,ICN
2154,1,389.9,KIJ,ICN
2155,1,389.8,KIJ,ICN
2156,1,390.5,KIJ,ICN
2157,1,391.9,KIJ,ICN
2158,1,394.0,KIJ,ICN
2159,1,396.8,KIJ,ICN
2160,1,400.3,KIJ,ICN
2161,1,404.4,KIJ,ICN
2162,1,402.0,NRT,PUS
2163,1,399.2,NRT,PUS
2164,1,397.0,NRT,PUS
2165,1,395.6,NRT,PUS
2166,1,394.8,NRT,PUS
2167,1,394.8,NRT,PUS
2168,1,395.5,NRT,PUS
2169,1,396.9,NRT,PUS
2170,1,399.0,NRT,PUS
2171,1,332.3,KMQ,ICN
2172,1,337.1,KMQ,ICN
2173,1,342.7,KMQ,ICN
2174,1,394.6,KMQ,ICN
2175,1,403.0,KMQ,ICN
2176,1,411.6,KMQ,ICN
2177,1,413.7,KIJ,ICN
2178,1,407.7,KIJ,ICN
2179,1,402.2,KIJ,ICN
2180,1,397.1,KIJ,ICN
2181,1,392.5,KIJ,ICN
2182,1,388.5,KIJ,ICN
2183,1,385.2,KIJ,ICN
2184,1,382.7,KIJ,ICN
2185,1,380.9,KIJ,ICN
2186,1,379.9,KIJ,ICN
2187,1,379.8,KIJ,ICN
2188,1,380.5,KIJ,ICN
2189,1,382.0,KIJ,ICN
2190,1,384.4,KIJ,ICN
2191,1,387.4,KIJ,ICN
2192,1,391.2,KIJ,ICN
2193,1,395.6,KIJ,ICN
2194,1,400.5,KIJ,ICN
2195,1,406.0,KIJ,ICN
2196,1,406.9,NRT,PUS
2197,1,405.5,NRT,PUS
2198,1,404.8,NRT,PUS
2199,1,404.8,NRT,PUS
2200,1,405.4,NRT,PUS
2201,1,406.8,NRT,PUS
2202,1,408.7,NRT,PUS
2203,1,411.3,NRT,PUS
2204,1,412.3,SDJ,ICN
2205,1,341.4,KMQ,ICN
2206,1,412.9,KIJ,ICN
2207,1,406.3,KIJ,ICN
2208,1,399.9,KIJ,ICN
2209,1,394.0,KIJ,ICN
2210,1,388.5,KIJ,ICN
2211,1,383.6,KIJ,ICN
2212,1,379.3,KIJ,ICN
2213,1,375.8,KIJ,ICN
2214,1,373.0,KIJ,ICN
2215,1,371.0,KIJ,ICN
2216,1,369.9,KIJ,ICN
2217,1,369.8,KIJ,ICN
2218,1,370.6,KIJ,ICN
2219,1,372.3,KIJ,ICN
2220,1,374.8,KIJ,ICN
2221,1,378.2,KIJ,ICN
2222,1,382.2,KIJ,ICN
2223,1,387.0,KIJ,ICN
2224,1,392.2,KIJ,ICN
2225,1,398.0,KIJ,ICN
2226,1,404.3,KIJ,ICN
2227,1,410.8,KIJ,ICN
2228,1,413.1,SDJ,ICN
2229,1,409.6,SDJ,ICN
2230,1,406.7,SDJ,ICN
2231,1,404.5,SDJ,ICN
2232,1,403.0,SDJ,ICN
2233,1,402.3,SDJ,ICN
2234,1,402.3,SDJ,ICN
2235,1,347.7,KMQ,ICN
2236,1,350.7,KMQ,ICN
2237,1,354.5,KMQ,ICN
2238,1,386.1,KIJ,ICN
2239,1,380.3,KIJ,ICN
2240,1,375.0,KIJ,ICN
2241,1,370.3,KIJ,ICN
2242,1,366.4,KIJ,ICN
2243,1,363.3,KIJ,ICN
2244,1,361.1,KIJ,ICN
2245,1,359.9,KIJ,ICN
2246,1,359.8,KIJ,ICN
2247,1,360.6,KIJ,ICN
2248,1,362.5,KIJ,ICN
2249,1,365.3,KIJ,ICN
2250,1,369.0,KIJ,ICN
2251,1,373.5,KIJ,ICN
2252,1,378.6,KIJ,ICN
2253,1,384.3,KIJ,ICN
2254,1,390.4,KIJ,ICN
2255,1,397.0,KIJ,ICN
2256,1,404.0,KIJ,ICN
2257,1,404.0,SDJ,ICN
2258,1,400.2,SDJ,ICN
2259,1,397.1,SDJ,ICN
2260,1,394.7,SDJ,ICN
2261,1,393.0,SDJ,ICN
2262,1,392.2,SDJ,ICN
2263,1,392.3,SDJ,ICN
2264,1,360.1,KMQ,ICN
2265,1,363.6,KMQ,ICN
2266,1,367.8,KMQ,ICN
2267,1,372.3,KIJ,ICN
2268,1,366.6,KIJ,ICN
2269,1,361.5,KIJ,ICN
2270,1,357.2,KIJ,ICN
2271,1,353.7,KIJ,ICN
2272,1,351.3,KIJ,ICN
2273,1,349.9,KIJ,ICN
2274,1,349.8,KIJ,ICN
2275,1,350.7,KIJ,ICN
2276,1,352.9,KIJ,ICN
2277,1,356.0,KIJ,ICN
2278,1,360.1,KIJ,ICN
2279,1,364.9,KIJ,ICN
2280,1,370.5,KIJ,ICN
2281,1,376.6,KIJ,ICN
2282,1,383.2,KIJ,ICN
2283,1,390.2,KIJ,ICN
2284,1,397.5,KIJ,ICN
2285,1,395.0,SDJ,ICN
2286,1,390.9,SDJ,ICN
2287,1,387.5,SDJ,ICN
2288,1,384.9,SDJ,ICN
2289,1,383.1,SDJ,ICN
2290,1,382.2,SDJ,ICN
2291,1,382.3,SDJ,ICN
2292,1,369.6,KMQ,ICN
2293,1,372.8,KMQ,ICN
2294,1,376.7,KMQ,ICN
2295,1,381.2,KMQ,ICN
2296,1,386.3,KMQ,ICN
2297,1,353.0,KIJ,ICN
2298,1,348.2,KIJ,ICN
2299,1,344.3,KIJ,ICN
2300,1,341.5,KIJ,ICN
2301,1,340.0,KIJ,ICN
2302,1,339.7,KIJ,ICN
2303,1,340.9,KIJ,ICN
2304,1,343.3,KIJ,ICN
2305,1,346.8,KIJ,ICN
2306,1,351.4,KIJ,ICN
2307,1,356.8,KIJ,ICN
2308,1,362.8,KIJ,ICN
2309,1,369.4,KIJ,ICN
2310,1,376.5,KIJ,ICN
2311,1,383.9,KIJ,ICN
2312,1,391.4,SDJ,ICN
2313,1,386.3,SDJ,ICN
2314,1,381.8,SDJ,ICN
2315,1,378.1,SDJ,ICN
2316,1,375.2,SDJ,ICN
2317,1,373.2,SDJ,ICN
2318,1,372.2,SDJ,ICN
2319,1,372.3,SDJ,ICN
2320,1,389.9,KMQ,ICN
2321,1,394.7,KMQ,ICN
2322,1,399.9,KMQ,ICN
2323,1,344.8,KIJ,ICN
2324,1,339.4,KIJ,ICN
2325,1,335.0,KIJ,ICN
2326,1,331.8,KIJ,ICN
2327,1,330.0,KIJ,ICN
2328,1,329.7,KIJ,ICN
2329,1,331.1,KIJ,ICN
2330,1,333.9,KIJ,ICN
2331,1,337.9,KIJ,ICN
2332,1,343.1,KIJ,ICN
2333,1,349.0,KIJ,ICN
2334,1,355.7,KIJ,ICN
2335,1,362.8,KIJ,ICN
2336,1,370.3,KIJ,ICN
2337,1,378.2,KIJ,ICN
2338,1,383.4,SDJ,ICN
2339,1,377.8,SDJ,ICN
2340,1,372.9,SDJ,ICN
2341,1,368.8,SDJ,ICN
2342,1,365.5,SDJ,ICN
2343,1,363.3,SDJ,ICN
2344,1,362.2,SDJ,ICN
2345,1,362.3,SDJ,ICN
2346,1,331.1,KIJ,ICN
2347,1,326.0,KIJ,ICN
2348,1,322.2,KIJ,ICN
2349,1,320.0,KIJ,ICN
2350,1,319.7,KIJ,ICN
2351,1,321.4,KIJ,ICN
2352,1,324.7,KIJ,ICN
2353,1,329.4,KIJ,ICN
2354,1,335.3,KIJ,ICN
2355,1,341.9,KIJ,ICN
2356,1,349.1,KIJ,ICN
2357,1,356.8,KIJ,ICN
2358,1,364.8,KIJ,ICN
2359,1,373.1,KIJ,ICN
2360,1,375.7,SDJ,ICN
2361,1,369.7,SDJ,ICN
2362,1,364.2,SDJ,ICN
2363,1,359.6,SDJ,ICN
2364,1,356.0,SDJ,ICN
2365,1,353.5,SDJ,ICN
2366,1,352.2,SDJ,ICN
2367,1,352.3,SDJ,ICN
2368,1,317.5,KIJ,ICN
2369,1,312.9,KIJ,ICN
2370,1,310.1,KIJ,ICN
2371,1,309.8,KIJ,ICN
2372,1,311.8,KIJ,ICN
2373,1,315.9,KIJ,ICN
2374,1,321.5,KIJ,ICN
2375,1,328.2,KIJ,ICN
2376,1,335.6,KIJ,ICN
2377,1,343.5,KIJ,ICN
2378,1,351.7,KIJ,ICN
2379,1,360.2,KIJ,ICN
2380,1,368.8,KIJ,ICN
2381,1,368.6,SDJ,ICN
2382,1,361.9,SDJ,ICN
2383,1,356.0,SDJ,ICN
2384,1,350.8,SDJ,ICN
2385,1,346.6,SDJ,ICN
2386,1,343.7,SDJ,ICN
2387,1,342.2,SDJ,ICN
2388,1,342.3,SDJ,ICN
2389,1,309.7,KIJ,ICN
2390,1,303.9,KIJ,ICN
2391,1,300.3,KIJ,ICN
2392,1,299.8,KIJ,ICN
2393,1,302.5,KIJ,ICN
2394,1,307.7,KIJ,ICN
2395,1,314.5,KIJ,ICN
2396,1,322.1,KIJ,ICN
2397,1,330.3,KIJ,ICN
2398,1,338.8,KIJ,ICN
2399,1,347.6,KIJ,ICN
2400,1,356.5,KIJ,ICN
2401,1,365.5,KIJ,ICN
2402,1,362.1,SDJ,ICN
2403,1,354.8,SDJ,ICN
2404,1,348.2,SDJ,ICN
2405,1,342.3,SDJ,ICN
2406,1,337.5,SDJ,ICN
2407,1,334.0,SDJ,ICN
2408,1,332.3,SDJ,ICN
2409,1,332.3,SDJ,ICN
2410,1,295.9,KIJ,ICN
2411,1,290.7,KIJ,ICN
2412,1,289.9,KIJ,ICN
2413,1,294.0,KIJ,ICN
2414,1,300.9,KIJ,ICN
2415,1,308.9,KIJ,ICN
2416,1,317.5,KIJ,ICN
2417,1,326.4,KIJ,ICN
2418,1,335.5,KIJ,ICN
2419,1,344.6,KIJ,ICN
2420,1,353.8,KIJ,ICN
2421,1,363.1,KIJ,ICN
2422,1,356.4,SDJ,ICN
2423,1,348.5,SDJ,ICN
2424,1,341.1,SDJ,ICN
2425,1,334.4,SDJ,ICN
2426,1,328.7,SDJ,ICN
2427,1,324.5,SDJ,ICN
2428,1,322.3,SDJ,ICN
2429,1,322.4,SDJ,ICN
2430,1,345.9,KIJ,ICN
2431,1,336.5,KIJ,ICN
2432,1,282.2,KIJ,ICN
2433,1,280.4,KIJ,ICN
2434,1,287.6,KIJ,ICN
2435,1,296.5,KIJ,ICN
2436,1,305.6,KIJ,ICN
2437,1,314.9,KIJ,ICN
2438,1,324.3,KIJ,ICN
2439,1,333.6,KIJ,ICN
2440,1,343.0,KIJ,ICN
2441,1,352.4,KIJ,ICN
2442,1,360.5,SDJ,ICN
2443,1,351.7,SDJ,ICN
2444,1,343.3,SDJ,ICN
2445,1,335.1,SDJ,ICN
2446,1,327.4,SDJ,ICN
2447,1,320.7,SDJ,ICN
2448,1,315.4,SDJ,ICN
2449,1,312.4,SDJ,ICN
2450,1,336.3,KIJ,ICN
2451,1,326.9,KIJ,ICN
2452,1,286.9,KIJ,ICN
2453,1,296.0,KIJ,ICN
2454,1,305.3,KIJ,ICN
2455,1,314.7,KIJ,ICN
2456,1,324.0,KIJ,ICN
2457,1,333.4,KIJ,ICN
2458,1,342.8,KIJ,ICN
2459,1,352.2,KIJ,ICN
2460,1,357.5,SDJ,ICN
2461,1,348.4,SDJ,ICN
2462,1,339.3,SDJ,ICN
2463,1,330.5,SDJ,ICN
2464,1,321.9,SDJ,ICN
2465,1,313.9,SDJ,ICN
2466,1,306.9,SDJ,ICN
2467,1,302.6,SDJ,ICN
2468,1,346.9,KIJ,ICN
2469,1,337.7,KIJ,ICN
2470,1,299.7,KIJ,ICN
2471,1,308.0,KIJ,ICN
2472,1,316.8,KIJ,ICN
2473,1,325.8,KIJ,ICN
2474,1,334.9,KIJ,ICN
2475,1,344.1,KIJ,ICN
2476,1,353.3,KIJ,ICN
2477,1,355.8,SDJ,ICN
2478,1,346.4,SDJ,ICN
2479,1,337.1,SDJ,ICN
2480,1,327.8,SDJ,ICN
2481,1,318.6,SDJ,ICN
2482,1,309.4,SDJ,ICN
2483,1,300.6,SDJ,ICN
2484,1,293.3,SDJ,ICN
2485,1,340.6,KIJ,ICN
2486,1,313.2,KIJ,ICN
2487,1,321.0,KIJ,ICN
2488,1,329.3,KIJ,ICN
2489,1,337.9,KIJ,ICN
2490,1,346.7,KIJ,ICN
2491,1,355.6,KIJ,ICN
2492,1,355.5,SDJ,ICN
2493,1,346.2,SDJ,ICN
2494,1,336.8,SDJ,ICN
2495,1,327.4,SDJ,ICN
2496,1,318.1,SDJ,ICN
2497,1,308.7,SDJ,ICN
2498,1,299.5,SDJ,ICN
2499,1,290.9,SDJ,ICN
2500,1,336.7,KIJ,ICN
2501,1,319.9,KIJ,ICN
2502,1,326.7,KIJ,ICN
2503,1,334.3,KIJ,ICN
2504,1,342.2,KIJ,ICN
2505,1,350.5,KIJ,ICN
2506,1,359.1,KIJ,ICN
2507,1,356.7,SDJ,ICN
2508,1,347.5,SDJ,ICN
2509,1,338.4,SDJ,ICN
2510,1,329.4,SDJ,ICN
2511,1,320.5,SDJ,ICN
2512,1,312.1,SDJ,ICN
2513,1,304.6,SDJ,ICN
2514,1,299.5,SDJ,ICN
2515,1,299.7,SDJ,ICN
2516,1,327.7,KIJ,ICN
2517,1,333.6,KIJ,ICN
2518,1,340.4,KIJ,ICN
2519,1,347.7,KIJ,ICN
2520,1,355.4,KIJ,ICN
2521,1,363.5,KIJ,ICN
2522,1,359.2,SDJ,ICN
2523,1,350.4,SDJ,ICN
2524,1,341.7,SDJ,ICN
2525,1,333.4,SDJ,ICN
2526,1,325.4,SDJ,ICN
2527,1,318.3,SDJ,ICN
2528,1,312.6,SDJ,ICN
2529,1,309.2,SDJ,ICN
2530,1,309.4,SDJ,ICN
2531,1,342.4,SDJ,ICN
2532,1,341.3,KIJ,ICN
2533,1,347.3,KIJ,ICN
2534,1,354.0,KIJ,ICN
2535,1,361.2,KIJ,ICN
2536,1,368.8,KIJ,ICN
2537,1,362.9,SDJ,ICN
2538,1,354.6,SDJ,ICN
2539,1,346.5,SDJ,ICN
2540,1,338.9,SDJ,ICN
2541,1,332.0,SDJ,ICN
2542,1,326.0,SDJ,ICN
2543,1,321.6,SDJ,ICN
2544,1,319.1,SDJ,ICN
2545,1,319.2,SDJ,ICN
2546,1,321.8,SDJ,ICN
2547,1,326.5,SDJ,ICN
2548,1,332.5,SDJ,ICN
2549,1,339.5,SDJ,ICN
2550,1,349.5,KIJ,ICN
2551,1,355.0,KIJ,ICN
2552,1,361.0,KIJ,ICN
2553,1,367.7,KIJ,ICN
2554,1,374.7,KIJ,ICN
2555,1,367.7,SDJ,ICN
2556,1,359.9,SDJ,ICN
2557,1,352.5,SDJ,ICN
2558,1,345.7,SDJ,ICN
2559,1,339.6,SDJ,ICN
2560,1,334.6,SDJ,ICN
2561,1,331.0,SDJ,ICN
2562,1,329.1,SDJ,ICN
2563,1,329.2,SDJ,ICN
2564,1,331.2,SDJ,ICN
2565,1,335.0,SDJ,ICN
2566,1,340.1,SDJ,ICN
2567,1,346.2,SDJ,ICN
2568,1,353.1,SDJ,ICN
2569,1,363.0,KIJ,ICN
2570,1,368.6,KIJ,ICN
2571,1,374.7,KIJ,ICN
2572,1,381.0,SDJ,ICN
2573,1,373.4,SDJ,ICN
2574,1,366.1,SDJ,ICN
2575,1,359.4,SDJ,ICN
2576,1,353.3,SDJ,ICN
2577,1,347.9,SDJ,ICN
2578,1,343.6,SDJ,ICN
2579,1,340.6,SDJ,ICN
2580,1,339.1,SDJ,ICN
2581,1,339.1,SDJ,ICN
2582,1,340.8,SDJ,ICN
2583,1,343.9,SDJ,ICN
2584,1,348.3,SDJ,ICN
2585,1,353.7,SDJ,ICN
2586,1,359.9,SDJ,ICN
2587,1,371.5,KIJ,ICN
2588,1,376.6,KIJ,ICN
2589,1,382.3,KIJ,ICN
2590,1,386.9,SDJ,ICN
2591,1,379.8,SDJ,ICN
2592,1,373.1,SDJ,ICN
2593,1,366.9,SDJ,ICN
2594,1,361.4,SDJ,ICN
2595,1,356.7,SDJ,ICN
2596,1,353.0,SDJ,ICN
2597,1,350.4,SDJ,ICN
2598,1,349.1,SDJ,ICN
2599,1,349.1,SDJ,ICN
2600,1,350.5,SDJ,ICN
2601,1,353.2,SDJ,ICN
2602,1,357.0,SDJ,ICN
2603,1,361.8,SDJ,ICN
2604,1,367.4,SDJ,ICN
2605,1,384.9,KIJ,ICN
2606,1,390.2,KIJ,ICN
2607,1,393.4,SDJ,ICN
2608,1,386.7,SDJ,ICN
2609,1,380.6,SDJ,ICN
2610,1,374.9,SDJ,ICN
2611,1,369.9,SDJ,ICN
2612,1,365.7,SDJ,ICN
2613,1,362.4,SDJ,ICN
2614,1,360.2,SDJ,ICN
2615,1,359.1,SDJ,ICN
2616,1,359.1,SDJ,ICN
2617,1,360.3,SDJ,ICN
2618,1,362.7,SDJ,ICN
2619,1,366.0,SDJ,ICN
2620,1,370.3,SDJ,ICN
2621,1,375.3,SDJ,ICN
2622,1,398.4,KIJ,ICN
2623,1,400.4,SDJ,ICN
2624,1,394.2,SDJ,ICN
2625,1,388.5,SDJ,ICN
2626,1,383.3,SDJ,ICN
2627,1,378.8,SDJ,ICN
2628,1,375.0,SDJ,ICN
2629,1,372.1,SDJ,ICN
2630,1,370.1,SDJ,ICN
2631,1,369.1,SDJ,ICN
2632,1,369.1,SDJ,ICN
2633,1,370.2,SDJ,ICN
2634,1,372.3,SDJ,ICN
2635,1,375.3,SDJ,ICN
2636,1,379.1,SDJ,ICN
2637,1,383.7,SDJ,ICN
2638,1,388.9,SDJ,ICN
2639,1,406.8,KIJ,ICN
2640,1,407.9,SDJ,ICN
2641,1,402.1,SDJ,ICN
2642,1,396.7,SDJ,ICN
2643,1,392.0,SDJ,ICN
2644,1,387.8,SDJ,ICN
2645,1,384.4,SDJ,ICN
2646,1,381.7,SDJ,ICN
2647,1,380.0,SDJ,ICN
2648,1,379.1,SDJ,ICN
2649,1,379.1,SDJ,ICN
2650,1,380.1,SDJ,ICN
2651,1,381.9,SDJ,ICN
2652,1,384.6,SDJ,ICN
2653,1,388.1,SDJ,ICN
2654,1,392.3,SDJ,ICN
2655,1,397.1,SDJ,ICN
2656,1,415.5,KIJ,ICN
2657,1,415.6,SDJ,ICN
2658,1,410.2,SDJ,ICN
2659,1,405.3,SDJ,ICN
2660,1,400.8,SDJ,ICN
2661,1,397.0,SDJ,ICN
2662,1,393.9,SDJ,ICN
2663,1,391.5,SDJ,ICN
2664,1,389.9,SDJ,ICN
2665,1,389.1,SDJ,ICN
2666,1,389.1,SDJ,ICN
2667,1,390.0,SDJ,ICN
2668,1,391.7,SDJ,ICN
2669,1,394.1,SDJ,ICN
2670,1,397.3,SDJ,ICN
2671,1,401.2,SDJ,ICN
2672,1,405.6,SDJ,ICN
2673,1,410.6,SDJ,ICN
2674,1,416.1,SDJ,ICN
2675,1,424.3,KIJ,ICN
2676,1,423.7,SDJ,ICN
2677,1,418.6,SDJ,ICN
2678,1,414.0,SDJ,ICN
2679,1,409.9,SDJ,ICN
2680,1,406.4,SDJ,ICN
2681,1,403.5,SDJ,ICN
2682,1,401.3,SDJ,ICN
2683,1,399.8,SDJ,ICN
2684,1,399.1,SDJ,ICN
2685,1,399.1,SDJ,ICN
2686,1,399.9,SDJ,ICN
2687,1,401.4,SDJ,ICN
2688,1,403.7,SDJ,ICN
2689,1,406.6,SDJ,ICN
2690,1,410.2,SDJ,ICN
2691,1,414.3,SDJ,ICN
2692,1,419.0,SDJ,ICN
2693,1,424.1,SDJ,ICN
2694,1,432.0,SDJ,ICN
2695,1,427.2,SDJ,ICN
2696,1,422.9,SDJ,ICN
2697,1,419.1,SDJ,ICN
2698,1,415.8,SDJ,ICN
2699,1,413.2,SDJ,ICN
2700,1,411.1,SDJ,ICN
2701,1,409.8,SDJ,ICN
2702,1,409.1,SDJ,ICN
2703,1,409.1,SDJ,ICN
2704,1,409.8,SDJ,ICN
2705,1,411.3,SDJ,ICN
2706,1,413.3,SDJ,ICN
2707,1,416.1,SDJ,ICN
2708,1,419.4,SDJ,ICN
2709,1,423.2,SDJ,ICN
2710,1,427.6,SDJ,ICN
2711,1,432.4,SDJ,ICN
2712,1,440.5,SDJ,ICN
2713,1,436.0,SDJ,ICN
2714,1,432.0,SDJ,ICN
2715,1,428.4,SDJ,ICN
2716,1,425.3,SDJ,ICN
2717,1,422.9,SDJ,ICN
2718,1,421.0,SDJ,ICN
2719,1,419.7,SDJ,ICN
2720,1,419.1,SDJ,ICN
2721,1,419.1,SDJ,ICN
2722,1,419.8,SDJ,ICN
2723,1,421.1,SDJ,ICN
2724,1,423.0,SDJ,ICN
2725,1,425.6,SDJ,ICN
2726,1,428.6,SDJ,ICN
2727,1,432.3,SDJ,ICN
2728,1,436.4,SDJ,ICN
2729,1,440.9,SDJ,ICN
2730,1,438.7,AOJ,ICN
2731,1,436.1,AOJ,ICN
2732,1,433.9,AOJ,ICN
2733,1,432.3,AOJ,ICN
2734,1,431.3,AOJ,ICN
2735,1,430.8,AOJ,ICN
2736,1,429.7,SDJ,ICN
2737,1,429.1,SDJ,ICN
2738,1,429.1,SDJ,ICN
2739,1,429.8,SDJ,ICN
2740,1,431.0,SDJ,ICN
2741,1,432.8,SDJ,ICN
2742,1,435.1,SDJ,ICN
2743,1,438.0,SDJ,ICN
2744,1,441.4,SDJ,ICN
2745,1,445.3,SDJ,ICN
2746,1,449.6,SDJ,ICN
2747,1,454.3,SDJ,ICN
2748,1,429.3,AOJ,ICN
2749,1,426.4,AOJ,ICN
2750,1,424.1,AOJ,ICN
2751,1,422.4,AOJ,ICN
2752,1,421.3,AOJ,ICN
2753,1,420.8,AOJ,ICN
2754,1,420.9,AOJ,ICN
2755,1,421.6,AOJ,ICN
2756,1,422.9,AOJ,ICN
2757,1,424.8,AOJ,ICN
2758,1,427.3,AOJ,ICN
2759,1,430.3,AOJ,ICN
2760,1,433.8,AOJ,ICN
2761,1,437.8,AOJ,ICN
2762,1,442.2,AOJ,ICN
2763,1,447.0,AOJ,ICN
2764,1,452.2,AOJ,ICN
2765,1,457.7,AOJ,ICN
2766,1,419.9,AOJ,ICN
2767,1,416.8,AOJ,ICN
2768,1,414.4,AOJ,ICN
2769,1,412.5,AOJ,ICN
2770,1,411.3,AOJ,ICN
2771,1,410.7,AOJ,ICN
2772,1,410.8,AOJ,ICN
2773,1,411.6,AOJ,ICN
2774,1,413.0,AOJ,ICN
2775,1,415.1,AOJ,ICN
2776,1,417.7,AOJ,ICN
2777,1,421.0,AOJ,ICN
2778,1,424.7,AOJ,ICN
2779,1,428.9,AOJ,ICN
2780,1,433.6,AOJ,ICN
2781,1,438.7,AOJ,ICN
2782,1,444.1,AOJ,ICN
2783,1,449.9,AOJ,ICN
2784,1,410.6,AOJ,ICN
2785,1,407.3,AOJ,ICN
2786,1,404.7,AOJ,ICN
2787,1,402.7,AOJ,ICN
2788,1,401.3,AOJ,ICN
2789,1,400.7,AOJ,ICN
2790,1,400.8,AOJ,ICN
2791,1,401.7,AOJ,ICN
2792,1,403.2,AOJ,ICN
2793,1,405.4,AOJ,ICN
2794,1,408.3,AOJ,ICN
2795,1,411.8,AOJ,ICN
2796,1,415.8,AOJ,ICN
2797,1,420.3,AOJ,ICN
2798,1,425.2,AOJ,ICN
2799,1,430.6,AOJ,ICN
2800,1,436.3,AOJ,ICN
2801,1,442.4,AOJ,ICN
2802,1,401.4,AOJ,ICN
2803,1,397.9,AOJ,ICN
2804,1,395.0,AOJ,ICN
2805,1,392.8,AOJ,ICN
2806,1,391.4,AOJ,ICN
2807,1,390.7,AOJ,ICN
2808,1,390.8,AOJ,ICN
2809,1,391.8,AOJ,ICN
2810,1,393.4,AOJ,ICN
2811,1,395.8,AOJ,ICN
2812,1,398.9,AOJ,ICN
2813,1,402.7,AOJ,ICN
2814,1,407.0,AOJ,ICN
2815,1,411.8,AOJ,ICN
2816,1,417.1,AOJ,ICN
2817,1,422.7,AOJ,ICN
2818,1,428.8,AOJ,ICN
2819,1,435.1,AOJ,ICN
2820,1,407.4,AOJ,ICN
2821,1,396.9,AOJ,ICN
2822,1,392.4,AOJ,ICN
2823,1,388.6,AOJ,ICN
2824,1,385.4,AOJ,ICN
2825,1,383.0,AOJ,ICN
2826,1,381.4,AOJ,ICN
2827,1,380.7,AOJ,ICN
2828,1,380.8,AOJ,ICN
2829,1,381.8,AOJ,ICN
2830,1,383.7,AOJ,ICN
2831,1,386.3,AOJ,ICN
2832,1,389.7,AOJ,ICN
2833,1,393.8,AOJ,ICN
2834,1,398.4,AOJ,ICN
2835,1,403.6,AOJ,ICN
2836,1,409.2,AOJ,ICN
2837,1,415.2,AOJ,ICN
2838,1,421.5,AOJ,ICN
2839,1,428.2,AOJ,ICN
2840,1,393.8,AOJ,ICN
2841,1,388.4,AOJ,ICN
2842,1,383.6,AOJ,ICN
2843,1,379.4,AOJ,ICN
2844,1,375.9,AOJ,ICN
2845,1,373.3,AOJ,ICN
2846,1,371.5,AOJ,ICN
2847,1,370.7,AOJ,ICN
2848,1,370.8,AOJ,ICN
2849,1,372.0,AOJ,ICN
2850,1,374.0,AOJ,ICN
2851,1,376.9,AOJ,ICN
2852,1,380.6,AOJ,ICN
2853,1,385.1,AOJ,ICN
2854,1,390.1,AOJ,ICN
2855,1,395.6,AOJ,ICN
2856,1,401.6,AOJ,ICN
2857,1,408.0,AOJ,ICN
2858,1,414.7,AOJ,ICN
2859,1,421.7,AOJ,ICN
2860,1,380.3,AOJ,ICN
2861,1,375.0,AOJ,ICN
2862,1,370.4,AOJ,ICN
2863,1,366.6,AOJ,ICN
2864,1,363.6,AOJ,ICN
2865,1,361.6,AOJ,ICN
2866,1,360.7,AOJ,ICN
2867,1,360.9,AOJ,ICN
2868,1,362.1,AOJ,ICN
2869,1,364.4,AOJ,ICN
2870,1,367.7,AOJ,ICN
2871,1,371.8,AOJ,ICN
2872,1,376.6,AOJ,ICN
2873,1,382.1,AOJ,ICN
2874,1,388.1,AOJ,ICN
2875,1,394.5,AOJ,ICN
2876,1,401.2,AOJ,ICN
2877,1,408.3,AOJ,ICN
2878,1,372.6,AOJ,ICN
2879,1,366.8,AOJ,ICN
2880,1,361.7,AOJ,ICN
2881,1,357.4,AOJ,ICN
2882,1,354.0,AOJ,ICN
2883,1,351.7,AOJ,ICN
2884,1,350.7,AOJ,ICN
2885,1,350.9,AOJ,ICN
2886,1,352.3,AOJ,ICN
2887,1,355.0,AOJ,ICN
2888,1,358.6,AOJ,ICN
2889,1,363.2,AOJ,ICN
2890,1,368.6,AOJ,ICN
2891,1,374.5,AOJ,ICN
2892,1,380.9,AOJ,ICN
2893,1,387.8,AOJ,ICN
2894,1,395.0,AOJ,ICN
2895,1,402.4,AOJ,ICN
2896,1,359.0,AOJ,ICN
2897,1,353.3,AOJ,ICN
2898,1,348.4,AOJ,ICN
2899,1,344.6,AOJ,ICN
2900,1,341.9,AOJ,ICN
2901,1,340.7,AOJ,ICN
2902,1,340.9,AOJ,ICN
2903,1,342.6,AOJ,ICN
2904,1,345.7,AOJ,ICN
2905,1,349.9,AOJ,ICN
2906,1,355.0,AOJ,ICN
2907,1,360.9,AOJ,ICN
2908,1,367.4,AOJ,ICN
2909,1,374.4,AOJ,ICN
2910,1,381.7,AOJ,ICN
2911,1,389.3,AOJ,ICN
2912,1,351.8,AOJ,ICN
2913,1,345.5,AOJ,ICN
2914,1,339.9,AOJ,ICN
2915,1,335.4,AOJ,ICN
2916,1,332.2,AOJ,ICN
2917,1,330.7,AOJ,ICN
2918,1,331.0,AOJ,ICN
2919,1,333.0,AOJ,ICN
2920,1,336.7,AOJ,ICN
2921,1,341.6,AOJ,ICN
2922,1,347.4,AOJ,ICN
2923,1,354.0,AOJ,ICN
2924,1,361.1,AOJ,ICN
2925,1,368.5,AOJ,ICN
2926,1,376.3,AOJ,ICN
2927,1,384.3,AOJ,ICN
2928,1,353.1,AOJ,ICN
2929,1,345.5,AOJ,ICN
2930,1,338.4,AOJ,ICN
2931,1,331.9,AOJ,ICN
2932,1,326.5,AOJ,ICN
2933,1,322.6,AOJ,ICN
2934,1,320.7,AOJ,ICN
2935,1,321.1,AOJ,ICN
2936,1,323.7,AOJ,ICN
2937,1,328.1,AOJ,ICN
2938,1,333.9,AOJ,ICN
2939,1,340.6,AOJ,ICN
2940,1,347.8,AOJ,ICN
2941,1,355.5,AOJ,ICN
2942,1,363.5,AOJ,ICN
2943,1,371.8,AOJ,ICN
2944,1,348.5,AOJ,ICN
2945,1,340.3,AOJ,ICN
2946,1,332.4,AOJ,ICN
2947,1,325.0,AOJ,ICN
2948,1,318.4,AOJ,ICN
2949,1,313.4,AOJ,ICN
2950,1,310.7,AOJ,ICN
2951,1,311.2,AOJ,ICN
2952,1,314.8,AOJ,ICN
2953,1,320.4,AOJ,ICN
2954,1,327.2,AOJ,ICN
2955,1,334.8,AOJ,ICN
2956,1,342.8,AOJ,ICN
2957,1,351.1,AOJ,ICN
2958,1,359.6,AOJ,ICN
2959,1,354.0,AOJ,ICN
2960,1,345.2,AOJ,ICN
2961,1,336.5,AOJ,ICN
2962,1,327.9,AOJ,ICN
2963,1,319.5,AOJ,ICN
2964,1,311.7,AOJ,ICN
2965,1,304.9,AOJ,ICN
2966,1,300.8,AOJ,ICN
2967,1,301.7,AOJ,ICN
2968,1,306.9,AOJ,ICN
2969,1,314.1,AOJ,ICN
2970,1,322.1,AOJ,ICN
2971,1,330.6,AOJ,ICN
2972,1,339.2,AOJ,ICN
2973,1,348.0,AOJ,ICN
2974,1,343.5,AOJ,ICN
2975,1,334.5,AOJ,ICN
2976,1,325.5,AOJ,ICN
2977,1,316.5,AOJ,ICN
2978,1,307.6,AOJ,ICN
2979,1,298.9,AOJ,ICN
2980,1,291.5,AOJ,ICN
2981,1,293.4,AOJ,ICN
2982,1,301.6,AOJ,ICN
2983,1,310.4,AOJ,ICN
2984,1,319.4,AOJ,ICN
2985,1,328.4,AOJ,ICN
2986,1,337.4,AOJ,ICN
2987,1,346.4,AOJ,ICN
2988,1,316.7,AOJ,ICN
2989,1,307.8,AOJ,ICN
2990,1,299.3,AOJ,ICN
2991,1,292.3,AOJ,ICN
2992,1,294.1,AOJ,ICN
2993,1,301.9,AOJ,ICN
2994,1,310.6,AOJ,ICN
2995,1,319.5,AOJ,ICN
2996,1,328.4,AOJ,ICN
2997,1,337.4,AOJ,ICN
2998,1,346.4,AOJ,ICN
2999,1,319.9,AOJ,ICN
3000,1,312.2,AOJ,ICN
3001,1,305.6,AOJ,ICN
3002,1,301.8,AOJ,ICN
3003,1,307.5,AOJ,ICN
3004,1,314.6,AOJ,ICN
3005,1,322.5,AOJ,ICN
3006,1,330.8,AOJ,ICN
3007,1,339.4,AOJ,ICN
3008,1,325.5,AOJ,ICN
3009,1,319.1,AOJ,ICN
3010,1,314.2,AOJ,ICN
3011,1,311.7,AOJ,ICN
3012,1,315.5,AOJ,ICN
3013,1,321.0,AOJ,ICN
3014,1,343.1,AOJ,ICN
3015,1,332.6,AOJ,ICN
3016,1,327.3,AOJ,ICN
3017,1,323.5,AOJ,ICN
3018,1,348.2,AOJ,ICN
3019,1,340.6,AOJ,ICN
3020,1,336.2,AOJ,ICN
3021,1,333.1,AOJ,ICN
3022,1,354.4,AOJ,ICN
3023,1,343.5,AOJ,ICN
3024,1,346.5,AOJ,ICN
3025,1,350.6,AOJ,ICN
3026,1,361.4,AOJ,ICN
3027,1,367.8,AOJ,ICN
3028,1,353.2,AOJ,ICN
3029,1,355.8,AOJ,ICN
3030,1,359.4,AOJ,ICN
3031,1,363.8,AOJ,ICN
3032,1,369.0,AOJ,ICN
3033,1,374.8,AOJ,ICN
3034,1,363.0,AOJ,ICN
3035,1,365.3,AOJ,ICN
3036,1,368.4,AOJ,ICN
3037,1,426.2,AOJ,ICN
3038,1,384.1,AOJ,ICN
3039,1,380.1,AOJ,ICN
3040,1,397.3,AOJ,ICN
3041,1,393.0,AOJ,ICN
3042,1,389.3,AOJ,ICN
3043,1,386.2,AOJ,ICN
3044,1,406.0,AOJ,ICN
3045,1,402.0,AOJ,ICN
3046,1,398.6,AOJ,ICN
3047,1,395.8,AOJ,ICN
3048,1,393.7,AOJ,ICN
3049,1,411.2,AOJ,ICN
3050,1,408.0,AOJ,ICN
3051,1,405.5,AOJ,ICN
3052,1,403.5,AOJ,ICN
3053,1,402.3,AOJ,ICN
3054,1,401.8,AOJ,ICN
3055,1,402.6,AOJ,ICN
3056,1,404.1,AOJ,ICN
3057,1,406.2,AOJ,ICN
3058,1,417.6,AOJ,ICN
3059,1,415.2,AOJ,ICN
3060,1,413.4,AOJ,ICN
3061,1,412.2,AOJ,ICN
3062,1,411.7,AOJ,ICN
3063,1,411.8,AOJ,ICN
3064,1,412.5,AOJ,ICN
3065,1,411.1,CTS,PUS
3066,1,406.9,CTS,PUS
3067,1,427.1,AOJ,ICN
3068,1,424.9,AOJ,ICN
3069,1,423.3,AOJ,ICN
3070,1,422.2,AOJ,ICN
3071,1,418.8,CTS,PUS
3072,1,413.0,CTS,PUS
3073,1,407.5,CTS,PUS
3074,1,449.9,CTS,PUS
3075,1,439.3,AOJ,ICN
3076,1,436.8,AOJ,ICN
3077,1,432.0,CTS,PUS
3078,1,425.0,CTS,PUS
3079,1,418.2,CTS,PUS
3080,1,411.7,CTS,PUS
3081,1,405.4,CTS,PUS
3082,1,436.9,CTS,PUS
3083,1,444.2,CTS,PUS
3084,1,471.9,AOJ,ICN
3085,1,449.2,CTS,PUS
3086,1,441.5,CTS,PUS
3087,1,433.8,CTS,PUS
3088,1,426.3,CTS,PUS
3089,1,419.0,CTS,PUS
3090,1,416.6,CTS,PUS
3091,1,423.9,CTS,PUS
3092,1,431.3,CTS,PUS
3093,1,438.9,CTS,PUS
3094,1,452.9,CTS,PUS
3095,1,444.8,CTS,PUS
3096,1,436.8,CTS,PUS
3097,1,428.9,CTS,PUS
3098,1,421.1,CTS,PUS
3099,1,396.4,CTS,PUS
3100,1,403.6,CTS,PUS
3101,1,411.0,CTS,PUS
3102,1,418.6,CTS,PUS
3103,1,426.4,CTS,PUS
3104,1,434.2,CTS,PUS
3105,1,457.5,CTS,PUS
3106,1,449.2,CTS,PUS
3107,1,440.9,CTS,PUS
3108,1,432.7,CTS,PUS
3109,1,424.6,CTS,PUS
3110,1,371.8,CTS,PUS
3111,1,376.3,CTS,PUS
3112,1,383.4,CTS,PUS
3113,1,390.7,CTS,PUS
3114,1,398.3,CTS,PUS
3115,1,406.0,CTS,PUS
3116,1,413.9,CTS,PUS
3117,1,422.0,CTS,PUS
3118,1,430.1,CTS,PUS
3119,1,446.1,CTS,PUS
3120,1,437.7,CTS,PUS
3121,1,429.3,CTS,PUS
3122,1,420.9,CTS,PUS
3123,1,365.5,CTS,PUS
3124,1,358.5,CTS,PUS
3125,1,356.4,CTS,PUS
3126,1,363.2,CTS,PUS
3127,1,370.5,CTS,PUS
3128,1,378.0,CTS,PUS
3129,1,385.8,CTS,PUS
3130,1,393.7,CTS,PUS
3131,1,401.8,CTS,PUS
3132,1,410.0,CTS,PUS
3133,1,418.2,CTS,PUS
3134,1,426.5,CTS,PUS
3135,1,434.9,CTS,PUS
3136,1,443.6,CTS,PUS
3137,1,435.0,CTS,PUS
3138,1,426.5,CTS,PUS
3139,1,418.0,CTS,PUS
3140,1,409.5,CTS,PUS
3141,1,368.1,CTS,PUS
3142,1,360.3,CTS,PUS
3143,1,352.6,CTS,PUS
3144,1,345.4,CTS,PUS
3145,1,336.7,CTS,PUS
3146,1,343.2,CTS,PUS
3147,1,350.2,CTS,PUS
3148,1,357.7,CTS,PUS
3149,1,365.5,CTS,PUS
3150,1,373.5,CTS,PUS
3151,1,381.7,CTS,PUS
3152,1,390.0,CTS,PUS
3153,1,398.3,CTS,PUS
3154,1,406.7,CTS,PUS
3155,1,415.2,CTS,PUS
3156,1,423.7,CTS,PUS
3157,1,432.2,CTS,PUS
3158,1,440.8,CTS,PUS
3159,1,441.7,CTS,PUS
3160,1,433.1,CTS,PUS
3161,1,424.4,CTS,PUS
3162,1,415.7,CTS,PUS
3163,1,407.1,CTS,PUS
3164,1,398.5,CTS,PUS
3165,1,389.9,CTS,PUS
3166,1,372.9,CTS,PUS
3167,1,364.5,CTS,PUS
3168,1,356.1,CTS,PUS
3169,1,348.0,CTS,PUS
3170,1,340.0,CTS,PUS
3171,1,332.4,CTS,PUS
3172,1,325.5,CTS,PUS
3173,1,323.4,CTS,PUS
3174,1,330.1,CTS,PUS
3175,1,337.5,CTS,PUS
3176,1,345.3,CTS,PUS
3177,1,353.5,CTS,PUS
3178,1,361.7,CTS,PUS
3179,1,370.1,CTS,PUS
3180,1,378.6,CTS,PUS
3181,1,387.1,CTS,PUS
3182,1,395.7,CTS,PUS
3183,1,404.3,CTS,PUS
3184,1,412.9,CTS,PUS
3185,1,421.6,CTS,PUS
3186,1,430.2,CTS,PUS
3187,1,438.9,CTS,PUS
3188,1,440.5,CTS,PUS
3189,1,431.8,CTS,PUS
3190,1,423.1,CTS,PUS
3191,1,414.3,CTS,PUS
3192,1,405.6,CTS,PUS
3193,1,396.9,CTS,PUS
3194,1,388.1,CTS,PUS
3195,1,379.4,CTS,PUS
3196,1,370.8,CTS,PUS
3197,1,362.1,CTS,PUS
3198,1,353.4,CTS,PUS
3199,1,344.9,CTS,PUS
3200,1,336.3,CTS,PUS
3201,1,327.9,CTS,PUS
3202,1,319.8,CTS,PUS
3203,1,312.3,CTS,PUS
3204,1,306.5,CTS,PUS
3205,1,305.4,CTS,PUS
3206,1,310.1,CTS,PUS
3207,1,317.3,CTS,PUS
3208,1,325.3,CTS,PUS
3209,1,333.6,CTS,PUS
3210,1,342.1,CTS,PUS
3211,1,350.6,CTS,PUS
3212,1,359.3,CTS,PUS
3213,1,367.9,CTS,PUS
3214,1,376.6,CTS,PUS
3215,1,385.3,CTS,PUS
3216,1,394.0,CTS,PUS
3217,1,402.7,CTS,PUS
3218,1,411.5,CTS,PUS
3219,1,420.2,CTS,PUS
3220,1,428.9,CTS,PUS
3221,1,437.7,CTS,PUS
3222,1,446.0,AKJ,ICN
3223,1,413.7,CTS,PUS
3224,1,405.0,CTS,PUS
3225,1,396.2,CTS,PUS
3226,1,387.4,CTS,PUS
3227,1,378.7,CTS,PUS
3228,1,369.9,CTS,PUS
3229,1,361.1,CTS,PUS
3230,1,352.4,CTS,PUS
3231,1,343.6,CTS,PUS
3232,1,334.8,CTS,PUS
3233,1,326.1,CTS,PUS
3234,1,317.3,CTS,PUS
3235,1,308.6,CTS,PUS
3236,1,299.9,CTS,PUS
3237,1,297.1,CTS,PUS
3238,1,305.7,CTS,PUS
3239,1,314.5,CTS,PUS
3240,1,323.2,CTS,PUS
3241,1,332.0,CTS,PUS
3242,1,340.8,CTS,PUS
3243,1,349.5,CTS,PUS
3244,1,358.3,CTS,PUS
3245,1,367.0,CTS,PUS
3246,1,375.8,CTS,PUS
3247,1,384.6,CTS,PUS
3248,1,393.3,CTS,PUS
3249,1,402.1,CTS,PUS
3250,1,410.9,CTS,PUS
3251,1,419.6,CTS,PUS
3252,1,427.4,AKJ,ICN
3253,1,432.7,AKJ,ICN
3254,1,438.3,AKJ,ICN
3255,1,444.2,AKJ,ICN
3256,1,396.5,CTS,PUS
3257,1,387.8,CTS,PUS
3258,1,379.1,CTS,PUS
3259,1,370.4,CTS,PUS
3260,1,361.7,CTS,PUS
3261,1,353.0,CTS,PUS
3262,1,344.4,CTS,PUS
3263,1,335.8,CTS,PUS
3264,1,327.3,CTS,PUS
3265,1,318.9,CTS,PUS
3266,1,311.0,CTS,PUS
3267,1,304.6,CTS,PUS
3268,1,303.4,CTS,PUS
3269,1,308.7,CTS,PUS
3270,1,316.3,CTS,PUS
3271,1,324.5,CTS,PUS
3272,1,333.0,CTS,PUS
3273,1,341.6,CTS,PUS
3274,1,350.2,CTS,PUS
3275,1,358.8,CTS,PUS
3276,1,367.5,CTS,PUS
3277,1,376.2,CTS,PUS
3278,1,384.9,CTS,PUS
3279,1,393.7,CTS,PUS
3280,1,402.4,CTS,PUS
3281,1,409.4,AKJ,ICN
3282,1,414.2,AKJ,ICN
3283,1,419.4,AKJ,ICN
3284,1,425.0,AKJ,ICN
3285,1,430.9,AKJ,ICN
3286,1,437.2,AKJ,ICN
3287,1,443.7,AKJ,ICN
3288,1,450.4,AKJ,ICN
3289,1,397.8,CTS,PUS
3290,1,389.2,CTS,PUS
3291,1,380.6,CTS,PUS
3292,1,372.1,CTS,PUS
3293,1,363.7,CTS,PUS
3294,1,355.3,CTS,PUS
3295,1,347.0,CTS,PUS
3296,1,339.0,CTS,PUS
3297,1,331.2,CTS,PUS
3298,1,324.0,CTS,PUS
3299,1,317.9,CTS,PUS
3300,1,313.8,CTS,PUS
3301,1,313.1,CTS,PUS
3302,1,316.2,CTS,PUS
3303,1,321.8,CTS,PUS
3304,1,328.8,CTS,PUS
3305,1,336.4,CTS,PUS
3306,1,344.4,CTS,PUS
3307,1,352.6,CTS,PUS
3308,1,360.9,CTS,PUS
3309,1,369.4,CTS,PUS
3310,1,377.9,CTS,PUS
3311,1,386.4,CTS,PUS
3312,1,392.4,AKJ,ICN
3313,1,396.4,AKJ,ICN
3314,1,401.0,AKJ,ICN
3315,1,406.1,AKJ,ICN
3316,1,411.7,AKJ,ICN
3317,1,417.6,AKJ,ICN
3318,1,423.9,AKJ,ICN
3319,1,430.5,AKJ,ICN
3320,1,437.4,AKJ,ICN
3321,1,444.4,AKJ,ICN
3322,1,451.6,AKJ,ICN
3323,1,505.3,AKJ,ICN
3324,1,391.6,CTS,PUS
3325,1,383.3,CTS,PUS
3326,1,375.1,CTS,PUS
3327,1,367.0,CTS,PUS
3328,1,359.0,CTS,PUS
3329,1,351.3,CTS,PUS
3330,1,344.0,CTS,PUS
3331,1,337.2,CTS,PUS
3332,1,331.1,CTS,PUS
3333,1,326.4,CTS,PUS
3334,1,323.5,CTS,PUS
3335,1,323.1,CTS,PUS
3336,1,325.2,CTS,PUS
3337,1,329.4,CTS,PUS
3338,1,335.1,CTS,PUS
3339,1,341.7,CTS,PUS
3340,1,348.9,CTS,PUS
3341,1,356.5,CTS,PUS
3342,1,364.4,CTS,PUS
3343,1,372.4,CTS,PUS
3344,1,376.9,AKJ,ICN
3345,1,379.7,AKJ,ICN
3346,1,383.4,AKJ,ICN
3347,1,387.8,AKJ,ICN
3348,1,392.8,AKJ,ICN
3349,1,398.4,AKJ,ICN
3350,1,404.4,AKJ,ICN
3351,1,410.7,AKJ,ICN
3352,1,417.4,AKJ,ICN
3353,1,424.4,AKJ,ICN
3354,1,431.5,AKJ,ICN
3355,1,438.8,AKJ,ICN
3356,1,446.3,AKJ,ICN
3357,1,453.9,AKJ,ICN
3358,1,461.6,AKJ,ICN
3359,1,469.4,AKJ,ICN
3360,1,477.3,AKJ,ICN
3361,1,485.3,AKJ,ICN
3362,1,493.3,AKJ,ICN
3363,1,501.4,AKJ,ICN
3364,1,509.5,AKJ,ICN
3365,1,517.7,AKJ,ICN
3366,1,395.0,CTS,PUS
3367,1,387.0,CTS,PUS
3368,1,379.1,CTS,PUS
3369,1,371.5,CTS,PUS
3370,1,364.0,CTS,PUS
3371,1,357.0,CTS,PUS
3372,1,350.4,CTS,PUS
3373,1,344.4,CTS,PUS
3374,1,339.4,CTS,PUS
3375,1,335.6,CTS,PUS
3376,1,333.4,CTS,PUS
3377,1,333.1,CTS,PUS
3378,1,334.7,CTS,PUS
3379,1,338.0,CTS,PUS
3380,1,342.7,CTS,PUS
3381,1,348.3,CTS,PUS
3382,1,354.8,CTS,PUS
3383,1,361.7,CTS,PUS
3384,1,364.2,AKJ,ICN
3385,1,365.2,AKJ,ICN
3386,1,367.3,AKJ,ICN
3387,1,370.5,AKJ,ICN
3388,1,374.7,AKJ,ICN
3389,1,379.6,AKJ,ICN
3390,1,385.1,AKJ,ICN
3391,1,391.1,AKJ,ICN
3392,1,397.6,AKJ,ICN
3393,1,404.4,AKJ,ICN
3394,1,411.4,AKJ,ICN
3395,1,418.7,AKJ,ICN
3396,1,426.2,AKJ,ICN
3397,1,433.8,AKJ,ICN
3398,1,441.5,AKJ,ICN
3399,1,449.4,AKJ,ICN
3400,1,457.3,AKJ,ICN
3401,1,465.3,AKJ,ICN
3402,1,473.4,AKJ,ICN
3403,1,481.5,AKJ,ICN
3404,1,489.7,AKJ,ICN
3405,1,497.9,AKJ,ICN
3406,1,506.2,AKJ,ICN
3407,1,514.5,AKJ,ICN
3408,1,522.8,AKJ,ICN
3409,1,407.0,CTS,PUS
3410,1,399.2,CTS,PUS
3411,1,391.5,CTS,PUS
3412,1,384.1,CTS,PUS
3413,1,370.0,CTS,PUS
3414,1,348.2,CTS,PUS
3415,1,345.1,CTS,PUS
3416,1,343.3,CTS,PUS
3417,1,343.1,CTS,PUS
3418,1,344.3,CTS,PUS
3419,1,347.0,CTS,PUS
3420,1,351.0,CTS,PUS
3421,1,355.9,CTS,PUS
3422,1,356.2,AKJ,ICN
3423,1,354.5,AKJ,ICN
3424,1,354.2,AKJ,ICN
3425,1,355.3,AKJ,ICN
3426,1,357.9,AKJ,ICN
3427,1,361.6,AKJ,ICN
3428,1,366.3,AKJ,ICN
3429,1,371.8,AKJ,ICN
3430,1,377.9,AKJ,ICN
3431,1,384.5,AKJ,ICN
3432,1,391.4,AKJ,ICN
3433,1,398.6,AKJ,ICN
3434,1,406.1,AKJ,ICN
3435,1,413.7,AKJ,ICN
3436,1,421.5,AKJ,ICN
3437,1,429.4,AKJ,ICN
3438,1,437.4,AKJ,ICN
3439,1,445.4,AKJ,ICN
3440,1,453.5,AKJ,ICN
3441,1,461.7,AKJ,ICN
3442,1,470.0,AKJ,ICN
3443,1,478.2,AKJ,ICN
3444,1,486.6,AKJ,ICN
3445,1,494.9,AKJ,ICN
3446,1,503.3,AKJ,ICN
3447,1,511.7,AKJ,ICN
3448,1,520.1,AKJ,ICN
3449,1,528.5,AKJ,ICN
3450,1,537.0,AKJ,ICN
3451,1,545.5,AKJ,ICN
3452,1,553.9,AKJ,ICN
3453,1,562.4,AKJ,ICN
3454,1,411.6,CTS,PUS
3455,1,404.2,CTS,PUS
3456,1,357.4,CTS,PUS
3457,1,354.7,CTS,PUS
3458,1,353.3,CTS,PUS
3459,1,353.1,CTS,PUS
3460,1,354.1,CTS,PUS
3461,1,356.4,CTS,PUS
3462,1,355.3,AKJ,ICN
3463,1,350.4,AKJ,ICN
3464,1,346.7,AKJ,ICN
3465,1,344.6,AKJ,ICN
3466,1,344.2,AKJ,ICN
3467,1,345.6,AKJ,ICN
3468,1,348.7,AKJ,ICN
3469,1,353.1,AKJ,ICN
3470,1,358.6,AKJ,ICN
3471,1,364.7,AKJ,ICN
3472,1,371.5,AKJ,ICN
3473,1,378.6,AKJ,ICN
3474,1,386.0,AKJ,ICN
3475,1,393.7,AKJ,ICN
3476,1,401.5,AKJ,ICN
3477,1,409.4,AKJ,ICN
3478,1,417.5,AKJ,ICN
3479,1,425.6,AKJ,ICN
3480,1,433.8,AKJ,ICN
3481,1,442.1,AKJ,ICN
3482,1,450.4,AKJ,ICN
3483,1,458.7,AKJ,ICN
3484,1,467.1,AKJ,ICN
3485,1,475.5,AKJ,ICN
3486,1,483.9,AKJ,ICN
3487,1,492.4,AKJ,ICN
3488,1,500.8,AKJ,ICN
3489,1,509.3,AKJ,ICN
3490,1,517.8,AKJ,ICN
3491,1,526.3,AKJ,ICN
3492,1,534.9,AKJ,ICN
3493,1,543.4,AKJ,ICN
3494,1,560.5,AKJ,ICN
3495,1,364.5,CTS,PUS
3496,1,363.2,CTS,PUS
3497,1,363.1,CTS,PUS
3498,1,361.6,AKJ,ICN
3499,1,354.5,AKJ,ICN
3500,1,347.8,AKJ,ICN
3501,1,342.0,AKJ,ICN
3502,1,337.5,AKJ,ICN
3503,1,334.7,AKJ,ICN
3504,1,334.2,AKJ,ICN
3505,1,336.1,AKJ,ICN
3506,1,340.0,AKJ,ICN
3507,1,345.3,AKJ,ICN
3508,1,351.6,AKJ,ICN
3509,1,358.6,AKJ,ICN
3510,1,366.0,AKJ,ICN
3511,1,373.6,AKJ,ICN
3512,1,381.5,AKJ,ICN
3513,1,389.6,AKJ,ICN
3514,1,397.7,AKJ,ICN
3515,1,405.9,AKJ,ICN
3516,1,414.2,AKJ,ICN
3517,1,422.6,AKJ,ICN
3518,1,430.9,AKJ,ICN
3519,1,439.4,AKJ,ICN
3520,1,447.8,AKJ,ICN
3521,1,456.3,AKJ,ICN
3522,1,464.8,AKJ,ICN
3523,1,473.3,AKJ,ICN
3524,1,481.8,AKJ,ICN
3525,1,490.3,AKJ,ICN
3526,1,498.9,AKJ,ICN
3527,1,507.4,AKJ,ICN
3528,1,516.0,AKJ,ICN
3529,1,524.6,AKJ,ICN
3530,1,533.1,AKJ,ICN
3531,1,376.4,CTS,PUS
3532,1,374.3,CTS,PUS
3533,1,373.2,CTS,PUS
3534,1,365.1,AKJ,ICN
3535,1,357.0,AKJ,ICN
3536,1,349.1,AKJ,ICN
3537,1,341.6,AKJ,ICN
3538,1,334.7,AKJ,ICN
3539,1,328.8,AKJ,ICN
3540,1,325.0,AKJ,ICN
3541,1,324.2,AKJ,ICN
3542,1,326.9,AKJ,ICN
3543,1,332.1,AKJ,ICN
3544,1,338.6,AKJ,ICN
3545,1,345.9,AKJ,ICN
3546,1,353.7,AKJ,ICN
3547,1,361.7,AKJ,ICN
3548,1,369.8,AKJ,ICN
3549,1,378.1,AKJ,ICN
3550,1,386.5,AKJ,ICN
3551,1,394.9,AKJ,ICN
3552,1,403.3,AKJ,ICN
3553,1,411.8,AKJ,ICN
3554,1,420.3,AKJ,ICN
3555,1,428.8,AKJ,ICN
3556,1,437.4,AKJ,ICN
3557,1,445.9,AKJ,ICN
3558,1,454.5,AKJ,ICN
3559,1,463.1,AKJ,ICN
3560,1,471.6,AKJ,ICN
3561,1,480.2,AKJ,ICN
3562,1,488.8,AKJ,ICN
3563,1,497.4,AKJ,ICN
3564,1,506.0,AKJ,ICN
3565,1,514.6,AKJ,ICN
3566,1,523.2,AKJ,ICN
3567,1,386.0,CTS,PUS
3568,1,379.5,AKJ,ICN
3569,1,371.0,AKJ,ICN
3570,1,362.4,AKJ,ICN
3571,1,354.0,AKJ,ICN
3572,1,345.5,AKJ,ICN
3573,1,337.2,AKJ,ICN
3574,1,329.2,AKJ,ICN
3575,1,321.7,AKJ,ICN
3576,1,315.7,AKJ,ICN
3577,1,314.4,AKJ,ICN
3578,1,318.9,AKJ,ICN
3579,1,325.9,AKJ,ICN
3580,1,333.9,AKJ,ICN
3581,1,342.1,AKJ,ICN
3582,1,350.4,AKJ,ICN
3583,1,358.9,AKJ,ICN
3584,1,367.4,AKJ,ICN
3585,1,375.9,AKJ,ICN
3586,1,384.5,AKJ,ICN
3587,1,393.1,AKJ,ICN
3588,1,401.7,AKJ,ICN
3589,1,410.3,AKJ,ICN
3590,1,418.9,AKJ,ICN
3591,1,427.5,AKJ,ICN
3592,1,436.1,AKJ,ICN
3593,1,444.7,AKJ,ICN
3594,1,453.3,AKJ,ICN
3595,1,462.0,AKJ,ICN
3596,1,470.6,AKJ,ICN
3597,1,479.2,AKJ,ICN
3598,1,487.8,AKJ,ICN
3599,1,496.5,AKJ,ICN
3600,1,505.1,AKJ,ICN
3601,1,513.7,AKJ,ICN
3602,1,522.4,AKJ,ICN
3603,1,387.4,AKJ,ICN
3604,1,378.7,AKJ,ICN
3605,1,370.1,AKJ,ICN
3606,1,361.4,AKJ,ICN
3607,1,352.8,AKJ,ICN
3608,1,344.2,AKJ,ICN
3609,1,335.5,AKJ,ICN
3610,1,326.9,AKJ,ICN
3611,1,318.3,AKJ,ICN
3612,1,309.6,AKJ,ICN
3613,1,306.1,AKJ,ICN
3614,1,314.7,AKJ,ICN
3615,1,323.3,AKJ,ICN
3616,1,331.9,AKJ,ICN
3617,1,340.6,AKJ,ICN
3618,1,349.2,AKJ,ICN
3619,1,357.9,AKJ,ICN
3620,1,366.5,AKJ,ICN
3621,1,375.1,AKJ,ICN
3622,1,383.8,AKJ,ICN
3623,1,392.4,AKJ,ICN
3624,1,401.0,AKJ,ICN
3625,1,409.7,AKJ,ICN
3626,1,418.3,AKJ,ICN
3627,1,426.9,AKJ,ICN
3628,1,435.6,AKJ,ICN
3629,1,444.2,AKJ,ICN
3630,1,452.9,AKJ,ICN
3631,1,461.5,AKJ,ICN
3632,1,470.1,AKJ,ICN
3633,1,478.8,AKJ,ICN
3634,1,487.4,AKJ,ICN
3635,1,496.0,AKJ,ICN
3636,1,504.7,AKJ,ICN
3637,1,513.3,AKJ,ICN
3638,1,387.8,AKJ,ICN
3639,1,379.3,AKJ,ICN
3640,1,370.7,AKJ,ICN
3641,1,362.2,AKJ,ICN
3642,1,353.7,AKJ,ICN
3643,1,345.2,AKJ,ICN
3644,1,336.9,AKJ,ICN
3645,1,328.7,AKJ,ICN
3646,1,321.0,AKJ,ICN
3647,1,314.8,AKJ,ICN
3648,1,313.3,AKJ,ICN
3649,1,318.1,AKJ,ICN
3650,1,325.4,AKJ,ICN
3651,1,333.5,AKJ,ICN
3652,1,341.7,AKJ,ICN
3653,1,350.1,AKJ,ICN
3654,1,358.6,AKJ,ICN
3655,1,367.1,AKJ,ICN
3656,1,375.7,AKJ,ICN
3657,1,384.3,AKJ,ICN
3658,1,392.8,AKJ,ICN
3659,1,401.4,AKJ,ICN
3660,1,410.0,AKJ,ICN
3661,1,418.6,AKJ,ICN
3662,1,427.2,AKJ,ICN
3663,1,435.8,AKJ,ICN
3664,1,444.4,AKJ,ICN
3665,1,453.0,AKJ,ICN
3666,1,461.7,AKJ,ICN
3667,1,470.3,AKJ,ICN
3668,1,478.9,AKJ,ICN
3669,1,487.5,AKJ,ICN
3670,1,496.1,AKJ,ICN
3671,1,504.8,AKJ,ICN
3672,1,513.4,AKJ,ICN
3673,1,547.9,AKJ,ICN
3674,1,381.1,AKJ,ICN
3675,1,372.8,AKJ,ICN
3676,1,364.6,AKJ,ICN
3677,1,356.5,AKJ,ICN
3678,1,348.5,AKJ,ICN
3679,1,341.0,AKJ,ICN
3680,1,333.9,AKJ,ICN
3681,1,327.9,AKJ,ICN
3682,1,323.9,AKJ,ICN
3683,1,323.2,AKJ,ICN
3684,1,326.0,AKJ,ICN
3685,1,331.3,AKJ,ICN
3686,1,337.9,AKJ,ICN
3687,1,345.3,AKJ,ICN
3688,1,353.1,AKJ,ICN
3689,1,361.2,AKJ,ICN
3690,1,369.3,AKJ,ICN
3691,1,377.6,AKJ,ICN
3692,1,386.0,AKJ,ICN
3693,1,394.4,AKJ,ICN
3694,1,402.8,AKJ,ICN
3695,1,411.3,AKJ,ICN
3696,1,419.8,AKJ,ICN
3697,1,428.3,AKJ,ICN
3698,1,436.8,AKJ,ICN
3699,1,445.4,AKJ,ICN
3700,1,453.9,AKJ,ICN
3701,1,462.5,AKJ,ICN
3702,1,471.0,AKJ,ICN
3703,1,479.6,AKJ,ICN
3704,1,488.2,AKJ,ICN
3705,1,496.7,AKJ,ICN
3706,1,505.3,AKJ,ICN
3707,1,513.9,AKJ,ICN
3708,1,548.3,AKJ,ICN
3709,1,368.4,AKJ,ICN
3710,1,360.9,AKJ,ICN
3711,1,353.7,AKJ,ICN
3712,1,347.0,AKJ,ICN
3713,1,341.1,AKJ,ICN
3714,1,336.5,AKJ,ICN
3715,1,333.6,AKJ,ICN
3716,1,333.1,AKJ,ICN
3717,1,335.0,AKJ,ICN
3718,1,339.0,AKJ,ICN
3719,1,344.4,AKJ,ICN
3720,1,350.8,AKJ,ICN
3721,1,357.8,AKJ,ICN
3722,1,365.2,AKJ,ICN
3723,1,372.9,AKJ,ICN
3724,1,380.8,AKJ,ICN
3725,1,388.8,AKJ,ICN
3726,1,397.0,AKJ,ICN
3727,1,405.2,AKJ,ICN
3728,1,413.5,AKJ,ICN
3729,1,421.8,AKJ,ICN
3730,1,430.2,AKJ,ICN
3731,1,438.6,AKJ,ICN
3732,1,447.0,AKJ,ICN
3733,1,455.4,AKJ,ICN
3734,1,463.9,AKJ,ICN
3735,1,497.9,AKJ,ICN
3736,1,506.4,AKJ,ICN
3737,1,514.9,AKJ,ICN
3738,1,557.6,AKJ,ICN
3739,1,566.2,AKJ,ICN
3740,1,373.5,AKJ,ICN
3741,1,366.6,AKJ,ICN
3742,1,360.1,AKJ,ICN
3743,1,354.3,AKJ,ICN
3744,1,349.4,AKJ,ICN
3745,1,345.7,AKJ,ICN
3746,1,343.5,AKJ,ICN
3747,1,343.1,AKJ,ICN
3748,1,344.6,AKJ,ICN
3749,1,347.7,AKJ,ICN
3750,1,352.1,AKJ,ICN
3751,1,357.6,AKJ,ICN
3752,1,363.8,AKJ,ICN
3753,1,370.6,AKJ,ICN
3754,1,377.7,AKJ,ICN
3755,1,385.1,AKJ,ICN
3756,1,392.8,AKJ,ICN
3757,1,400.5,AKJ,ICN
3758,1,408.5,AKJ,ICN
3759,1,416.5,AKJ,ICN
3760,1,424.6,AKJ,ICN
3761,1,432.8,AKJ,ICN
3762,1,441.0,AKJ,ICN
3763,1,449.3,AKJ,ICN
3764,1,507.9,AKJ,ICN
3765,1,516.4,AKJ,ICN
3766,1,524.9,AKJ,ICN
3767,1,567.3,AKJ,ICN
3768,1,575.8,AKJ,ICN
3769,1,379.6,AKJ,ICN
3770,1,373.3,AKJ,ICN
3771,1,367.5,AKJ,ICN
3772,1,362.4,AKJ,ICN
3773,1,358.3,AKJ,ICN
3774,1,355.2,AKJ,ICN
3775,1,353.4,AKJ,ICN
3776,1,353.1,AKJ,ICN
3777,1,354.3,AKJ,ICN
3778,1,356.8,AKJ,ICN
3779,1,360.6,AKJ,ICN
3780,1,365.3,AKJ,ICN
3781,1,370.8,AKJ,ICN
3782,1,376.9,AKJ,ICN
3783,1,383.5,AKJ,ICN
3784,1,390.4,AKJ,ICN
3785,1,397.6,AKJ,ICN
3786,1,405.0,AKJ,ICN
3787,1,412.6,AKJ,ICN
3788,1,420.3,AKJ,ICN
3789,1,428.1,AKJ,ICN
3790,1,436.1,AKJ,ICN
3791,1,444.1,AKJ,ICN
3792,1,518.3,AKJ,ICN
3793,1,526.7,AKJ,ICN
3794,1,577.3,AKJ,ICN
3795,1,386.4,AKJ,ICN
3796,1,380.7,AKJ,ICN
3797,1,375.5,AKJ,ICN
3798,1,371.1,AKJ,ICN
3799,1,367.5,AKJ,ICN
3800,1,364.9,AKJ,ICN
3801,1,363.4,AKJ,ICN
3802,1,363.1,AKJ,ICN
3803,1,364.1,AKJ,ICN
3804,1,366.2,AKJ,ICN
3805,1,369.5,AKJ,ICN
3806,1,373.6,AKJ,ICN
3807,1,378.5,AKJ,ICN
3808,1,384.0,AKJ,ICN
3809,1,390.0,AKJ,ICN
3810,1,396.4,AKJ,ICN
3811,1,403.2,AKJ,ICN
3812,1,410.2,AKJ,ICN
3813,1,417.4,AKJ,ICN
3814,1,537.3,AKJ,ICN
3815,1,587.5,AKJ,ICN
3816,1,595.9,AKJ,ICN
3817,1,393.9,AKJ,ICN
3818,1,388.6,AKJ,ICN
3819,1,384.0,AKJ,ICN
3820,1,380.0,AKJ,ICN
3821,1,376.9,AKJ,ICN
3822,1,374.6,AKJ,ICN
3823,1,373.4,AKJ,ICN
3824,1,373.1,AKJ,ICN
3825,1,374.0,AKJ,ICN
3826,1,375.8,AKJ,ICN
3827,1,378.6,AKJ,ICN
3828,1,382.3,AKJ,ICN
3829,1,386.6,AKJ,ICN
3830,1,391.6,AKJ,ICN
3831,1,397.1,AKJ,ICN
3832,1,403.1,AKJ,ICN
3833,1,409.4,AKJ,ICN
3834,1,597.9,AKJ,ICN
3835,1,606.2,AKJ,ICN
3836,1,614.6,AKJ,ICN
3837,1,401.8,AKJ,ICN
3838,1,397.0,AKJ,ICN
3839,1,392.8,AKJ,ICN
3840,1,389.2,AKJ,ICN
3841,1,386.4,AKJ,ICN
3842,1,384.4,AKJ,ICN
3843,1,383.3,AKJ,ICN
3844,1,383.1,AKJ,ICN
3845,1,383.9,AKJ,ICN
3846,1,385.5,AKJ,ICN
3847,1,388.0,AKJ,ICN
3848,1,391.2,AKJ,ICN
3849,1,395.2,AKJ,ICN
3850,1,399.7,AKJ,ICN
3851,1,404.8,AKJ,ICN
3852,1,600.2,AKJ,ICN
3853,1,608.5,AKJ,ICN
3854,1,616.8,AKJ,ICN
3855,1,625.1,AKJ,ICN
3856,1,633.4,AKJ,ICN
3857,1,405.6,AKJ,ICN
3858,1,401.8,AKJ,ICN
3859,1,398.6,AKJ,ICN
3860,1,396.1,AKJ,ICN
3861,1,394.3,AKJ,ICN
3862,1,393.3,AKJ,ICN
3863,1,393.2,AKJ,ICN
3864,1,393.8,AKJ,ICN
3865,1,395.3,AKJ,ICN
3866,1,397.5,AKJ,ICN
3867,1,400.4,AKJ,ICN
3868,1,404.0,AKJ,ICN
3869,1,408.1,AKJ,ICN
3870,1,611.0,AKJ,ICN
3871,1,414.5,AKJ,ICN
3872,1,411.0,AKJ,ICN
3873,1,408.1,AKJ,ICN
3874,1,405.8,AKJ,ICN
3875,1,404.2,AKJ,ICN
3876,1,403.3,AKJ,ICN
3877,1,403.2,AKJ,ICN
3878,1,403.8,AKJ,ICN
3879,1,405.1,AKJ,ICN
3880,1,407.1,AKJ,ICN
3881,1,409.7,AKJ,ICN
3882,1,423.6,AKJ,ICN
3883,1,420.3,AKJ,ICN
3884,1,417.7,AKJ,ICN
3885,1,415.6,AKJ,ICN
3886,1,414.1,AKJ,ICN
3887,1,413.3,AKJ,ICN
3888,1,413.2,AKJ,ICN
3889,1,413.7,AKJ,ICN
3890,1,414.9,AKJ,ICN
3891,1,416.7,AKJ,ICN
3892,1,432.8,AKJ,ICN
3893,1,429.8,AKJ,ICN
3894,1,427.3,AKJ,ICN
3895,1,425.4,AKJ,ICN
3896,1,424.1,AKJ,ICN
3897,1,423.3,AKJ,ICN
3898,1,423.2,AKJ,ICN
3899,1,423.7,AKJ,ICN
3900,1,424.8,AKJ,ICN
3901,1,442.1,AKJ,ICN
3902,1,439.3,AKJ,ICN
3903,1,437.0,AKJ,ICN
3904,1,435.2,AKJ,ICN
3905,1,434.0,AKJ,ICN
3906,1,433.3,AKJ,ICN
3907,1,433.2,AKJ,ICN
3908,1,433.7,AKJ,ICN
3909,1,454.5,AKJ,ICN
3910,1,451.5,AKJ,ICN
3911,1,448.9,AKJ,ICN
3912,1,446.8,AKJ,ICN
3913,1,445.1,AKJ,ICN
3914,1,444.0,AKJ,ICN
3915,1,443.3,AKJ,ICN
3916,1,443.2,AKJ,ICN
3917,1,463.8,AKJ,ICN
3918,1,461.0,AKJ,ICN
3919,1,458.5,AKJ,ICN
3920,1,456.5,AKJ,ICN
3921,1,455.0,AKJ,ICN
3922,1,453.9,AKJ,ICN
3923,1,453.4,AKJ,ICN
3924,1,453.3,AKJ,ICN
3925,1,476.3,AKJ,ICN
3926,1,473.2,AKJ,ICN
3927,1,470.5,AKJ,ICN
3928,1,468.2,AKJ,ICN
3929,1,466.4,AKJ,ICN
3930,1,464.9,AKJ,ICN
3931,1,463.9,AKJ,ICN
3932,1,463.4,AKJ,ICN
3933,1,500.4,AKJ,ICN
3934,1,496.3,AKJ,ICN
3935,1,485.5,AKJ,ICN
3936,1,482.6,AKJ,ICN
3937,1,480.1,AKJ,ICN
3938,1,477.9,AKJ,ICN
3939,1,476.2,AKJ,ICN
3940,1,474.8,AKJ,ICN
3941,1,473.9,AKJ,ICN
3942,1,494.9,AKJ,ICN
3943,1,492.1,AKJ,ICN
3944,1,489.7,AKJ,ICN
3945,1,487.7,AKJ,ICN
3946,1,486.0,AKJ,ICN
3947,1,484.8,AKJ,ICN
3948,1,501.7,AKJ,ICN
3949,1,499.4,AKJ,ICN
3950,1,497.5,AKJ,ICN
3951,1,495.9,AKJ,ICN
3952,1,507.3,AKJ,ICN
0,2,454.8,SHI,ICN
1,2,444.8,SHI,ICN
2,2,441.1,SHI,ICN
3,2,401.2,SHI,ICN
4,2,407.0,SHI,ICN
5,2,396.9,SHI,ICN
6,2,313.5,SHI,ICN
7,2,323.4,SHI,ICN
8,2,300.4,SHI,ICN
9,2,311.1,SHI,ICN
10,2,276.1,OKA,PUS
11,2,267.4,OKA,PUS
12,2,278.1,OKA,PUS
13,2,281.3,OKA,PUS
14,2,288.8,OKA,PUS
15,2,296.0,OKA,PUS
16,2,304.8,OKA,PUS
17,2,303.2,OKA,PUS
18,2,317.7,OKA,PUS
19,2,325.2,OKA,PUS
20,2,1264.1,FSZ,ICN
21,2,325.7,OKA,PUS
22,2,332.3,OKA,PUS
23,2,339.9,OKA,PUS
24,2,1254.8,FSZ,ICN
25,2,326.5,OKA,PUS
26,2,346.9,OKA,PUS
27,2,354.5,OKA,PUS
28,2,361.5,OKA,PUS
29,2,479.2,OKA,PUS
30,2,487.2,OKA,PUS
31,2,530.2,OKA,PUS
32,2,544.6,OKA,PUS
33,2,546.3,OKA,PUS
34,2,552.5,OKA,PUS
35,2,560.6,OKA,PUS
36,2,566.9,OKA,PUS
37,2,601.6,OKA,PUS
38,2,581.2,OKA,PUS
39,2,587.8,OKA,PUS
40,2,483.2,KOJ,PUS
41,2,438.4,KOJ,PUS
42,2,396.2,KOJ,PUS
43,2,395.0,KOJ,PUS
44,2,386.3,KOJ,PUS
45,2,385.0,KOJ,PUS
46,2,376.4,KOJ,PUS
47,2,375.0,KOJ,PUS
48,2,375.0,KOJ,PUS
49,2,356.7,KOJ,PUS
50,2,346.8,KOJ,PUS
51,2,294.3,KOJ,PUS
52,2,295.7,KOJ,PUS
53,2,285.9,KOJ,PUS
54,2,284.3,KOJ,PUS
55,2,285.9,KOJ,PUS
56,2,289.0,KOJ,PUS
57,2,291.0,KOJ,PUS
58,2,284.9,KOJ,PUS
59,2,279.8,KOJ,PUS
60,2,276.2,KOJ,PUS
61,2,276.3,KOJ,PUS
62,2,279.9,KOJ,PUS
63,2,284.9,KOJ,PUS
64,2,291.5,KOJ,PUS
65,2,276.8,KOJ,PUS
66,2,271.0,KOJ,PUS
67,2,264.4,KOJ,PUS
68,2,266.7,KOJ,PUS
69,2,271.0,KOJ,PUS
70,2,291.5,KOJ,PUS
71,2,269.5,KOJ,PUS
72,2,262.6,KOJ,PUS
73,2,254.5,KOJ,PUS
74,2,257.4,KOJ,PUS
75,2,262.7,KOJ,PUS
76,2,269.5,KOJ,PUS
77,2,277.4,KOJ,PUS
78,2,285.9,KOJ,PUS
79,2,263.3,KOJ,PUS
80,2,255.2,KOJ,PUS
81,2,248.6,KOJ,PUS
82,2,244.6,KOJ,PUS
83,2,248.6,KOJ,PUS
84,2,255.2,KOJ,PUS
85,2,263.3,KOJ,PUS
86,2,272.1,KOJ,PUS
87,2,281.3,KOJ,PUS
88,2,318.1,KOJ,PUS
89,2,258.7,KOJ,PUS
90,2,249.4,KOJ,PUS
91,2,240.9,KOJ,PUS
92,2,241.0,KOJ,PUS
93,2,249.4,KOJ,PUS
94,2,258.7,KOJ,PUS
95,2,268.4,KOJ,PUS
96,2,273.0,KMI,ICN
97,2,269.5,KMI,ICN
98,2,266.5,KOJ,PUS
99,2,256.4,KOJ,PUS
100,2,246.3,KOJ,PUS
101,2,236.3,KOJ,PUS
102,2,226.8,KOJ,PUS
103,2,226.8,KOJ,PUS
104,2,236.3,KOJ,PUS
105,2,246.4,KOJ,PUS
106,2,256.5,KOJ,PUS
107,2,266.6,KOJ,PUS
108,2,265.3,KMI,ICN
109,2,259.7,KMI,ICN
110,2,297.1,KOJ,PUS
111,2,266.9,KOJ,PUS
112,2,256.9,KOJ,PUS
113,2,247.0,KOJ,PUS
114,2,237.4,KOJ,PUS
115,2,229.2,KOJ,PUS
116,2,229.2,KOJ,PUS
117,2,237.4,KOJ,PUS
118,2,247.0,KOJ,PUS
119,2,256.9,KOJ,PUS
120,2,266.9,KOJ,PUS
121,2,261.1,KMI,ICN
122,2,251.2,KMI,ICN
123,2,269.4,KOJ,PUS
124,2,260.0,KOJ,PUS
125,2,251.1,KOJ,PUS
126,2,243.4,KOJ,PUS
127,2,238.3,KOJ,PUS
128,2,238.3,KOJ,PUS
129,2,243.4,KOJ,PUS
130,2,251.2,KOJ,PUS
131,2,260.0,KOJ,PUS
132,2,269.4,KOJ,PUS
133,2,263.5,KMI,ICN
134,2,256.9,KMI,ICN
135,2,273.6,KOJ,PUS
136,2,265.2,KOJ,PUS
137,2,257.6,KOJ,PUS
138,2,251.6,KOJ,PUS
139,2,248.0,KOJ,PUS
140,2,248.0,KOJ,PUS
141,2,251.6,KOJ,PUS
142,2,257.6,KOJ,PUS
143,2,265.2,KOJ,PUS
144,2,273.7,KOJ,PUS
145,2,270.6,KMI,ICN
146,2,266.7,KMI,ICN
147,2,287.5,KOJ,PUS
148,2,265.4,KOJ,PUS
149,2,260.6,KOJ,PUS
150,2,257.9,KOJ,PUS
151,2,257.9,KOJ,PUS
152,2,260.6,KOJ,PUS
153,2,265.5,KOJ,PUS
154,2,271.9,KOJ,PUS
155,2,279.4,KOJ,PUS
156,2,279.3,KMI,ICN
157,2,276.6,KMI,ICN
158,2,277.3,KMI,ICN
159,2,301.5,KOJ,PUS
160,2,274.0,KOJ,PUS
161,2,270.0,KOJ,PUS
162,2,267.9,KOJ,PUS
163,2,267.9,KOJ,PUS
164,2,270.0,KOJ,PUS
165,2,274.0,KOJ,PUS
166,2,279.5,KOJ,PUS
167,2,286.1,KOJ,PUS
168,2,288.6,KMI,ICN
169,2,286.6,KMI,ICN
170,2,287.1,KMI,ICN
171,2,302.4,NGS,ICN
172,2,300.3,KOJ,PUS
173,2,287.7,KOJ,PUS
174,2,278.0,KMJ,PUS
175,2,274.4,KMJ,PUS
176,2,272.2,KMJ,PUS
177,2,271.8,KMJ,PUS
178,2,273.0,KMJ,PUS
179,2,275.9,KMJ,PUS
180,2,280.2,KMJ,PUS
181,2,285.7,KMJ,PUS
182,2,292.0,KMJ,PUS
183,2,297.0,KMI,ICN
184,2,292.5,NGS,ICN
185,2,295.1,NGS,ICN
186,2,269.2,KMJ,PUS
187,2,264.9,KMJ,PUS
188,2,262.3,KMJ,PUS
189,2,261.8,KMJ,PUS
190,2,263.3,KMJ,PUS
191,2,266.7,KMJ,PUS
192,2,271.7,KMJ,PUS
193,2,277.9,KMJ,PUS
194,2,284.9,KMJ,PUS
195,2,292.6,KMJ,PUS
196,2,300.8,KMJ,PUS
197,2,285.7,NGS,ICN
198,2,274.8,KMJ,PUS
199,2,260.7,KMJ,PUS
200,2,255.6,KMJ,PUS
201,2,252.5,KMJ,PUS
202,2,251.8,KMJ,PUS
203,2,253.7,KMJ,PUS
204,2,257.8,KMJ,PUS
205,2,263.7,KMJ,PUS
206,2,270.7,KMJ,PUS
207,2,278.6,KMJ,PUS
208,2,286.9,KMJ,PUS
209,2,295.7,KMJ,PUS
210,2,260.7,KMJ,PUS
211,2,246.8,KMJ,PUS
212,2,242.7,KMJ,PUS
213,2,241.8,KMJ,PUS
214,2,244.3,KMJ,PUS
215,2,249.6,KMJ,PUS
216,2,256.6,KMJ,PUS
217,2,264.6,KMJ,PUS
218,2,273.2,KMJ,PUS
219,2,282.3,KMJ,PUS
220,2,291.5,KMJ,PUS
221,2,348.4,NGS,ICN
222,2,338.6,NGS,ICN
223,2,274.2,KMJ,PUS
224,2,264.7,KMJ,PUS
225,2,246.7,KMJ,PUS
226,2,238.9,KMJ,PUS
227,2,233.2,KMJ,PUS
228,2,231.8,KMJ,PUS
229,2,235.5,KMJ,PUS
230,2,242.4,KMJ,PUS
231,2,250.8,KMJ,PUS
232,2,259.8,KMJ,PUS
233,2,269.2,KMJ,PUS
234,2,278.8,KMJ,PUS
235,2,288.5,KMJ,PUS
236,2,298.3,KMJ,PUS
237,2,254.3,NGS,ICN
238,2,251.6,NGS,ICN
239,2,254.3,NGS,ICN
240,2,269.2,NGS,ICN
241,2,262.1,KMJ,PUS
242,2,233.0,KMJ,PUS
243,2,224.7,KMJ,PUS
244,2,222.0,KMJ,PUS
245,2,228.4,KMJ,PUS
246,2,237.4,KMJ,PUS
247,2,247.1,KMJ,PUS
248,2,256.9,KMJ,PUS
249,2,266.8,KMJ,PUS
250,2,276.7,KMJ,PUS
251,2,286.7,KMJ,PUS
252,2,296.7,KMJ,PUS
253,2,306.6,KMJ,PUS
254,2,336.7,MYJ,PUS
255,2,325.2,NGS,ICN
256,2,315.2,NGS,ICN
257,2,255.9,NGS,ICN
258,2,246.9,NGS,ICN
259,2,241.6,NGS,ICN
260,2,246.8,NGS,ICN
261,2,255.9,NGS,ICN
262,2,265.5,NGS,ICN
263,2,241.4,KMJ,PUS
264,2,231.4,KMJ,PUS
265,2,221.5,KMJ,PUS
266,2,216.7,KMJ,PUS
267,2,226.2,KMJ,PUS
268,2,236.1,KMJ,PUS
269,2,246.1,KMJ,PUS
270,2,256.1,KMJ,PUS
271,2,266.2,KMJ,PUS
272,2,276.2,KMJ,PUS
273,2,286.2,KMJ,PUS
274,2,296.2,KMJ,PUS
275,2,306.3,KMJ,PUS
276,2,311.2,OIT,ICN
277,2,326.3,MYJ,PUS
278,2,326.8,MYJ,PUS
279,2,328.2,MYJ,PUS
280,2,315.0,NGS,ICN
281,2,255.0,NGS,ICN
282,2,245.2,NGS,ICN
283,2,245.2,NGS,ICN
284,2,255.0,NGS,ICN
285,2,253.2,KMJ,PUS
286,2,243.8,KMJ,PUS
287,2,235.0,KMJ,PUS
288,2,227.8,KMJ,PUS
289,2,225.8,KMJ,PUS
290,2,230.9,KMJ,PUS
291,2,239.0,KMJ,PUS
292,2,248.2,KMJ,PUS
293,2,257.7,KMJ,PUS
294,2,267.5,KMJ,PUS
295,2,277.3,KMJ,PUS
296,2,287.1,KMJ,PUS
297,2,297.0,KMJ,PUS
298,2,299.2,OIT,ICN
299,2,301.7,OIT,ICN
300,2,305.6,OIT,ICN
301,2,316.7,MYJ,PUS
302,2,316.2,MYJ,PUS
303,2,316.8,MYJ,PUS
304,2,318.4,MYJ,PUS
305,2,315.9,NGS,ICN
306,2,267.5,NGS,ICN
307,2,258.7,NGS,ICN
308,2,247.9,NGS,ICN
309,2,251.2,NGS,ICN
310,2,255.1,HSG,ICN
311,2,253.3,HSG,ICN
312,2,249.0,KMJ,PUS
313,2,241.8,KMJ,PUS
314,2,236.9,KMJ,PUS
315,2,235.8,KMJ,PUS
316,2,238.9,KMJ,PUS
317,2,245.0,KMJ,PUS
318,2,252.8,KMJ,PUS
319,2,261.4,KMJ,PUS
320,2,270.5,KMJ,PUS
321,2,279.9,KMJ,PUS
322,2,289.3,OIT,ICN
323,2,288.3,OIT,ICN
324,2,289.4,OIT,ICN
325,2,308.3,MYJ,PUS
326,2,306.7,MYJ,PUS
327,2,306.2,MYJ,PUS
328,2,306.8,MYJ,PUS
329,2,308.6,MYJ,PUS
330,2,311.3,MYJ,PUS
331,2,265.3,NGS,ICN
332,2,260.0,NGS,ICN
333,2,257.9,NGS,ICN
334,2,259.9,NGS,ICN
335,2,248.6,HSG,ICN
336,2,256.0,KMJ,PUS
337,2,250.2,KMJ,PUS
338,2,246.5,KMJ,PUS
339,2,245.7,KMJ,PUS
340,2,248.0,KMJ,PUS
341,2,252.7,KMJ,PUS
342,2,259.2,KMJ,PUS
343,2,266.8,KMJ,PUS
344,2,275.1,KMJ,PUS
345,2,283.0,OIT,ICN
346,2,279.5,OIT,ICN
347,2,278.3,OIT,ICN
348,2,296.8,MYJ,PUS
349,2,296.2,MYJ,PUS
350,2,296.9,MYJ,PUS
351,2,298.8,MYJ,PUS
352,2,301.9,MYJ,PUS
353,2,306.0,MYJ,PUS
354,2,503.4,FSZ,ICN
355,2,509.4,FSZ,ICN
356,2,321.4,NGS,ICN
357,2,279.5,NGS,ICN
358,2,273.5,NGS,ICN
359,2,269.4,NGS,ICN
360,2,267.9,NGS,ICN
361,2,261.7,HSG,ICN
362,2,252.3,HSG,ICN
363,2,244.1,HSG,ICN
364,2,242.8,HSG,ICN
365,2,248.1,FUK,PUS
366,2,249.2,FUK,PUS
367,2,252.6,FUK,PUS
368,2,256.4,KMJ,PUS
369,2,255.7,KMJ,PUS
370,2,257.4,KMJ,PUS
371,2,261.2,KMJ,PUS
372,2,266.7,KMJ,PUS
373,2,273.3,KMJ,PUS
374,2,280.7,OIT,ICN
375,2,274.3,OIT,ICN
376,2,269.9,OIT,ICN
377,2,268.3,OIT,ICN
378,2,270.0,OIT,ICN
379,2,286.8,MYJ,PUS
380,2,286.2,MYJ,PUS
381,2,287.0,MYJ,PUS
382,2,289.2,MYJ,PUS
383,2,292.7,MYJ,PUS
384,2,297.3,MYJ,PUS
385,2,293.6,NGS,ICN
386,2,287.3,NGS,ICN
387,2,282.3,NGS,ICN
388,2,274.3,FUK,PUS
389,2,265.7,FUK,PUS
390,2,257.5,FUK,PUS
391,2,250.1,FUK,PUS
392,2,243.9,FUK,PUS
393,2,239.6,FUK,PUS
394,2,238.0,FUK,PUS
395,2,239.6,FUK,PUS
396,2,243.9,FUK,PUS
397,2,250.0,FUK,PUS
398,2,257.5,FUK,PUS
399,2,265.6,FUK,PUS
400,2,270.3,KMJ,PUS
401,2,274.9,KMJ,PUS
402,2,280.7,KMJ,PUS
403,2,274.4,OIT,ICN
404,2,276.9,MYJ,PUS
405,2,276.2,MYJ,PUS
406,2,277.1,MYJ,PUS
407,2,279.7,MYJ,PUS
408,2,283.7,MYJ,PUS
409,2,288.8,MYJ,PUS
410,2,294.9,MYJ,PUS
411,2,261.0,FUK,PUS
412,2,252.0,FUK,PUS
413,2,243.5,FUK,PUS
414,2,236.0,FUK,PUS
415,2,230.3,FUK,PUS
416,2,228.0,FUK,PUS
417,2,230.2,FUK,PUS
418,2,235.9,FUK,PUS
419,2,243.5,FUK,PUS
420,2,252.0,FUK,PUS
421,2,261.0,FUK,PUS
422,2,270.2,FUK,PUS
423,2,279.7,FUK,PUS
424,2,279.6,OIT,ICN
425,2,270.0,OIT,ICN
426,2,260.7,OIT,ICN
427,2,252.4,OIT,ICN
428,2,269.9,MYJ,PUS
429,2,267.1,MYJ,PUS
430,2,266.2,MYJ,PUS
431,2,267.3,MYJ,PUS
432,2,270.3,MYJ,PUS
433,2,275.0,MYJ,PUS
434,2,280.8,MYJ,PUS
435,2,287.7,MYJ,PUS
436,2,339.3,TAK,ICN
437,2,340.7,TAK,ICN
438,2,257.9,FUK,PUS
439,2,238.8,FUK,PUS
440,2,229.7,FUK,PUS
441,2,221.8,FUK,PUS
442,2,218.0,FUK,PUS
443,2,221.8,FUK,PUS
444,2,229.7,FUK,PUS
445,2,238.7,FUK,PUS
446,2,248.2,FUK,PUS
447,2,257.9,FUK,PUS
448,2,267.6,FUK,PUS
449,2,276.3,KKJ,ICN
450,2,278.6,OIT,ICN
451,2,268.6,OIT,ICN
452,2,258.6,OIT,ICN
453,2,248.7,OIT,ICN
454,2,266.1,MYJ,PUS
455,2,260.8,MYJ,PUS
456,2,257.3,MYJ,PUS
457,2,256.1,MYJ,PUS
458,2,257.6,MYJ,PUS
459,2,261.3,MYJ,PUS
460,2,266.8,MYJ,PUS
461,2,273.5,MYJ,PUS
462,2,281.2,MYJ,PUS
463,2,289.3,MYJ,PUS
464,2,297.9,MYJ,PUS
465,2,329.0,TAK,ICN
466,2,329.3,TAK,ICN
467,2,330.9,TAK,ICN
468,2,296.1,SHM,ICN
469,2,236.8,FUK,PUS
470,2,226.8,FUK,PUS
471,2,216.9,FUK,PUS
472,2,208.0,FUK,PUS
473,2,216.9,FUK,PUS
474,2,226.8,FUK,PUS
475,2,236.7,FUK,PUS
476,2,246.7,FUK,PUS
477,2,256.6,FUK,PUS
478,2,263.9,KKJ,ICN
479,2,267.1,KKJ,ICN
480,2,272.7,KKJ,ICN
481,2,261.4,OIT,ICN
482,2,253.4,OIT,ICN
483,2,252.2,MYJ,PUS
484,2,247.7,MYJ,PUS
485,2,246.1,MYJ,PUS
486,2,248.0,MYJ,PUS
487,2,252.8,MYJ,PUS
488,2,259.4,MYJ,PUS
489,2,267.2,MYJ,PUS
490,2,275.7,MYJ,PUS
491,2,284.5,MYJ,PUS
492,2,293.6,MYJ,PUS
493,2,302.9,MYJ,PUS
494,2,312.4,MYJ,PUS
495,2,321.9,MYJ,PUS
496,2,319.9,TAK,ICN
497,2,319.0,TAK,ICN
498,2,319.4,TAK,ICN
499,2,321.1,TAK,ICN
500,2,273.9,SHM,ICN
501,2,282.6,SHM,ICN
502,2,291.9,SHM,ICN
503,2,301.6,SHM,ICN
504,2,215.8,FUK,PUS
505,2,220.2,FUK,PUS
506,2,228.6,FUK,PUS
507,2,238.0,FUK,PUS
508,2,247.6,FUK,PUS
509,2,253.8,KKJ,ICN
510,2,267.5,OIT,ICN
511,2,261.8,OIT,ICN
512,2,236.1,MYJ,PUS
513,2,238.9,MYJ,PUS
514,2,245.3,MYJ,PUS
515,2,253.4,MYJ,PUS
516,2,262.3,MYJ,PUS
517,2,271.5,MYJ,PUS
518,2,280.9,MYJ,PUS
519,2,290.5,MYJ,PUS
520,2,300.2,MYJ,PUS
521,2,309.9,MYJ,PUS
522,2,312.7,TAK,ICN
523,2,310.0,TAK,ICN
524,2,308.9,TAK,ICN
525,2,309.4,TAK,ICN
526,2,311.5,TAK,ICN
527,2,310.2,TKS,ICN
528,2,306.3,TKS,ICN
529,2,260.8,SHM,ICN
530,2,270.7,SHM,ICN
531,2,280.6,SHM,ICN
532,2,290.5,SHM,ICN
533,2,300.5,SHM,ICN
534,2,310.4,SHM,ICN
535,2,279.0,FUK,PUS
536,2,228.2,FUK,PUS
537,2,234.3,FUK,PUS
538,2,242.2,FUK,PUS
539,2,250.8,KKJ,ICN
540,2,244.2,KKJ,ICN
541,2,226.1,MYJ,PUS
542,2,231.3,MYJ,PUS
543,2,240.1,MYJ,PUS
544,2,249.5,MYJ,PUS
545,2,259.2,MYJ,PUS
546,2,269.0,MYJ,PUS
547,2,278.8,MYJ,PUS
548,2,288.7,MYJ,PUS
549,2,298.5,MYJ,PUS
550,2,307.9,TAK,ICN
551,2,303.3,TAK,ICN
552,2,300.2,TAK,ICN
553,2,298.9,TAK,ICN
554,2,299.5,TAK,ICN
555,2,301.9,TAK,ICN
556,2,301.5,TKS,ICN
557,2,296.9,TKS,ICN
558,2,294.2,TKS,ICN
559,2,269.0,SHM,ICN
560,2,274.5,SHM,ICN
561,2,282.9,SHM,ICN
562,2,292.2,SHM,ICN
563,2,301.7,SHM,ICN
564,2,311.4,SHM,ICN
565,2,282.2,FUK,PUS
566,2,237.5,FUK,PUS
567,2,242.0,FUK,PUS
568,2,248.4,FUK,PUS
569,2,247.6,KKJ,ICN
570,2,220.4,MYJ,PUS
571,2,228.9,MYJ,PUS
572,2,238.7,MYJ,PUS
573,2,248.6,MYJ,PUS
574,2,258.5,MYJ,PUS
575,2,268.4,MYJ,PUS
576,2,278.3,MYJ,PUS
577,2,288.2,MYJ,PUS
578,2,298.1,MYJ,PUS
579,2,299.6,TAK,ICN
580,2,294.3,TAK,ICN
581,2,290.5,TAK,ICN
582,2,288.9,TAK,ICN
583,2,289.6,TAK,ICN
584,2,292.6,TAK,ICN
585,2,293.4,TKS,ICN
586,2,287.8,TKS,ICN
587,2,284.4,TKS,ICN
588,2,283.7,TKS,ICN
589,2,285.1,SHM,ICN
590,2,280.0,SHM,ICN
591,2,278.9,SHM,ICN
592,2,282.2,SHM,ICN
593,2,288.5,SHM,ICN
594,2,296.4,SHM,ICN
595,2,305.1,SHM,ICN
596,2,314.2,SHM,ICN
597,2,323.6,SHM,ICN
598,2,244.3,KKJ,ICN
599,2,278.4,MYJ,PUS
600,2,259.2,MYJ,PUS
601,2,234.2,MYJ,PUS
602,2,241.9,MYJ,PUS
603,2,250.8,MYJ,PUS
604,2,269.8,MYJ,PUS
605,2,279.4,MYJ,PUS
606,2,289.2,MYJ,PUS
607,2,299.0,MYJ,PUS
608,2,292.1,TAK,ICN
609,2,285.7,TAK,ICN
610,2,281.0,TAK,ICN
611,2,278.9,TAK,ICN
612,2,279.9,TAK,ICN
613,2,283.6,TAK,ICN
614,2,286.3,TKS,ICN
615,2,279.4,TKS,ICN
616,2,274.7,TKS,ICN
617,2,273.8,TKS,ICN
618,2,288.6,KIX,PUS
619,2,288.3,KIX,PUS
620,2,288.8,SHM,ICN
621,2,291.1,SHM,ICN
622,2,296.0,SHM,ICN
623,2,302.6,SHM,ICN
624,2,309.7,KIX,PUS
625,2,316.9,KIX,PUS
626,2,324.6,KIX,PUS
627,2,332.7,KIX,PUS
628,2,253.9,KKJ,ICN
629,2,246.9,UBJ,ICN
630,2,245.1,UBJ,ICN
631,2,250.7,UBJ,ICN
632,2,259.1,UBJ,ICN
633,2,277.8,UBJ,ICN
634,2,287.5,UBJ,ICN
635,2,290.5,MYJ,PUS
636,2,281.2,MYJ,PUS
637,2,272.0,MYJ,PUS
638,2,248.3,MYJ,PUS
639,2,255.7,MYJ,PUS
640,2,285.8,TAK,ICN
641,2,278.0,TAK,ICN
642,2,271.9,TAK,ICN
643,2,268.9,TAK,ICN
644,2,270.3,TAK,ICN
645,2,275.4,TAK,ICN
646,2,281.1,TKS,ICN
647,2,272.4,TKS,ICN
648,2,265.5,TKS,ICN
649,2,278.6,KIX,PUS
650,2,278.4,KIX,PUS
651,2,280.2,KIX,PUS
652,2,284.0,KIX,PUS
653,2,289.2,KIX,PUS
654,2,295.6,KIX,PUS
655,2,302.9,KIX,PUS
656,2,310.7,KIX,PUS
657,2,318.9,KIX,PUS
658,2,327.5,KIX,PUS
659,2,336.3,KIX,PUS
660,2,266.6,KKJ,ICN
661,2,263.7,KKJ,ICN
662,2,260.8,UBJ,ICN
663,2,255.9,UBJ,ICN
664,2,255.0,UBJ,ICN
665,2,258.4,UBJ,ICN
666,2,264.7,UBJ,ICN
667,2,272.6,UBJ,ICN
668,2,281.3,UBJ,ICN
669,2,290.3,UBJ,ICN
670,2,294.2,MYJ,PUS
671,2,285.3,MYJ,PUS
672,2,276.8,MYJ,PUS
673,2,255.7,MYJ,PUS
674,2,256.3,MYJ,PUS
675,2,262.4,MYJ,PUS
676,2,281.3,TAK,ICN
677,2,272.2,TAK,ICN
678,2,264.0,TAK,ICN
679,2,259.0,TAK,ICN
680,2,261.4,TAK,ICN
681,2,268.8,TAK,ICN
682,2,277.7,TAK,ICN
683,2,268.8,TKS,ICN
684,2,259.0,TKS,ICN
685,2,268.8,KIX,PUS
686,2,268.4,KIX,PUS
687,2,270.7,KIX,PUS
688,2,275.3,KIX,PUS
689,2,281.6,KIX,PUS
690,2,288.9,KIX,PUS
691,2,296.9,KIX,PUS
692,2,305.3,KIX,PUS
693,2,314.1,KIX,PUS
694,2,323.1,KIX,PUS
695,2,332.3,KIX,PUS
696,2,335.9,FUK,PUS
697,2,273.7,KKJ,ICN
698,2,269.1,UBJ,ICN
699,2,265.6,UBJ,ICN
700,2,264.9,UBJ,ICN
701,2,267.3,UBJ,ICN
702,2,272.2,UBJ,ICN
703,2,278.8,UBJ,ICN
704,2,286.4,UBJ,ICN
705,2,294.7,UBJ,ICN
706,2,298.9,MYJ,PUS
707,2,290.6,MYJ,PUS
708,2,282.8,MYJ,PUS
709,2,279.4,TAK,ICN
710,2,269.6,TAK,ICN
711,2,259.7,TAK,ICN
712,2,250.0,TAK,ICN
713,2,255.9,TAK,ICN
714,2,265.7,TAK,ICN
715,2,275.6,TAK,ICN
716,2,270.6,TKS,ICN
717,2,262.6,TKS,ICN
718,2,266.9,TKS,ICN
719,2,259.0,KIX,PUS
720,2,258.4,KIX,PUS
721,2,261.6,KIX,PUS
722,2,267.5,KIX,PUS
723,2,274.9,KIX,PUS
724,2,283.2,KIX,PUS
725,2,292.0,KIX,PUS
726,2,301.0,KIX,PUS
727,2,310.3,KIX,PUS
728,2,319.7,KIX,PUS
729,2,329.2,KIX,PUS
730,2,327.1,NGO,PUS
731,2,381.6,FSZ,ICN
732,2,341.5,FUK,PUS
733,2,333.6,FUK,PUS
734,2,282.8,UBJ,ICN
735,2,278.2,UBJ,ICN
736,2,275.4,UBJ,ICN
737,2,274.9,UBJ,ICN
738,2,276.7,UBJ,ICN
739,2,280.7,UBJ,ICN
740,2,286.2,UBJ,ICN
741,2,292.8,UBJ,ICN
742,2,300.3,UBJ,ICN
743,2,304.5,MYJ,PUS
744,2,296.9,MYJ,PUS
745,2,289.8,MYJ,PUS
746,2,283.4,MYJ,PUS
747,2,271.3,MYJ,PUS
748,2,265.4,HIJ,ICN
749,2,265.6,HIJ,ICN
750,2,271.4,TAK,ICN
751,2,262.7,TAK,ICN
752,2,257.1,TAK,ICN
753,2,259.9,TAK,ICN
754,2,267.9,TAK,ICN
755,2,274.0,TKS,ICN
756,2,272.3,KIX,PUS
757,2,249.4,KIX,PUS
758,2,248.6,KIX,PUS
759,2,253.4,KIX,PUS
760,2,261.1,KIX,PUS
761,2,269.8,KIX,PUS
762,2,279.0,KIX,PUS
763,2,288.5,KIX,PUS
764,2,298.0,KIX,PUS
765,2,307.7,KIX,PUS
766,2,317.4,KIX,PUS
767,2,324.3,NGO,PUS
768,2,318.5,NGO,PUS
769,2,313.6,NGO,PUS
770,2,309.8,NGO,PUS
771,2,306.3,NGO,PUS
772,2,347.6,FUK,PUS
773,2,287.6,UBJ,ICN
774,2,285.3,UBJ,ICN
775,2,284.9,UBJ,ICN
776,2,286.4,UBJ,ICN
777,2,289.6,UBJ,ICN
778,2,294.3,UBJ,ICN
779,2,300.2,UBJ,ICN
780,2,306.9,UBJ,ICN
781,2,310.9,MYJ,PUS
782,2,303.8,MYJ,PUS
783,2,297.4,MYJ,PUS
784,2,291.7,MYJ,PUS
785,2,286.9,MYJ,PUS
786,2,280.1,HIJ,ICN
787,2,270.4,HIJ,ICN
788,2,260.7,HIJ,ICN
789,2,251.6,HIJ,ICN
790,2,245.9,HIJ,ICN
791,2,251.9,HIJ,ICN
792,2,261.0,HIJ,ICN
793,2,280.4,HIJ,ICN
794,2,276.7,TAK,ICN
795,2,269.7,KIX,PUS
796,2,239.4,KIX,PUS
797,2,247.8,KIX,PUS
798,2,257.4,KIX,PUS
799,2,267.1,KIX,PUS
800,2,276.9,KIX,PUS
801,2,286.7,KIX,PUS
802,2,296.5,KIX,PUS
803,2,306.3,KIX,PUS
804,2,316.2,KIX,PUS
805,2,316.8,NGO,PUS
806,2,310.3,NGO,PUS
807,2,304.8,NGO,PUS
808,2,300.4,NGO,PUS
809,2,297.5,NGO,PUS
810,2,296.3,NGO,PUS
811,2,379.7,FSZ,ICN
812,2,346.9,FUK,PUS
813,2,298.9,UBJ,ICN
814,2,303.0,UBJ,ICN
815,2,308.1,UBJ,ICN
816,2,314.2,UBJ,ICN
817,2,317.9,MYJ,PUS
818,2,311.3,MYJ,PUS
819,2,305.4,MYJ,PUS
820,2,299.5,HIJ,ICN
821,2,289.7,HIJ,ICN
822,2,279.9,HIJ,ICN
823,2,270.2,HIJ,ICN
824,2,260.5,HIJ,ICN
825,2,251.1,HIJ,ICN
826,2,245.0,HIJ,ICN
827,2,251.4,HIJ,ICN
828,2,260.8,HIJ,ICN
829,2,270.5,HIJ,ICN
830,2,280.2,HIJ,ICN
831,2,290.0,HIJ,ICN
832,2,285.7,OKJ,ICN
833,2,276.6,OKJ,ICN
834,2,276.0,OKJ,ICN
835,2,277.0,TAK,ICN
836,2,288.0,TAK,ICN
837,2,269.8,KIX,PUS
838,2,248.2,KIX,PUS
839,2,257.6,KIX,PUS
840,2,267.2,KIX,PUS
841,2,277.0,KIX,PUS
842,2,286.7,KIX,PUS
843,2,296.5,KIX,PUS
844,2,306.4,KIX,PUS
845,2,316.2,KIX,PUS
846,2,310.0,NGO,PUS
847,2,302.8,NGO,PUS
848,2,296.4,NGO,PUS
849,2,291.3,NGO,PUS
850,2,287.7,NGO,PUS
851,2,286.2,NGO,PUS
852,2,354.1,FUK,PUS
853,2,311.9,UBJ,ICN
854,2,316.5,UBJ,ICN
855,2,322.0,UBJ,ICN
856,2,325.3,MYJ,PUS
857,2,319.3,MYJ,PUS
858,2,310.7,HIJ,ICN
859,2,301.1,HIJ,ICN
860,2,291.6,HIJ,ICN
861,2,282.3,HIJ,ICN
862,2,273.2,HIJ,ICN
863,2,264.8,HIJ,ICN
864,2,257.9,HIJ,ICN
865,2,255.0,HIJ,ICN
866,2,258.1,HIJ,ICN
867,2,265.0,HIJ,ICN
868,2,273.5,HIJ,ICN
869,2,282.6,HIJ,ICN
870,2,286.8,OKJ,ICN
871,2,278.7,OKJ,ICN
872,2,271.7,OKJ,ICN
873,2,267.0,OKJ,ICN
874,2,266.1,OKJ,ICN
875,2,269.4,OKJ,ICN
876,2,263.8,KIX,PUS
877,2,261.6,KIX,PUS
878,2,270.2,KIX,PUS
879,2,279.3,KIX,PUS
880,2,288.7,KIX,PUS
881,2,298.2,KIX,PUS
882,2,307.8,KIX,PUS
883,2,312.5,NGO,PUS
884,2,304.0,NGO,PUS
885,2,296.0,NGO,PUS
886,2,288.7,NGO,PUS
887,2,282.6,NGO,PUS
888,2,321.1,UBJ,ICN
889,2,325.3,UBJ,ICN
890,2,330.2,UBJ,ICN
891,2,332.2,HIJ,ICN
892,2,322.7,HIJ,ICN
893,2,313.4,HIJ,ICN
894,2,304.2,HIJ,ICN
895,2,295.3,HIJ,ICN
896,2,286.7,HIJ,ICN
897,2,278.7,HIJ,ICN
898,2,271.8,HIJ,ICN
899,2,266.8,HIJ,ICN
900,2,265.0,HIJ,ICN
901,2,267.0,HIJ,ICN
902,2,272.0,HIJ,ICN
903,2,279.0,HIJ,ICN
904,2,287.0,HIJ,ICN
905,2,282.7,OKJ,ICN
906,2,273.5,OKJ,ICN
907,2,264.8,OKJ,ICN
908,2,257.8,OKJ,ICN
909,2,256.2,OKJ,ICN
910,2,261.7,OKJ,ICN
911,2,269.9,OKJ,ICN
912,2,270.0,KIX,PUS
913,2,263.8,KIX,PUS
914,2,259.9,KIX,PUS
915,2,262.5,KIX,PUS
916,2,268.2,KIX,PUS
917,2,275.4,KIX,PUS
918,2,283.6,KIX,PUS
919,2,292.3,KIX,PUS
920,2,301.2,KIX,PUS
921,2,310.4,KIX,PUS
922,2,308.3,NGO,PUS
923,2,299.2,NGO,PUS
924,2,290.4,NGO,PUS
925,2,282.1,NGO,PUS
926,2,287.5,NGO,PUS
927,2,296.2,NGO,PUS
928,2,314.9,FSZ,ICN
929,2,290.7,FSZ,ICN
930,2,287.5,FSZ,ICN
931,2,332.2,FSZ,ICN
932,2,335.3,HIJ,ICN
933,2,326.2,HIJ,ICN
934,2,317.3,HIJ,ICN
935,2,308.7,HIJ,ICN
936,2,300.4,HIJ,ICN
937,2,292.7,HIJ,ICN
938,2,285.8,HIJ,ICN
939,2,280.1,HIJ,ICN
940,2,276.3,HIJ,ICN
941,2,275.0,HIJ,ICN
942,2,276.4,HIJ,ICN
943,2,280.3,HIJ,ICN
944,2,286.0,HIJ,ICN
945,2,290.9,OKJ,ICN
946,2,281.1,OKJ,ICN
947,2,271.3,OKJ,ICN
948,2,261.5,OKJ,ICN
949,2,251.7,OKJ,ICN
950,2,247.9,OKJ,ICN
951,2,257.5,OKJ,ICN
952,2,267.3,OKJ,ICN
953,2,277.1,OKJ,ICN
954,2,286.9,OKJ,ICN
955,2,296.8,OKJ,ICN
956,2,284.0,KIX,PUS
957,2,277.6,KIX,PUS
958,2,272.6,KIX,PUS
959,2,269.7,KIX,PUS
960,2,269.4,KIX,PUS
961,2,271.6,KIX,PUS
962,2,276.1,KIX,PUS
963,2,282.2,KIX,PUS
964,2,289.4,KIX,PUS
965,2,297.2,KIX,PUS
966,2,305.6,KIX,PUS
967,2,314.3,KIX,PUS
968,2,305.5,NGO,PUS
969,2,296.0,NGO,PUS
970,2,286.5,NGO,PUS
971,2,277.2,NGO,PUS
972,2,258.6,NGO,PUS
973,2,292.7,NGO,PUS
974,2,302.3,NGO,PUS
975,2,311.9,NGO,PUS
976,2,321.5,NGO,PUS
977,2,312.4,FSZ,ICN
978,2,302.7,FSZ,ICN
979,2,293.2,FSZ,ICN
980,2,283.9,FSZ,ICN
981,2,277.5,FSZ,ICN
982,2,330.4,FSZ,ICN
983,2,340.2,FSZ,ICN
984,2,375.8,HND,GMP
985,2,330.7,HIJ,ICN
986,2,322.3,HIJ,ICN
987,2,314.2,HIJ,ICN
988,2,306.7,HIJ,ICN
989,2,299.8,HIJ,ICN
990,2,293.8,HIJ,ICN
991,2,289.1,HIJ,ICN
992,2,286.1,HIJ,ICN
993,2,285.0,HIJ,ICN
994,2,286.1,HIJ,ICN
995,2,289.2,HIJ,ICN
996,2,294.0,HIJ,ICN
997,2,291.7,OKJ,ICN
998,2,282.1,OKJ,ICN
999,2,272.7,OKJ,ICN
1000,2,263.7,OKJ,ICN
1001,2,256.0,OKJ,ICN
1002,2,254.1,OKJ,ICN
1003,2,260.3,OKJ,ICN
1004,2,269.0,OKJ,ICN
1005,2,278.3,OKJ,ICN
1006,2,287.8,OKJ,ICN
1007,2,297.5,OKJ,ICN
1008,2,307.2,OKJ,ICN
1009,2,305.3,KIX,PUS
1010,2,298.1,KIX,PUS
1011,2,291.5,KIX,PUS
1012,2,286.0,KIX,PUS
1013,2,281.9,KIX,PUS
1014,2,279.6,KIX,PUS
1015,2,279.3,KIX,PUS
1016,2,281.1,KIX,PUS
1017,2,284.8,KIX,PUS
1018,2,289.9,KIX,PUS
1019,2,296.2,KIX,PUS
1020,2,303.3,KIX,PUS
1021,2,311.0,KIX,PUS
1022,2,314.1,NGO,PUS
1023,2,304.3,NGO,PUS
1024,2,294.5,NGO,PUS
1025,2,284.7,NGO,PUS
1026,2,274.9,NGO,PUS
1027,2,265.2,NGO,PUS
1028,2,252.2,NGO,PUS
1029,2,261.9,NGO,PUS
1030,2,271.6,NGO,PUS
1031,2,281.4,NGO,PUS
1032,2,291.2,NGO,PUS
1033,2,301.0,NGO,PUS
1034,2,310.8,NGO,PUS
1035,2,320.5,NGO,PUS
1036,2,312.3,FSZ,ICN
1037,2,302.6,FSZ,ICN
1038,2,293.0,FSZ,ICN
1039,2,283.6,FSZ,ICN
1040,2,276.8,FSZ,ICN
1041,2,282.3,FSZ,ICN
1042,2,330.4,FSZ,ICN
1043,2,340.1,FSZ,ICN
1044,2,349.9,FSZ,ICN
1045,2,328.1,HIJ,ICN
1046,2,320.7,HIJ,ICN
1047,2,313.8,HIJ,ICN
1048,2,307.6,HIJ,ICN
1049,2,302.4,HIJ,ICN
1050,2,298.4,HIJ,ICN
1051,2,295.9,HIJ,ICN
1052,2,295.1,HIJ,ICN
1053,2,296.0,HIJ,ICN
1054,2,298.5,HIJ,ICN
1055,2,301.2,YGJ,ICN
1056,2,294.6,OKJ,ICN
1057,2,285.7,OKJ,ICN
1058,2,277.3,OKJ,ICN
1059,2,270.0,OKJ,ICN
1060,2,264.9,OKJ,ICN
1061,2,263.9,OKJ,ICN
1062,2,267.6,OKJ,ICN
1063,2,274.2,OKJ,ICN
1064,2,282.2,OKJ,ICN
1065,2,291.0,OKJ,ICN
1066,2,300.0,OKJ,ICN
1067,2,309.3,OKJ,ICN
1068,2,312.1,KIX,PUS
1069,2,305.5,KIX,PUS
1070,2,299.7,KIX,PUS
1071,2,294.9,KIX,PUS
1072,2,291.5,KIX,PUS
1073,2,289.6,KIX,PUS
1074,2,289.3,KIX,PUS
1075,2,290.8,KIX,PUS
1076,2,293.9,KIX,PUS
1077,2,298.3,KIX,PUS
1078,2,303.8,KIX,PUS
1079,2,310.2,KIX,PUS
1080,2,317.3,KIX,PUS
1081,2,314.4,NGO,PUS
1082,2,304.7,NGO,PUS
1083,2,295.0,NGO,PUS
1084,2,285.3,NGO,PUS
1085,2,275.8,NGO,PUS
1086,2,266.4,NGO,PUS
1087,2,254.9,NGO,PUS
1088,2,263.3,NGO,PUS
1089,2,272.5,NGO,PUS
1090,2,282.1,NGO,PUS
1091,2,291.7,NGO,PUS
1092,2,301.4,NGO,PUS
1093,2,311.1,NGO,PUS
1094,2,320.9,NGO,PUS
1095,2,314.7,FSZ,ICN
1096,2,305.6,FSZ,ICN
1097,2,297.2,FSZ,ICN
1098,2,290.2,FSZ,ICN
1099,2,286.8,FSZ,ICN
1100,2,289.4,FSZ,ICN
1101,2,332.0,FSZ,ICN
1102,2,341.5,FSZ,ICN
1103,2,351.1,FSZ,ICN
1104,2,348.6,HND,GMP
1105,2,327.8,HIJ,ICN
1106,2,321.5,HIJ,ICN
1107,2,316.0,HIJ,ICN
1108,2,311.4,HIJ,ICN
1109,2,307.9,HIJ,ICN
1110,2,303.7,YGJ,ICN
1111,2,298.4,YGJ,ICN
1112,2,294.5,YGJ,ICN
1113,2,292.0,YGJ,ICN
1114,2,291.2,YGJ,ICN
1115,2,292.2,YGJ,ICN
1116,2,291.1,OKJ,ICN
1117,2,284.0,OKJ,ICN
1118,2,278.2,OKJ,ICN
1119,2,274.5,OKJ,ICN
1120,2,273.9,OKJ,ICN
1121,2,276.4,OKJ,ICN
1122,2,281.4,OKJ,ICN
1123,2,288.1,OKJ,ICN
1124,2,295.9,OKJ,ICN
1125,2,304.2,OKJ,ICN
1126,2,312.9,OKJ,ICN
1127,2,319.4,KIX,PUS
1128,2,313.5,KIX,PUS
1129,2,308.3,KIX,PUS
1130,2,304.1,KIX,PUS
1131,2,301.2,KIX,PUS
1132,2,299.5,KIX,PUS
1133,2,299.3,KIX,PUS
1134,2,300.6,KIX,PUS
1135,2,303.2,KIX,PUS
1136,2,307.1,KIX,PUS
1137,2,312.0,KIX,PUS
1138,2,317.8,KIX,PUS
1139,2,324.2,KIX,PUS
1140,2,316.2,NGO,PUS
1141,2,306.7,NGO,PUS
1142,2,297.4,NGO,PUS
1143,2,288.3,NGO,PUS
1144,2,279.5,NGO,PUS
1145,2,271.4,NGO,PUS
1146,2,264.8,NGO,PUS
1147,2,263.2,NGO,PUS
1148,2,268.9,NGO,PUS
1149,2,276.6,NGO,PUS
1150,2,285.2,NGO,PUS
1151,2,294.3,NGO,PUS
1152,2,303.5,NGO,PUS
1153,2,312.9,NGO,PUS
1154,2,322.4,NGO,PUS
1155,2,319.0,FSZ,ICN
1156,2,311.1,FSZ,ICN
1157,2,304.1,FSZ,ICN
1158,2,299.0,FSZ,ICN
1159,2,296.8,FSZ,ICN
1160,2,298.4,FSZ,ICN
1161,2,303.2,FSZ,ICN
1162,2,335.2,FSZ,ICN
1163,2,344.3,FSZ,ICN
1164,2,353.5,FSZ,ICN
1165,2,338.7,HND,GMP
1166,2,326.8,YGJ,ICN
1167,2,318.4,YGJ,ICN
1168,2,310.3,YGJ,ICN
1169,2,302.8,YGJ,ICN
1170,2,295.8,YGJ,ICN
1171,2,289.8,YGJ,ICN
1172,2,285.1,YGJ,ICN
1173,2,282.1,YGJ,ICN
1174,2,281.2,YGJ,ICN
1175,2,282.4,YGJ,ICN
1176,2,285.7,YGJ,ICN
1177,2,290.6,YGJ,ICN
1178,2,287.1,OKJ,ICN
1179,2,284.3,OKJ,ICN
1180,2,283.8,OKJ,ICN
1181,2,285.7,OKJ,ICN
1182,2,289.8,OKJ,ICN
1183,2,295.4,OKJ,ICN
1184,2,302.1,OKJ,ICN
1185,2,309.6,OKJ,ICN
1186,2,317.7,OKJ,ICN
1187,2,326.1,OKJ,ICN
1188,2,321.9,KIX,PUS
1189,2,317.2,KIX,PUS
1190,2,313.5,KIX,PUS
1191,2,310.9,KIX,PUS
1192,2,309.5,KIX,PUS
1193,2,309.3,KIX,PUS
1194,2,310.4,KIX,PUS
1195,2,312.7,KIX,PUS
1196,2,316.1,KIX,PUS
1197,2,320.5,KIX,PUS
1198,2,325.8,KIX,PUS
1199,2,328.4,NGO,PUS
1200,2,319.2,NGO,PUS
1201,2,310.2,NGO,PUS
1202,2,301.5,NGO,PUS
1203,2,293.1,NGO,PUS
1204,2,285.4,NGO,PUS
1205,2,278.7,NGO,PUS
1206,2,273.7,NGO,PUS
1207,2,271.5,NGO,PUS
1208,2,272.6,NGO,PUS
1209,2,276.8,NGO,PUS
1210,2,282.9,NGO,PUS
1211,2,290.4,NGO,PUS
1212,2,298.6,NGO,PUS
1213,2,307.2,NGO,PUS
1214,2,316.1,NGO,PUS
1215,2,325.2,NGO,PUS
1216,2,325.0,FSZ,ICN
1217,2,318.1,FSZ,ICN
1218,2,312.3,FSZ,ICN
1219,2,308.4,FSZ,ICN
1220,2,306.8,FSZ,ICN
1221,2,308.0,FSZ,ICN
1222,2,311.6,FSZ,ICN
1223,2,317.1,FSZ,ICN
1224,2,339.7,FSZ,ICN
1225,2,348.2,FSZ,ICN
1226,2,357.1,FSZ,ICN
1227,2,328.8,HND,GMP
1228,2,331.7,HND,GMP
1229,2,313.5,YGJ,ICN
1230,2,304.8,YGJ,ICN
1231,2,296.6,YGJ,ICN
1232,2,288.8,YGJ,ICN
1233,2,281.9,YGJ,ICN
1234,2,276.2,YGJ,ICN
1235,2,272.4,YGJ,ICN
1236,2,271.2,YGJ,ICN
1237,2,272.7,YGJ,ICN
1238,2,276.8,YGJ,ICN
1239,2,282.7,YGJ,ICN
1240,2,289.8,YGJ,ICN
1241,2,294.2,OKJ,ICN
1242,2,293.8,OKJ,ICN
1243,2,295.4,OKJ,ICN
1244,2,298.7,OKJ,ICN
1245,2,303.4,OKJ,ICN
1246,2,309.3,OKJ,ICN
1247,2,316.1,OKJ,ICN
1248,2,323.5,OKJ,ICN
1249,2,331.4,OKJ,ICN
1250,2,330.6,KIX,PUS
1251,2,326.4,KIX,PUS
1252,2,323.1,KIX,PUS
1253,2,320.8,KIX,PUS
1254,2,319.5,KIX,PUS
1255,2,319.3,KIX,PUS
1256,2,320.3,KIX,PUS
1257,2,322.4,KIX,PUS
1258,2,325.4,KIX,PUS
1259,2,329.4,KIX,PUS
1260,2,334.1,KIX,PUS
1261,2,332.1,NGO,PUS
1262,2,323.4,NGO,PUS
1263,2,314.9,NGO,PUS
1264,2,306.9,NGO,PUS
1265,2,299.3,NGO,PUS
1266,2,292.6,NGO,PUS
1267,2,287.1,NGO,PUS
1268,2,283.2,NGO,PUS
1269,2,281.5,NGO,PUS
1270,2,282.4,NGO,PUS
1271,2,285.5,NGO,PUS
1272,2,290.6,NGO,PUS
1273,2,296.9,NGO,PUS
1274,2,304.2,NGO,PUS
1275,2,312.1,NGO,PUS
1276,2,320.5,NGO,PUS
1277,2,329.1,NGO,PUS
1278,2,332.0,FSZ,ICN
1279,2,326.0,FSZ,ICN
1280,2,321.2,FSZ,ICN
1281,2,318.1,FSZ,ICN
1282,2,316.9,FSZ,ICN
1283,2,317.8,FSZ,ICN
1284,2,320.6,FSZ,ICN
1285,2,325.2,FSZ,ICN
1286,2,331.1,FSZ,ICN
1287,2,337.8,FSZ,ICN
1288,2,345.3,FSZ,ICN
1289,2,353.3,FSZ,ICN
1290,2,356.7,HND,GMP
1291,2,319.1,HND,GMP
1292,2,322.6,HND,GMP
1293,2,327.8,HND,GMP
1294,2,333.1,NRT,PUS
1295,2,331.6,NRT,PUS
1296,2,291.5,YGJ,ICN
1297,2,282.9,YGJ,ICN
1298,2,274.9,YGJ,ICN
1299,2,267.9,YGJ,ICN
1300,2,262.9,YGJ,ICN
1301,2,261.1,YGJ,ICN
1302,2,263.4,YGJ,ICN
1303,2,268.7,YGJ,ICN
1304,2,275.9,YGJ,ICN
1305,2,284.0,YGJ,ICN
1306,2,292.7,YGJ,ICN
1307,2,301.6,YGJ,ICN
1308,2,305.1,OKJ,ICN
1309,2,307.9,OKJ,ICN
1310,2,312.0,OKJ,ICN
1311,2,317.2,OKJ,ICN
1312,2,323.3,OKJ,ICN
1313,2,330.1,OKJ,ICN
1314,2,337.4,OKJ,ICN
1315,2,339.5,KIX,PUS
1316,2,335.7,KIX,PUS
1317,2,332.7,KIX,PUS
1318,2,330.6,KIX,PUS
1319,2,329.5,KIX,PUS
1320,2,329.4,KIX,PUS
1321,2,330.2,KIX,PUS
1322,2,332.1,KIX,PUS
1323,2,334.8,KIX,PUS
1324,2,338.4,KIX,PUS
1325,2,342.8,KIX,PUS
1326,2,336.8,NGO,PUS
1327,2,328.6,NGO,PUS
1328,2,320.7,NGO,PUS
1329,2,313.3,NGO,PUS
1330,2,306.5,NGO,PUS
1331,2,300.7,NGO,PUS
1332,2,296.0,NGO,PUS
1333,2,292.9,NGO,PUS
1334,2,291.5,NGO,PUS
1335,2,292.2,NGO,PUS
1336,2,294.7,NGO,PUS
1337,2,298.9,NGO,PUS
1338,2,304.4,NGO,PUS
1339,2,310.9,NGO,PUS
1340,2,318.1,NGO,PUS
1341,2,325.8,NGO,PUS
1342,2,334.0,NGO,PUS
1343,2,339.8,FSZ,ICN
1344,2,334.6,FSZ,ICN
1345,2,330.5,FSZ,ICN
1346,2,327.9,FSZ,ICN
1347,2,326.9,FSZ,ICN
1348,2,327.6,FSZ,ICN
1349,2,330.0,FSZ,ICN
1350,2,333.9,FSZ,ICN
1351,2,339.0,FSZ,ICN
1352,2,345.0,FSZ,ICN
1353,2,351.8,FSZ,ICN
1354,2,359.2,FSZ,ICN
1355,2,352.1,HND,GMP
1356,2,343.3,HND,GMP
1357,2,313.3,HND,GMP
1358,2,309.5,HND,GMP
1359,2,314.0,HND,GMP
1360,2,320.3,HND,GMP
1361,2,323.4,NRT,PUS
1362,2,321.6,NRT,PUS
1363,2,288.1,YGJ,ICN
1364,2,278.7,YGJ,ICN
1365,2,269.7,YGJ,ICN
1366,2,261.1,YGJ,ICN
1367,2,254.0,YGJ,ICN
1368,2,251.1,YGJ,ICN
1369,2,254.8,YGJ,ICN
1370,2,262.2,YGJ,ICN
1371,2,270.8,YGJ,ICN
1372,2,279.9,YGJ,ICN
1373,2,289.3,YGJ,ICN
1374,2,298.7,YGJ,ICN
1375,2,308.3,YGJ,ICN
1376,2,317.3,OKJ,ICN
1377,2,320.9,OKJ,ICN
1378,2,325.6,OKJ,ICN
1379,2,331.1,OKJ,ICN
1380,2,337.2,OKJ,ICN
1381,2,344.0,OKJ,ICN
1382,2,348.6,KIX,PUS
1383,2,345.1,KIX,PUS
1384,2,342.4,KIX,PUS
1385,2,340.5,KIX,PUS
1386,2,339.5,KIX,PUS
1387,2,339.4,KIX,PUS
1388,2,340.1,KIX,PUS
1389,2,341.8,KIX,PUS
1390,2,344.3,KIX,PUS
1391,2,347.6,KIX,PUS
1392,2,350.4,NGO,PUS
1393,2,342.3,NGO,PUS
1394,2,334.6,NGO,PUS
1395,2,327.2,NGO,PUS
1396,2,320.5,NGO,PUS
1397,2,314.4,NGO,PUS
1398,2,309.3,NGO,PUS
1399,2,305.3,NGO,PUS
1400,2,302.6,NGO,PUS
1401,2,301.6,NGO,PUS
1402,2,302.1,NGO,PUS
1403,2,304.2,NGO,PUS
1404,2,307.8,NGO,PUS
1405,2,312.6,NGO,PUS
1406,2,318.3,NGO,PUS
1407,2,324.9,NGO,PUS
1408,2,332.0,NGO,PUS
1409,2,339.6,NGO,PUS
1410,2,347.6,NGO,PUS
1411,2,343.5,FSZ,ICN
1412,2,340.0,FSZ,ICN
1413,2,337.7,FSZ,ICN
1414,2,336.9,FSZ,ICN
1415,2,337.5,FSZ,ICN
1416,2,339.6,FSZ,ICN
1417,2,342.9,FSZ,ICN
1418,2,347.4,FSZ,ICN
1419,2,352.8,FSZ,ICN
1420,2,359.0,FSZ,ICN
1421,2,358.1,HND,GMP
1422,2,348.7,HND,GMP
1423,2,339.4,HND,GMP
1424,2,330.3,HND,GMP
1425,2,321.4,HND,GMP
1426,2,313.0,HND,GMP
1427,2,305.4,HND,GMP
1428,2,306.3,HND,GMP
1429,2,314.0,HND,GMP
1430,2,313.9,NRT,PUS
1431,2,311.7,NRT,PUS
1432,2,276.7,YGJ,ICN
1433,2,267.1,YGJ,ICN
1434,2,257.4,YGJ,ICN
1435,2,247.9,YGJ,ICN
1436,2,241.2,YGJ,ICN
1437,2,258.6,YGJ,ICN
1438,2,268.3,YGJ,ICN
1439,2,278.0,YGJ,ICN
1440,2,287.7,YGJ,ICN
1441,2,297.4,YGJ,ICN
1442,2,307.1,YGJ,ICN
1443,2,316.8,YGJ,ICN
1444,2,326.6,YGJ,ICN
1445,2,334.3,OKJ,ICN
1446,2,339.2,OKJ,ICN
1447,2,344.9,OKJ,ICN
1448,2,351.2,OKJ,ICN
1449,2,357.9,KIX,PUS
1450,2,354.7,KIX,PUS
1451,2,352.2,KIX,PUS
1452,2,350.4,KIX,PUS
1453,2,349.5,KIX,PUS
1454,2,349.4,KIX,PUS
1455,2,350.1,KIX,PUS
1456,2,351.6,KIX,PUS
1457,2,353.9,KIX,PUS
1458,2,357.0,KIX,PUS
1459,2,356.1,NGO,PUS
1460,2,348.4,NGO,PUS
1461,2,341.2,NGO,PUS
1462,2,334.4,NGO,PUS
1463,2,328.3,NGO,PUS
1464,2,322.8,NGO,PUS
1465,2,318.3,NGO,PUS
1466,2,314.8,NGO,PUS
1467,2,312.5,NGO,PUS
1468,2,311.6,NGO,PUS
1469,2,312.0,NGO,PUS
1470,2,313.9,NGO,PUS
1471,2,317.0,NGO,PUS
1472,2,321.2,NGO,PUS
1473,2,326.3,NGO,PUS
1474,2,332.3,NGO,PUS
1475,2,338.8,NGO,PUS
1476,2,345.9,NGO,PUS
1477,2,353.4,NGO,PUS
1478,2,352.7,FSZ,ICN
1479,2,349.6,FSZ,ICN
1480,2,347.6,FSZ,ICN
1481,2,346.9,FSZ,ICN
1482,2,347.4,FSZ,ICN
1483,2,349.2,FSZ,ICN
1484,2,352.2,FSZ,ICN
1485,2,356.1,FSZ,ICN
1486,2,361.0,FSZ,ICN
1487,2,365.9,HND,GMP
1488,2,356.3,HND,GMP
1489,2,346.6,HND,GMP
1490,2,337.0,HND,GMP
1491,2,327.4,HND,GMP
1492,2,317.9,HND,GMP
1493,2,308.6,HND,GMP
1494,2,299.5,HND,GMP
1495,2,291.5,HND,GMP
1496,2,300.6,HND,GMP
1497,2,309.4,NRT,PUS
1498,2,304.5,NRT,PUS
1499,2,301.7,NRT,PUS
1500,2,250.0,YGJ,ICN
1501,2,245.7,YGJ,ICN
1502,2,336.5,YGJ,ICN
1503,2,346.1,YGJ,ICN
1504,2,353.0,OKJ,ICN
1505,2,358.8,OKJ,ICN
1506,2,365.2,OKJ,ICN
1507,2,364.3,KIX,PUS
1508,2,362.0,KIX,PUS
1509,2,360.4,KIX,PUS
1510,2,359.5,KIX,PUS
1511,2,366.4,KIX,PUS
1512,2,362.3,NGO,PUS
1513,2,355.2,NGO,PUS
1514,2,348.4,NGO,PUS
1515,2,342.1,NGO,PUS
1516,2,336.5,NGO,PUS
1517,2,331.6,NGO,PUS
1518,2,327.5,NGO,PUS
1519,2,324.4,NGO,PUS
1520,2,322.4,NGO,PUS
1521,2,321.6,NGO,PUS
1522,2,322.0,NGO,PUS
1523,2,323.6,NGO,PUS
1524,2,326.3,NGO,PUS
1525,2,330.1,NGO,PUS
1526,2,334.7,NGO,PUS
1527,2,340.1,NGO,PUS
1528,2,346.2,NGO,PUS
1529,2,352.8,NGO,PUS
1530,2,359.8,NGO,PUS
1531,2,362.1,FSZ,ICN
1532,2,359.3,FSZ,ICN
1533,2,357.6,FSZ,ICN
1534,2,356.9,FSZ,ICN
1535,2,357.4,FSZ,ICN
1536,2,359.0,FSZ,ICN
1537,2,361.6,FSZ,ICN
1538,2,365.2,FSZ,ICN
1539,2,369.6,FSZ,ICN
1540,2,365.4,HND,GMP
1541,2,355.7,HND,GMP
1542,2,346.0,HND,GMP
1543,2,336.3,HND,GMP
1544,2,326.6,HND,GMP
1545,2,316.9,HND,GMP
1546,2,307.1,HND,GMP
1547,2,297.4,HND,GMP
1548,2,287.7,HND,GMP
1549,2,279.7,HND,GMP
1550,2,301.9,NRT,PUS
1551,2,295.7,NRT,PUS
1552,2,291.9,NRT,PUS
1553,2,291.7,NRT,PUS
1554,2,356.8,YGJ,ICN
1555,2,366.4,YGJ,ICN
1556,2,372.7,OKJ,ICN
1557,2,373.9,KIX,PUS
1558,2,371.8,KIX,PUS
1559,2,370.3,KIX,PUS
1560,2,369.5,KIX,PUS
1561,2,346.3,KMQ,ICN
1562,2,343.2,KMQ,ICN
1563,2,341.0,KMQ,ICN
1564,2,340.0,KMQ,ICN
1565,2,336.9,NGO,PUS
1566,2,334.1,NGO,PUS
1567,2,332.3,NGO,PUS
1568,2,331.6,NGO,PUS
1569,2,332.0,NGO,PUS
1570,2,333.4,NGO,PUS
1571,2,335.8,NGO,PUS
1572,2,339.2,NGO,PUS
1573,2,343.4,NGO,PUS
1574,2,348.4,NGO,PUS
1575,2,354.0,NGO,PUS
1576,2,360.1,NGO,PUS
1577,2,366.8,NGO,PUS
1578,2,371.6,FSZ,ICN
1579,2,369.1,FSZ,ICN
1580,2,367.5,FSZ,ICN
1581,2,366.9,FSZ,ICN
1582,2,367.4,FSZ,ICN
1583,2,368.8,FSZ,ICN
1584,2,371.1,FSZ,ICN
1585,2,374.4,FSZ,ICN
1586,2,375.7,HND,GMP
1587,2,366.1,HND,GMP
1588,2,356.4,HND,GMP
1589,2,346.8,HND,GMP
1590,2,337.3,HND,GMP
1591,2,327.8,HND,GMP
1592,2,318.4,HND,GMP
1593,2,309.1,HND,GMP
1594,2,300.3,HND,GMP
1595,2,292.8,HND,GMP
1596,2,289.5,HND,GMP
1597,2,293.6,HND,GMP
1598,2,295.9,NRT,PUS
1599,2,288.0,NRT,PUS
1600,2,282.3,NRT,PUS
1601,2,282.0,NRT,PUS
1602,2,287.4,NRT,PUS
1603,2,379.5,KIX,PUS
1604,2,333.6,KMQ,ICN
1605,2,331.2,KMQ,ICN
1606,2,329.9,KMQ,ICN
1607,2,330.0,KMQ,ICN
1608,2,331.3,KMQ,ICN
1609,2,333.8,KMQ,ICN
1610,2,337.4,KMQ,ICN
1611,2,341.9,NGO,PUS
1612,2,343.2,NGO,PUS
1613,2,345.4,NGO,PUS
1614,2,348.5,NGO,PUS
1615,2,352.3,NGO,PUS
1616,2,356.9,NGO,PUS
1617,2,362.1,NGO,PUS
1618,2,367.8,NGO,PUS
1619,2,374.1,NGO,PUS
1620,2,380.7,NGO,PUS
1621,2,378.9,FSZ,ICN
1622,2,377.5,FSZ,ICN
1623,2,377.0,FSZ,ICN
1624,2,377.3,FSZ,ICN
1625,2,378.6,FSZ,ICN
1626,2,380.8,FSZ,ICN
1627,2,383.7,FSZ,ICN
1628,2,377.3,HND,GMP
1629,2,367.8,HND,GMP
1630,2,358.4,HND,GMP
1631,2,349.1,HND,GMP
1632,2,339.9,HND,GMP
1633,2,330.9,HND,GMP
1634,2,322.2,HND,GMP
1635,2,314.0,HND,GMP
1636,2,306.7,HND,GMP
1637,2,301.4,HND,GMP
1638,2,299.5,HND,GMP
1639,2,301.9,HND,GMP
1640,2,302.4,NRT,PUS
1641,2,292.7,NRT,PUS
1642,2,283.2,NRT,PUS
1643,2,274.1,NRT,PUS
1644,2,273.5,NRT,PUS
1645,2,282.4,NRT,PUS
1646,2,291.9,NRT,PUS
1647,2,301.6,NRT,PUS
1648,2,324.1,KMQ,ICN
1649,2,321.4,KMQ,ICN
1650,2,320.0,KMQ,ICN
1651,2,320.0,KMQ,ICN
1652,2,321.5,KMQ,ICN
1653,2,324.4,KMQ,ICN
1654,2,328.5,KMQ,ICN
1655,2,333.5,KMQ,ICN
1656,2,339.4,KMQ,ICN
1657,2,346.0,KMQ,ICN
1658,2,353.0,KMQ,ICN
1659,2,360.5,KMQ,ICN
1660,2,365.7,NGO,PUS
1661,2,370.5,NGO,PUS
1662,2,375.9,NGO,PUS
1663,2,381.7,NGO,PUS
1664,2,388.0,NGO,PUS
1665,2,388.7,FSZ,ICN
1666,2,387.5,FSZ,ICN
1667,2,387.0,FSZ,ICN
1668,2,387.3,FSZ,ICN
1669,2,388.5,FSZ,ICN
1670,2,390.5,FSZ,ICN
1671,2,389.1,HND,GMP
1672,2,379.8,HND,GMP
1673,2,370.6,HND,GMP
1674,2,361.6,HND,GMP
1675,2,352.7,HND,GMP
1676,2,344.0,HND,GMP
1677,2,335.6,HND,GMP
1678,2,327.8,HND,GMP
1679,2,320.7,HND,GMP
1680,2,314.8,HND,GMP
1681,2,310.9,HND,GMP
1682,2,309.6,HND,GMP
1683,2,311.2,HND,GMP
1684,2,302.8,NRT,PUS
1685,2,293.4,NRT,PUS
1686,2,284.2,NRT,PUS
1687,2,276.3,NRT,PUS
1688,2,275.9,NRT,PUS
1689,2,283.5,NRT,PUS
1690,2,292.6,NRT,PUS
1691,2,302.0,NRT,PUS
1692,2,319.4,KMQ,ICN
1693,2,314.9,KMQ,ICN
1694,2,311.6,KMQ,ICN
1695,2,310.0,KMQ,ICN
1696,2,310.0,KMQ,ICN
1697,2,311.8,KMQ,ICN
1698,2,315.2,KMQ,ICN
1699,2,319.8,KMQ,ICN
1700,2,325.5,KMQ,ICN
1701,2,332.0,KMQ,ICN
1702,2,339.2,KMQ,ICN
1703,2,346.8,KMQ,ICN
1704,2,354.7,KMQ,ICN
1705,2,363.0,KMQ,ICN
1706,2,371.4,KMQ,ICN
1707,2,380.1,KMQ,ICN
1708,2,388.9,KMQ,ICN
1709,2,395.6,NGO,PUS
1710,2,398.6,FSZ,ICN
1711,2,397.4,FSZ,ICN
1712,2,397.0,FSZ,ICN
1713,2,397.3,FSZ,ICN
1714,2,398.4,FSZ,ICN
1715,2,400.2,FSZ,ICN
1716,2,392.3,HND,GMP
1717,2,383.3,HND,GMP
1718,2,374.4,HND,GMP
1719,2,365.8,HND,GMP
1720,2,357.3,HND,GMP
1721,2,349.2,HND,GMP
1722,2,341.6,HND,GMP
1723,2,334.6,HND,GMP
1724,2,328.5,HND,GMP
1725,2,323.7,HND,GMP
1726,2,320.6,HND,GMP
1727,2,319.6,HND,GMP
1728,2,314.9,NRT,PUS
1729,2,306.0,NRT,PUS
1730,2,297.6,NRT,PUS
1731,2,290.2,NRT,PUS
1732,2,285.3,NRT,PUS
1733,2,285.1,NRT,PUS
1734,2,289.7,NRT,PUS
1735,2,296.9,NRT,PUS
1736,2,298.8,YGJ,ICN
1737,2,311.2,KMQ,ICN
1738,2,305.9,KMQ,ICN
1739,2,302.0,KMQ,ICN
1740,2,300.0,KMQ,ICN
1741,2,300.1,KMQ,ICN
1742,2,302.2,KMQ,ICN
1743,2,306.2,KMQ,ICN
1744,2,311.7,KMQ,ICN
1745,2,318.1,KMQ,ICN
1746,2,325.3,KMQ,ICN
1747,2,333.1,KMQ,ICN
1748,2,341.2,KMQ,ICN
1749,2,349.7,KMQ,ICN
1750,2,358.3,KMQ,ICN
1751,2,367.1,KMQ,ICN
1752,2,376.1,KMQ,ICN
1753,2,385.1,KMQ,ICN
1754,2,394.2,KMQ,ICN
1755,2,403.4,KMQ,ICN
1756,2,407.4,FSZ,ICN
1757,2,407.0,FSZ,ICN
1758,2,407.3,FSZ,ICN
1759,2,408.3,FSZ,ICN
1760,2,405.0,HND,GMP
1761,2,396.2,HND,GMP
1762,2,387.5,HND,GMP
1763,2,379.1,HND,GMP
1764,2,370.9,HND,GMP
1765,2,363.0,HND,GMP
1766,2,355.5,HND,GMP
1767,2,348.5,HND,GMP
1768,2,342.3,HND,GMP
1769,2,337.0,HND,GMP
1770,2,332.9,HND,GMP
1771,2,330.4,HND,GMP
1772,2,327.8,NRT,PUS
1773,2,319.3,NRT,PUS
1774,2,311.3,NRT,PUS
1775,2,304.1,NRT,PUS
1776,2,298.4,NRT,PUS
1777,2,295.0,NRT,PUS
1778,2,294.9,NRT,PUS
1779,2,298.0,NRT,PUS
1780,2,308.3,YGJ,ICN
1781,2,303.7,KMQ,ICN
1782,2,297.4,KMQ,ICN
1783,2,292.6,KMQ,ICN
1784,2,290.0,KMQ,ICN
1785,2,290.1,KMQ,ICN
1786,2,292.9,KMQ,ICN
1787,2,297.8,KMQ,ICN
1788,2,304.2,KMQ,ICN
1789,2,311.6,KMQ,ICN
1790,2,319.5,KMQ,ICN
1791,2,327.9,KMQ,ICN
1792,2,336.6,KMQ,ICN
1793,2,345.5,KMQ,ICN
1794,2,354.5,KMQ,ICN
1795,2,363.6,KMQ,ICN
1796,2,372.8,KMQ,ICN
1797,2,382.0,KMQ,ICN
1798,2,391.4,KMQ,ICN
1799,2,400.7,KMQ,ICN
1800,2,410.1,KMQ,ICN
1801,2,417.0,FSZ,ICN
1802,2,417.3,FSZ,ICN
1803,2,417.9,HND,GMP
1804,2,409.3,HND,GMP
1805,2,400.8,HND,GMP
1806,2,392.5,HND,GMP
1807,2,384.5,HND,GMP
1808,2,376.7,HND,GMP
1809,2,369.3,HND,GMP
1810,2,362.4,HND,GMP
1811,2,356.1,HND,GMP
1812,2,350.5,HND,GMP
1813,2,345.9,HND,GMP
1814,2,342.4,HND,GMP
1815,2,340.3,HND,GMP
1816,2,332.8,NRT,PUS
1817,2,325.1,NRT,PUS
1818,2,318.1,NRT,PUS
1819,2,312.0,NRT,PUS
1820,2,307.5,NRT,PUS
1821,2,304.9,NRT,PUS
1822,2,304.8,NRT,PUS
1823,2,307.2,NRT,PUS
1824,2,289.8,KMQ,ICN
1825,2,283.7,KMQ,ICN
1826,2,280.2,KMQ,ICN
1827,2,280.3,KMQ,ICN
1828,2,284.1,KMQ,ICN
1829,2,290.3,KMQ,ICN
1830,2,297.9,KMQ,ICN
1831,2,306.2,KMQ,ICN
1832,2,314.9,KMQ,ICN
1833,2,323.9,KMQ,ICN
1834,2,333.0,KMQ,ICN
1835,2,342.2,KMQ,ICN
1836,2,351.5,KMQ,ICN
1837,2,360.9,KMQ,ICN
1838,2,370.3,KMQ,ICN
1839,2,379.7,KMQ,ICN
1840,2,389.2,KMQ,ICN
1841,2,398.7,KMQ,ICN
1842,2,408.2,KMQ,ICN
1843,2,417.7,KMQ,ICN
1844,2,427.3,KMQ,ICN
1845,2,422.5,HND,GMP
1846,2,414.2,HND,GMP
1847,2,406.1,HND,GMP
1848,2,398.1,HND,GMP
1849,2,390.5,HND,GMP
1850,2,383.2,HND,GMP
1851,2,376.3,HND,GMP
1852,2,369.9,HND,GMP
1853,2,364.2,HND,GMP
1854,2,359.2,HND,GMP
1855,2,355.1,HND,GMP
1856,2,352.1,HND,GMP
1857,2,346.5,NRT,PUS
1858,2,338.9,NRT,PUS
1859,2,332.0,NRT,PUS
1860,2,325.8,NRT,PUS
1861,2,320.6,NRT,PUS
1862,2,316.9,NRT,PUS
1863,2,314.9,NRT,PUS
1864,2,314.8,NRT,PUS
1865,2,316.7,NRT,PUS
1866,2,325.8,YGJ,ICN
1867,2,326.4,YGJ,ICN
1868,2,275.9,KMQ,ICN
1869,2,270.5,KMQ,ICN
1870,2,270.7,KMQ,ICN
1871,2,276.5,KMQ,ICN
1872,2,284.5,KMQ,ICN
1873,2,293.3,KMQ,ICN
1874,2,302.4,KMQ,ICN
1875,2,311.7,KMQ,ICN
1876,2,321.1,KMQ,ICN
1877,2,330.6,KMQ,ICN
1878,2,340.0,KMQ,ICN
1879,2,349.6,KMQ,ICN
1880,2,359.1,KMQ,ICN
1881,2,368.6,KMQ,ICN
1882,2,378.2,KMQ,ICN
1883,2,387.8,KMQ,ICN
1884,2,397.4,KMQ,ICN
1885,2,406.9,KMQ,ICN
1886,2,416.5,KMQ,ICN
1887,2,426.1,KMQ,ICN
1888,2,427.7,HND,GMP
1889,2,419.6,HND,GMP
1890,2,411.8,HND,GMP
1891,2,404.3,HND,GMP
1892,2,397.1,HND,GMP
1893,2,390.2,HND,GMP
1894,2,383.8,HND,GMP
1895,2,377.9,HND,GMP
1896,2,372.7,HND,GMP
1897,2,368.1,HND,GMP
1898,2,364.5,HND,GMP
1899,2,360.2,NRT,PUS
1900,2,352.8,NRT,PUS
1901,2,345.9,NRT,PUS
1902,2,339.6,NRT,PUS
1903,2,334.1,NRT,PUS
1904,2,329.7,NRT,PUS
1905,2,326.5,NRT,PUS
1906,2,324.8,NRT,PUS
1907,2,324.8,NRT,PUS
1908,2,326.3,NRT,PUS
1909,2,262.2,KMQ,ICN
1910,2,262.8,KMQ,ICN
1911,2,272.0,KMQ,ICN
1912,2,281.5,KMQ,ICN
1913,2,291.1,KMQ,ICN
1914,2,300.6,KMQ,ICN
1915,2,310.2,KMQ,ICN
1916,2,319.8,KMQ,ICN
1917,2,329.4,KMQ,ICN
1918,2,339.1,KMQ,ICN
1919,2,348.7,KMQ,ICN
1920,2,358.3,KMQ,ICN
1921,2,367.9,KMQ,ICN
1922,2,377.5,KMQ,ICN
1923,2,387.1,KMQ,ICN
1924,2,396.7,KMQ,ICN
1925,2,406.3,KMQ,ICN
1926,2,415.9,KMQ,ICN
1927,2,425.6,KMQ,ICN
1928,2,433.3,HND,GMP
1929,2,425.6,HND,GMP
1930,2,418.1,HND,GMP
1931,2,410.9,HND,GMP
1932,2,404.1,HND,GMP
1933,2,397.7,HND,GMP
1934,2,391.7,HND,GMP
1935,2,386.2,HND,GMP
1936,2,381.4,HND,GMP
1937,2,377.3,HND,GMP
1938,2,373.9,NRT,PUS
1939,2,366.6,NRT,PUS
1940,2,359.7,NRT,PUS
1941,2,353.4,NRT,PUS
1942,2,347.7,NRT,PUS
1943,2,342.9,NRT,PUS
1944,2,339.0,NRT,PUS
1945,2,336.2,NRT,PUS
1946,2,334.8,NRT,PUS
1947,2,334.8,NRT,PUS
1948,2,336.1,NRT,PUS
1949,2,265.9,KMQ,ICN
1950,2,273.4,KMQ,ICN
1951,2,282.4,KMQ,ICN
1952,2,291.7,KMQ,ICN
1953,2,301.1,KMQ,ICN
1954,2,310.6,KMQ,ICN
1955,2,320.2,KMQ,ICN
1956,2,329.7,KMQ,ICN
1957,2,339.3,KMQ,ICN
1958,2,348.9,KMQ,ICN
1959,2,358.4,KMQ,ICN
1960,2,368.0,KMQ,ICN
1961,2,377.6,KMQ,ICN
1962,2,387.2,KMQ,ICN
1963,2,396.8,KMQ,ICN
1964,2,406.4,KMQ,ICN
1965,2,416.0,KMQ,ICN
1966,2,425.6,KMQ,ICN
1967,2,435.2,KMQ,ICN
1968,2,431.9,HND,GMP
1969,2,424.8,HND,GMP
1970,2,418.0,HND,GMP
1971,2,411.5,HND,GMP
1972,2,405.5,HND,GMP
1973,2,399.9,HND,GMP
1974,2,394.8,HND,GMP
1975,2,390.4,HND,GMP
1976,2,386.6,HND,GMP
1977,2,380.5,NRT,PUS
1978,2,373.6,NRT,PUS
1979,2,367.2,NRT,PUS
1980,2,361.4,NRT,PUS
1981,2,356.3,NRT,PUS
1982,2,351.9,NRT,PUS
1983,2,348.4,NRT,PUS
1984,2,346.1,NRT,PUS
1985,2,344.8,NRT,PUS
1986,2,344.8,NRT,PUS
1987,2,345.9,NRT,PUS
1988,2,279.7,KMQ,ICN
1989,2,286.8,KMQ,ICN
1990,2,295.0,KMQ,ICN
1991,2,303.8,KMQ,ICN
1992,2,312.8,KMQ,ICN
1993,2,322.0,KMQ,ICN
1994,2,331.3,KMQ,ICN
1995,2,340.7,KMQ,ICN
1996,2,350.1,KMQ,ICN
1997,2,359.6,KMQ,ICN
1998,2,369.1,KMQ,ICN
1999,2,378.6,KMQ,ICN
2000,2,388.1,KMQ,ICN
2001,2,397.6,KMQ,ICN
2002,2,407.1,KMQ,ICN
2003,2,416.7,KMQ,ICN
2004,2,426.2,KMQ,ICN
2005,2,435.8,KMQ,ICN
2006,2,438.7,HND,GMP
2007,2,431.9,HND,GMP
2008,2,425.4,HND,GMP
2009,2,419.3,HND,GMP
2010,2,413.6,HND,GMP
2011,2,408.3,HND,GMP
2012,2,403.6,HND,GMP
2013,2,399.5,HND,GMP
2014,2,394.3,NRT,PUS
2015,2,387.5,NRT,PUS
2016,2,381.1,NRT,PUS
2017,2,375.1,NRT,PUS
2018,2,369.8,NRT,PUS
2019,2,365.1,NRT,PUS
2020,2,361.1,NRT,PUS
2021,2,358.0,NRT,PUS
2022,2,355.9,NRT,PUS
2023,2,354.8,NRT,PUS
2024,2,354.8,NRT,PUS
2025,2,355.8,NRT,PUS
2026,2,293.5,KMQ,ICN
2027,2,300.5,KMQ,ICN
2028,2,308.3,KMQ,ICN
2029,2,316.7,KMQ,ICN
2030,2,325.4,KMQ,ICN
2031,2,334.3,KMQ,ICN
2032,2,343.3,KMQ,ICN
2033,2,352.4,KMQ,ICN
2034,2,361.7,KMQ,ICN
2035,2,371.0,KMQ,ICN
2036,2,380.3,KMQ,ICN
2037,2,389.7,KMQ,ICN
2038,2,399.1,KMQ,ICN
2039,2,408.5,KMQ,ICN
2040,2,418.0,KMQ,ICN
2041,2,427.4,KMQ,ICN
2042,2,432.9,KIJ,ICN
2043,2,429.4,KIJ,ICN
2044,2,426.3,KIJ,ICN
2045,2,423.9,KIJ,ICN
2046,2,422.0,KIJ,ICN
2047,2,420.7,KIJ,ICN
2048,2,417.0,HND,GMP
2049,2,412.6,HND,GMP
2050,2,408.2,NRT,PUS
2051,2,401.4,NRT,PUS
2052,2,394.9,NRT,PUS
2053,2,388.9,NRT,PUS
2054,2,383.4,NRT,PUS
2055,2,378.4,NRT,PUS
2056,2,374.1,NRT,PUS
2057,2,370.5,NRT,PUS
2058,2,367.7,NRT,PUS
2059,2,365.8,NRT,PUS
2060,2,364.8,NRT,PUS
2061,2,364.8,NRT,PUS
2062,2,365.7,NRT,PUS
2063,2,367.5,NRT,PUS
2064,2,307.4,KMQ,ICN
2065,2,314.3,KMQ,ICN
2066,2,321.8,KMQ,ICN
2067,2,329.9,KMQ,ICN
2068,2,338.3,KMQ,ICN
2069,2,346.9,KMQ,ICN
2070,2,355.7,KMQ,ICN
2071,2,364.7,KMQ,ICN
2072,2,373.7,KMQ,ICN
2073,2,382.8,KMQ,ICN
2074,2,392.0,KMQ,ICN
2075,2,401.3,KMQ,ICN
2076,2,410.6,KMQ,ICN
2077,2,419.9,KMQ,ICN
2078,2,428.0,KIJ,ICN
2079,2,423.7,KIJ,ICN
2080,2,420.0,KIJ,ICN
2081,2,416.8,KIJ,ICN
2082,2,414.1,KIJ,ICN
2083,2,412.1,KIJ,ICN
2084,2,410.7,KIJ,ICN
2085,2,409.9,KIJ,ICN
2086,2,409.8,KIJ,ICN
2087,2,410.4,KIJ,ICN
2088,2,408.8,NRT,PUS
2089,2,402.7,NRT,PUS
2090,2,397.0,NRT,PUS
2091,2,391.9,NRT,PUS
2092,2,387.3,NRT,PUS
2093,2,383.3,NRT,PUS
2094,2,380.0,NRT,PUS
2095,2,377.4,NRT,PUS
2096,2,375.7,NRT,PUS
2097,2,374.8,NRT,PUS
2098,2,374.8,NRT,PUS
2099,2,375.6,NRT,PUS
2100,2,377.3,NRT,PUS
2101,2,315.2,KMQ,ICN
2102,2,321.2,KMQ,ICN
2103,2,328.1,KMQ,ICN
2104,2,359.9,KMQ,ICN
2105,2,368.5,KMQ,ICN
2106,2,377.2,KMQ,ICN
2107,2,386.1,KMQ,ICN
2108,2,395.1,KMQ,ICN
2109,2,404.1,KMQ,ICN
2110,2,413.2,KMQ,ICN
2111,2,422.4,KMQ,ICN
2112,2,419.2,KIJ,ICN
2113,2,414.7,KIJ,ICN
2114,2,410.7,KIJ,ICN
2115,2,407.3,KIJ,ICN
2116,2,404.5,KIJ,ICN
2117,2,402.3,KIJ,ICN
2118,2,400.7,KIJ,ICN
2119,2,399.9,KIJ,ICN
2120,2,399.8,KIJ,ICN
2121,2,400.4,KIJ,ICN
2122,2,401.7,KIJ,ICN
2123,2,403.7,KIJ,ICN
2124,2,405.4,NRT,PUS
2125,2,400.6,NRT,PUS
2126,2,396.3,NRT,PUS
2127,2,392.6,NRT,PUS
2128,2,389.6,NRT,PUS
2129,2,387.2,NRT,PUS
2130,2,385.6,NRT,PUS
2131,2,384.8,NRT,PUS
2132,2,384.8,NRT,PUS
2133,2,385.5,NRT,PUS
2134,2,387.1,NRT,PUS
2135,2,389.3,NRT,PUS
2136,2,323.6,KMQ,ICN
2137,2,328.9,KMQ,ICN
2138,2,335.1,KMQ,ICN
2139,2,364.8,KMQ,ICN
2140,2,373.0,KMQ,ICN
2141,2,381.5,KMQ,ICN
2142,2,390.0,KMQ,ICN
2143,2,398.7,KMQ,ICN
2144,2,407.6,KMQ,ICN
2145,2,416.5,KMQ,ICN
2146,2,415.8,KIJ,ICN
2147,2,410.6,KIJ,ICN
2148,2,405.8,KIJ,ICN
2149,2,401.5,KIJ,ICN
2150,2,397.9,KIJ,ICN
2151,2,394.8,KIJ,ICN
2152,2,392.5,KIJ,ICN
2153,2,390.8,KIJ,ICN
2154,2,389.9,KIJ,ICN
2155,2,389.8,KIJ,ICN
2156,2,390.5,KIJ,ICN
2157,2,391.9,KIJ,ICN
2158,2,394.0,KIJ,ICN
2159,2,396.8,KIJ,ICN
2160,2,400.3,KIJ,ICN
2161,2,404.4,KIJ,ICN
2162,2,402.0,NRT,PUS
2163,2,399.2,NRT,PUS
2164,2,397.0,NRT,PUS
2165,2,395.6,NRT,PUS
2166,2,394.8,NRT,PUS
2167,2,394.8,NRT,PUS
2168,2,395.5,NRT,PUS
2169,2,396.9,NRT,PUS
2170,2,399.0,NRT,PUS
2171,2,332.3,KMQ,ICN
2172,2,337.1,KMQ,ICN
2173,2,342.7,KMQ,ICN
2174,2,394.6,KMQ,ICN
2175,2,403.0,KMQ,ICN
2176,2,411.6,KMQ,ICN
2177,2,413.7,KIJ,ICN
2178,2,407.7,KIJ,ICN
2179,2,402.2,KIJ,ICN
2180,2,397.1,KIJ,ICN
2181,2,392.5,KIJ,ICN
2182,2,388.5,KIJ,ICN
2183,2,385.2,KIJ,ICN
2184,2,382.7,KIJ,ICN
2185,2,380.9,KIJ,ICN
2186,2,379.9,KIJ,ICN
2187,2,379.8,KIJ,ICN
2188,2,380.5,KIJ,ICN
2189,2,382.0,KIJ,ICN
2190,2,384.4,KIJ,ICN
2191,2,387.4,KIJ,ICN
2192,2,391.2,KIJ,ICN
2193,2,395.6,KIJ,ICN
2194,2,400.5,KIJ,ICN
2195,2,406.0,KIJ,ICN
2196,2,406.9,NRT,PUS
2197,2,405.5,NRT,PUS
2198,2,404.8,NRT,PUS
2199,2,404.8,NRT,PUS
2200,2,405.4,NRT,PUS
2201,2,406.8,NRT,PUS
2202,2,408.7,NRT,PUS
2203,2,411.3,NRT,PUS
2204,2,412.3,SDJ,ICN
2205,2,341.4,KMQ,ICN
2206,2,412.9,KIJ,ICN
2207,2,406.3,KIJ,ICN
2208,2,399.9,KIJ,ICN
2209,2,394.0,KIJ,ICN
2210,2,388.5,KIJ,ICN
2211,2,383.6,KIJ,ICN
2212,2,379.3,KIJ,ICN
2213,2,375.8,KIJ,ICN
2214,2,373.0,KIJ,ICN
2215,2,371.0,KIJ,ICN
2216,2,369.9,KIJ,ICN
2217,2,369.8,KIJ,ICN
2218,2,370.6,KIJ,ICN
2219,2,372.3,KIJ,ICN
2220,2,374.8,KIJ,ICN
2221,2,378.2,KIJ,ICN
2222,2,382.2,KIJ,ICN
2223,2,387.0,KIJ,ICN
2224,2,392.2,KIJ,ICN
2225,2,398.0,KIJ,ICN
2226,2,404.3,KIJ,ICN
2227,2,410.8,KIJ,ICN
2228,2,413.1,SDJ,ICN
2229,2,409.6,SDJ,ICN
2230,2,406.7,SDJ,ICN
2231,2,404.5,SDJ,ICN
2232,2,403.0,SDJ,ICN
2233,2,402.3,SDJ,ICN
2234,2,402.3,SDJ,ICN
2235,2,347.7,KMQ,ICN
2236,2,350.7,KMQ,ICN
2237,2,354.5,KMQ,ICN
2238,2,386.1,KIJ,ICN
2239,2,380.3,KIJ,ICN
2240,2,375.0,KIJ,ICN
2241,2,370.3,KIJ,ICN
2242,2,366.4,KIJ,ICN
2243,2,363.3,KIJ,ICN
2244,2,361.1,KIJ,ICN
2245,2,359.9,KIJ,ICN
2246,2,359.8,KIJ,ICN
2247,2,360.6,KIJ,ICN
2248,2,362.5,KIJ,ICN
2249,2,365.3,KIJ,ICN
2250,2,369.0,KIJ,ICN
2251,2,373.5,KIJ,ICN
2252,2,378.6,KIJ,ICN
2253,2,384.3,KIJ,ICN
2254,2,390.4,KIJ,ICN
2255,2,397.0,KIJ,ICN
2256,2,404.0,KIJ,ICN
2257,2,404.0,SDJ,ICN
2258,2,400.2,SDJ,ICN
2259,2,397.1,SDJ,ICN
2260,2,394.7,SDJ,ICN
2261,2,393.0,SDJ,ICN
2262,2,392.2,SDJ,ICN
2263,2,392.3,SDJ,ICN
2264,2,360.1,KMQ,ICN
2265,2,363.6,KMQ,ICN
2266,2,367.8,KMQ,ICN
2267,2,372.3,KIJ,ICN
2268,2,366.6,KIJ,ICN
2269,2,361.5,KIJ,ICN
2270,2,357.2,KIJ,ICN
2271,2,353.7,KIJ,ICN
2272,2,351.3,KIJ,ICN
2273,2,349.9,KIJ,ICN
2274,2,349.8,KIJ,ICN
2275,2,350.7,KIJ,ICN
2276,2,352.9,KIJ,ICN
2277,2,356.0,KIJ,ICN
2278,2,360.1,KIJ,ICN
2279,2,364.9,KIJ,ICN
2280,2,370.5,KIJ,ICN
2281,2,376.6,KIJ,ICN
2282,2,383.2,KIJ,ICN
2283,2,390.2,KIJ,ICN
2284,2,397.5,KIJ,ICN
2285,2,395.0,SDJ,ICN
2286,2,390.9,SDJ,ICN
2287,2,387.5,SDJ,ICN
2288,2,384.9,SDJ,ICN
2289,2,383.1,SDJ,ICN
2290,2,382.2,SDJ,ICN
2291,2,382.3,SDJ,ICN
2292,2,369.6,KMQ,ICN
2293,2,372.8,KMQ,ICN
2294,2,376.7,KMQ,ICN
2295,2,381.2,KMQ,ICN
2296,2,386.3,KMQ,ICN
2297,2,353.0,KIJ,ICN
2298,2,348.2,KIJ,ICN
2299,2,344.3,KIJ,ICN
2300,2,341.5,KIJ,ICN
2301,2,340.0,KIJ,ICN
2302,2,339.7,KIJ,ICN
2303,2,340.9,KIJ,ICN
2304,2,343.3,KIJ,ICN
2305,2,346.8,KIJ,ICN
2306,2,351.4,KIJ,ICN
2307,2,356.8,KIJ,ICN
2308,2,362.8,KIJ,ICN
2309,2,369.4,KIJ,ICN
2310,2,376.5,KIJ,ICN
2311,2,383.9,KIJ,ICN
2312,2,391.4,SDJ,ICN
2313,2,386.3,SDJ,ICN
2314,2,381.8,SDJ,ICN
2315,2,378.1,SDJ,ICN
2316,2,375.2,SDJ,ICN
2317,2,373.2,SDJ,ICN
2318,2,372.2,SDJ,ICN
2319,2,372.3,SDJ,ICN
2320,2,389.9,KMQ,ICN
2321,2,394.7,KMQ,ICN
2322,2,399.9,KMQ,ICN
2323,2,344.8,KIJ,ICN
2324,2,339.4,KIJ,ICN
2325,2,335.0,KIJ,ICN
2326,2,331.8,KIJ,ICN
2327,2,330.0,KIJ,ICN
2328,2,329.7,KIJ,ICN
2329,2,331.1,KIJ,ICN
2330,2,333.9,KIJ,ICN
2331,2,337.9,KIJ,ICN
2332,2,343.1,KIJ,ICN
2333,2,349.0,KIJ,ICN
2334,2,355.7,KIJ,ICN
2335,2,362.8,KIJ,ICN
2336,2,370.3,KIJ,ICN
2337,2,378.2,KIJ,ICN
2338,2,383.4,SDJ,ICN
2339,2,377.8,SDJ,ICN
2340,2,372.9,SDJ,ICN
2341,2,368.8,SDJ,ICN
2342,2,365.5,SDJ,ICN
2343,2,363.3,SDJ,ICN
2344,2,362.2,SDJ,ICN
2345,2,362.3,SDJ,ICN
2346,2,331.1,KIJ,ICN
2347,2,326.0,KIJ,ICN
2348,2,322.2,KIJ,ICN
2349,2,320.0,KIJ,ICN
2350,2,319.7,KIJ,ICN
2351,2,321.4,KIJ,ICN
2352,2,324.7,KIJ,ICN
2353,2,329.4,KIJ,ICN
2354,2,335.3,KIJ,ICN
2355,2,341.9,KIJ,ICN
2356,2,349.1,KIJ,ICN
2357,2,356.8,KIJ,ICN
2358,2,364.8,KIJ,ICN
2359,2,373.1,KIJ,ICN
2360,2,375.7,SDJ,ICN
2361,2,369.7,SDJ,ICN
2362,2,364.2,SDJ,ICN
2363,2,359.6,SDJ,ICN
2364,2,356.0,SDJ,ICN
2365,2,353.5,SDJ,ICN
2366,2,352.2,SDJ,ICN
2367,2,352.3,SDJ,ICN
2368,2,317.5,KIJ,ICN
2369,2,312.9,KIJ,ICN
2370,2,310.1,KIJ,ICN
2371,2,309.8,KIJ,ICN
2372,2,311.8,KIJ,ICN
2373,2,315.9,KIJ,ICN
2374,2,321.5,KIJ,ICN
2375,2,328.2,KIJ,ICN
2376,2,335.6,KIJ,ICN
2377,2,343.5,KIJ,ICN
2378,2,351.7,KIJ,ICN
2379,2,360.2,KIJ,ICN
2380,2,368.8,KIJ,ICN
2381,2,368.6,SDJ,ICN
2382,2,361.9,SDJ,ICN
2383,2,356.0,SDJ,ICN
2384,2,350.8,SDJ,ICN
2385,2,346.6,SDJ,ICN
2386,2,343.7,SDJ,ICN
2387,2,342.2,SDJ,ICN
2388,2,342.3,SDJ,ICN
2389,2,309.7,KIJ,ICN
2390,2,303.9,KIJ,ICN
2391,2,300.3,KIJ,ICN
2392,2,299.8,KIJ,ICN
2393,2,302.5,KIJ,ICN
2394,2,307.7,KIJ,ICN
2395,2,314.5,KIJ,ICN
2396,2,322.1,KIJ,ICN
2397,2,330.3,KIJ,ICN
2398,2,338.8,KIJ,ICN
2399,2,347.6,KIJ,ICN
2400,2,356.5,KIJ,ICN
2401,2,365.5,KIJ,ICN
2402,2,362.1,SDJ,ICN
2403,2,354.8,SDJ,ICN
2404,2,348.2,SDJ,ICN
2405,2,342.3,SDJ,ICN
2406,2,337.5,SDJ,ICN
2407,2,334.0,SDJ,ICN
2408,2,332.3,SDJ,ICN
2409,2,332.3,SDJ,ICN
2410,2,295.9,KIJ,ICN
2411,2,290.7,KIJ,ICN
2412,2,289.9,KIJ,ICN
2413,2,294.0,KIJ,ICN
2414,2,300.9,KIJ,ICN
2415,2,308.9,KIJ,ICN
2416,2,317.5,KIJ,ICN
2417,2,326.4,KIJ,ICN
2418,2,335.5,KIJ,ICN
2419,2,344.6,KIJ,ICN
2420,2,353.8,KIJ,ICN
2421,2,363.1,KIJ,ICN
2422,2,356.4,SDJ,ICN
2423,2,348.5,SDJ,ICN
2424,2,341.1,SDJ,ICN
2425,2,334.4,SDJ,ICN
2426,2,328.7,SDJ,ICN
2427,2,324.5,SDJ,ICN
2428,2,322.3,SDJ,ICN
2429,2,322.4,SDJ,ICN
2430,2,345.9,KIJ,ICN
2431,2,336.5,KIJ,ICN
2432,2,282.2,KIJ,ICN
2433,2,280.4,KIJ,ICN
2434,2,287.6,KIJ,ICN
2435,2,296.5,KIJ,ICN
2436,2,305.6,KIJ,ICN
2437,2,314.9,KIJ,ICN
2438,2,324.3,KIJ,ICN
2439,2,333.6,KIJ,ICN
2440,2,343.0,KIJ,ICN
2441,2,352.4,KIJ,ICN
2442,2,360.5,SDJ,ICN
2443,2,351.7,SDJ,ICN
2444,2,343.3,SDJ,ICN
2445,2,335.1,SDJ,ICN
2446,2,327.4,SDJ,ICN
2447,2,320.7,SDJ,ICN
2448,2,315.4,SDJ,ICN
2449,2,312.4,SDJ,ICN
2450,2,336.3,KIJ,ICN
2451,2,326.9,KIJ,ICN
2452,2,286.9,KIJ,ICN
2453,2,296.0,KIJ,ICN
2454,2,305.3,KIJ,ICN
2455,2,314.7,KIJ,ICN
2456,2,324.0,KIJ,ICN
2457,2,333.4,KIJ,ICN
2458,2,342.8,KIJ,ICN
2459,2,352.2,KIJ,ICN
2460,2,357.5,SDJ,ICN
2461,2,348.4,SDJ,ICN
2462,2,339.3,SDJ,ICN
2463,2,330.5,SDJ,ICN
2464,2,321.9,SDJ,ICN
2465,2,313.9,SDJ,ICN
2466,2,306.9,SDJ,ICN
2467,2,302.6,SDJ,ICN
2468,2,346.9,KIJ,ICN
2469,2,337.7,KIJ,ICN
2470,2,299.7,KIJ,ICN
2471,2,308.0,KIJ,ICN
2472,2,316.8,KIJ,ICN
2473,2,325.8,KIJ,ICN
2474,2,334.9,KIJ,ICN
2475,2,344.1,KIJ,ICN
2476,2,353.3,KIJ,ICN
2477,2,355.8,SDJ,ICN
2478,2,346.4,SDJ,ICN
2479,2,337.1,SDJ,ICN
2480,2,327.8,SDJ,ICN
2481,2,318.6,SDJ,ICN
2482,2,309.4,SDJ,ICN
2483,2,300.6,SDJ,ICN
2484,2,293.3,SDJ,ICN
2485,2,340.6,KIJ,ICN
2486,2,313.2,KIJ,ICN
2487,2,321.0,KIJ,ICN
2488,2,329.3,KIJ,ICN
2489,2,337.9,KIJ,ICN
2490,2,346.7,KIJ,ICN
2491,2,355.6,KIJ,ICN
2492,2,355.5,SDJ,ICN
2493,2,346.2,SDJ,ICN
2494,2,336.8,SDJ,ICN
2495,2,327.4,SDJ,ICN
2496,2,318.1,SDJ,ICN
2497,2,308.7,SDJ,ICN
2498,2,299.5,SDJ,ICN
2499,2,290.9,SDJ,ICN
2500,2,336.7,KIJ,ICN
2501,2,319.9,KIJ,ICN
2502,2,326.7,KIJ,ICN
2503,2,334.3,KIJ,ICN
2504,2,342.2,KIJ,ICN
2505,2,350.5,KIJ,ICN
2506,2,359.1,KIJ,ICN
2507,2,356.7,SDJ,ICN
2508,2,347.5,SDJ,ICN
2509,2,338.4,SDJ,ICN
2510,2,329.4,SDJ,ICN
2511,2,320.5,SDJ,ICN
2512,2,312.1,SDJ,ICN
2513,2,304.6,SDJ,ICN
2514,2,299.5,SDJ,ICN
2515,2,299.7,SDJ,ICN
2516,2,327.7,KIJ,ICN
2517,2,333.6,KIJ,ICN
2518,2,340.4,KIJ,ICN
2519,2,347.7,KIJ,ICN
2520,2,355.4,KIJ,ICN
2521,2,363.5,KIJ,ICN
2522,2,359.2,SDJ,ICN
2523,2,350.4,SDJ,ICN
2524,2,341.7,SDJ,ICN
2525,2,333.4,SDJ,ICN
2526,2,325.4,SDJ,ICN
2527,2,318.3,SDJ,ICN
2528,2,312.6,SDJ,ICN
2529,2,309.2,SDJ,ICN
2530,2,309.4,SDJ,ICN
2531,2,342.4,SDJ,ICN
2532,2,341.3,KIJ,ICN
2533,2,347.3,KIJ,ICN
2534,2,354.0,KIJ,ICN
2535,2,361.2,KIJ,ICN
2536,2,368.8,KIJ,ICN
2537,2,362.9,SDJ,ICN
2538,2,354.6,SDJ,ICN
2539,2,346.5,SDJ,ICN
2540,2,338.9,SDJ,ICN
2541,2,332.0,SDJ,ICN
2542,2,326.0,SDJ,ICN
2543,2,321.6,SDJ,ICN
2544,2,319.1,SDJ,ICN
2545,2,319.2,SDJ,ICN
2546,2,321.8,SDJ,ICN
2547,2,326.5,SDJ,ICN
2548,2,332.5,SDJ,ICN
2549,2,339.5,SDJ,ICN
2550,2,349.5,KIJ,ICN
2551,2,355.0,KIJ,ICN
2552,2,361.0,KIJ,ICN
2553,2,367.7,KIJ,ICN
2554,2,374.7,KIJ,ICN
2555,2,367.7,SDJ,ICN
2556,2,359.9,SDJ,ICN
2557,2,352.5,SDJ,ICN
2558,2,345.7,SDJ,ICN
2559,2,339.6,SDJ,ICN
2560,2,334.6,SDJ,ICN
2561,2,331.0,SDJ,ICN
2562,2,329.1,SDJ,ICN
2563,2,329.2,SDJ,ICN
2564,2,331.2,SDJ,ICN
2565,2,335.0,SDJ,ICN
2566,2,340.1,SDJ,ICN
2567,2,346.2,SDJ,ICN
2568,2,353.1,SDJ,ICN
2569,2,363.0,KIJ,ICN
2570,2,368.6,KIJ,ICN
2571,2,374.7,KIJ,ICN
2572,2,381.0,SDJ,ICN
2573,2,373.4,SDJ,ICN
2574,2,366.1,SDJ,ICN
2575,2,359.4,SDJ,ICN
2576,2,353.3,SDJ,ICN
2577,2,347.9,SDJ,ICN
2578,2,343.6,SDJ,ICN
2579,2,340.6,SDJ,ICN
2580,2,339.1,SDJ,ICN
2581,2,339.1,SDJ,ICN
2582,2,340.8,SDJ,ICN
2583,2,343.9,SDJ,ICN
2584,2,348.3,SDJ,ICN
2585,2,353.7,SDJ,ICN
2586,2,359.9,SDJ,ICN
2587,2,371.5,KIJ,ICN
2588,2,376.6,KIJ,ICN
2589,2,382.3,KIJ,ICN
2590,2,386.9,SDJ,ICN
2591,2,379.8,SDJ,ICN
2592,2,373.1,SDJ,ICN
2593,2,366.9,SDJ,ICN
2594,2,361.4,SDJ,ICN
2595,2,356.7,SDJ,ICN
2596,2,353.0,SDJ,ICN
2597,2,350.4,SDJ,ICN
2598,2,349.1,SDJ,ICN
2599,2,349.1,SDJ,ICN
2600,2,350.5,SDJ,ICN
2601,2,353.2,SDJ,ICN
2602,2,357.0,SDJ,ICN
2603,2,361.8,SDJ,ICN
2604,2,367.4,SDJ,ICN
2605,2,384.9,KIJ,ICN
2606,2,390.2,KIJ,ICN
2607,2,393.4,SDJ,ICN
2608,2,386.7,SDJ,ICN
2609,2,380.6,SDJ,ICN
2610,2,374.9,SDJ,ICN
2611,2,369.9,SDJ,ICN
2612,2,365.7,SDJ,ICN
2613,2,362.4,SDJ,ICN
2614,2,360.2,SDJ,ICN
2615,2,359.1,SDJ,ICN
2616,2,359.1,SDJ,ICN
2617,2,360.3,SDJ,ICN
2618,2,362.7,SDJ,ICN
2619,2,366.0,SDJ,ICN
2620,2,370.3,SDJ,ICN
2621,2,375.3,SDJ,ICN
2622,2,398.4,KIJ,ICN
2623,2,400.4,SDJ,ICN
2624,2,394.2,SDJ,ICN
2625,2,388.5,SDJ,ICN
2626,2,383.3,SDJ,ICN
2627,2,378.8,SDJ,ICN
2628,2,375.0,SDJ,ICN
2629,2,372.1,SDJ,ICN
2630,2,370.1,SDJ,ICN
2631,2,369.1,SDJ,ICN
2632,2,369.1,SDJ,ICN
2633,2,370.2,SDJ,ICN
2634,2,372.3,SDJ,ICN
2635,2,375.3,SDJ,ICN
2636,2,379.1,SDJ,ICN
2637,2,383.7,SDJ,ICN
2638,2,388.9,SDJ,ICN
2639,2,406.8,KIJ,ICN
2640,2,407.9,SDJ,ICN
2641,2,402.1,SDJ,ICN
2642,2,396.7,SDJ,ICN
2643,2,392.0,SDJ,ICN
2644,2,387.8,SDJ,ICN
2645,2,384.4,SDJ,ICN
2646,2,381.7,SDJ,ICN
2647,2,380.0,SDJ,ICN
2648,2,379.1,SDJ,ICN
2649,2,379.1,SDJ,ICN
2650,2,380.1,SDJ,ICN
2651,2,381.9,SDJ,ICN
2652,2,384.6,SDJ,ICN
2653,2,388.1,SDJ,ICN
2654,2,392.3,SDJ,ICN
2655,2,397.1,SDJ,ICN
2656,2,415.5,KIJ,ICN
2657,2,415.6,SDJ,ICN
2658,2,410.2,SDJ,ICN
2659,2,405.3,SDJ,ICN
2660,2,400.8,SDJ,ICN
2661,2,397.0,SDJ,ICN
2662,2,393.9,SDJ,ICN
2663,2,391.5,SDJ,ICN
2664,2,389.9,SDJ,ICN
2665,2,389.1,SDJ,ICN
2666,2,389.1,SDJ,ICN
2667,2,390.0,SDJ,ICN
2668,2,391.7,SDJ,ICN
2669,2,394.1,SDJ,ICN
2670,2,397.3,SDJ,ICN
2671,2,401.2,SDJ,ICN
2672,2,405.6,SDJ,ICN
2673,2,410.6,SDJ,ICN
2674,2,416.1,SDJ,ICN
2675,2,424.3,KIJ,ICN
2676,2,423.7,SDJ,ICN
2677,2,418.6,SDJ,ICN
2678,2,414.0,SDJ,ICN
2679,2,409.9,SDJ,ICN
2680,2,406.4,SDJ,ICN
2681,2,403.5,SDJ,ICN
2682,2,401.3,SDJ,ICN
2683,2,399.8,SDJ,ICN
2684,2,399.1,SDJ,ICN
2685,2,399.1,SDJ,ICN
2686,2,399.9,SDJ,ICN
2687,2,401.4,SDJ,ICN
2688,2,403.7,SDJ,ICN
2689,2,406.6,SDJ,ICN
2690,2,410.2,SDJ,ICN
2691,2,414.3,SDJ,ICN
2692,2,419.0,SDJ,ICN
2693,2,424.1,SDJ,ICN
2694,2,432.0,SDJ,ICN
2695,2,427.2,SDJ,ICN
2696,2,422.9,SDJ,ICN
2697,2,419.1,SDJ,ICN
2698,2,415.8,SDJ,ICN
2699,2,413.2,SDJ,ICN
2700,2,411.1,SDJ,ICN
2701,2,409.8,SDJ,ICN
2702,2,409.1,SDJ,ICN
2703,2,409.1,SDJ,ICN
2704,2,409.8,SDJ,ICN
2705,2,411.3,SDJ,ICN
2706,2,413.3,SDJ,ICN
2707,2,416.1,SDJ,ICN
2708,2,419.4,SDJ,ICN
2709,2,423.2,SDJ,ICN
2710,2,427.6,SDJ,ICN
2711,2,432.4,SDJ,ICN
2712,2,440.5,SDJ,ICN
2713,2,436.0,SDJ,ICN
2714,2,432.0,SDJ,ICN
2715,2,428.4,SDJ,ICN
2716,2,425.3,SDJ,ICN
2717,2,422.9,SDJ,ICN
2718,2,421.0,SDJ,ICN
2719,2,419.7,SDJ,ICN
2720,2,419.1,SDJ,ICN
2721,2,419.1,SDJ,ICN
2722,2,419.8,SDJ,ICN
2723,2,421.1,SDJ,ICN
2724,2,423.0,SDJ,ICN
2725,2,425.6,SDJ,ICN
2726,2,428.6,SDJ,ICN
2727,2,432.3,SDJ,ICN
2728,2,436.4,SDJ,ICN
2729,2,440.9,SDJ,ICN
2730,2,438.7,AOJ,ICN
2731,2,436.1,AOJ,ICN
2732,2,433.9,AOJ,ICN
2733,2,432.3,AOJ,ICN
2734,2,431.3,AOJ,ICN
2735,2,430.8,AOJ,ICN
2736,2,429.7,SDJ,ICN
2737,2,429.1,SDJ,ICN
2738,2,429.1,SDJ,ICN
2739,2,429.8,SDJ,ICN
2740,2,431.0,SDJ,ICN
2741,2,432.8,SDJ,ICN
2742,2,435.1,SDJ,ICN
2743,2,438.0,SDJ,ICN
2744,2,441.4,SDJ,ICN
2745,2,445.3,SDJ,ICN
2746,2,449.6,SDJ,ICN
2747,2,454.3,SDJ,ICN
2748,2,429.3,AOJ,ICN
2749,2,426.4,AOJ,ICN
2750,2,424.1,AOJ,ICN
2751,2,422.4,AOJ,ICN
2752,2,421.3,AOJ,ICN
2753,2,420.8,AOJ,ICN
2754,2,420.9,AOJ,ICN
2755,2,421.6,AOJ,ICN
2756,2,422.9,AOJ,ICN
2757,2,424.8,AOJ,ICN
2758,2,427.3,AOJ,ICN
2759,2,430.3,AOJ,ICN
2760,2,433.8,AOJ,ICN
2761,2,437.8,AOJ,ICN
2762,2,442.2,AOJ,ICN
2763,2,447.0,AOJ,ICN
2764,2,452.2,AOJ,ICN
2765,2,457.7,AOJ,ICN
2766,2,419.9,AOJ,ICN
2767,2,416.8,AOJ,ICN
2768,2,414.4,AOJ,ICN
2769,2,412.5,AOJ,ICN
2770,2,411.3,AOJ,ICN
2771,2,410.7,AOJ,ICN
2772,2,410.8,AOJ,ICN
2773,2,411.6,AOJ,ICN
2774,2,413.0,AOJ,ICN
2775,2,415.1,AOJ,ICN
2776,2,417.7,AOJ,ICN
2777,2,421.0,AOJ,ICN
2778,2,424.7,AOJ,ICN
2779,2,428.9,AOJ,ICN
2780,2,433.6,AOJ,ICN
2781,2,438.7,AOJ,ICN
2782,2,444.1,AOJ,ICN
2783,2,449.9,AOJ,ICN
2784,2,410.6,AOJ,ICN
2785,2,407.3,AOJ,ICN
2786,2,404.7,AOJ,ICN
2787,2,402.7,AOJ,ICN
2788,2,401.3,AOJ,ICN
2789,2,400.7,AOJ,ICN
2790,2,400.8,AOJ,ICN
2791,2,401.7,AOJ,ICN
2792,2,403.2,AOJ,ICN
2793,2,405.4,AOJ,ICN
2794,2,408.3,AOJ,ICN
2795,2,411.8,AOJ,ICN
2796,2,415.8,AOJ,ICN
2797,2,420.3,AOJ,ICN
2798,2,425.2,AOJ,ICN
2799,2,430.6,AOJ,ICN
2800,2,436.3,AOJ,ICN
2801,2,442.4,AOJ,ICN
2802,2,401.4,AOJ,ICN
2803,2,397.9,AOJ,ICN
2804,2,395.0,AOJ,ICN
2805,2,392.8,AOJ,ICN
2806,2,391.4,AOJ,ICN
2807,2,390.7,AOJ,ICN
2808,2,390.8,AOJ,ICN
2809,2,391.8,AOJ,ICN
2810,2,393.4,AOJ,ICN
2811,2,395.8,AOJ,ICN
2812,2,398.9,AOJ,ICN
2813,2,402.7,AOJ,ICN
2814,2,407.0,AOJ,ICN
2815,2,411.8,AOJ,ICN
2816,2,417.1,AOJ,ICN
2817,2,422.7,AOJ,ICN
2818,2,428.8,AOJ,ICN
2819,2,435.1,AOJ,ICN
2820,2,407.4,AOJ,ICN
2821,2,396.9,AOJ,ICN
2822,2,392.4,AOJ,ICN
2823,2,388.6,AOJ,ICN
2824,2,385.4,AOJ,ICN
2825,2,383.0,AOJ,ICN
2826,2,381.4,AOJ,ICN
2827,2,380.7,AOJ,ICN
2828,2,380.8,AOJ,ICN
2829,2,381.8,AOJ,ICN
2830,2,383.7,AOJ,ICN
2831,2,386.3,AOJ,ICN
2832,2,389.7,AOJ,ICN
2833,2,393.8,AOJ,ICN
2834,2,398.4,AOJ,ICN
2835,2,403.6,AOJ,ICN
2836,2,409.2,AOJ,ICN
2837,2,415.2,AOJ,ICN
2838,2,421.5,AOJ,ICN
2839,2,428.2,AOJ,ICN
2840,2,393.8,AOJ,ICN
2841,2,388.4,AOJ,ICN
2842,2,383.6,AOJ,ICN
2843,2,379.4,AOJ,ICN
2844,2,375.9,AOJ,ICN
2845,2,373.3,AOJ,ICN
2846,2,371.5,AOJ,ICN
2847,2,370.7,AOJ,ICN
2848,2,370.8,AOJ,ICN
2849,2,372.0,AOJ,ICN
2850,2,374.0,AOJ,ICN
2851,2,376.9,AOJ,ICN
2852,2,380.6,AOJ,ICN
2853,2,385.1,AOJ,ICN
2854,2,390.1,AOJ,ICN
2855,2,395.6,AOJ,ICN
2856,2,401.6,AOJ,ICN
2857,2,408.0,AOJ,ICN
2858,2,414.7,AOJ,ICN
2859,2,421.7,AOJ,ICN
2860,2,380.3,AOJ,ICN
2861,2,375.0,AOJ,ICN
2862,2,370.4,AOJ,ICN
2863,2,366.6,AOJ,ICN
2864,2,363.6,AOJ,ICN
2865,2,361.6,AOJ,ICN
2866,2,360.7,AOJ,ICN
2867,2,360.9,AOJ,ICN
2868,2,362.1,AOJ,ICN
2869,2,364.4,AOJ,ICN
2870,2,367.7,AOJ,ICN
2871,2,371.8,AOJ,ICN
2872,2,376.6,AOJ,ICN
2873,2,382.1,AOJ,ICN
2874,2,388.1,AOJ,ICN
2875,2,394.5,AOJ,ICN
2876,2,401.2,AOJ,ICN
2877,2,408.3,AOJ,ICN
2878,2,372.6,AOJ,ICN
2879,2,366.8,AOJ,ICN
2880,2,361.7,AOJ,ICN
2881,2,357.4,AOJ,ICN
2882,2,354.0,AOJ,ICN
2883,2,351.7,AOJ,ICN
2884,2,350.7,AOJ,ICN
2885,2,350.9,AOJ,ICN
2886,2,352.3,AOJ,ICN
2887,2,355.0,AOJ,ICN
2888,2,358.6,AOJ,ICN
2889,2,363.2,AOJ,ICN
2890,2,368.6,AOJ,ICN
2891,2,374.5,AOJ,ICN
2892,2,380.9,AOJ,ICN
2893,2,387.8,AOJ,ICN
2894,2,395.0,AOJ,ICN
2895,2,402.4,AOJ,ICN
2896,2,359.0,AOJ,ICN
2897,2,353.3,AOJ,ICN
2898,2,348.4,AOJ,ICN
2899,2,344.6,AOJ,ICN
2900,2,341.9,AOJ,ICN
2901,2,340.7,AOJ,ICN
2902,2,340.9,AOJ,ICN
2903,2,342.6,AOJ,ICN
2904,2,345.7,AOJ,ICN
2905,2,349.9,AOJ,ICN
2906,2,355.0,AOJ,ICN
2907,2,360.9,AOJ,ICN
2908,2,367.4,AOJ,ICN
2909,2,374.4,AOJ,ICN
2910,2,381.7,AOJ,ICN
2911,2,389.3,AOJ,ICN
2912,2,351.8,AOJ,ICN
2913,2,345.5,AOJ,ICN
2914,2,339.9,AOJ,ICN
2915,2,335.4,AOJ,ICN
2916,2,332.2,AOJ,ICN
2917,2,330.7,AOJ,ICN
2918,2,331.0,AOJ,ICN
2919,2,333.0,AOJ,ICN
2920,2,336.7,AOJ,ICN
2921,2,341.6,AOJ,ICN
2922,2,347.4,AOJ,ICN
2923,2,354.0,AOJ,ICN
2924,2,361.1,AOJ,ICN
2925,2,368.5,AOJ,ICN
2926,2,376.3,AOJ,ICN
2927,2,384.3,AOJ,ICN
2928,2,353.1,AOJ,ICN
2929,2,345.5,AOJ,ICN
2930,2,338.4,AOJ,ICN
2931,2,331.9,AOJ,ICN
2932,2,326.5,AOJ,ICN
2933,2,322.6,AOJ,ICN
2934,2,320.7,AOJ,ICN
2935,2,321.1,AOJ,ICN
2936,2,323.7,AOJ,ICN
2937,2,328.1,AOJ,ICN
2938,2,333.9,AOJ,ICN
2939,2,340.6,AOJ,ICN
2940,2,347.8,AOJ,ICN
2941,2,355.5,AOJ,ICN
2942,2,363.5,AOJ,ICN
2943,2,371.8,AOJ,ICN
2944,2,348.5,AOJ,ICN
2945,2,340.3,AOJ,ICN
2946,2,332.4,AOJ,ICN
2947,2,325.0,AOJ,ICN
2948,2,318.4,AOJ,ICN
2949,2,313.4,AOJ,ICN
2950,2,310.7,AOJ,ICN
2951,2,311.2,AOJ,ICN
2952,2,314.8,AOJ,ICN
2953,2,320.4,AOJ,ICN
2954,2,327.2,AOJ,ICN
2955,2,334.8,AOJ,ICN
2956,2,342.8,AOJ,ICN
2957,2,351.1,AOJ,ICN
2958,2,359.6,AOJ,ICN
2959,2,354.0,AOJ,ICN
2960,2,345.2,AOJ,ICN
2961,2,336.5,AOJ,ICN
2962,2,327.9,AOJ,ICN
2963,2,319.5,AOJ,ICN
2964,2,311.7,AOJ,ICN
2965,2,304.9,AOJ,ICN
2966,2,300.8,AOJ,ICN
2967,2,301.7,AOJ,ICN
2968,2,306.9,AOJ,ICN
2969,2,314.1,AOJ,ICN
2970,2,322.1,AOJ,ICN
2971,2,330.6,AOJ,ICN
2972,2,339.2,AOJ,ICN
2973,2,348.0,AOJ,ICN
2974,2,343.5,AOJ,ICN
2975,2,334.5,AOJ,ICN
2976,2,325.5,AOJ,ICN
2977,2,316.5,AOJ,ICN
2978,2,307.6,AOJ,ICN
2979,2,298.9,AOJ,ICN
2980,2,291.5,AOJ,ICN
2981,2,293.4,AOJ,ICN
2982,2,301.6,AOJ,ICN
2983,2,310.4,AOJ,ICN
2984,2,319.4,AOJ,ICN
2985,2,328.4,AOJ,ICN
2986,2,337.4,AOJ,ICN
2987,2,346.4,AOJ,ICN
2988,2,316.7,AOJ,ICN
2989,2,307.8,AOJ,ICN
2990,2,299.3,AOJ,ICN
2991,2,292.3,AOJ,ICN
2992,2,294.1,AOJ,ICN
2993,2,301.9,AOJ,ICN
2994,2,310.6,AOJ,ICN
2995,2,319.5,AOJ,ICN
2996,2,328.4,AOJ,ICN
2997,2,337.4,AOJ,ICN
2998,2,346.4,AOJ,ICN
2999,2,319.9,AOJ,ICN
3000,2,312.2,AOJ,ICN
3001,2,305.6,AOJ,ICN
3002,2,301.8,AOJ,ICN
3003,2,307.5,AOJ,ICN
3004,2,314.6,AOJ,ICN
3005,2,322.5,AOJ,ICN
3006,2,330.8,AOJ,ICN
3007,2,339.4,AOJ,ICN
3008,2,325.5,AOJ,ICN
3009,2,319.1,AOJ,ICN
3010,2,314.2,AOJ,ICN
3011,2,311.7,AOJ,ICN
3012,2,315.5,AOJ,ICN
3013,2,321.0,AOJ,ICN
3014,2,343.1,AOJ,ICN
3015,2,332.6,AOJ,ICN
3016,2,327.3,AOJ,ICN
3017,2,323.5,AOJ,ICN
3018,2,348.2,AOJ,ICN
3019,2,340.6,AOJ,ICN
3020,2,336.2,AOJ,ICN
3021,2,333.1,AOJ,ICN
3022,2,354.4,AOJ,ICN
3023,2,343.5,AOJ,ICN
3024,2,346.5,AOJ,ICN
3025,2,350.6,AOJ,ICN
3026,2,361.4,AOJ,ICN
3027,2,367.8,AOJ,ICN
3028,2,353.2,AOJ,ICN
3029,2,355.8,AOJ,ICN
3030,2,359.4,AOJ,ICN
3031,2,363.8,AOJ,ICN
3032,2,369.0,AOJ,ICN
3033,2,374.8,AOJ,ICN
3034,2,363.0,AOJ,ICN
3035,2,365.3,AOJ,ICN
3036,2,368.4,AOJ,ICN
3037,2,426.2,AOJ,ICN
3038,2,384.1,AOJ,ICN
3039,2,380.1,AOJ,ICN
3040,2,397.3,AOJ,ICN
3041,2,393.0,AOJ,ICN
3042,2,389.3,AOJ,ICN
3043,2,386.2,AOJ,ICN
3044,2,406.0,AOJ,ICN
3045,2,402.0,AOJ,ICN
3046,2,398.6,AOJ,ICN
3047,2,395.8,AOJ,ICN
3048,2,393.7,AOJ,ICN
3049,2,411.2,AOJ,ICN
3050,2,408.0,AOJ,ICN
3051,2,405.5,AOJ,ICN
3052,2,403.5,AOJ,ICN
3053,2,402.3,AOJ,ICN
3054,2,401.8,AOJ,ICN
3055,2,402.6,AOJ,ICN
3056,2,404.1,AOJ,ICN
3057,2,406.2,AOJ,ICN
3058,2,417.6,AOJ,ICN
3059,2,415.2,AOJ,ICN
3060,2,413.4,AOJ,ICN
3061,2,412.2,AOJ,ICN
3062,2,411.7,AOJ,ICN
3063,2,411.8,AOJ,ICN
3064,2,412.5,AOJ,ICN
3065,2,411.1,CTS,PUS
3066,2,406.9,CTS,PUS
3067,2,427.1,AOJ,ICN
3068,2,424.9,AOJ,ICN
3069,2,423.3,AOJ,ICN
3070,2,422.2,AOJ,ICN
3071,2,418.8,CTS,PUS
3072,2,413.0,CTS,PUS
3073,2,407.5,CTS,PUS
3074,2,449.9,CTS,PUS
3075,2,439.3,AOJ,ICN
3076,2,436.8,AOJ,ICN
3077,2,432.0,CTS,PUS
3078,2,425.0,CTS,PUS
3079,2,418.2,CTS,PUS
3080,2,411.7,CTS,PUS
3081,2,405.4,CTS,PUS
3082,2,436.9,CTS,PUS
3083,2,444.2,CTS,PUS
3084,2,471.9,AOJ,ICN
3085,2,449.2,CTS,PUS
3086,2,441.5,CTS,PUS
3087,2,433.8,CTS,PUS
3088,2,426.3,CTS,PUS
3089,2,419.0,CTS,PUS
3090,2,416.6,CTS,PUS
3091,2,423.9,CTS,PUS
3092,2,431.3,CTS,PUS
3093,2,438.9,CTS,PUS
3094,2,452.9,CTS,PUS
3095,2,444.8,CTS,PUS
3096,2,436.8,CTS,PUS
3097,2,428.9,CTS,PUS
3098,2,421.1,CTS,PUS
3099,2,396.4,CTS,PUS
3100,2,403.6,CTS,PUS
3101,2,411.0,CTS,PUS
3102,2,418.6,CTS,PUS
3103,2,426.4,CTS,PUS
3104,2,434.2,CTS,PUS
3105,2,457.5,CTS,PUS
3106,2,449.2,CTS,PUS
3107,2,440.9,CTS,PUS
3108,2,432.7,CTS,PUS
3109,2,424.6,CTS,PUS
3110,2,371.8,CTS,PUS
3111,2,376.3,CTS,PUS
3112,2,383.4,CTS,PUS
3113,2,390.7,CTS,PUS
3114,2,398.3,CTS,PUS
3115,2,406.0,CTS,PUS
3116,2,413.9,CTS,PUS
3117,2,422.0,CTS,PUS
3118,2,430.1,CTS,PUS
3119,2,446.1,CTS,PUS
3120,2,437.7,CTS,PUS
3121,2,429.3,CTS,PUS
3122,2,420.9,CTS,PUS
3123,2,365.5,CTS,PUS
3124,2,358.5,CTS,PUS
3125,2,356.4,CTS,PUS
3126,2,363.2,CTS,PUS
3127,2,370.5,CTS,PUS
3128,2,378.0,CTS,PUS
3129,2,385.8,CTS,PUS
3130,2,393.7,CTS,PUS
3131,2,401.8,CTS,PUS
3132,2,410.0,CTS,PUS
3133,2,418.2,CTS,PUS
3134,2,426.5,CTS,PUS
3135,2,434.9,CTS,PUS
3136,2,443.6,CTS,PUS
3137,2,435.0,CTS,PUS
3138,2,426.5,CTS,PUS
3139,2,418.0,CTS,PUS
3140,2,409.5,CTS,PUS
3141,2,368.1,CTS,PUS
3142,2,360.3,CTS,PUS
3143,2,352.6,CTS,PUS
3144,2,345.4,CTS,PUS
3145,2,336.7,CTS,PUS
3146,2,343.2,CTS,PUS
3147,2,350.2,CTS,PUS
3148,2,357.7,CTS,PUS
3149,2,365.5,CTS,PUS
3150,2,373.5,CTS,PUS
3151,2,381.7,CTS,PUS
3152,2,390.0,CTS,PUS
3153,2,398.3,CTS,PUS
3154,2,406.7,CTS,PUS
3155,2,415.2,CTS,PUS
3156,2,423.7,CTS,PUS
3157,2,432.2,CTS,PUS
3158,2,440.8,CTS,PUS
3159,2,441.7,CTS,PUS
3160,2,433.1,CTS,PUS
3161,2,424.4,CTS,PUS
3162,2,415.7,CTS,PUS
3163,2,407.1,CTS,PUS
3164,2,398.5,CTS,PUS
3165,2,389.9,CTS,PUS
3166,2,372.9,CTS,PUS
3167,2,364.5,CTS,PUS
3168,2,356.1,CTS,PUS
3169,2,348.0,CTS,PUS
3170,2,340.0,CTS,PUS
3171,2,332.4,CTS,PUS
3172,2,325.5,CTS,PUS
3173,2,323.4,CTS,PUS
3174,2,330.1,CTS,PUS
3175,2,337.5,CTS,PUS
3176,2,345.3,CTS,PUS
3177,2,353.5,CTS,PUS
3178,2,361.7,CTS,PUS
3179,2,370.1,CTS,PUS
3180,2,378.6,CTS,PUS
3181,2,387.1,CTS,PUS
3182,2,395.7,CTS,PUS
3183,2,404.3,CTS,PUS
3184,2,412.9,CTS,PUS
3185,2,421.6,CTS,PUS
3186,2,430.2,CTS,PUS
3187,2,438.9,CTS,PUS
3188,2,440.5,CTS,PUS
3189,2,431.8,CTS,PUS
3190,2,423.1,CTS,PUS
3191,2,414.3,CTS,PUS
3192,2,405.6,CTS,PUS
3193,2,396.9,CTS,PUS
3194,2,388.1,CTS,PUS
3195,2,379.4,CTS,PUS
3196,2,370.8,CTS,PUS
3197,2,362.1,CTS,PUS
3198,2,353.4,CTS,PUS
3199,2,344.9,CTS,PUS
3200,2,336.3,CTS,PUS
3201,2,327.9,CTS,PUS
3202,2,319.8,CTS,PUS
3203,2,312.3,CTS,PUS
3204,2,306.5,CTS,PUS
3205,2,305.4,CTS,PUS
3206,2,310.1,CTS,PUS
3207,2,317.3,CTS,PUS
3208,2,325.3,CTS,PUS
3209,2,333.6,CTS,PUS
3210,2,342.1,CTS,PUS
3211,2,350.6,CTS,PUS
3212,2,359.3,CTS,PUS
3213,2,367.9,CTS,PUS
3214,2,376.6,CTS,PUS
3215,2,385.3,CTS,PUS
3216,2,394.0,CTS,PUS
3217,2,402.7,CTS,PUS
3218,2,411.5,CTS,PUS
3219,2,420.2,CTS,PUS
3220,2,428.9,CTS,PUS
3221,2,437.7,CTS,PUS
3222,2,446.0,AKJ,ICN
3223,2,413.7,CTS,PUS
3224,2,405.0,CTS,PUS
3225,2,396.2,CTS,PUS
3226,2,387.4,CTS,PUS
3227,2,378.7,CTS,PUS
3228,2,369.9,CTS,PUS
3229,2,361.1,CTS,PUS
3230,2,352.4,CTS,PUS
3231,2,343.6,CTS,PUS
3232,2,334.8,CTS,PUS
3233,2,326.1,CTS,PUS
3234,2,317.3,CTS,PUS
3235,2,308.6,CTS,PUS
3236,2,299.9,CTS,PUS
3237,2,297.1,CTS,PUS
3238,2,305.7,CTS,PUS
3239,2,314.5,CTS,PUS
3240,2,323.2,CTS,PUS
3241,2,332.0,CTS,PUS
3242,2,340.8,CTS,PUS
3243,2,349.5,CTS,PUS
3244,2,358.3,CTS,PUS
3245,2,367.0,CTS,PUS
3246,2,375.8,CTS,PUS
3247,2,384.6,CTS,PUS
3248,2,393.3,CTS,PUS
3249,2,402.1,CTS,PUS
3250,2,410.9,CTS,PUS
3251,2,419.6,CTS,PUS
3252,2,427.4,AKJ,ICN
3253,2,432.7,AKJ,ICN
3254,2,438.3,AKJ,ICN
3255,2,444.2,AKJ,ICN
3256,2,396.5,CTS,PUS
3257,2,387.8,CTS,PUS
3258,2,379.1,CTS,PUS
3259,2,370.4,CTS,PUS
3260,2,361.7,CTS,PUS
3261,2,353.0,CTS,PUS
3262,2,344.4,CTS,PUS
3263,2,335.8,CTS,PUS
3264,2,327.3,CTS,PUS
3265,2,318.9,CTS,PUS
3266,2,311.0,CTS,PUS
3267,2,304.6,CTS,PUS
3268,2,303.4,CTS,PUS
3269,2,308.7,CTS,PUS
3270,2,316.3,CTS,PUS
3271,2,324.5,CTS,PUS
3272,2,333.0,CTS,PUS
3273,2,341.6,CTS,PUS
3274,2,350.2,CTS,PUS
3275,2,358.8,CTS,PUS
3276,2,367.5,CTS,PUS
3277,2,376.2,CTS,PUS
3278,2,384.9,CTS,PUS
3279,2,393.7,CTS,PUS
3280,2,402.4,CTS,PUS
3281,2,409.4,AKJ,ICN
3282,2,414.2,AKJ,ICN
3283,2,419.4,AKJ,ICN
3284,2,425.0,AKJ,ICN
3285,2,430.9,AKJ,ICN
3286,2,437.2,AKJ,ICN
3287,2,443.7,AKJ,ICN
3288,2,450.4,AKJ,ICN
3289,2,397.8,CTS,PUS
3290,2,389.2,CTS,PUS
3291,2,380.6,CTS,PUS
3292,2,372.1,CTS,PUS
3293,2,363.7,CTS,PUS
3294,2,355.3,CTS,PUS
3295,2,347.0,CTS,PUS
3296,2,339.0,CTS,PUS
3297,2,331.2,CTS,PUS
3298,2,324.0,CTS,PUS
3299,2,317.9,CTS,PUS
3300,2,313.8,CTS,PUS
3301,2,313.1,CTS,PUS
3302,2,316.2,CTS,PUS
3303,2,321.8,CTS,PUS
3304,2,328.8,CTS,PUS
3305,2,336.4,CTS,PUS
3306,2,344.4,CTS,PUS
3307,2,352.6,CTS,PUS
3308,2,360.9,CTS,PUS
3309,2,369.4,CTS,PUS
3310,2,377.9,CTS,PUS
3311,2,386.4,CTS,PUS
3312,2,392.4,AKJ,ICN
3313,2,396.4,AKJ,ICN
3314,2,401.0,AKJ,ICN
3315,2,406.1,AKJ,ICN
3316,2,411.7,AKJ,ICN
3317,2,417.6,AKJ,ICN
3318,2,423.9,AKJ,ICN
3319,2,430.5,AKJ,ICN
3320,2,437.4,AKJ,ICN
3321,2,444.4,AKJ,ICN
3322,2,451.6,AKJ,ICN
3323,2,505.3,AKJ,ICN
3324,2,391.6,CTS,PUS
3325,2,383.3,CTS,PUS
3326,2,375.1,CTS,PUS
3327,2,367.0,CTS,PUS
3328,2,359.0,CTS,PUS
3329,2,351.3,CTS,PUS
3330,2,344.0,CTS,PUS
3331,2,337.2,CTS,PUS
3332,2,331.1,CTS,PUS
3333,2,326.4,CTS,PUS
3334,2,323.5,CTS,PUS
3335,2,323.1,CTS,PUS
3336,2,325.2,CTS,PUS
3337,2,329.4,CTS,PUS
3338,2,335.1,CTS,PUS
3339,2,341.7,CTS,PUS
3340,2,348.9,CTS,PUS
3341,2,356.5,CTS,PUS
3342,2,364.4,CTS,PUS
3343,2,372.4,CTS,PUS
3344,2,376.9,AKJ,ICN
3345,2,379.7,AKJ,ICN
3346,2,383.4,AKJ,ICN
3347,2,387.8,AKJ,ICN
3348,2,392.8,AKJ,ICN
3349,2,398.4,AKJ,ICN
3350,2,404.4,AKJ,ICN
3351,2,410.7,AKJ,ICN
3352,2,417.4,AKJ,ICN
3353,2,424.4,AKJ,ICN
3354,2,431.5,AKJ,ICN
3355,2,438.8,AKJ,ICN
3356,2,446.3,AKJ,ICN
3357,2,453.9,AKJ,ICN
3358,2,461.6,AKJ,ICN
3359,2,469.4,AKJ,ICN
3360,2,477.3,AKJ,ICN
3361,2,485.3,AKJ,ICN
3362,2,493.3,AKJ,ICN
3363,2,501.4,AKJ,ICN
3364,2,509.5,AKJ,ICN
3365,2,517.7,AKJ,ICN
3366,2,395.0,CTS,PUS
3367,2,387.0,CTS,PUS
3368,2,379.1,CTS,PUS
3369,2,371.5,CTS,PUS
3370,2,364.0,CTS,PUS
3371,2,357.0,CTS,PUS
3372,2,350.4,CTS,PUS
3373,2,344.4,CTS,PUS
3374,2,339.4,CTS,PUS
3375,2,335.6,CTS,PUS
3376,2,333.4,CTS,PUS
3377,2,333.1,CTS,PUS
3378,2,334.7,CTS,PUS
3379,2,338.0,CTS,PUS
3380,2,342.7,CTS,PUS
3381,2,348.3,CTS,PUS
3382,2,354.8,CTS,PUS
3383,2,361.7,CTS,PUS
3384,2,364.2,AKJ,ICN
3385,2,365.2,AKJ,ICN
3386,2,367.3,AKJ,ICN
3387,2,370.5,AKJ,ICN
3388,2,374.7,AKJ,ICN
3389,2,379.6,AKJ,ICN
3390,2,385.1,AKJ,ICN
3391,2,391.1,AKJ,ICN
3392,2,397.6,AKJ,ICN
3393,2,404.4,AKJ,ICN
3394,2,411.4,AKJ,ICN
3395,2,418.7,AKJ,ICN
3396,2,426.2,AKJ,ICN
3397,2,433.8,AKJ,ICN
3398,2,441.5,AKJ,ICN
3399,2,449.4,AKJ,ICN
3400,2,457.3,AKJ,ICN
3401,2,465.3,AKJ,ICN
3402,2,473.4,AKJ,ICN
3403,2,481.5,AKJ,ICN
3404,2,489.7,AKJ,ICN
3405,2,497.9,AKJ,ICN
3406,2,506.2,AKJ,ICN
3407,2,514.5,AKJ,ICN
3408,2,522.8,AKJ,ICN
3409,2,407.0,CTS,PUS
3410,2,399.2,CTS,PUS
3411,2,391.5,CTS,PUS
3412,2,384.1,CTS,PUS
3413,2,370.0,CTS,PUS
3414,2,348.2,CTS,PUS
3415,2,345.1,CTS,PUS
3416,2,343.3,CTS,PUS
3417,2,343.1,CTS,PUS
3418,2,344.3,CTS,PUS
3419,2,347.0,CTS,PUS
3420,2,351.0,CTS,PUS
3421,2,355.9,CTS,PUS
3422,2,356.2,AKJ,ICN
3423,2,354.5,AKJ,ICN
3424,2,354.2,AKJ,ICN
3425,2,355.3,AKJ,ICN
3426,2,357.9,AKJ,ICN
3427,2,361.6,AKJ,ICN
3428,2,366.3,AKJ,ICN
3429,2,371.8,AKJ,ICN
3430,2,377.9,AKJ,ICN
3431,2,384.5,AKJ,ICN
3432,2,391.4,AKJ,ICN
3433,2,398.6,AKJ,ICN
3434,2,406.1,AKJ,ICN
3435,2,413.7,AKJ,ICN
3436,2,421.5,AKJ,ICN
3437,2,429.4,AKJ,ICN
3438,2,437.4,AKJ,ICN
3439,2,445.4,AKJ,ICN
3440,2,453.5,AKJ,ICN
3441,2,461.7,AKJ,ICN
3442,2,470.0,AKJ,ICN
3443,2,478.2,AKJ,ICN
3444,2,486.6,AKJ,ICN
3445,2,494.9,AKJ,ICN
3446,2,503.3,AKJ,ICN
3447,2,511.7,AKJ,ICN
3448,2,520.1,AKJ,ICN
3449,2,528.5,AKJ,ICN
3450,2,537.0,AKJ,ICN
3451,2,545.5,AKJ,ICN
3452,2,553.9,AKJ,ICN
3453,2,562.4,AKJ,ICN
3454,2,411.6,CTS,PUS
3455,2,404.2,CTS,PUS
3456,2,357.4,CTS,PUS
3457,2,354.7,CTS,PUS
3458,2,353.3,CTS,PUS
3459,2,353.1,CTS,PUS
3460,2,354.1,CTS,PUS
3461,2,356.4,CTS,PUS
3462,2,355.3,AKJ,ICN
3463,2,350.4,AKJ,ICN
3464,2,346.7,AKJ,ICN
3465,2,344.6,AKJ,ICN
3466,2,344.2,AKJ,ICN
3467,2,345.6,AKJ,ICN
3468,2,348.7,AKJ,ICN
3469,2,353.1,AKJ,ICN
3470,2,358.6,AKJ,ICN
3471,2,364.7,AKJ,ICN
3472,2,371.5,AKJ,ICN
3473,2,378.6,AKJ,ICN
3474,2,386.0,AKJ,ICN
3475,2,393.7,AKJ,ICN
3476,2,401.5,AKJ,ICN
3477,2,409.4,AKJ,ICN
3478,2,417.5,AKJ,ICN
3479,2,425.6,AKJ,ICN
3480,2,433.8,AKJ,ICN
3481,2,442.1,AKJ,ICN
3482,2,450.4,AKJ,ICN
3483,2,458.7,AKJ,ICN
3484,2,467.1,AKJ,ICN
3485,2,475.5,AKJ,ICN
3486,2,483.9,AKJ,ICN
3487,2,492.4,AKJ,ICN
3488,2,500.8,AKJ,ICN
3489,2,509.3,AKJ,ICN
3490,2,517.8,AKJ,ICN
3491,2,526.3,AKJ,ICN
3492,2,534.9,AKJ,ICN
3493,2,543.4,AKJ,ICN
3494,2,560.5,AKJ,ICN
3495,2,364.5,CTS,PUS
3496,2,363.2,CTS,PUS
3497,2,363.1,CTS,PUS
3498,2,361.6,AKJ,ICN
3499,2,354.5,AKJ,ICN
3500,2,347.8,AKJ,ICN
3501,2,342.0,AKJ,ICN
3502,2,337.5,AKJ,ICN
3503,2,334.7,AKJ,ICN
3504,2,334.2,AKJ,ICN
3505,2,336.1,AKJ,ICN
3506,2,340.0,AKJ,ICN
3507,2,345.3,AKJ,ICN
3508,2,351.6,AKJ,ICN
3509,2,358.6,AKJ,ICN
3510,2,366.0,AKJ,ICN
3511,2,373.6,AKJ,ICN
3512,2,381.5,AKJ,ICN
3513,2,389.6,AKJ,ICN
3514,2,397.7,AKJ,ICN
3515,2,405.9,AKJ,ICN
3516,2,414.2,AKJ,ICN
3517,2,422.6,AKJ,ICN
3518,2,430.9,AKJ,ICN
3519,2,439.4,AKJ,ICN
3520,2,447.8,AKJ,ICN
3521,2,456.3,AKJ,ICN
3522,2,464.8,AKJ,ICN
3523,2,473.3,AKJ,ICN
3524,2,481.8,AKJ,ICN
3525,2,490.3,AKJ,ICN
3526,2,498.9,AKJ,ICN
3527,2,507.4,AKJ,ICN
3528,2,516.0,AKJ,ICN
3529,2,524.6,AKJ,ICN
3530,2,533.1,AKJ,ICN
3531,2,376.4,CTS,PUS
3532,2,374.3,CTS,PUS
3533,2,373.2,CTS,PUS
3534,2,365.1,AKJ,ICN
3535,2,357.0,AKJ,ICN
3536,2,349.1,AKJ,ICN
3537,2,341.6,AKJ,ICN
3538,2,334.7,AKJ,ICN
3539,2,328.8,AKJ,ICN
3540,2,325.0,AKJ,ICN
3541,2,324.2,AKJ,ICN
3542,2,326.9,AKJ,ICN
3543,2,332.1,AKJ,ICN
3544,2,338.6,AKJ,ICN
3545,2,345.9,AKJ,ICN
3546,2,353.7,AKJ,ICN
3547,2,361.7,AKJ,ICN
3548,2,369.8,AKJ,ICN
3549,2,378.1,AKJ,ICN
3550,2,386.5,AKJ,ICN
3551,2,394.9,AKJ,ICN
3552,2,403.3,AKJ,ICN
3553,2,411.8,AKJ,ICN
3554,2,420.3,AKJ,ICN
3555,2,428.8,AKJ,ICN
3556,2,437.4,AKJ,ICN
3557,2,445.9,AKJ,ICN
3558,2,454.5,AKJ,ICN
3559,2,463.1,AKJ,ICN
3560,2,471.6,AKJ,ICN
3561,2,480.2,AKJ,ICN
3562,2,488.8,AKJ,ICN
3563,2,497.4,AKJ,ICN
3564,2,506.0,AKJ,ICN
3565,2,514.6,AKJ,ICN
3566,2,523.2,AKJ,ICN
3567,2,386.0,CTS,PUS
3568,2,379.5,AKJ,ICN
3569,2,371.0,AKJ,ICN
3570,2,362.4,AKJ,ICN
3571,2,354.0,AKJ,ICN
3572,2,345.5,AKJ,ICN
3573,2,337.2,AKJ,ICN
3574,2,329.2,AKJ,ICN
3575,2,321.7,AKJ,ICN
3576,2,315.7,AKJ,ICN
3577,2,314.4,AKJ,ICN
3578,2,318.9,AKJ,ICN
3579,2,325.9,AKJ,ICN
3580,2,333.9,AKJ,ICN
3581,2,342.1,AKJ,ICN
3582,2,350.4,AKJ,ICN
3583,2,358.9,AKJ,ICN
3584,2,367.4,AKJ,ICN
3585,2,375.9,AKJ,ICN
3586,2,384.5,AKJ,ICN
3587,2,393.1,AKJ,ICN
3588,2,401.7,AKJ,ICN
3589,2,410.3,AKJ,ICN
3590,2,418.9,AKJ,ICN
3591,2,427.5,AKJ,ICN
3592,2,436.1,AKJ,ICN
3593,2,444.7,AKJ,ICN
3594,2,453.3,AKJ,ICN
3595,2,462.0,AKJ,ICN
3596,2,470.6,AKJ,ICN
3597,2,479.2,AKJ,ICN
3598,2,487.8,AKJ,ICN
3599,2,496.5,AKJ,ICN
3600,2,505.1,AKJ,ICN
3601,2,513.7,AKJ,ICN
3602,2,522.4,AKJ,ICN
3603,2,387.4,AKJ,ICN
3604,2,378.7,AKJ,ICN
3605,2,370.1,AKJ,ICN
3606,2,361.4,AKJ,ICN
3607,2,352.8,AKJ,ICN
3608,2,344.2,AKJ,ICN
3609,2,335.5,AKJ,ICN
3610,2,326.9,AKJ,ICN
3611,2,318.3,AKJ,ICN
3612,2,309.6,AKJ,ICN
3613,2,306.1,AKJ,ICN
3614,2,314.7,AKJ,ICN
3615,2,323.3,AKJ,ICN
3616,2,331.9,AKJ,ICN
3617,2,340.6,AKJ,ICN
3618,2,349.2,AKJ,ICN
3619,2,357.9,AKJ,ICN
3620,2,366.5,AKJ,ICN
3621,2,375.1,AKJ,ICN
3622,2,383.8,AKJ,ICN
3623,2,392.4,AKJ,ICN
3624,2,401.0,AKJ,ICN
3625,2,409.7,AKJ,ICN
3626,2,418.3,AKJ,ICN
3627,2,426.9,AKJ,ICN
3628,2,435.6,AKJ,ICN
3629,2,444.2,AKJ,ICN
3630,2,452.9,AKJ,ICN
3631,2,461.5,AKJ,ICN
3632,2,470.1,AKJ,ICN
3633,2,478.8,AKJ,ICN
3634,2,487.4,AKJ,ICN
3635,2,496.0,AKJ,ICN
3636,2,504.7,AKJ,ICN
3637,2,513.3,AKJ,ICN
3638,2,387.8,AKJ,ICN
3639,2,379.3,AKJ,ICN
3640,2,370.7,AKJ,ICN
3641,2,362.2,AKJ,ICN
3642,2,353.7,AKJ,ICN
3643,2,345.2,AKJ,ICN
3644,2,336.9,AKJ,ICN
3645,2,328.7,AKJ,ICN
3646,2,321.0,AKJ,ICN
3647,2,314.8,AKJ,ICN
3648,2,313.3,AKJ,ICN
3649,2,318.1,AKJ,ICN
3650,2,325.4,AKJ,ICN
3651,2,333.5,AKJ,ICN
3652,2,341.7,AKJ,ICN
3653,2,350.1,AKJ,ICN
3654,2,358.6,AKJ,ICN
3655,2,367.1,AKJ,ICN
3656,2,375.7,AKJ,ICN
3657,2,384.3,AKJ,ICN
3658,2,392.8,AKJ,ICN
3659,2,401.4,AKJ,ICN
3660,2,410.0,AKJ,ICN
3661,2,418.6,AKJ,ICN
3662,2,427.2,AKJ,ICN
3663,2,435.8,AKJ,ICN
3664,2,444.4,AKJ,ICN
3665,2,453.0,AKJ,ICN
3666,2,461.7,AKJ,ICN
3667,2,470.3,AKJ,ICN
3668,2,478.9,AKJ,ICN
3669,2,487.5,AKJ,ICN
3670,2,496.1,AKJ,ICN
3671,2,504.8,AKJ,ICN
3672,2,513.4,AKJ,ICN
3673,2,547.9,AKJ,ICN
3674,2,381.1,AKJ,ICN
3675,2,372.8,AKJ,ICN
3676,2,364.6,AKJ,ICN
3677,2,356.5,AKJ,ICN
3678,2,348.5,AKJ,ICN
3679,2,341.0,AKJ,ICN
3680,2,333.9,AKJ,ICN
3681,2,327.9,AKJ,ICN
3682,2,323.9,AKJ,ICN
3683,2,323.2,AKJ,ICN
3684,2,326.0,AKJ,ICN
3685,2,331.3,AKJ,ICN
3686,2,337.9,AKJ,ICN
3687,2,345.3,AKJ,ICN
3688,2,353.1,AKJ,ICN
3689,2,361.2,AKJ,ICN
3690,2,369.3,AKJ,ICN
3691,2,377.6,AKJ,ICN
3692,2,386.0,AKJ,ICN
3693,2,394.4,AKJ,ICN
3694,2,402.8,AKJ,ICN
3695,2,411.3,AKJ,ICN
3696,2,419.8,AKJ,ICN
3697,2,428.3,AKJ,ICN
3698,2,436.8,AKJ,ICN
3699,2,445.4,AKJ,ICN
3700,2,453.9,AKJ,ICN
3701,2,462.5,AKJ,ICN
3702,2,471.0,AKJ,ICN
3703,2,479.6,AKJ,ICN
3704,2,488.2,AKJ,ICN
3705,2,496.7,AKJ,ICN
3706,2,505.3,AKJ,ICN
3707,2,513.9,AKJ,ICN
3708,2,548.3,AKJ,ICN
3709,2,368.4,AKJ,ICN
3710,2,360.9,AKJ,ICN
3711,2,353.7,AKJ,ICN
3712,2,347.0,AKJ,ICN
3713,2,341.1,AKJ,ICN
3714,2,336.5,AKJ,ICN
3715,2,333.6,AKJ,ICN
3716,2,333.1,AKJ,ICN
3717,2,335.0,AKJ,ICN
3718,2,339.0,AKJ,ICN
3719,2,344.4,AKJ,ICN
3720,2,350.8,AKJ,ICN
3721,2,357.8,AKJ,ICN
3722,2,365.2,AKJ,ICN
3723,2,372.9,AKJ,ICN
3724,2,380.8,AKJ,ICN
3725,2,388.8,AKJ,ICN
3726,2,397.0,AKJ,ICN
3727,2,405.2,AKJ,ICN
3728,2,413.5,AKJ,ICN
3729,2,421.8,AKJ,ICN
3730,2,430.2,AKJ,ICN
3731,2,438.6,AKJ,ICN
3732,2,447.0,AKJ,ICN
3733,2,455.4,AKJ,ICN
3734,2,463.9,AKJ,ICN
3735,2,497.9,AKJ,ICN
3736,2,506.4,AKJ,ICN
3737,2,514.9,AKJ,ICN
3738,2,557.6,AKJ,ICN
3739,2,566.2,AKJ,ICN
3740,2,373.5,AKJ,ICN
3741,2,366.6,AKJ,ICN
3742,2,360.1,AKJ,ICN
3743,2,354.3,AKJ,ICN
3744,2,349.4,AKJ,ICN
3745,2,345.7,AKJ,ICN
3746,2,343.5,AKJ,ICN
3747,2,343.1,AKJ,ICN
3748,2,344.6,AKJ,ICN
3749,2,347.7,AKJ,ICN
3750,2,352.1,AKJ,ICN
3751,2,357.6,AKJ,ICN
3752,2,363.8,AKJ,ICN
3753,2,370.6,AKJ,ICN
3754,2,377.7,AKJ,ICN
3755,2,385.1,AKJ,ICN
3756,2,392.8,AKJ,ICN
3757,2,400.5,AKJ,ICN
3758,2,408.5,AKJ,ICN
3759,2,416.5,AKJ,ICN
3760,2,424.6,AKJ,ICN
3761,2,432.8,AKJ,ICN
3762,2,441.0,AKJ,ICN
3763,2,449.3,AKJ,ICN
3764,2,507.9,AKJ,ICN
3765,2,516.4,AKJ,ICN
3766,2,524.9,AKJ,ICN
3767,2,567.3,AKJ,ICN
3768,2,575.8,AKJ,ICN
3769,2,379.6,AKJ,ICN
3770,2,373.3,AKJ,ICN
3771,2,367.5,AKJ,ICN
3772,2,362.4,AKJ,ICN
3773,2,358.3,AKJ,ICN
3774,2,355.2,AKJ,ICN
3775,2,353.4,AKJ,ICN
3776,2,353.1,AKJ,ICN
3777,2,354.3,AKJ,ICN
3778,2,356.8,AKJ,ICN
3779,2,360.6,AKJ,ICN
3780,2,365.3,AKJ,ICN
3781,2,370.8,AKJ,ICN
3782,2,376.9,AKJ,ICN
3783,2,383.5,AKJ,ICN
3784,2,390.4,AKJ,ICN
3785,2,397.6,AKJ,ICN
3786,2,405.0,AKJ,ICN
3787,2,412.6,AKJ,ICN
3788,2,420.3,AKJ,ICN
3789,2,428.1,AKJ,ICN
3790,2,436.1,AKJ,ICN
3791,2,444.1,AKJ,ICN
3792,2,518.3,AKJ,ICN
3793,2,526.7,AKJ,ICN
3794,2,577.3,AKJ,ICN
3795,2,386.4,AKJ,ICN
3796,2,380.7,AKJ,ICN
3797,2,375.5,AKJ,ICN
3798,2,371.1,AKJ,ICN
3799,2,367.5,AKJ,ICN
3800,2,364.9,AKJ,ICN
3801,2,363.4,AKJ,ICN
3802,2,363.1,AKJ,ICN
3803,2,364.1,AKJ,ICN
3804,2,366.2,AKJ,ICN
3805,2,369.5,AKJ,ICN
3806,2,373.6,AKJ,ICN
3807,2,378.5,AKJ,ICN
3808,2,384.0,AKJ,ICN
3809,2,390.0,AKJ,ICN
3810,2,396.4,AKJ,ICN
3811,2,403.2,AKJ,ICN
3812,2,410.2,AKJ,ICN
3813,2,417.4,AKJ,ICN
3814,2,537.3,AKJ,ICN
3815,2,587.5,AKJ,ICN
3816,2,595.9,AKJ,ICN
3817,2,393.9,AKJ,ICN
3818,2,388.6,AKJ,ICN
3819,2,384.0,AKJ,ICN
3820,2,380.0,AKJ,ICN
3821,2,376.9,AKJ,ICN
3822,2,374.6,AKJ,ICN
3823,2,373.4,AKJ,ICN
3824,2,373.1,AKJ,ICN
3825,2,374.0,AKJ,ICN
3826,2,375.8,AKJ,ICN
3827,2,378.6,AKJ,ICN
3828,2,382.3,AKJ,ICN
3829,2,386.6,AKJ,ICN
3830,2,391.6,AKJ,ICN
3831,2,397.1,AKJ,ICN
3832,2,403.1,AKJ,ICN
3833,2,409.4,AKJ,ICN
3834,2,597.9,AKJ,ICN
3835,2,606.2,AKJ,ICN
3836,2,614.6,AKJ,ICN
3837,2,401.8,AKJ,ICN
3838,2,397.0,AKJ,ICN
3839,2,392.8,AKJ,ICN
3840,2,389.2,AKJ,ICN
3841,2,386.4,AKJ,ICN
3842,2,384.4,AKJ,ICN
3843,2,383.3,AKJ,ICN
3844,2,383.1,AKJ,ICN
3845,2,383.9,AKJ,ICN
3846,2,385.5,AKJ,ICN
3847,2,388.0,AKJ,ICN
3848,2,391.2,AKJ,ICN
3849,2,395.2,AKJ,ICN
3850,2,399.7,AKJ,ICN
3851,2,404.8,AKJ,ICN
3852,2,600.2,AKJ,ICN
3853,2,608.5,AKJ,ICN
3854,2,616.8,AKJ,ICN
3855,2,625.1,AKJ,ICN
3856,2,633.4,AKJ,ICN
3857,2,405.6,AKJ,ICN
3858,2,401.8,AKJ,ICN
3859,2,398.6,AKJ,ICN
3860,2,396.1,AKJ,ICN
3861,2,394.3,AKJ,ICN
3862,2,393.3,AKJ,ICN
3863,2,393.2,AKJ,ICN
3864,2,393.8,AKJ,ICN
3865,2,395.3,AKJ,ICN
3866,2,397.5,AKJ,ICN
3867,2,400.4,AKJ,ICN
3868,2,404.0,AKJ,ICN
3869,2,408.1,AKJ,ICN
3870,2,611.0,AKJ,ICN
3871,2,414.5,AKJ,ICN
3872,2,411.0,AKJ,ICN
3873,2,408.1,AKJ,ICN
3874,2,405.8,AKJ,ICN
3875,2,404.2,AKJ,ICN
3876,2,403.3,AKJ,ICN
3877,2,403.2,AKJ,ICN
3878,2,403.8,AKJ,ICN
3879,2,405.1,AKJ,ICN
3880,2,407.1,AKJ,ICN
3881,2,409.7,AKJ,ICN
3882,2,423.6,AKJ,ICN
3883,2,420.3,AKJ,ICN
3884,2,417.7,AKJ,ICN
3885,2,415.6,AKJ,ICN
3886,2,414.1,AKJ,ICN
3887,2,413.3,AKJ,ICN
3888,2,413.2,AKJ,ICN
3889,2,413.7,AKJ,ICN
3890,2,414.9,AKJ,ICN
3891,2,416.7,AKJ,ICN
3892,2,432.8,AKJ,ICN
3893,2,429.8,AKJ,ICN
3894,2,427.3,AKJ,ICN
3895,2,425.4,AKJ,ICN
3896,2,424.1,AKJ,ICN
3897,2,423.3,AKJ,ICN
3898,2,423.2,AKJ,ICN
3899,2,423.7,AKJ,ICN
3900,2,424.8,AKJ,ICN
3901,2,442.1,AKJ,ICN
3902,2,439.3,AKJ,ICN
3903,2,437.0,AKJ,ICN
3904,2,435.2,AKJ,ICN
3905,2,434.0,AKJ,ICN
3906,2,433.3,AKJ,ICN
3907,2,433.2,AKJ,ICN
3908,2,433.7,AKJ,ICN
3909,2,454.5,AKJ,ICN
3910,2,451.5,AKJ,ICN
3911,2,448.9,AKJ,ICN
3912,2,446.8,AKJ,ICN
3913,2,445.1,AKJ,ICN
3914,2,444.0,AKJ,ICN
3915,2,443.3,AKJ,ICN
3916,2,443.2,AKJ,ICN
3917,2,463.8,AKJ,ICN
3918,2,461.0,AKJ,ICN
3919,2,458.5,AKJ,ICN
3920,2,456.5,AKJ,ICN
3921,2,455.0,AKJ,ICN
3922,2,453.9,AKJ,ICN
3923,2,453.4,AKJ,ICN
3924,2,453.3,AKJ,ICN
3925,2,476.3,AKJ,ICN
3926,2,473.2,AKJ,ICN
3927,2,470.5,AKJ,ICN
3928,2,468.2,AKJ,ICN
3929,2,466.4,AKJ,ICN
3930,2,464.9,AKJ,ICN
3931,2,463.9,AKJ,ICN
3932,2,463.4,AKJ,ICN
3933,2,500.4,AKJ,ICN
3934,2,496.3,AKJ,ICN
3935,2,485.5,AKJ,ICN
3936,2,482.6,AKJ,ICN
3937,2,480.1,AKJ,ICN
3938,2,477.9,AKJ,ICN
3939,2,476.2,AKJ,ICN
3940,2,474.8,AKJ,ICN
3941,2,473.9,AKJ,ICN
3942,2,494.9,AKJ,ICN
3943,2,492.1,AKJ,ICN
3944,2,489.7,AKJ,ICN
3945,2,487.7,AKJ,ICN
3946,2,486.0,AKJ,ICN
3947,2,484.8,AKJ,ICN
3948,2,501.7,AKJ,ICN
3949,2,499.4,AKJ,ICN
3950,2,497.5,AKJ,ICN
3951,2,495.9,AKJ,ICN
3952,2,507.3,AKJ,ICN
0,3,454.8,SHI,ICN
1,3,444.8,SHI,ICN
2,3,441.1,SHI,ICN
3,3,401.2,SHI,ICN
4,3,407.0,SHI,ICN
5,3,396.9,SHI,ICN
6,3,313.5,SHI,ICN
7,3,323.4,SHI,ICN
8,3,300.4,SHI,ICN
9,3,311.1,SHI,ICN
10,3,276.1,OKA,PUS
11,3,267.4,OKA,PUS
12,3,278.1,OKA,PUS
13,3,281.3,OKA,PUS
14,3,288.8,OKA,PUS
15,3,296.0,OKA,PUS
16,3,304.8,OKA,PUS
17,3,303.2,OKA,PUS
18,3,317.7,OKA,PUS
19,3,325.2,OKA,PUS
20,3,1264.1,FSZ,ICN
21,3,325.7,OKA,PUS
22,3,332.3,OKA,PUS
23,3,339.9,OKA,PUS
24,3,1254.8,FSZ,ICN
25,3,326.5,OKA,PUS
26,3,346.9,OKA,PUS
27,3,354.5,OKA,PUS
28,3,361.5,OKA,PUS
29,3,479.2,OKA,PUS
30,3,487.2,OKA,PUS
31,3,530.2,OKA,PUS
32,3,544.6,OKA,PUS
33,3,546.3,OKA,PUS
34,3,552.5,OKA,PUS
35,3,560.6,OKA,PUS
36,3,566.9,OKA,PUS
37,3,601.6,OKA,PUS
38,3,581.2,OKA,PUS
39,3,587.8,OKA,PUS
40,3,508.0,KOJ,ICN
41,3,463.2,KOJ,ICN
42,3,421.0,KOJ,ICN
43,3,419.8,KOJ,ICN
44,3,411.1,KOJ,ICN
45,3,409.8,KOJ,ICN
46,3,401.2,KOJ,ICN
47,3,399.9,KOJ,ICN
48,3,399.9,KOJ,ICN
49,3,381.5,KOJ,ICN
50,3,371.7,KOJ,ICN
51,3,319.1,KOJ,ICN
52,3,320.5,KOJ,ICN
53,3,310.7,KOJ,ICN
54,3,309.1,KOJ,ICN
55,3,310.8,KOJ,ICN
56,3,313.9,KOJ,ICN
57,3,315.9,KOJ,ICN
58,3,309.7,KOJ,ICN
59,3,304.7,KOJ,ICN
60,3,301.1,KOJ,ICN
61,3,301.1,KOJ,ICN
62,3,304.7,KOJ,ICN
63,3,309.7,KOJ,ICN
64,3,316.3,KOJ,ICN
65,3,301.6,KOJ,ICN
66,3,295.8,KOJ,ICN
67,3,289.2,KOJ,ICN
68,3,291.5,KOJ,ICN
69,3,295.8,KOJ,ICN
70,3,301.0,KMI,ICN
71,3,294.3,KOJ,ICN
72,3,287.5,KOJ,ICN
73,3,279.3,KOJ,ICN
74,3,282.2,KOJ,ICN
75,3,287.5,KOJ,ICN
76,3,294.3,KOJ,ICN
77,3,295.5,KMI,ICN
78,3,291.4,KMI,ICN
79,3,288.1,KOJ,ICN
80,3,280.0,KOJ,ICN
81,3,273.4,KOJ,ICN
82,3,269.4,KOJ,ICN
83,3,273.4,KOJ,ICN
84,3,280.1,KOJ,ICN
85,3,288.1,KOJ,ICN
86,3,287.0,KMI,ICN
87,3,282.0,KMI,ICN
88,3,342.9,KOJ,ICN
89,3,283.5,KOJ,ICN
90,3,274.2,KOJ,ICN
91,3,265.8,KOJ,ICN
92,3,265.8,KOJ,ICN
93,3,274.2,KOJ,ICN
94,3,283.5,KOJ,ICN
95,3,279.6,KMI,ICN
96,3,273.0,KMI,ICN
97,3,269.5,KMI,ICN
98,3,291.3,KOJ,ICN
99,3,281.2,KOJ,ICN
100,3,271.1,KOJ,ICN
101,3,261.1,KOJ,ICN
102,3,251.6,KOJ,ICN
103,3,251.6,KOJ,ICN
104,3,261.2,KOJ,ICN
105,3,271.2,KOJ,ICN
106,3,281.3,KOJ,ICN
107,3,273.8,KMI,ICN
108,3,265.3,KMI,ICN
109,3,259.7,KMI,ICN
110,3,321.9,KOJ,ICN
111,3,291.7,KOJ,ICN
112,3,281.7,KOJ,ICN
113,3,271.8,KOJ,ICN
114,3,262.2,KOJ,ICN
115,3,254.0,KOJ,ICN
116,3,254.0,KOJ,ICN
117,3,262.2,KOJ,ICN
118,3,271.8,KOJ,ICN
119,3,281.3,KMI,ICN
120,3,271.2,KMI,ICN
121,3,261.1,KMI,ICN
122,3,251.2,KMI,ICN
123,3,294.2,KOJ,ICN
124,3,284.8,KOJ,ICN
125,3,276.0,KOJ,ICN
126,3,268.2,KOJ,ICN
127,3,263.1,KOJ,ICN
128,3,263.1,KOJ,ICN
129,3,268.2,KOJ,ICN
130,3,276.0,KOJ,ICN
131,3,282.3,KMI,ICN
132,3,272.7,KMI,ICN
133,3,263.5,KMI,ICN
134,3,256.9,KMI,ICN
135,3,298.5,KOJ,ICN
136,3,290.0,KOJ,ICN
137,3,282.4,KOJ,ICN
138,3,276.4,KOJ,ICN
139,3,272.8,KOJ,ICN
140,3,272.8,KOJ,ICN
141,3,276.4,KOJ,ICN
142,3,282.5,KOJ,ICN
143,3,286.1,KMI,ICN
144,3,277.6,KMI,ICN
145,3,270.6,KMI,ICN
146,3,266.7,KMI,ICN
147,3,312.3,KOJ,ICN
148,3,290.2,KOJ,ICN
149,3,285.4,KOJ,ICN
150,3,282.7,KOJ,ICN
151,3,282.7,KOJ,ICN
152,3,285.4,KOJ,ICN
153,3,290.3,KOJ,ICN
154,3,291.8,KMI,ICN
155,3,284.7,KMI,ICN
156,3,279.3,KMI,ICN
157,3,276.6,KMI,ICN
158,3,277.3,KMI,ICN
159,3,312.3,NGS,ICN
160,3,291.6,KMJ,PUS
161,3,287.2,KMJ,PUS
162,3,284.0,KMJ,PUS
163,3,282.2,KMJ,PUS
164,3,281.8,KMJ,PUS
165,3,282.9,KMJ,PUS
166,3,285.4,KMJ,PUS
167,3,289.1,KMJ,PUS
168,3,288.6,KMI,ICN
169,3,286.6,KMI,ICN
170,3,287.1,KMI,ICN
171,3,302.4,NGS,ICN
172,3,303.1,KMJ,PUS
173,3,288.9,KMJ,PUS
174,3,278.0,KMJ,PUS
175,3,274.4,KMJ,PUS
176,3,272.2,KMJ,PUS
177,3,271.8,KMJ,PUS
178,3,273.0,KMJ,PUS
179,3,275.9,KMJ,PUS
180,3,280.2,KMJ,PUS
181,3,285.7,KMJ,PUS
182,3,292.0,KMJ,PUS
183,3,297.0,KMI,ICN
184,3,292.5,NGS,ICN
185,3,295.1,NGS,ICN
186,3,269.2,KMJ,PUS
187,3,264.9,KMJ,PUS
188,3,262.3,KMJ,PUS
189,3,261.8,KMJ,PUS
190,3,263.3,KMJ,PUS
191,3,266.7,KMJ,PUS
192,3,271.7,KMJ,PUS
193,3,277.9,KMJ,PUS
194,3,284.9,KMJ,PUS
195,3,292.6,KMJ,PUS
196,3,300.8,KMJ,PUS
197,3,285.7,NGS,ICN
198,3,274.8,KMJ,PUS
199,3,260.7,KMJ,PUS
200,3,255.6,KMJ,PUS
201,3,252.5,KMJ,PUS
202,3,251.8,KMJ,PUS
203,3,253.7,KMJ,PUS
204,3,257.8,KMJ,PUS
205,3,263.7,KMJ,PUS
206,3,270.7,KMJ,PUS
207,3,278.6,KMJ,PUS
208,3,286.9,KMJ,PUS
209,3,295.7,KMJ,PUS
210,3,260.7,KMJ,PUS
211,3,246.8,KMJ,PUS
212,3,242.7,KMJ,PUS
213,3,241.8,KMJ,PUS
214,3,244.3,KMJ,PUS
215,3,249.6,KMJ,PUS
216,3,256.6,KMJ,PUS
217,3,264.6,KMJ,PUS
218,3,273.2,KMJ,PUS
219,3,282.3,KMJ,PUS
220,3,291.5,KMJ,PUS
221,3,348.4,NGS,ICN
222,3,338.6,NGS,ICN
223,3,274.2,KMJ,PUS
224,3,264.7,KMJ,PUS
225,3,246.7,KMJ,PUS
226,3,238.9,KMJ,PUS
227,3,233.2,KMJ,PUS
228,3,231.8,KMJ,PUS
229,3,235.5,KMJ,PUS
230,3,242.4,KMJ,PUS
231,3,250.8,KMJ,PUS
232,3,259.8,KMJ,PUS
233,3,269.2,KMJ,PUS
234,3,278.8,KMJ,PUS
235,3,288.5,KMJ,PUS
236,3,298.3,KMJ,PUS
237,3,254.3,NGS,ICN
238,3,251.6,NGS,ICN
239,3,254.3,NGS,ICN
240,3,269.2,NGS,ICN
241,3,262.1,KMJ,PUS
242,3,233.0,KMJ,PUS
243,3,224.7,KMJ,PUS
244,3,222.0,KMJ,PUS
245,3,228.4,KMJ,PUS
246,3,237.4,KMJ,PUS
247,3,247.1,KMJ,PUS
248,3,256.9,KMJ,PUS
249,3,266.8,KMJ,PUS
250,3,276.7,KMJ,PUS
251,3,286.7,KMJ,PUS
252,3,296.7,KMJ,PUS
253,3,306.6,KMJ,PUS
254,3,336.7,MYJ,PUS
255,3,325.2,NGS,ICN
256,3,315.2,NGS,ICN
257,3,255.9,NGS,ICN
258,3,246.9,NGS,ICN
259,3,241.6,NGS,ICN
260,3,246.8,NGS,ICN
261,3,255.9,NGS,ICN
262,3,265.5,NGS,ICN
263,3,241.4,KMJ,PUS
264,3,231.4,KMJ,PUS
265,3,221.5,KMJ,PUS
266,3,216.7,KMJ,PUS
267,3,226.2,KMJ,PUS
268,3,236.1,KMJ,PUS
269,3,246.1,KMJ,PUS
270,3,256.1,KMJ,PUS
271,3,266.2,KMJ,PUS
272,3,276.2,KMJ,PUS
273,3,286.2,KMJ,PUS
274,3,296.2,KMJ,PUS
275,3,306.3,KMJ,PUS
276,3,311.2,OIT,ICN
277,3,326.3,MYJ,PUS
278,3,326.8,MYJ,PUS
279,3,328.2,MYJ,PUS
280,3,315.0,NGS,ICN
281,3,255.0,NGS,ICN
282,3,245.2,NGS,ICN
283,3,245.2,NGS,ICN
284,3,255.0,NGS,ICN
285,3,253.2,KMJ,PUS
286,3,243.8,KMJ,PUS
287,3,235.0,KMJ,PUS
288,3,227.8,KMJ,PUS
289,3,225.8,KMJ,PUS
290,3,230.9,KMJ,PUS
291,3,239.0,KMJ,PUS
292,3,248.2,KMJ,PUS
293,3,257.7,KMJ,PUS
294,3,267.5,KMJ,PUS
295,3,277.3,KMJ,PUS
296,3,287.1,KMJ,PUS
297,3,297.0,KMJ,PUS
298,3,299.2,OIT,ICN
299,3,301.7,OIT,ICN
300,3,305.6,OIT,ICN
301,3,316.7,MYJ,PUS
302,3,316.2,MYJ,PUS
303,3,316.8,MYJ,PUS
304,3,318.4,MYJ,PUS
305,3,315.9,NGS,ICN
306,3,267.5,NGS,ICN
307,3,258.7,NGS,ICN
308,3,247.9,NGS,ICN
309,3,251.2,NGS,ICN
310,3,255.1,HSG,ICN
311,3,253.3,HSG,ICN
312,3,249.0,KMJ,PUS
313,3,241.8,KMJ,PUS
314,3,236.9,KMJ,PUS
315,3,235.8,KMJ,PUS
316,3,238.9,KMJ,PUS
317,3,245.0,KMJ,PUS
318,3,252.8,KMJ,PUS
319,3,261.4,KMJ,PUS
320,3,270.5,KMJ,PUS
321,3,279.9,KMJ,PUS
322,3,289.3,OIT,ICN
323,3,288.3,OIT,ICN
324,3,289.4,OIT,ICN
325,3,308.3,MYJ,PUS
326,3,306.7,MYJ,PUS
327,3,306.2,MYJ,PUS
328,3,306.8,MYJ,PUS
329,3,308.6,MYJ,PUS
330,3,311.3,MYJ,PUS
331,3,265.3,NGS,ICN
332,3,260.0,NGS,ICN
333,3,257.9,NGS,ICN
334,3,259.9,NGS,ICN
335,3,248.6,HSG,ICN
336,3,256.0,KMJ,PUS
337,3,250.2,KMJ,PUS
338,3,246.5,KMJ,PUS
339,3,245.7,KMJ,PUS
340,3,248.0,KMJ,PUS
341,3,252.7,KMJ,PUS
342,3,259.2,KMJ,PUS
343,3,266.8,KMJ,PUS
344,3,275.1,KMJ,PUS
345,3,283.0,OIT,ICN
346,3,279.5,OIT,ICN
347,3,278.3,OIT,ICN
348,3,296.8,MYJ,PUS
349,3,296.2,MYJ,PUS
350,3,296.9,MYJ,PUS
351,3,298.8,MYJ,PUS
352,3,301.9,MYJ,PUS
353,3,306.0,MYJ,PUS
354,3,503.4,FSZ,ICN
355,3,509.4,FSZ,ICN
356,3,321.4,NGS,ICN
357,3,279.5,NGS,ICN
358,3,273.5,NGS,ICN
359,3,269.4,NGS,ICN
360,3,267.9,NGS,ICN
361,3,261.7,HSG,ICN
362,3,252.3,HSG,ICN
363,3,244.1,HSG,ICN
364,3,242.8,HSG,ICN
365,3,248.1,FUK,PUS
366,3,249.2,FUK,PUS
367,3,252.6,FUK,PUS
368,3,256.4,KMJ,PUS
369,3,255.7,KMJ,PUS
370,3,257.4,KMJ,PUS
371,3,261.2,KMJ,PUS
372,3,266.7,KMJ,PUS
373,3,273.3,KMJ,PUS
374,3,280.7,OIT,ICN
375,3,274.3,OIT,ICN
376,3,269.9,OIT,ICN
377,3,268.3,OIT,ICN
378,3,270.0,OIT,ICN
379,3,286.8,MYJ,PUS
380,3,286.2,MYJ,PUS
381,3,287.0,MYJ,PUS
382,3,289.2,MYJ,PUS
383,3,292.7,MYJ,PUS
384,3,297.3,MYJ,PUS
385,3,293.6,NGS,ICN
386,3,287.3,NGS,ICN
387,3,282.3,NGS,ICN
388,3,274.3,FUK,PUS
389,3,265.7,FUK,PUS
390,3,257.5,FUK,PUS
391,3,250.1,FUK,PUS
392,3,243.9,FUK,PUS
393,3,239.6,FUK,PUS
394,3,238.0,FUK,PUS
395,3,239.6,FUK,PUS
396,3,243.9,FUK,PUS
397,3,250.0,FUK,PUS
398,3,257.5,FUK,PUS
399,3,265.6,FUK,PUS
400,3,270.3,KMJ,PUS
401,3,274.9,KMJ,PUS
402,3,280.7,KMJ,PUS
403,3,274.4,OIT,ICN
404,3,276.9,MYJ,PUS
405,3,276.2,MYJ,PUS
406,3,277.1,MYJ,PUS
407,3,279.7,MYJ,PUS
408,3,283.7,MYJ,PUS
409,3,288.8,MYJ,PUS
410,3,294.9,MYJ,PUS
411,3,261.0,FUK,PUS
412,3,252.0,FUK,PUS
413,3,243.5,FUK,PUS
414,3,236.0,FUK,PUS
415,3,230.3,FUK,PUS
416,3,228.0,FUK,PUS
417,3,230.2,FUK,PUS
418,3,235.9,FUK,PUS
419,3,243.5,FUK,PUS
420,3,252.0,FUK,PUS
421,3,261.0,FUK,PUS
422,3,270.2,FUK,PUS
423,3,279.7,FUK,PUS
424,3,279.6,OIT,ICN
425,3,270.0,OIT,ICN
426,3,260.7,OIT,ICN
427,3,252.4,OIT,ICN
428,3,269.9,MYJ,PUS
429,3,267.1,MYJ,PUS
430,3,266.2,MYJ,PUS
431,3,267.3,MYJ,PUS
432,3,270.3,MYJ,PUS
433,3,275.0,MYJ,PUS
434,3,280.8,MYJ,PUS
435,3,287.7,MYJ,PUS
436,3,339.3,TAK,ICN
437,3,340.7,TAK,ICN
438,3,257.9,FUK,PUS
439,3,238.8,FUK,PUS
440,3,229.7,FUK,PUS
441,3,221.8,FUK,PUS
442,3,218.0,FUK,PUS
443,3,221.8,FUK,PUS
444,3,229.7,FUK,PUS
445,3,238.7,FUK,PUS
446,3,248.2,FUK,PUS
447,3,257.9,FUK,PUS
448,3,267.6,FUK,PUS
449,3,276.3,KKJ,ICN
450,3,278.6,OIT,ICN
451,3,268.6,OIT,ICN
452,3,258.6,OIT,ICN
453,3,248.7,OIT,ICN
454,3,266.1,MYJ,PUS
455,3,260.8,MYJ,PUS
456,3,257.3,MYJ,PUS
457,3,256.1,MYJ,PUS
458,3,257.6,MYJ,PUS
459,3,261.3,MYJ,PUS
460,3,266.8,MYJ,PUS
461,3,273.5,MYJ,PUS
462,3,281.2,MYJ,PUS
463,3,289.3,MYJ,PUS
464,3,297.9,MYJ,PUS
465,3,329.0,TAK,ICN
466,3,329.3,TAK,ICN
467,3,330.9,TAK,ICN
468,3,346.9,KIX,PUS
469,3,236.8,FUK,PUS
470,3,226.8,FUK,PUS
471,3,216.9,FUK,PUS
472,3,208.0,FUK,PUS
473,3,216.9,FUK,PUS
474,3,226.8,FUK,PUS
475,3,236.7,FUK,PUS
476,3,246.7,FUK,PUS
477,3,256.6,FUK,PUS
478,3,263.9,KKJ,ICN
479,3,267.1,KKJ,ICN
480,3,272.7,KKJ,ICN
481,3,261.4,OIT,ICN
482,3,253.4,OIT,ICN
483,3,252.2,MYJ,PUS
484,3,247.7,MYJ,PUS
485,3,246.1,MYJ,PUS
486,3,248.0,MYJ,PUS
487,3,252.8,MYJ,PUS
488,3,259.4,MYJ,PUS
489,3,267.2,MYJ,PUS
490,3,275.7,MYJ,PUS
491,3,284.5,MYJ,PUS
492,3,293.6,MYJ,PUS
493,3,302.9,MYJ,PUS
494,3,312.4,MYJ,PUS
495,3,321.9,MYJ,PUS
496,3,319.9,TAK,ICN
497,3,319.0,TAK,ICN
498,3,319.4,TAK,ICN
499,3,321.1,TAK,ICN
500,3,331.2,KIX,PUS
501,3,334.0,KIX,PUS
502,3,337.7,KIX,PUS
503,3,342.2,KIX,PUS
504,3,215.8,FUK,PUS
505,3,220.2,FUK,PUS
506,3,228.6,FUK,PUS
507,3,238.0,FUK,PUS
508,3,247.6,FUK,PUS
509,3,253.8,KKJ,ICN
510,3,267.5,OIT,ICN
511,3,261.8,OIT,ICN
512,3,236.1,MYJ,PUS
513,3,238.9,MYJ,PUS
514,3,245.3,MYJ,PUS
515,3,253.4,MYJ,PUS
516,3,262.3,MYJ,PUS
517,3,271.5,MYJ,PUS
518,3,280.9,MYJ,PUS
519,3,290.5,MYJ,PUS
520,3,300.2,MYJ,PUS
521,3,309.9,MYJ,PUS
522,3,312.7,TAK,ICN
523,3,310.0,TAK,ICN
524,3,308.9,TAK,ICN
525,3,309.4,TAK,ICN
526,3,311.5,TAK,ICN
527,3,310.2,TKS,ICN
528,3,306.3,TKS,ICN
529,3,319.4,KIX,PUS
530,3,321.5,KIX,PUS
531,3,324.6,KIX,PUS
532,3,328.7,KIX,PUS
533,3,333.6,KIX,PUS
534,3,339.1,KIX,PUS
535,3,279.0,FUK,PUS
536,3,228.2,FUK,PUS
537,3,234.3,FUK,PUS
538,3,242.2,FUK,PUS
539,3,250.8,KKJ,ICN
540,3,244.2,KKJ,ICN
541,3,226.1,MYJ,PUS
542,3,231.3,MYJ,PUS
543,3,240.1,MYJ,PUS
544,3,249.5,MYJ,PUS
545,3,259.2,MYJ,PUS
546,3,269.0,MYJ,PUS
547,3,278.8,MYJ,PUS
548,3,288.7,MYJ,PUS
549,3,298.5,MYJ,PUS
550,3,307.9,TAK,ICN
551,3,303.3,TAK,ICN
552,3,300.2,TAK,ICN
553,3,298.9,TAK,ICN
554,3,299.5,TAK,ICN
555,3,301.9,TAK,ICN
556,3,301.5,TKS,ICN
557,3,296.9,TKS,ICN
558,3,294.2,TKS,ICN
559,3,309.5,KIX,PUS
560,3,311.8,KIX,PUS
561,3,315.3,KIX,PUS
562,3,319.8,KIX,PUS
563,3,325.2,KIX,PUS
564,3,331.3,KIX,PUS
565,3,282.2,FUK,PUS
566,3,237.5,FUK,PUS
567,3,242.0,FUK,PUS
568,3,248.4,FUK,PUS
569,3,247.6,KKJ,ICN
570,3,220.4,MYJ,PUS
571,3,228.9,MYJ,PUS
572,3,238.7,MYJ,PUS
573,3,248.6,MYJ,PUS
574,3,258.5,MYJ,PUS
575,3,268.4,MYJ,PUS
576,3,278.3,MYJ,PUS
577,3,288.2,MYJ,PUS
578,3,298.1,MYJ,PUS
579,3,299.6,TAK,ICN
580,3,294.3,TAK,ICN
581,3,290.5,TAK,ICN
582,3,288.9,TAK,ICN
583,3,289.6,TAK,ICN
584,3,292.6,TAK,ICN
585,3,293.4,TKS,ICN
586,3,287.8,TKS,ICN
587,3,284.4,TKS,ICN
588,3,283.7,TKS,ICN
589,3,298.6,KIX,PUS
590,3,298.3,KIX,PUS
591,3,299.6,KIX,PUS
592,3,302.3,KIX,PUS
593,3,306.3,KIX,PUS
594,3,311.3,KIX,PUS
595,3,317.2,KIX,PUS
596,3,323.8,KIX,PUS
597,3,331.0,KIX,PUS
598,3,244.3,KKJ,ICN
599,3,278.4,MYJ,PUS
600,3,259.2,MYJ,PUS
601,3,234.2,MYJ,PUS
602,3,241.9,MYJ,PUS
603,3,250.8,MYJ,PUS
604,3,269.8,MYJ,PUS
605,3,279.4,MYJ,PUS
606,3,289.2,MYJ,PUS
607,3,299.0,MYJ,PUS
608,3,292.1,TAK,ICN
609,3,285.7,TAK,ICN
610,3,281.0,TAK,ICN
611,3,278.9,TAK,ICN
612,3,279.9,TAK,ICN
613,3,283.6,TAK,ICN
614,3,286.3,TKS,ICN
615,3,279.4,TKS,ICN
616,3,274.7,TKS,ICN
617,3,273.8,TKS,ICN
618,3,288.6,KIX,PUS
619,3,288.3,KIX,PUS
620,3,289.9,KIX,PUS
621,3,293.0,KIX,PUS
622,3,297.6,KIX,PUS
623,3,303.2,KIX,PUS
624,3,309.7,KIX,PUS
625,3,316.9,KIX,PUS
626,3,324.6,KIX,PUS
627,3,332.7,KIX,PUS
628,3,253.9,KKJ,ICN
629,3,258.6,KKJ,ICN
630,3,265.7,KKJ,ICN
631,3,273.9,KKJ,ICN
632,3,282.7,KKJ,ICN
633,3,299.7,OIT,ICN
634,3,300.0,MYJ,PUS
635,3,290.5,MYJ,PUS
636,3,281.2,MYJ,PUS
637,3,272.0,MYJ,PUS
638,3,248.3,MYJ,PUS
639,3,255.7,MYJ,PUS
640,3,285.8,TAK,ICN
641,3,278.0,TAK,ICN
642,3,271.9,TAK,ICN
643,3,268.9,TAK,ICN
644,3,270.3,TAK,ICN
645,3,275.4,TAK,ICN
646,3,281.1,TKS,ICN
647,3,272.4,TKS,ICN
648,3,265.5,TKS,ICN
649,3,278.6,KIX,PUS
650,3,278.4,KIX,PUS
651,3,280.2,KIX,PUS
652,3,284.0,KIX,PUS
653,3,289.2,KIX,PUS
654,3,295.6,KIX,PUS
655,3,302.9,KIX,PUS
656,3,310.7,KIX,PUS
657,3,318.9,KIX,PUS
658,3,327.5,KIX,PUS
659,3,336.3,KIX,PUS
660,3,266.6,KKJ,ICN
661,3,263.7,KKJ,ICN
662,3,263.9,KKJ,ICN
663,3,267.1,KKJ,ICN
664,3,272.7,KKJ,ICN
665,3,279.7,KKJ,ICN
666,3,287.6,KKJ,ICN
667,3,296.1,KKJ,ICN
668,3,304.9,KKJ,ICN
669,3,303.2,MYJ,PUS
670,3,294.2,MYJ,PUS
671,3,285.3,MYJ,PUS
672,3,276.8,MYJ,PUS
673,3,255.7,MYJ,PUS
674,3,256.3,MYJ,PUS
675,3,262.4,MYJ,PUS
676,3,281.3,TAK,ICN
677,3,272.2,TAK,ICN
678,3,264.0,TAK,ICN
679,3,259.0,TAK,ICN
680,3,261.4,TAK,ICN
681,3,268.8,TAK,ICN
682,3,277.7,TAK,ICN
683,3,268.8,TKS,ICN
684,3,259.0,TKS,ICN
685,3,268.8,KIX,PUS
686,3,268.4,KIX,PUS
687,3,270.7,KIX,PUS
688,3,275.3,KIX,PUS
689,3,281.6,KIX,PUS
690,3,288.9,KIX,PUS
691,3,296.9,KIX,PUS
692,3,305.3,KIX,PUS
693,3,314.1,KIX,PUS
694,3,323.1,KIX,PUS
695,3,332.3,KIX,PUS
696,3,335.9,FUK,PUS
697,3,273.7,KKJ,ICN
698,3,273.8,KKJ,ICN
699,3,276.3,KKJ,ICN
700,3,280.8,KKJ,ICN
701,3,286.7,KKJ,ICN
702,3,293.7,KKJ,ICN
703,3,301.4,KKJ,ICN
704,3,309.6,KKJ,ICN
705,3,307.5,MYJ,PUS
706,3,298.9,MYJ,PUS
707,3,290.6,MYJ,PUS
708,3,282.8,MYJ,PUS
709,3,279.4,TAK,ICN
710,3,269.6,TAK,ICN
711,3,259.7,TAK,ICN
712,3,250.0,TAK,ICN
713,3,255.9,TAK,ICN
714,3,265.7,TAK,ICN
715,3,275.6,TAK,ICN
716,3,270.6,TKS,ICN
717,3,262.6,TKS,ICN
718,3,266.9,TKS,ICN
719,3,259.0,KIX,PUS
720,3,258.4,KIX,PUS
721,3,261.6,KIX,PUS
722,3,267.5,KIX,PUS
723,3,274.9,KIX,PUS
724,3,283.2,KIX,PUS
725,3,292.0,KIX,PUS
726,3,301.0,KIX,PUS
727,3,310.3,KIX,PUS
728,3,319.7,KIX,PUS
729,3,329.2,KIX,PUS
730,3,327.1,NGO,PUS
731,3,381.6,FSZ,ICN
732,3,341.5,FUK,PUS
733,3,333.6,FUK,PUS
734,3,283.6,KKJ,ICN
735,3,283.7,KKJ,ICN
736,3,285.8,KKJ,ICN
737,3,289.5,KKJ,ICN
738,3,294.6,KKJ,ICN
739,3,300.7,KKJ,ICN
740,3,307.7,KKJ,ICN
741,3,315.3,KKJ,ICN
742,3,312.6,MYJ,PUS
743,3,304.5,MYJ,PUS
744,3,296.9,MYJ,PUS
745,3,289.8,MYJ,PUS
746,3,283.4,MYJ,PUS
747,3,271.3,MYJ,PUS
748,3,265.4,HIJ,ICN
749,3,265.6,HIJ,ICN
750,3,271.4,TAK,ICN
751,3,262.7,TAK,ICN
752,3,257.1,TAK,ICN
753,3,259.9,TAK,ICN
754,3,267.9,TAK,ICN
755,3,274.0,TKS,ICN
756,3,272.3,KIX,PUS
757,3,249.4,KIX,PUS
758,3,248.6,KIX,PUS
759,3,253.4,KIX,PUS
760,3,261.1,KIX,PUS
761,3,269.8,KIX,PUS
762,3,279.0,KIX,PUS
763,3,288.5,KIX,PUS
764,3,298.0,KIX,PUS
765,3,307.7,KIX,PUS
766,3,317.4,KIX,PUS
767,3,324.3,NGO,PUS
768,3,318.5,NGO,PUS
769,3,313.6,NGO,PUS
770,3,309.8,NGO,PUS
771,3,306.3,NGO,PUS
772,3,347.6,FUK,PUS
773,3,293.7,KKJ,ICN
774,3,295.4,KKJ,ICN
775,3,298.6,KKJ,ICN
776,3,303.0,KKJ,ICN
777,3,308.5,KKJ,ICN
778,3,314.8,KKJ,ICN
779,3,321.8,KKJ,ICN
780,3,318.4,MYJ,PUS
781,3,310.9,MYJ,PUS
782,3,303.8,MYJ,PUS
783,3,297.4,MYJ,PUS
784,3,291.7,MYJ,PUS
785,3,286.9,MYJ,PUS
786,3,280.1,HIJ,ICN
787,3,270.4,HIJ,ICN
788,3,260.7,HIJ,ICN
789,3,251.6,HIJ,ICN
790,3,245.9,HIJ,ICN
791,3,251.9,HIJ,ICN
792,3,261.0,HIJ,ICN
793,3,280.4,HIJ,ICN
794,3,276.7,TAK,ICN
795,3,269.7,KIX,PUS
796,3,239.4,KIX,PUS
797,3,247.8,KIX,PUS
798,3,257.4,KIX,PUS
799,3,267.1,KIX,PUS
800,3,276.9,KIX,PUS
801,3,286.7,KIX,PUS
802,3,296.5,KIX,PUS
803,3,306.3,KIX,PUS
804,3,316.2,KIX,PUS
805,3,316.8,NGO,PUS
806,3,310.3,NGO,PUS
807,3,304.8,NGO,PUS
808,3,300.4,NGO,PUS
809,3,297.5,NGO,PUS
810,3,296.3,NGO,PUS
811,3,379.7,FSZ,ICN
812,3,346.9,FUK,PUS
813,3,316.7,KKJ,ICN
814,3,322.4,KKJ,ICN
815,3,328.8,KKJ,ICN
816,3,324.9,MYJ,PUS
817,3,317.9,MYJ,PUS
818,3,311.3,MYJ,PUS
819,3,305.4,MYJ,PUS
820,3,299.5,HIJ,ICN
821,3,289.7,HIJ,ICN
822,3,279.9,HIJ,ICN
823,3,270.2,HIJ,ICN
824,3,260.5,HIJ,ICN
825,3,251.1,HIJ,ICN
826,3,245.0,HIJ,ICN
827,3,251.4,HIJ,ICN
828,3,260.8,HIJ,ICN
829,3,270.5,HIJ,ICN
830,3,280.2,HIJ,ICN
831,3,290.0,HIJ,ICN
832,3,285.7,OKJ,ICN
833,3,276.6,OKJ,ICN
834,3,276.0,OKJ,ICN
835,3,277.0,TAK,ICN
836,3,288.0,TAK,ICN
837,3,269.8,KIX,PUS
838,3,248.2,KIX,PUS
839,3,257.6,KIX,PUS
840,3,267.2,KIX,PUS
841,3,277.0,KIX,PUS
842,3,286.7,KIX,PUS
843,3,296.5,KIX,PUS
844,3,306.4,KIX,PUS
845,3,316.2,KIX,PUS
846,3,310.0,NGO,PUS
847,3,302.8,NGO,PUS
848,3,296.4,NGO,PUS
849,3,291.3,NGO,PUS
850,3,287.7,NGO,PUS
851,3,286.2,NGO,PUS
852,3,354.1,FUK,PUS
853,3,330.5,KKJ,ICN
854,3,336.4,KKJ,ICN
855,3,331.9,MYJ,PUS
856,3,325.3,MYJ,PUS
857,3,319.3,MYJ,PUS
858,3,310.7,HIJ,ICN
859,3,301.1,HIJ,ICN
860,3,291.6,HIJ,ICN
861,3,282.3,HIJ,ICN
862,3,273.2,HIJ,ICN
863,3,264.8,HIJ,ICN
864,3,257.9,HIJ,ICN
865,3,255.0,HIJ,ICN
866,3,258.1,HIJ,ICN
867,3,265.0,HIJ,ICN
868,3,273.5,HIJ,ICN
869,3,282.6,HIJ,ICN
870,3,286.8,OKJ,ICN
871,3,278.7,OKJ,ICN
872,3,271.7,OKJ,ICN
873,3,267.0,OKJ,ICN
874,3,266.1,OKJ,ICN
875,3,269.4,OKJ,ICN
876,3,263.8,KIX,PUS
877,3,261.6,KIX,PUS
878,3,270.2,KIX,PUS
879,3,279.3,KIX,PUS
880,3,288.7,KIX,PUS
881,3,298.2,KIX,PUS
882,3,307.8,KIX,PUS
883,3,312.5,NGO,PUS
884,3,304.0,NGO,PUS
885,3,296.0,NGO,PUS
886,3,288.7,NGO,PUS
887,3,282.6,NGO,PUS
888,3,338.9,KKJ,ICN
889,3,344.3,KKJ,ICN
890,3,339.3,MYJ,PUS
891,3,332.2,HIJ,ICN
892,3,322.7,HIJ,ICN
893,3,313.4,HIJ,ICN
894,3,304.2,HIJ,ICN
895,3,295.3,HIJ,ICN
896,3,286.7,HIJ,ICN
897,3,278.7,HIJ,ICN
898,3,271.8,HIJ,ICN
899,3,266.8,HIJ,ICN
900,3,265.0,HIJ,ICN
901,3,267.0,HIJ,ICN
902,3,272.0,HIJ,ICN
903,3,279.0,HIJ,ICN
904,3,287.0,HIJ,ICN
905,3,282.7,OKJ,ICN
906,3,273.5,OKJ,ICN
907,3,264.8,OKJ,ICN
908,3,257.8,OKJ,ICN
909,3,256.2,OKJ,ICN
910,3,261.7,OKJ,ICN
911,3,269.9,OKJ,ICN
912,3,270.0,KIX,PUS
913,3,263.8,KIX,PUS
914,3,259.9,KIX,PUS
915,3,262.5,KIX,PUS
916,3,268.2,KIX,PUS
917,3,275.4,KIX,PUS
918,3,283.6,KIX,PUS
919,3,292.3,KIX,PUS
920,3,301.2,KIX,PUS
921,3,310.4,KIX,PUS
922,3,308.3,NGO,PUS
923,3,299.2,NGO,PUS
924,3,290.4,NGO,PUS
925,3,282.1,NGO,PUS
926,3,287.5,NGO,PUS
927,3,296.2,NGO,PUS
928,3,314.9,FSZ,ICN
929,3,290.7,FSZ,ICN
930,3,287.5,FSZ,ICN
931,3,332.2,FSZ,ICN
932,3,335.3,HIJ,ICN
933,3,326.2,HIJ,ICN
934,3,317.3,HIJ,ICN
935,3,308.7,HIJ,ICN
936,3,300.4,HIJ,ICN
937,3,292.7,HIJ,ICN
938,3,285.8,HIJ,ICN
939,3,280.1,HIJ,ICN
940,3,276.3,HIJ,ICN
941,3,275.0,HIJ,ICN
942,3,276.4,HIJ,ICN
943,3,280.3,HIJ,ICN
944,3,286.0,HIJ,ICN
945,3,290.9,OKJ,ICN
946,3,281.1,OKJ,ICN
947,3,271.3,OKJ,ICN
948,3,261.5,OKJ,ICN
949,3,251.7,OKJ,ICN
950,3,247.9,OKJ,ICN
951,3,257.5,OKJ,ICN
952,3,267.3,OKJ,ICN
953,3,277.1,OKJ,ICN
954,3,286.9,OKJ,ICN
955,3,296.8,OKJ,ICN
956,3,284.0,KIX,PUS
957,3,277.6,KIX,PUS
958,3,272.6,KIX,PUS
959,3,269.7,KIX,PUS
960,3,269.4,KIX,PUS
961,3,271.6,KIX,PUS
962,3,276.1,KIX,PUS
963,3,282.2,KIX,PUS
964,3,289.4,KIX,PUS
965,3,297.2,KIX,PUS
966,3,305.6,KIX,PUS
967,3,314.3,KIX,PUS
968,3,305.5,NGO,PUS
969,3,296.0,NGO,PUS
970,3,286.5,NGO,PUS
971,3,277.2,NGO,PUS
972,3,258.6,NGO,PUS
973,3,292.7,NGO,PUS
974,3,302.3,NGO,PUS
975,3,311.9,NGO,PUS
976,3,321.5,NGO,PUS
977,3,312.4,FSZ,ICN
978,3,302.7,FSZ,ICN
979,3,293.2,FSZ,ICN
980,3,283.9,FSZ,ICN
981,3,277.5,FSZ,ICN
982,3,330.4,FSZ,ICN
983,3,340.2,FSZ,ICN
984,3,375.8,HND,GMP
985,3,330.7,HIJ,ICN
986,3,322.3,HIJ,ICN
987,3,314.2,HIJ,ICN
988,3,306.7,HIJ,ICN
989,3,299.8,HIJ,ICN
990,3,293.8,HIJ,ICN
991,3,289.1,HIJ,ICN
992,3,286.1,HIJ,ICN
993,3,285.0,HIJ,ICN
994,3,286.1,HIJ,ICN
995,3,289.2,HIJ,ICN
996,3,294.0,HIJ,ICN
997,3,291.7,OKJ,ICN
998,3,282.1,OKJ,ICN
999,3,272.7,OKJ,ICN
1000,3,263.7,OKJ,ICN
1001,3,256.0,OKJ,ICN
1002,3,254.1,OKJ,ICN
1003,3,260.3,OKJ,ICN
1004,3,269.0,OKJ,ICN
1005,3,278.3,OKJ,ICN
1006,3,287.8,OKJ,ICN
1007,3,297.5,OKJ,ICN
1008,3,307.2,OKJ,ICN
1009,3,305.3,KIX,PUS
1010,3,298.1,KIX,PUS
1011,3,291.5,KIX,PUS
1012,3,286.0,KIX,PUS
1013,3,281.9,KIX,PUS
1014,3,279.6,KIX,PUS
1015,3,279.3,KIX,PUS
1016,3,281.1,KIX,PUS
1017,3,284.8,KIX,PUS
1018,3,289.9,KIX,PUS
1019,3,296.2,KIX,PUS
1020,3,303.3,KIX,PUS
1021,3,311.0,KIX,PUS
1022,3,314.1,NGO,PUS
1023,3,304.3,NGO,PUS
1024,3,294.5,NGO,PUS
1025,3,284.7,NGO,PUS
1026,3,274.9,NGO,PUS
1027,3,265.2,NGO,PUS
1028,3,252.2,NGO,PUS
1029,3,261.9,NGO,PUS
1030,3,271.6,NGO,PUS
1031,3,281.4,NGO,PUS
1032,3,291.2,NGO,PUS
1033,3,301.0,NGO,PUS
1034,3,310.8,NGO,PUS
1035,3,320.5,NGO,PUS
1036,3,312.3,FSZ,ICN
1037,3,302.6,FSZ,ICN
1038,3,293.0,FSZ,ICN
1039,3,283.6,FSZ,ICN
1040,3,276.8,FSZ,ICN
1041,3,282.3,FSZ,ICN
1042,3,330.4,FSZ,ICN
1043,3,340.1,FSZ,ICN
1044,3,349.9,FSZ,ICN
1045,3,328.1,HIJ,ICN
1046,3,320.7,HIJ,ICN
1047,3,313.8,HIJ,ICN
1048,3,307.6,HIJ,ICN
1049,3,302.4,HIJ,ICN
1050,3,298.4,HIJ,ICN
1051,3,295.9,HIJ,ICN
1052,3,295.1,HIJ,ICN
1053,3,296.0,HIJ,ICN
1054,3,298.5,HIJ,ICN
1055,3,301.2,YGJ,ICN
1056,3,294.6,OKJ,ICN
1057,3,285.7,OKJ,ICN
1058,3,277.3,OKJ,ICN
1059,3,270.0,OKJ,ICN
1060,3,264.9,OKJ,ICN
1061,3,263.9,OKJ,ICN
1062,3,267.6,OKJ,ICN
1063,3,274.2,OKJ,ICN
1064,3,282.2,OKJ,ICN
1065,3,291.0,OKJ,ICN
1066,3,300.0,OKJ,ICN
1067,3,309.3,OKJ,ICN
1068,3,312.1,KIX,PUS
1069,3,305.5,KIX,PUS
1070,3,299.7,KIX,PUS
1071,3,294.9,KIX,PUS
1072,3,291.5,KIX,PUS
1073,3,289.6,KIX,PUS
1074,3,289.3,KIX,PUS
1075,3,290.8,KIX,PUS
1076,3,293.9,KIX,PUS
1077,3,298.3,KIX,PUS
1078,3,303.8,KIX,PUS
1079,3,310.2,KIX,PUS
1080,3,317.3,KIX,PUS
1081,3,314.4,NGO,PUS
1082,3,304.7,NGO,PUS
1083,3,295.0,NGO,PUS
1084,3,285.3,NGO,PUS
1085,3,275.8,NGO,PUS
1086,3,266.4,NGO,PUS
1087,3,254.9,NGO,PUS
1088,3,263.3,NGO,PUS
1089,3,272.5,NGO,PUS
1090,3,282.1,NGO,PUS
1091,3,291.7,NGO,PUS
1092,3,301.4,NGO,PUS
1093,3,311.1,NGO,PUS
1094,3,320.9,NGO,PUS
1095,3,314.7,FSZ,ICN
1096,3,305.6,FSZ,ICN
1097,3,297.2,FSZ,ICN
1098,3,290.2,FSZ,ICN
1099,3,286.8,FSZ,ICN
1100,3,289.4,FSZ,ICN
1101,3,332.0,FSZ,ICN
1102,3,341.5,FSZ,ICN
1103,3,351.1,FSZ,ICN
1104,3,348.6,HND,GMP
1105,3,327.8,HIJ,ICN
1106,3,321.5,HIJ,ICN
1107,3,316.0,HIJ,ICN
1108,3,311.4,HIJ,ICN
1109,3,307.9,HIJ,ICN
1110,3,303.7,YGJ,ICN
1111,3,298.4,YGJ,ICN
1112,3,294.5,YGJ,ICN
1113,3,292.0,YGJ,ICN
1114,3,291.2,YGJ,ICN
1115,3,292.2,YGJ,ICN
1116,3,291.1,OKJ,ICN
1117,3,284.0,OKJ,ICN
1118,3,278.2,OKJ,ICN
1119,3,274.5,OKJ,ICN
1120,3,273.9,OKJ,ICN
1121,3,276.4,OKJ,ICN
1122,3,281.4,OKJ,ICN
1123,3,288.1,OKJ,ICN
1124,3,295.9,OKJ,ICN
1125,3,304.2,OKJ,ICN
1126,3,312.9,OKJ,ICN
1127,3,319.4,KIX,PUS
1128,3,313.5,KIX,PUS
1129,3,308.3,KIX,PUS
1130,3,304.1,KIX,PUS
1131,3,301.2,KIX,PUS
1132,3,299.5,KIX,PUS
1133,3,299.3,KIX,PUS
1134,3,300.6,KIX,PUS
1135,3,303.2,KIX,PUS
1136,3,307.1,KIX,PUS
1137,3,312.0,KIX,PUS
1138,3,317.8,KIX,PUS
1139,3,324.2,KIX,PUS
1140,3,316.2,NGO,PUS
1141,3,306.7,NGO,PUS
1142,3,297.4,NGO,PUS
1143,3,288.3,NGO,PUS
1144,3,279.5,NGO,PUS
1145,3,271.4,NGO,PUS
1146,3,264.8,NGO,PUS
1147,3,263.2,NGO,PUS
1148,3,268.9,NGO,PUS
1149,3,276.6,NGO,PUS
1150,3,285.2,NGO,PUS
1151,3,294.3,NGO,PUS
1152,3,303.5,NGO,PUS
1153,3,312.9,NGO,PUS
1154,3,322.4,NGO,PUS
1155,3,319.0,FSZ,ICN
1156,3,311.1,FSZ,ICN
1157,3,304.1,FSZ,ICN
1158,3,299.0,FSZ,ICN
1159,3,296.8,FSZ,ICN
1160,3,298.4,FSZ,ICN
1161,3,303.2,FSZ,ICN
1162,3,335.2,FSZ,ICN
1163,3,344.3,FSZ,ICN
1164,3,353.5,FSZ,ICN
1165,3,338.7,HND,GMP
1166,3,326.8,YGJ,ICN
1167,3,318.4,YGJ,ICN
1168,3,310.3,YGJ,ICN
1169,3,302.8,YGJ,ICN
1170,3,295.8,YGJ,ICN
1171,3,289.8,YGJ,ICN
1172,3,285.1,YGJ,ICN
1173,3,282.1,YGJ,ICN
1174,3,281.2,YGJ,ICN
1175,3,282.4,YGJ,ICN
1176,3,285.7,YGJ,ICN
1177,3,290.6,YGJ,ICN
1178,3,287.1,OKJ,ICN
1179,3,284.3,OKJ,ICN
1180,3,283.8,OKJ,ICN
1181,3,285.7,OKJ,ICN
1182,3,289.8,OKJ,ICN
1183,3,295.4,OKJ,ICN
1184,3,302.1,OKJ,ICN
1185,3,309.6,OKJ,ICN
1186,3,317.7,OKJ,ICN
1187,3,326.1,OKJ,ICN
1188,3,321.9,KIX,PUS
1189,3,317.2,KIX,PUS
1190,3,313.5,KIX,PUS
1191,3,310.9,KIX,PUS
1192,3,309.5,KIX,PUS
1193,3,309.3,KIX,PUS
1194,3,310.4,KIX,PUS
1195,3,312.7,KIX,PUS
1196,3,316.1,KIX,PUS
1197,3,320.5,KIX,PUS
1198,3,325.8,KIX,PUS
1199,3,328.4,NGO,PUS
1200,3,319.2,NGO,PUS
1201,3,310.2,NGO,PUS
1202,3,301.5,NGO,PUS
1203,3,293.1,NGO,PUS
1204,3,285.4,NGO,PUS
1205,3,278.7,NGO,PUS
1206,3,273.7,NGO,PUS
1207,3,271.5,NGO,PUS
1208,3,272.6,NGO,PUS
1209,3,276.8,NGO,PUS
1210,3,282.9,NGO,PUS
1211,3,290.4,NGO,PUS
1212,3,298.6,NGO,PUS
1213,3,307.2,NGO,PUS
1214,3,316.1,NGO,PUS
1215,3,325.2,NGO,PUS
1216,3,325.0,FSZ,ICN
1217,3,318.1,FSZ,ICN
1218,3,312.3,FSZ,ICN
1219,3,308.4,FSZ,ICN
1220,3,306.8,FSZ,ICN
1221,3,308.0,FSZ,ICN
1222,3,311.6,FSZ,ICN
1223,3,317.1,FSZ,ICN
1224,3,339.7,FSZ,ICN
1225,3,348.2,FSZ,ICN
1226,3,357.1,FSZ,ICN
1227,3,328.8,HND,GMP
1228,3,331.7,HND,GMP
1229,3,313.5,YGJ,ICN
1230,3,304.8,YGJ,ICN
1231,3,296.6,YGJ,ICN
1232,3,288.8,YGJ,ICN
1233,3,281.9,YGJ,ICN
1234,3,276.2,YGJ,ICN
1235,3,272.4,YGJ,ICN
1236,3,271.2,YGJ,ICN
1237,3,272.7,YGJ,ICN
1238,3,276.8,YGJ,ICN
1239,3,282.7,YGJ,ICN
1240,3,289.8,YGJ,ICN
1241,3,294.2,OKJ,ICN
1242,3,293.8,OKJ,ICN
1243,3,295.4,OKJ,ICN
1244,3,298.7,OKJ,ICN
1245,3,303.4,OKJ,ICN
1246,3,309.3,OKJ,ICN
1247,3,316.1,OKJ,ICN
1248,3,323.5,OKJ,ICN
1249,3,331.4,OKJ,ICN
1250,3,330.6,KIX,PUS
1251,3,326.4,KIX,PUS
1252,3,323.1,KIX,PUS
1253,3,320.8,KIX,PUS
1254,3,319.5,KIX,PUS
1255,3,319.3,KIX,PUS
1256,3,320.3,KIX,PUS
1257,3,322.4,KIX,PUS
1258,3,325.4,KIX,PUS
1259,3,329.4,KIX,PUS
1260,3,334.1,KIX,PUS
1261,3,332.1,NGO,PUS
1262,3,323.4,NGO,PUS
1263,3,314.9,NGO,PUS
1264,3,306.9,NGO,PUS
1265,3,299.3,NGO,PUS
1266,3,292.6,NGO,PUS
1267,3,287.1,NGO,PUS
1268,3,283.2,NGO,PUS
1269,3,281.5,NGO,PUS
1270,3,282.4,NGO,PUS
1271,3,285.5,NGO,PUS
1272,3,290.6,NGO,PUS
1273,3,296.9,NGO,PUS
1274,3,304.2,NGO,PUS
1275,3,312.1,NGO,PUS
1276,3,320.5,NGO,PUS
1277,3,329.1,NGO,PUS
1278,3,332.0,FSZ,ICN
1279,3,326.0,FSZ,ICN
1280,3,321.2,FSZ,ICN
1281,3,318.1,FSZ,ICN
1282,3,316.9,FSZ,ICN
1283,3,317.8,FSZ,ICN
1284,3,320.6,FSZ,ICN
1285,3,325.2,FSZ,ICN
1286,3,331.1,FSZ,ICN
1287,3,337.8,FSZ,ICN
1288,3,345.3,FSZ,ICN
1289,3,353.3,FSZ,ICN
1290,3,356.7,HND,GMP
1291,3,319.1,HND,GMP
1292,3,322.6,HND,GMP
1293,3,327.8,HND,GMP
1294,3,333.1,NRT,PUS
1295,3,331.6,NRT,PUS
1296,3,291.5,YGJ,ICN
1297,3,282.9,YGJ,ICN
1298,3,274.9,YGJ,ICN
1299,3,267.9,YGJ,ICN
1300,3,262.9,YGJ,ICN
1301,3,261.1,YGJ,ICN
1302,3,263.4,YGJ,ICN
1303,3,268.7,YGJ,ICN
1304,3,275.9,YGJ,ICN
1305,3,284.0,YGJ,ICN
1306,3,292.7,YGJ,ICN
1307,3,301.6,YGJ,ICN
1308,3,305.1,OKJ,ICN
1309,3,307.9,OKJ,ICN
1310,3,312.0,OKJ,ICN
1311,3,317.2,OKJ,ICN
1312,3,323.3,OKJ,ICN
1313,3,330.1,OKJ,ICN
1314,3,337.4,OKJ,ICN
1315,3,339.5,KIX,PUS
1316,3,335.7,KIX,PUS
1317,3,332.7,KIX,PUS
1318,3,330.6,KIX,PUS
1319,3,329.5,KIX,PUS
1320,3,329.4,KIX,PUS
1321,3,330.2,KIX,PUS
1322,3,332.1,KIX,PUS
1323,3,334.8,KIX,PUS
1324,3,338.4,KIX,PUS
1325,3,342.8,KIX,PUS
1326,3,336.8,NGO,PUS
1327,3,328.6,NGO,PUS
1328,3,320.7,NGO,PUS
1329,3,313.3,NGO,PUS
1330,3,306.5,NGO,PUS
1331,3,300.7,NGO,PUS
1332,3,296.0,NGO,PUS
1333,3,292.9,NGO,PUS
1334,3,291.5,NGO,PUS
1335,3,292.2,NGO,PUS
1336,3,294.7,NGO,PUS
1337,3,298.9,NGO,PUS
1338,3,304.4,NGO,PUS
1339,3,310.9,NGO,PUS
1340,3,318.1,NGO,PUS
1341,3,325.8,NGO,PUS
1342,3,334.0,NGO,PUS
1343,3,339.8,FSZ,ICN
1344,3,334.6,FSZ,ICN
1345,3,330.5,FSZ,ICN
1346,3,327.9,FSZ,ICN
1347,3,326.9,FSZ,ICN
1348,3,327.6,FSZ,ICN
1349,3,330.0,FSZ,ICN
1350,3,333.9,FSZ,ICN
1351,3,339.0,FSZ,ICN
1352,3,345.0,FSZ,ICN
1353,3,351.8,FSZ,ICN
1354,3,359.2,FSZ,ICN
1355,3,352.1,HND,GMP
1356,3,343.3,HND,GMP
1357,3,313.3,HND,GMP
1358,3,309.5,HND,GMP
1359,3,314.0,HND,GMP
1360,3,320.3,HND,GMP
1361,3,323.4,NRT,PUS
1362,3,321.6,NRT,PUS
1363,3,288.1,YGJ,ICN
1364,3,278.7,YGJ,ICN
1365,3,269.7,YGJ,ICN
1366,3,261.1,YGJ,ICN
1367,3,254.0,YGJ,ICN
1368,3,251.1,YGJ,ICN
1369,3,254.8,YGJ,ICN
1370,3,262.2,YGJ,ICN
1371,3,270.8,YGJ,ICN
1372,3,279.9,YGJ,ICN
1373,3,289.3,YGJ,ICN
1374,3,298.7,YGJ,ICN
1375,3,308.3,YGJ,ICN
1376,3,317.3,OKJ,ICN
1377,3,320.9,OKJ,ICN
1378,3,325.6,OKJ,ICN
1379,3,331.1,OKJ,ICN
1380,3,337.2,OKJ,ICN
1381,3,344.0,OKJ,ICN
1382,3,348.6,KIX,PUS
1383,3,345.1,KIX,PUS
1384,3,342.4,KIX,PUS
1385,3,340.5,KIX,PUS
1386,3,339.5,KIX,PUS
1387,3,339.4,KIX,PUS
1388,3,340.1,KIX,PUS
1389,3,341.8,KIX,PUS
1390,3,344.3,KIX,PUS
1391,3,347.6,KIX,PUS
1392,3,350.4,NGO,PUS
1393,3,342.3,NGO,PUS
1394,3,334.6,NGO,PUS
1395,3,327.2,NGO,PUS
1396,3,320.5,NGO,PUS
1397,3,314.4,NGO,PUS
1398,3,309.3,NGO,PUS
1399,3,305.3,NGO,PUS
1400,3,302.6,NGO,PUS
1401,3,301.6,NGO,PUS
1402,3,302.1,NGO,PUS
1403,3,304.2,NGO,PUS
1404,3,307.8,NGO,PUS
1405,3,312.6,NGO,PUS
1406,3,318.3,NGO,PUS
1407,3,324.9,NGO,PUS
1408,3,332.0,NGO,PUS
1409,3,339.6,NGO,PUS
1410,3,347.6,NGO,PUS
1411,3,343.5,FSZ,ICN
1412,3,340.0,FSZ,ICN
1413,3,337.7,FSZ,ICN
1414,3,336.9,FSZ,ICN
1415,3,337.5,FSZ,ICN
1416,3,339.6,FSZ,ICN
1417,3,342.9,FSZ,ICN
1418,3,347.4,FSZ,ICN
1419,3,352.8,FSZ,ICN
1420,3,359.0,FSZ,ICN
1421,3,358.1,HND,GMP
1422,3,348.7,HND,GMP
1423,3,339.4,HND,GMP
1424,3,330.3,HND,GMP
1425,3,321.4,HND,GMP
1426,3,313.0,HND,GMP
1427,3,305.4,HND,GMP
1428,3,306.3,HND,GMP
1429,3,314.0,HND,GMP
1430,3,313.9,NRT,PUS
1431,3,311.7,NRT,PUS
1432,3,276.7,YGJ,ICN
1433,3,267.1,YGJ,ICN
1434,3,257.4,YGJ,ICN
1435,3,247.9,YGJ,ICN
1436,3,241.2,YGJ,ICN
1437,3,258.6,YGJ,ICN
1438,3,268.3,YGJ,ICN
1439,3,278.0,YGJ,ICN
1440,3,287.7,YGJ,ICN
1441,3,297.4,YGJ,ICN
1442,3,307.1,YGJ,ICN
1443,3,316.8,YGJ,ICN
1444,3,326.6,YGJ,ICN
1445,3,334.3,OKJ,ICN
1446,3,339.2,OKJ,ICN
1447,3,344.9,OKJ,ICN
1448,3,351.2,OKJ,ICN
1449,3,357.9,KIX,PUS
1450,3,354.7,KIX,PUS
1451,3,352.2,KIX,PUS
1452,3,350.4,KIX,PUS
1453,3,349.5,KIX,PUS
1454,3,349.4,KIX,PUS
1455,3,350.1,KIX,PUS
1456,3,351.6,KIX,PUS
1457,3,353.9,KIX,PUS
1458,3,357.0,KIX,PUS
1459,3,356.1,NGO,PUS
1460,3,348.4,NGO,PUS
1461,3,341.2,NGO,PUS
1462,3,334.4,NGO,PUS
1463,3,328.3,NGO,PUS
1464,3,322.8,NGO,PUS
1465,3,318.3,NGO,PUS
1466,3,314.8,NGO,PUS
1467,3,312.5,NGO,PUS
1468,3,311.6,NGO,PUS
1469,3,312.0,NGO,PUS
1470,3,313.9,NGO,PUS
1471,3,317.0,NGO,PUS
1472,3,321.2,NGO,PUS
1473,3,326.3,NGO,PUS
1474,3,332.3,NGO,PUS
1475,3,338.8,NGO,PUS
1476,3,345.9,NGO,PUS
1477,3,353.4,NGO,PUS
1478,3,352.7,FSZ,ICN
1479,3,349.6,FSZ,ICN
1480,3,347.6,FSZ,ICN
1481,3,346.9,FSZ,ICN
1482,3,347.4,FSZ,ICN
1483,3,349.2,FSZ,ICN
1484,3,352.2,FSZ,ICN
1485,3,356.1,FSZ,ICN
1486,3,361.0,FSZ,ICN
1487,3,365.9,HND,GMP
1488,3,356.3,HND,GMP
1489,3,346.6,HND,GMP
1490,3,337.0,HND,GMP
1491,3,327.4,HND,GMP
1492,3,317.9,HND,GMP
1493,3,308.6,HND,GMP
1494,3,299.5,HND,GMP
1495,3,291.5,HND,GMP
1496,3,300.6,HND,GMP
1497,3,309.4,NRT,PUS
1498,3,304.5,NRT,PUS
1499,3,301.7,NRT,PUS
1500,3,250.0,YGJ,ICN
1501,3,245.7,YGJ,ICN
1502,3,336.5,YGJ,ICN
1503,3,346.1,YGJ,ICN
1504,3,353.0,OKJ,ICN
1505,3,358.8,OKJ,ICN
1506,3,365.2,OKJ,ICN
1507,3,364.3,KIX,PUS
1508,3,362.0,KIX,PUS
1509,3,360.4,KIX,PUS
1510,3,359.5,KIX,PUS
1511,3,366.4,KIX,PUS
1512,3,362.3,NGO,PUS
1513,3,355.2,NGO,PUS
1514,3,348.4,NGO,PUS
1515,3,342.1,NGO,PUS
1516,3,336.5,NGO,PUS
1517,3,331.6,NGO,PUS
1518,3,327.5,NGO,PUS
1519,3,324.4,NGO,PUS
1520,3,322.4,NGO,PUS
1521,3,321.6,NGO,PUS
1522,3,322.0,NGO,PUS
1523,3,323.6,NGO,PUS
1524,3,326.3,NGO,PUS
1525,3,330.1,NGO,PUS
1526,3,334.7,NGO,PUS
1527,3,340.1,NGO,PUS
1528,3,346.2,NGO,PUS
1529,3,352.8,NGO,PUS
1530,3,359.8,NGO,PUS
1531,3,362.1,FSZ,ICN
1532,3,359.3,FSZ,ICN
1533,3,357.6,FSZ,ICN
1534,3,356.9,FSZ,ICN
1535,3,357.4,FSZ,ICN
1536,3,359.0,FSZ,ICN
1537,3,361.6,FSZ,ICN
1538,3,365.2,FSZ,ICN
1539,3,369.6,FSZ,ICN
1540,3,365.4,HND,GMP
1541,3,355.7,HND,GMP
1542,3,346.0,HND,GMP
1543,3,336.3,HND,GMP
1544,3,326.6,HND,GMP
1545,3,316.9,HND,GMP
1546,3,307.1,HND,GMP
1547,3,297.4,HND,GMP
1548,3,287.7,HND,GMP
1549,3,279.7,HND,GMP
1550,3,301.9,NRT,PUS
1551,3,295.7,NRT,PUS
1552,3,291.9,NRT,PUS
1553,3,291.7,NRT,PUS
1554,3,356.8,YGJ,ICN
1555,3,366.4,YGJ,ICN
1556,3,372.7,OKJ,ICN
1557,3,373.9,KIX,PUS
1558,3,371.8,KIX,PUS
1559,3,370.3,KIX,PUS
1560,3,369.5,KIX,PUS
1561,3,346.3,KMQ,ICN
1562,3,343.2,KMQ,ICN
1563,3,341.0,KMQ,ICN
1564,3,340.0,KMQ,ICN
1565,3,336.9,NGO,PUS
1566,3,334.1,NGO,PUS
1567,3,332.3,NGO,PUS
1568,3,331.6,NGO,PUS
1569,3,332.0,NGO,PUS
1570,3,333.4,NGO,PUS
1571,3,335.8,NGO,PUS
1572,3,339.2,NGO,PUS
1573,3,343.4,NGO,PUS
1574,3,348.4,NGO,PUS
1575,3,354.0,NGO,PUS
1576,3,360.1,NGO,PUS
1577,3,366.8,NGO,PUS
1578,3,371.6,FSZ,ICN
1579,3,369.1,FSZ,ICN
1580,3,367.5,FSZ,ICN
1581,3,366.9,FSZ,ICN
1582,3,367.4,FSZ,ICN
1583,3,368.8,FSZ,ICN
1584,3,371.1,FSZ,ICN
1585,3,374.4,FSZ,ICN
1586,3,375.7,HND,GMP
1587,3,366.1,HND,GMP
1588,3,356.4,HND,GMP
1589,3,346.8,HND,GMP
1590,3,337.3,HND,GMP
1591,3,327.8,HND,GMP
1592,3,318.4,HND,GMP
1593,3,309.1,HND,GMP
1594,3,300.3,HND,GMP
1595,3,292.8,HND,GMP
1596,3,289.5,HND,GMP
1597,3,293.6,HND,GMP
1598,3,295.9,NRT,PUS
1599,3,288.0,NRT,PUS
1600,3,282.3,NRT,PUS
1601,3,282.0,NRT,PUS
1602,3,287.4,NRT,PUS
1603,3,379.5,KIX,PUS
1604,3,333.6,KMQ,ICN
1605,3,331.2,KMQ,ICN
1606,3,329.9,KMQ,ICN
1607,3,330.0,KMQ,ICN
1608,3,331.3,KMQ,ICN
1609,3,333.8,KMQ,ICN
1610,3,337.4,KMQ,ICN
1611,3,341.9,NGO,PUS
1612,3,343.2,NGO,PUS
1613,3,345.4,NGO,PUS
1614,3,348.5,NGO,PUS
1615,3,352.3,NGO,PUS
1616,3,356.9,NGO,PUS
1617,3,362.1,NGO,PUS
1618,3,367.8,NGO,PUS
1619,3,374.1,NGO,PUS
1620,3,380.7,NGO,PUS
1621,3,378.9,FSZ,ICN
1622,3,377.5,FSZ,ICN
1623,3,377.0,FSZ,ICN
1624,3,377.3,FSZ,ICN
1625,3,378.6,FSZ,ICN
1626,3,380.8,FSZ,ICN
1627,3,383.7,FSZ,ICN
1628,3,377.3,HND,GMP
1629,3,367.8,HND,GMP
1630,3,358.4,HND,GMP
1631,3,349.1,HND,GMP
1632,3,339.9,HND,GMP
1633,3,330.9,HND,GMP
1634,3,322.2,HND,GMP
1635,3,314.0,HND,GMP
1636,3,306.7,HND,GMP
1637,3,301.4,HND,GMP
1638,3,299.5,HND,GMP
1639,3,301.9,HND,GMP
1640,3,302.4,NRT,PUS
1641,3,292.7,NRT,PUS
1642,3,283.2,NRT,PUS
1643,3,274.1,NRT,PUS
1644,3,273.5,NRT,PUS
1645,3,282.4,NRT,PUS
1646,3,291.9,NRT,PUS
1647,3,301.6,NRT,PUS
1648,3,324.1,KMQ,ICN
1649,3,321.4,KMQ,ICN
1650,3,320.0,KMQ,ICN
1651,3,320.0,KMQ,ICN
1652,3,321.5,KMQ,ICN
1653,3,324.4,KMQ,ICN
1654,3,328.5,KMQ,ICN
1655,3,333.5,KMQ,ICN
1656,3,339.4,KMQ,ICN
1657,3,346.0,KMQ,ICN
1658,3,353.0,KMQ,ICN
1659,3,360.5,KMQ,ICN
1660,3,365.7,NGO,PUS
1661,3,370.5,NGO,PUS
1662,3,375.9,NGO,PUS
1663,3,381.7,NGO,PUS
1664,3,388.0,NGO,PUS
1665,3,388.7,FSZ,ICN
1666,3,387.5,FSZ,ICN
1667,3,387.0,FSZ,ICN
1668,3,387.3,FSZ,ICN
1669,3,388.5,FSZ,ICN
1670,3,390.5,FSZ,ICN
1671,3,389.1,HND,GMP
1672,3,379.8,HND,GMP
1673,3,370.6,HND,GMP
1674,3,361.6,HND,GMP
1675,3,352.7,HND,GMP
1676,3,344.0,HND,GMP
1677,3,335.6,HND,GMP
1678,3,327.8,HND,GMP
1679,3,320.7,HND,GMP
1680,3,314.8,HND,GMP
1681,3,310.9,HND,GMP
1682,3,309.6,HND,GMP
1683,3,311.2,HND,GMP
1684,3,302.8,NRT,PUS
1685,3,293.4,NRT,PUS
1686,3,284.2,NRT,PUS
1687,3,276.3,NRT,PUS
1688,3,275.9,NRT,PUS
1689,3,283.5,NRT,PUS
1690,3,292.6,NRT,PUS
1691,3,302.0,NRT,PUS
1692,3,319.4,KMQ,ICN
1693,3,314.9,KMQ,ICN
1694,3,311.6,KMQ,ICN
1695,3,310.0,KMQ,ICN
1696,3,310.0,KMQ,ICN
1697,3,311.8,KMQ,ICN
1698,3,315.2,KMQ,ICN
1699,3,319.8,KMQ,ICN
1700,3,325.5,KMQ,ICN
1701,3,332.0,KMQ,ICN
1702,3,339.2,KMQ,ICN
1703,3,346.8,KMQ,ICN
1704,3,354.7,KMQ,ICN
1705,3,363.0,KMQ,ICN
1706,3,371.4,KMQ,ICN
1707,3,380.1,KMQ,ICN
1708,3,388.9,KMQ,ICN
1709,3,395.6,NGO,PUS
1710,3,398.6,FSZ,ICN
1711,3,397.4,FSZ,ICN
1712,3,397.0,FSZ,ICN
1713,3,397.3,FSZ,ICN
1714,3,398.4,FSZ,ICN
1715,3,400.2,FSZ,ICN
1716,3,392.3,HND,GMP
1717,3,383.3,HND,GMP
1718,3,374.4,HND,GMP
1719,3,365.8,HND,GMP
1720,3,357.3,HND,GMP
1721,3,349.2,HND,GMP
1722,3,341.6,HND,GMP
1723,3,334.6,HND,GMP
1724,3,328.5,HND,GMP
1725,3,323.7,HND,GMP
1726,3,320.6,HND,GMP
1727,3,319.6,HND,GMP
1728,3,314.9,NRT,PUS
1729,3,306.0,NRT,PUS
1730,3,297.6,NRT,PUS
1731,3,290.2,NRT,PUS
1732,3,285.3,NRT,PUS
1733,3,285.1,NRT,PUS
1734,3,289.7,NRT,PUS
1735,3,296.9,NRT,PUS
1736,3,298.8,YGJ,ICN
1737,3,311.2,KMQ,ICN
1738,3,305.9,KMQ,ICN
1739,3,302.0,KMQ,ICN
1740,3,300.0,KMQ,ICN
1741,3,300.1,KMQ,ICN
1742,3,302.2,KMQ,ICN
1743,3,306.2,KMQ,ICN
1744,3,311.7,KMQ,ICN
1745,3,318.1,KMQ,ICN
1746,3,325.3,KMQ,ICN
1747,3,333.1,KMQ,ICN
1748,3,341.2,KMQ,ICN
1749,3,349.7,KMQ,ICN
1750,3,358.3,KMQ,ICN
1751,3,367.1,KMQ,ICN
1752,3,376.1,KMQ,ICN
1753,3,385.1,KMQ,ICN
1754,3,394.2,KMQ,ICN
1755,3,403.4,KMQ,ICN
1756,3,407.4,FSZ,ICN
1757,3,407.0,FSZ,ICN
1758,3,407.3,FSZ,ICN
1759,3,408.3,FSZ,ICN
1760,3,405.0,HND,GMP
1761,3,396.2,HND,GMP
1762,3,387.5,HND,GMP
1763,3,379.1,HND,GMP
1764,3,370.9,HND,GMP
1765,3,363.0,HND,GMP
1766,3,355.5,HND,GMP
1767,3,348.5,HND,GMP
1768,3,342.3,HND,GMP
1769,3,337.0,HND,GMP
1770,3,332.9,HND,GMP
1771,3,330.4,HND,GMP
1772,3,327.8,NRT,PUS
1773,3,319.3,NRT,PUS
1774,3,311.3,NRT,PUS
1775,3,304.1,NRT,PUS
1776,3,298.4,NRT,PUS
1777,3,295.0,NRT,PUS
1778,3,294.9,NRT,PUS
1779,3,298.0,NRT,PUS
1780,3,308.3,YGJ,ICN
1781,3,303.7,KMQ,ICN
1782,3,297.4,KMQ,ICN
1783,3,292.6,KMQ,ICN
1784,3,290.0,KMQ,ICN
1785,3,290.1,KMQ,ICN
1786,3,292.9,KMQ,ICN
1787,3,297.8,KMQ,ICN
1788,3,304.2,KMQ,ICN
1789,3,311.6,KMQ,ICN
1790,3,319.5,KMQ,ICN
1791,3,327.9,KMQ,ICN
1792,3,336.6,KMQ,ICN
1793,3,345.5,KMQ,ICN
1794,3,354.5,KMQ,ICN
1795,3,363.6,KMQ,ICN
1796,3,372.8,KMQ,ICN
1797,3,382.0,KMQ,ICN
1798,3,391.4,KMQ,ICN
1799,3,400.7,KMQ,ICN
1800,3,410.1,KMQ,ICN
1801,3,417.0,FSZ,ICN
1802,3,417.3,FSZ,ICN
1803,3,417.9,HND,GMP
1804,3,409.3,HND,GMP
1805,3,400.8,HND,GMP
1806,3,392.5,HND,GMP
1807,3,384.5,HND,GMP
1808,3,376.7,HND,GMP
1809,3,369.3,HND,GMP
1810,3,362.4,HND,GMP
1811,3,356.1,HND,GMP
1812,3,350.5,HND,GMP
1813,3,345.9,HND,GMP
1814,3,342.4,HND,GMP
1815,3,340.3,HND,GMP
1816,3,332.8,NRT,PUS
1817,3,325.1,NRT,PUS
1818,3,318.1,NRT,PUS
1819,3,312.0,NRT,PUS
1820,3,307.5,NRT,PUS
1821,3,304.9,NRT,PUS
1822,3,304.8,NRT,PUS
1823,3,307.2,NRT,PUS
1824,3,289.8,KMQ,ICN
1825,3,283.7,KMQ,ICN
1826,3,280.2,KMQ,ICN
1827,3,280.3,KMQ,ICN
1828,3,284.1,KMQ,ICN
1829,3,290.3,KMQ,ICN
1830,3,297.9,KMQ,ICN
1831,3,306.2,KMQ,ICN
1832,3,314.9,KMQ,ICN
1833,3,323.9,KMQ,ICN
1834,3,333.0,KMQ,ICN
1835,3,342.2,KMQ,ICN
1836,3,351.5,KMQ,ICN
1837,3,360.9,KMQ,ICN
1838,3,370.3,KMQ,ICN
1839,3,379.7,KMQ,ICN
1840,3,389.2,KMQ,ICN
1841,3,398.7,KMQ,ICN
1842,3,408.2,KMQ,ICN
1843,3,417.7,KMQ,ICN
1844,3,427.3,KMQ,ICN
1845,3,422.5,HND,GMP
1846,3,414.2,HND,GMP
1847,3,406.1,HND,GMP
1848,3,398.1,HND,GMP
1849,3,390.5,HND,GMP
1850,3,383.2,HND,GMP
1851,3,376.3,HND,GMP
1852,3,369.9,HND,GMP
1853,3,364.2,HND,GMP
1854,3,359.2,HND,GMP
1855,3,355.1,HND,GMP
1856,3,352.1,HND,GMP
1857,3,346.5,NRT,PUS
1858,3,338.9,NRT,PUS
1859,3,332.0,NRT,PUS
1860,3,325.8,NRT,PUS
1861,3,320.6,NRT,PUS
1862,3,316.9,NRT,PUS
1863,3,314.9,NRT,PUS
1864,3,314.8,NRT,PUS
1865,3,316.7,NRT,PUS
1866,3,325.8,YGJ,ICN
1867,3,326.4,YGJ,ICN
1868,3,275.9,KMQ,ICN
1869,3,270.5,KMQ,ICN
1870,3,270.7,KMQ,ICN
1871,3,276.5,KMQ,ICN
1872,3,284.5,KMQ,ICN
1873,3,293.3,KMQ,ICN
1874,3,302.4,KMQ,ICN
1875,3,311.7,KMQ,ICN
1876,3,321.1,KMQ,ICN
1877,3,330.6,KMQ,ICN
1878,3,340.0,KMQ,ICN
1879,3,349.6,KMQ,ICN
1880,3,359.1,KMQ,ICN
1881,3,368.6,KMQ,ICN
1882,3,378.2,KMQ,ICN
1883,3,387.8,KMQ,ICN
1884,3,397.4,KMQ,ICN
1885,3,406.9,KMQ,ICN
1886,3,416.5,KMQ,ICN
1887,3,426.1,KMQ,ICN
1888,3,427.7,HND,GMP
1889,3,419.6,HND,GMP
1890,3,411.8,HND,GMP
1891,3,404.3,HND,GMP
1892,3,397.1,HND,GMP
1893,3,390.2,HND,GMP
1894,3,383.8,HND,GMP
1895,3,377.9,HND,GMP
1896,3,372.7,HND,GMP
1897,3,368.1,HND,GMP
1898,3,364.5,HND,GMP
1899,3,360.2,NRT,PUS
1900,3,352.8,NRT,PUS
1901,3,345.9,NRT,PUS
1902,3,339.6,NRT,PUS
1903,3,334.1,NRT,PUS
1904,3,329.7,NRT,PUS
1905,3,326.5,NRT,PUS
1906,3,324.8,NRT,PUS
1907,3,324.8,NRT,PUS
1908,3,326.3,NRT,PUS
1909,3,262.2,KMQ,ICN
1910,3,262.8,KMQ,ICN
1911,3,272.0,KMQ,ICN
1912,3,281.5,KMQ,ICN
1913,3,291.1,KMQ,ICN
1914,3,300.6,KMQ,ICN
1915,3,310.2,KMQ,ICN
1916,3,319.8,KMQ,ICN
1917,3,329.4,KMQ,ICN
1918,3,339.1,KMQ,ICN
1919,3,348.7,KMQ,ICN
1920,3,358.3,KMQ,ICN
1921,3,367.9,KMQ,ICN
1922,3,377.5,KMQ,ICN
1923,3,387.1,KMQ,ICN
1924,3,396.7,KMQ,ICN
1925,3,406.3,KMQ,ICN
1926,3,415.9,KMQ,ICN
1927,3,425.6,KMQ,ICN
1928,3,433.3,HND,GMP
1929,3,425.6,HND,GMP
1930,3,418.1,HND,GMP
1931,3,410.9,HND,GMP
1932,3,404.1,HND,GMP
1933,3,397.7,HND,GMP
1934,3,391.7,HND,GMP
1935,3,386.2,HND,GMP
1936,3,381.4,HND,GMP
1937,3,377.3,HND,GMP
1938,3,373.9,NRT,PUS
1939,3,366.6,NRT,PUS
1940,3,359.7,NRT,PUS
1941,3,353.4,NRT,PUS
1942,3,347.7,NRT,PUS
1943,3,342.9,NRT,PUS
1944,3,339.0,NRT,PUS
1945,3,336.2,NRT,PUS
1946,3,334.8,NRT,PUS
1947,3,334.8,NRT,PUS
1948,3,336.1,NRT,PUS
1949,3,265.9,KMQ,ICN
1950,3,273.4,KMQ,ICN
1951,3,282.4,KMQ,ICN
1952,3,291.7,KMQ,ICN
1953,3,301.1,KMQ,ICN
1954,3,310.6,KMQ,ICN
1955,3,320.2,KMQ,ICN
1956,3,329.7,KMQ,ICN
1957,3,339.3,KMQ,ICN
1958,3,348.9,KMQ,ICN
1959,3,358.4,KMQ,ICN
1960,3,368.0,KMQ,ICN
1961,3,377.6,KMQ,ICN
1962,3,387.2,KMQ,ICN
1963,3,396.8,KMQ,ICN
1964,3,406.4,KMQ,ICN
1965,3,416.0,KMQ,ICN
1966,3,425.6,KMQ,ICN
1967,3,435.2,KMQ,ICN
1968,3,431.9,HND,GMP
1969,3,424.8,HND,GMP
1970,3,418.0,HND,GMP
1971,3,411.5,HND,GMP
1972,3,405.5,HND,GMP
1973,3,399.9,HND,GMP
1974,3,394.8,HND,GMP
1975,3,390.4,HND,GMP
1976,3,386.6,HND,GMP
1977,3,380.5,NRT,PUS
1978,3,373.6,NRT,PUS
1979,3,367.2,NRT,PUS
1980,3,361.4,NRT,PUS
1981,3,356.3,NRT,PUS
1982,3,351.9,NRT,PUS
1983,3,348.4,NRT,PUS
1984,3,346.1,NRT,PUS
1985,3,344.8,NRT,PUS
1986,3,344.8,NRT,PUS
1987,3,345.9,NRT,PUS
1988,3,279.7,KMQ,ICN
1989,3,286.8,KMQ,ICN
1990,3,295.0,KMQ,ICN
1991,3,303.8,KMQ,ICN
1992,3,312.8,KMQ,ICN
1993,3,322.0,KMQ,ICN
1994,3,331.3,KMQ,ICN
1995,3,340.7,KMQ,ICN
1996,3,350.1,KMQ,ICN
1997,3,359.6,KMQ,ICN
1998,3,369.1,KMQ,ICN
1999,3,378.6,KMQ,ICN
2000,3,388.1,KMQ,ICN
2001,3,397.6,KMQ,ICN
2002,3,407.1,KMQ,ICN
2003,3,416.7,KMQ,ICN
2004,3,426.2,KMQ,ICN
2005,3,435.8,KMQ,ICN
2006,3,438.7,HND,GMP
2007,3,431.9,HND,GMP
2008,3,425.4,HND,GMP
2009,3,419.3,HND,GMP
2010,3,413.6,HND,GMP
2011,3,408.3,HND,GMP
2012,3,403.6,HND,GMP
2013,3,399.5,HND,GMP
2014,3,394.3,NRT,PUS
2015,3,387.5,NRT,PUS
2016,3,381.1,NRT,PUS
2017,3,375.1,NRT,PUS
2018,3,369.8,NRT,PUS
2019,3,365.1,NRT,PUS
2020,3,361.1,NRT,PUS
2021,3,358.0,NRT,PUS
2022,3,355.9,NRT,PUS
2023,3,354.8,NRT,PUS
2024,3,354.8,NRT,PUS
2025,3,355.8,NRT,PUS
2026,3,293.5,KMQ,ICN
2027,3,300.5,KMQ,ICN
2028,3,308.3,KMQ,ICN
2029,3,316.7,KMQ,ICN
2030,3,325.4,KMQ,ICN
2031,3,334.3,KMQ,ICN
2032,3,343.3,KMQ,ICN
2033,3,352.4,KMQ,ICN
2034,3,361.7,KMQ,ICN
2035,3,371.0,KMQ,ICN
2036,3,380.3,KMQ,ICN
2037,3,389.7,KMQ,ICN
2038,3,399.1,KMQ,ICN
2039,3,408.5,KMQ,ICN
2040,3,418.0,KMQ,ICN
2041,3,427.4,KMQ,ICN
2042,3,432.9,KIJ,ICN
2043,3,429.4,KIJ,ICN
2044,3,426.3,KIJ,ICN
2045,3,423.9,KIJ,ICN
2046,3,422.0,KIJ,ICN
2047,3,420.7,KIJ,ICN
2048,3,417.0,HND,GMP
2049,3,412.6,HND,GMP
2050,3,408.2,NRT,PUS
2051,3,401.4,NRT,PUS
2052,3,394.9,NRT,PUS
2053,3,388.9,NRT,PUS
2054,3,383.4,NRT,PUS
2055,3,378.4,NRT,PUS
2056,3,374.1,NRT,PUS
2057,3,370.5,NRT,PUS
2058,3,367.7,NRT,PUS
2059,3,365.8,NRT,PUS
2060,3,364.8,NRT,PUS
2061,3,364.8,NRT,PUS
2062,3,365.7,NRT,PUS
2063,3,367.5,NRT,PUS
2064,3,307.4,KMQ,ICN
2065,3,314.3,KMQ,ICN
2066,3,321.8,KMQ,ICN
2067,3,329.9,KMQ,ICN
2068,3,338.3,KMQ,ICN
2069,3,346.9,KMQ,ICN
2070,3,355.7,KMQ,ICN
2071,3,364.7,KMQ,ICN
2072,3,373.7,KMQ,ICN
2073,3,382.8,KMQ,ICN
2074,3,392.0,KMQ,ICN
2075,3,401.3,KMQ,ICN
2076,3,410.6,KMQ,ICN
2077,3,419.9,KMQ,ICN
2078,3,428.0,KIJ,ICN
2079,3,423.7,KIJ,ICN
2080,3,420.0,KIJ,ICN
2081,3,416.8,KIJ,ICN
2082,3,414.1,KIJ,ICN
2083,3,412.1,KIJ,ICN
2084,3,410.7,KIJ,ICN
2085,3,409.9,KIJ,ICN
2086,3,409.8,KIJ,ICN
2087,3,410.4,KIJ,ICN
2088,3,408.8,NRT,PUS
2089,3,402.7,NRT,PUS
2090,3,397.0,NRT,PUS
2091,3,391.9,NRT,PUS
2092,3,387.3,NRT,PUS
2093,3,383.3,NRT,PUS
2094,3,380.0,NRT,PUS
2095,3,377.4,NRT,PUS
2096,3,375.7,NRT,PUS
2097,3,374.8,NRT,PUS
2098,3,374.8,NRT,PUS
2099,3,375.6,NRT,PUS
2100,3,377.3,NRT,PUS
2101,3,315.2,KMQ,ICN
2102,3,321.2,KMQ,ICN
2103,3,328.1,KMQ,ICN
2104,3,359.9,KMQ,ICN
2105,3,368.5,KMQ,ICN
2106,3,377.2,KMQ,ICN
2107,3,386.1,KMQ,ICN
2108,3,395.1,KMQ,ICN
2109,3,404.1,KMQ,ICN
2110,3,413.2,KMQ,ICN
2111,3,422.4,KMQ,ICN
2112,3,419.2,KIJ,ICN
2113,3,414.7,KIJ,ICN
2114,3,410.7,KIJ,ICN
2115,3,407.3,KIJ,ICN
2116,3,404.5,KIJ,ICN
2117,3,402.3,KIJ,ICN
2118,3,400.7,KIJ,ICN
2119,3,399.9,KIJ,ICN
2120,3,399.8,KIJ,ICN
2121,3,400.4,KIJ,ICN
2122,3,401.7,KIJ,ICN
2123,3,403.7,KIJ,ICN
2124,3,405.4,NRT,PUS
2125,3,400.6,NRT,PUS
2126,3,396.3,NRT,PUS
2127,3,392.6,NRT,PUS
2128,3,389.6,NRT,PUS
2129,3,387.2,NRT,PUS
2130,3,385.6,NRT,PUS
2131,3,384.8,NRT,PUS
2132,3,384.8,NRT,PUS
2133,3,385.5,NRT,PUS
2134,3,387.1,NRT,PUS
2135,3,389.3,NRT,PUS
2136,3,323.6,KMQ,ICN
2137,3,328.9,KMQ,ICN
2138,3,335.1,KMQ,ICN
2139,3,364.8,KMQ,ICN
2140,3,373.0,KMQ,ICN
2141,3,381.5,KMQ,ICN
2142,3,390.0,KMQ,ICN
2143,3,398.7,KMQ,ICN
2144,3,407.6,KMQ,ICN
2145,3,416.5,KMQ,ICN
2146,3,415.8,KIJ,ICN
2147,3,410.6,KIJ,ICN
2148,3,405.8,KIJ,ICN
2149,3,401.5,KIJ,ICN
2150,3,397.9,KIJ,ICN
2151,3,394.8,KIJ,ICN
2152,3,392.5,KIJ,ICN
2153,3,390.8,KIJ,ICN
2154,3,389.9,KIJ,ICN
2155,3,389.8,KIJ,ICN
2156,3,390.5,KIJ,ICN
2157,3,391.9,KIJ,ICN
2158,3,394.0,KIJ,ICN
2159,3,396.8,KIJ,ICN
2160,3,400.3,KIJ,ICN
2161,3,404.4,KIJ,ICN
2162,3,402.0,NRT,PUS
2163,3,399.2,NRT,PUS
2164,3,397.0,NRT,PUS
2165,3,395.6,NRT,PUS
2166,3,394.8,NRT,PUS
2167,3,394.8,NRT,PUS
2168,3,395.5,NRT,PUS
2169,3,396.9,NRT,PUS
2170,3,399.0,NRT,PUS
2171,3,332.3,KMQ,ICN
2172,3,337.1,KMQ,ICN
2173,3,342.7,KMQ,ICN
2174,3,394.6,KMQ,ICN
2175,3,403.0,KMQ,ICN
2176,3,411.6,KMQ,ICN
2177,3,413.7,KIJ,ICN
2178,3,407.7,KIJ,ICN
2179,3,402.2,KIJ,ICN
2180,3,397.1,KIJ,ICN
2181,3,392.5,KIJ,ICN
2182,3,388.5,KIJ,ICN
2183,3,385.2,KIJ,ICN
2184,3,382.7,KIJ,ICN
2185,3,380.9,KIJ,ICN
2186,3,379.9,KIJ,ICN
2187,3,379.8,KIJ,ICN
2188,3,380.5,KIJ,ICN
2189,3,382.0,KIJ,ICN
2190,3,384.4,KIJ,ICN
2191,3,387.4,KIJ,ICN
2192,3,391.2,KIJ,ICN
2193,3,395.6,KIJ,ICN
2194,3,400.5,KIJ,ICN
2195,3,406.0,KIJ,ICN
2196,3,406.9,NRT,PUS
2197,3,405.5,NRT,PUS
2198,3,404.8,NRT,PUS
2199,3,404.8,NRT,PUS
2200,3,405.4,NRT,PUS
2201,3,406.8,NRT,PUS
2202,3,408.7,NRT,PUS
2203,3,411.3,NRT,PUS
2204,3,412.3,SDJ,ICN
2205,3,341.4,KMQ,ICN
2206,3,412.9,KIJ,ICN
2207,3,406.3,KIJ,ICN
2208,3,399.9,KIJ,ICN
2209,3,394.0,KIJ,ICN
2210,3,388.5,KIJ,ICN
2211,3,383.6,KIJ,ICN
2212,3,379.3,KIJ,ICN
2213,3,375.8,KIJ,ICN
2214,3,373.0,KIJ,ICN
2215,3,371.0,KIJ,ICN
2216,3,369.9,KIJ,ICN
2217,3,369.8,KIJ,ICN
2218,3,370.6,KIJ,ICN
2219,3,372.3,KIJ,ICN
2220,3,374.8,KIJ,ICN
2221,3,378.2,KIJ,ICN
2222,3,382.2,KIJ,ICN
2223,3,387.0,KIJ,ICN
2224,3,392.2,KIJ,ICN
2225,3,398.0,KIJ,ICN
2226,3,404.3,KIJ,ICN
2227,3,410.8,KIJ,ICN
2228,3,413.1,SDJ,ICN
2229,3,409.6,SDJ,ICN
2230,3,406.7,SDJ,ICN
2231,3,404.5,SDJ,ICN
2232,3,403.0,SDJ,ICN
2233,3,402.3,SDJ,ICN
2234,3,402.3,SDJ,ICN
2235,3,347.7,KMQ,ICN
2236,3,350.7,KMQ,ICN
2237,3,354.5,KMQ,ICN
2238,3,386.1,KIJ,ICN
2239,3,380.3,KIJ,ICN
2240,3,375.0,KIJ,ICN
2241,3,370.3,KIJ,ICN
2242,3,366.4,KIJ,ICN
2243,3,363.3,KIJ,ICN
2244,3,361.1,KIJ,ICN
2245,3,359.9,KIJ,ICN
2246,3,359.8,KIJ,ICN
2247,3,360.6,KIJ,ICN
2248,3,362.5,KIJ,ICN
2249,3,365.3,KIJ,ICN
2250,3,369.0,KIJ,ICN
2251,3,373.5,KIJ,ICN
2252,3,378.6,KIJ,ICN
2253,3,384.3,KIJ,ICN
2254,3,390.4,KIJ,ICN
2255,3,397.0,KIJ,ICN
2256,3,404.0,KIJ,ICN
2257,3,404.0,SDJ,ICN
2258,3,400.2,SDJ,ICN
2259,3,397.1,SDJ,ICN
2260,3,394.7,SDJ,ICN
2261,3,393.0,SDJ,ICN
2262,3,392.2,SDJ,ICN
2263,3,392.3,SDJ,ICN
2264,3,360.1,KMQ,ICN
2265,3,363.6,KMQ,ICN
2266,3,367.8,KMQ,ICN
2267,3,372.3,KIJ,ICN
2268,3,366.6,KIJ,ICN
2269,3,361.5,KIJ,ICN
2270,3,357.2,KIJ,ICN
2271,3,353.7,KIJ,ICN
2272,3,351.3,KIJ,ICN
2273,3,349.9,KIJ,ICN
2274,3,349.8,KIJ,ICN
2275,3,350.7,KIJ,ICN
2276,3,352.9,KIJ,ICN
2277,3,356.0,KIJ,ICN
2278,3,360.1,KIJ,ICN
2279,3,364.9,KIJ,ICN
2280,3,370.5,KIJ,ICN
2281,3,376.6,KIJ,ICN
2282,3,383.2,KIJ,ICN
2283,3,390.2,KIJ,ICN
2284,3,397.5,KIJ,ICN
2285,3,395.0,SDJ,ICN
2286,3,390.9,SDJ,ICN
2287,3,387.5,SDJ,ICN
2288,3,384.9,SDJ,ICN
2289,3,383.1,SDJ,ICN
2290,3,382.2,SDJ,ICN
2291,3,382.3,SDJ,ICN
2292,3,369.6,KMQ,ICN
2293,3,372.8,KMQ,ICN
2294,3,376.7,KMQ,ICN
2295,3,381.2,KMQ,ICN
2296,3,386.3,KMQ,ICN
2297,3,353.0,KIJ,ICN
2298,3,348.2,KIJ,ICN
2299,3,344.3,KIJ,ICN
2300,3,341.5,KIJ,ICN
2301,3,340.0,KIJ,ICN
2302,3,339.7,KIJ,ICN
2303,3,340.9,KIJ,ICN
2304,3,343.3,KIJ,ICN
2305,3,346.8,KIJ,ICN
2306,3,351.4,KIJ,ICN
2307,3,356.8,KIJ,ICN
2308,3,362.8,KIJ,ICN
2309,3,369.4,KIJ,ICN
2310,3,376.5,KIJ,ICN
2311,3,383.9,KIJ,ICN
2312,3,391.4,SDJ,ICN
2313,3,386.3,SDJ,ICN
2314,3,381.8,SDJ,ICN
2315,3,378.1,SDJ,ICN
2316,3,375.2,SDJ,ICN
2317,3,373.2,SDJ,ICN
2318,3,372.2,SDJ,ICN
2319,3,372.3,SDJ,ICN
2320,3,389.9,KMQ,ICN
2321,3,394.7,KMQ,ICN
2322,3,399.9,KMQ,ICN
2323,3,344.8,KIJ,ICN
2324,3,339.4,KIJ,ICN
2325,3,335.0,KIJ,ICN
2326,3,331.8,KIJ,ICN
2327,3,330.0,KIJ,ICN
2328,3,329.7,KIJ,ICN
2329,3,331.1,KIJ,ICN
2330,3,333.9,KIJ,ICN
2331,3,337.9,KIJ,ICN
2332,3,343.1,KIJ,ICN
2333,3,349.0,KIJ,ICN
2334,3,355.7,KIJ,ICN
2335,3,362.8,KIJ,ICN
2336,3,370.3,KIJ,ICN
2337,3,378.2,KIJ,ICN
2338,3,383.4,SDJ,ICN
2339,3,377.8,SDJ,ICN
2340,3,372.9,SDJ,ICN
2341,3,368.8,SDJ,ICN
2342,3,365.5,SDJ,ICN
2343,3,363.3,SDJ,ICN
2344,3,362.2,SDJ,ICN
2345,3,362.3,SDJ,ICN
2346,3,331.1,KIJ,ICN
2347,3,326.0,KIJ,ICN
2348,3,322.2,KIJ,ICN
2349,3,320.0,KIJ,ICN
2350,3,319.7,KIJ,ICN
2351,3,321.4,KIJ,ICN
2352,3,324.7,KIJ,ICN
2353,3,329.4,KIJ,ICN
2354,3,335.3,KIJ,ICN
2355,3,341.9,KIJ,ICN
2356,3,349.1,KIJ,ICN
2357,3,356.8,KIJ,ICN
2358,3,364.8,KIJ,ICN
2359,3,373.1,KIJ,ICN
2360,3,375.7,SDJ,ICN
2361,3,369.7,SDJ,ICN
2362,3,364.2,SDJ,ICN
2363,3,359.6,SDJ,ICN
2364,3,356.0,SDJ,ICN
2365,3,353.5,SDJ,ICN
2366,3,352.2,SDJ,ICN
2367,3,352.3,SDJ,ICN
2368,3,317.5,KIJ,ICN
2369,3,312.9,KIJ,ICN
2370,3,310.1,KIJ,ICN
2371,3,309.8,KIJ,ICN
2372,3,311.8,KIJ,ICN
2373,3,315.9,KIJ,ICN
2374,3,321.5,KIJ,ICN
2375,3,328.2,KIJ,ICN
2376,3,335.6,KIJ,ICN
2377,3,343.5,KIJ,ICN
2378,3,351.7,KIJ,ICN
2379,3,360.2,KIJ,ICN
2380,3,368.8,KIJ,ICN
2381,3,368.6,SDJ,ICN
2382,3,361.9,SDJ,ICN
2383,3,356.0,SDJ,ICN
2384,3,350.8,SDJ,ICN
2385,3,346.6,SDJ,ICN
2386,3,343.7,SDJ,ICN
2387,3,342.2,SDJ,ICN
2388,3,342.3,SDJ,ICN
2389,3,309.7,KIJ,ICN
2390,3,303.9,KIJ,ICN
2391,3,300.3,KIJ,ICN
2392,3,299.8,KIJ,ICN
2393,3,302.5,KIJ,ICN
2394,3,307.7,KIJ,ICN
2395,3,314.5,KIJ,ICN
2396,3,322.1,KIJ,ICN
2397,3,330.3,KIJ,ICN
2398,3,338.8,KIJ,ICN
2399,3,347.6,KIJ,ICN
2400,3,356.5,KIJ,ICN
2401,3,365.5,KIJ,ICN
2402,3,362.1,SDJ,ICN
2403,3,354.8,SDJ,ICN
2404,3,348.2,SDJ,ICN
2405,3,342.3,SDJ,ICN
2406,3,337.5,SDJ,ICN
2407,3,334.0,SDJ,ICN
2408,3,332.3,SDJ,ICN
2409,3,332.3,SDJ,ICN
2410,3,295.9,KIJ,ICN
2411,3,290.7,KIJ,ICN
2412,3,289.9,KIJ,ICN
2413,3,294.0,KIJ,ICN
2414,3,300.9,KIJ,ICN
2415,3,308.9,KIJ,ICN
2416,3,317.5,KIJ,ICN
2417,3,326.4,KIJ,ICN
2418,3,335.5,KIJ,ICN
2419,3,344.6,KIJ,ICN
2420,3,353.8,KIJ,ICN
2421,3,363.1,KIJ,ICN
2422,3,356.4,SDJ,ICN
2423,3,348.5,SDJ,ICN
2424,3,341.1,SDJ,ICN
2425,3,334.4,SDJ,ICN
2426,3,328.7,SDJ,ICN
2427,3,324.5,SDJ,ICN
2428,3,322.3,SDJ,ICN
2429,3,322.4,SDJ,ICN
2430,3,345.9,KIJ,ICN
2431,3,336.5,KIJ,ICN
2432,3,282.2,KIJ,ICN
2433,3,280.4,KIJ,ICN
2434,3,287.6,KIJ,ICN
2435,3,296.5,KIJ,ICN
2436,3,305.6,KIJ,ICN
2437,3,314.9,KIJ,ICN
2438,3,324.3,KIJ,ICN
2439,3,333.6,KIJ,ICN
2440,3,343.0,KIJ,ICN
2441,3,352.4,KIJ,ICN
2442,3,360.5,SDJ,ICN
2443,3,351.7,SDJ,ICN
2444,3,343.3,SDJ,ICN
2445,3,335.1,SDJ,ICN
2446,3,327.4,SDJ,ICN
2447,3,320.7,SDJ,ICN
2448,3,315.4,SDJ,ICN
2449,3,312.4,SDJ,ICN
2450,3,336.3,KIJ,ICN
2451,3,326.9,KIJ,ICN
2452,3,286.9,KIJ,ICN
2453,3,296.0,KIJ,ICN
2454,3,305.3,KIJ,ICN
2455,3,314.7,KIJ,ICN
2456,3,324.0,KIJ,ICN
2457,3,333.4,KIJ,ICN
2458,3,342.8,KIJ,ICN
2459,3,352.2,KIJ,ICN
2460,3,357.5,SDJ,ICN
2461,3,348.4,SDJ,ICN
2462,3,339.3,SDJ,ICN
2463,3,330.5,SDJ,ICN
2464,3,321.9,SDJ,ICN
2465,3,313.9,SDJ,ICN
2466,3,306.9,SDJ,ICN
2467,3,302.6,SDJ,ICN
2468,3,346.9,KIJ,ICN
2469,3,337.7,KIJ,ICN
2470,3,299.7,KIJ,ICN
2471,3,308.0,KIJ,ICN
2472,3,316.8,KIJ,ICN
2473,3,325.8,KIJ,ICN
2474,3,334.9,KIJ,ICN
2475,3,344.1,KIJ,ICN
2476,3,353.3,KIJ,ICN
2477,3,355.8,SDJ,ICN
2478,3,346.4,SDJ,ICN
2479,3,337.1,SDJ,ICN
2480,3,327.8,SDJ,ICN
2481,3,318.6,SDJ,ICN
2482,3,309.4,SDJ,ICN
2483,3,300.6,SDJ,ICN
2484,3,293.3,SDJ,ICN
2485,3,340.6,KIJ,ICN
2486,3,313.2,KIJ,ICN
2487,3,321.0,KIJ,ICN
2488,3,329.3,KIJ,ICN
2489,3,337.9,KIJ,ICN
2490,3,346.7,KIJ,ICN
2491,3,355.6,KIJ,ICN
2492,3,355.5,SDJ,ICN
2493,3,346.2,SDJ,ICN
2494,3,336.8,SDJ,ICN
2495,3,327.4,SDJ,ICN
2496,3,318.1,SDJ,ICN
2497,3,308.7,SDJ,ICN
2498,3,299.5,SDJ,ICN
2499,3,290.9,SDJ,ICN
2500,3,336.7,KIJ,ICN
2501,3,319.9,KIJ,ICN
2502,3,326.7,KIJ,ICN
2503,3,334.3,KIJ,ICN
2504,3,342.2,KIJ,ICN
2505,3,350.5,KIJ,ICN
2506,3,359.1,KIJ,ICN
2507,3,356.7,SDJ,ICN
2508,3,347.5,SDJ,ICN
2509,3,338.4,SDJ,ICN
2510,3,329.4,SDJ,ICN
2511,3,320.5,SDJ,ICN
2512,3,312.1,SDJ,ICN
2513,3,304.6,SDJ,ICN
2514,3,299.5,SDJ,ICN
2515,3,299.7,SDJ,ICN
2516,3,327.7,KIJ,ICN
2517,3,333.6,KIJ,ICN
2518,3,340.4,KIJ,ICN
2519,3,347.7,KIJ,ICN
2520,3,355.4,KIJ,ICN
2521,3,363.5,KIJ,ICN
2522,3,359.2,SDJ,ICN
2523,3,350.4,SDJ,ICN
2524,3,341.7,SDJ,ICN
2525,3,333.4,SDJ,ICN
2526,3,325.4,SDJ,ICN
2527,3,318.3,SDJ,ICN
2528,3,312.6,SDJ,ICN
2529,3,309.2,SDJ,ICN
2530,3,309.4,SDJ,ICN
2531,3,342.4,SDJ,ICN
2532,3,341.3,KIJ,ICN
2533,3,347.3,KIJ,ICN
2534,3,354.0,KIJ,ICN
2535,3,361.2,KIJ,ICN
2536,3,368.8,KIJ,ICN
2537,3,362.9,SDJ,ICN
2538,3,354.6,SDJ,ICN
2539,3,346.5,SDJ,ICN
2540,3,338.9,SDJ,ICN
2541,3,332.0,SDJ,ICN
2542,3,326.0,SDJ,ICN
2543,3,321.6,SDJ,ICN
2544,3,319.1,SDJ,ICN
2545,3,319.2,SDJ,ICN
2546,3,321.8,SDJ,ICN
2547,3,326.5,SDJ,ICN
2548,3,332.5,SDJ,ICN
2549,3,339.5,SDJ,ICN
2550,3,349.5,KIJ,ICN
2551,3,355.0,KIJ,ICN
2552,3,361.0,KIJ,ICN
2553,3,367.7,KIJ,ICN
2554,3,374.7,KIJ,ICN
2555,3,367.7,SDJ,ICN
2556,3,359.9,SDJ,ICN
2557,3,352.5,SDJ,ICN
2558,3,345.7,SDJ,ICN
2559,3,339.6,SDJ,ICN
2560,3,334.6,SDJ,ICN
2561,3,331.0,SDJ,ICN
2562,3,329.1,SDJ,ICN
2563,3,329.2,SDJ,ICN
2564,3,331.2,SDJ,ICN
2565,3,335.0,SDJ,ICN
2566,3,340.1,SDJ,ICN
2567,3,346.2,SDJ,ICN
2568,3,353.1,SDJ,ICN
2569,3,363.0,KIJ,ICN
2570,3,368.6,KIJ,ICN
2571,3,374.7,KIJ,ICN
2572,3,381.0,SDJ,ICN
2573,3,373.4,SDJ,ICN
2574,3,366.1,SDJ,ICN
2575,3,359.4,SDJ,ICN
2576,3,353.3,SDJ,ICN
2577,3,347.9,SDJ,ICN
2578,3,343.6,SDJ,ICN
2579,3,340.6,SDJ,ICN
2580,3,339.1,SDJ,ICN
2581,3,339.1,SDJ,ICN
2582,3,340.8,SDJ,ICN
2583,3,343.9,SDJ,ICN
2584,3,348.3,SDJ,ICN
2585,3,353.7,SDJ,ICN
2586,3,359.9,SDJ,ICN
2587,3,371.5,KIJ,ICN
2588,3,376.6,KIJ,ICN
2589,3,382.3,KIJ,ICN
2590,3,386.9,SDJ,ICN
2591,3,379.8,SDJ,ICN
2592,3,373.1,SDJ,ICN
2593,3,366.9,SDJ,ICN
2594,3,361.4,SDJ,ICN
2595,3,356.7,SDJ,ICN
2596,3,353.0,SDJ,ICN
2597,3,350.4,SDJ,ICN
2598,3,349.1,SDJ,ICN
2599,3,349.1,SDJ,ICN
2600,3,350.5,SDJ,ICN
2601,3,353.2,SDJ,ICN
2602,3,357.0,SDJ,ICN
2603,3,361.8,SDJ,ICN
2604,3,367.4,SDJ,ICN
2605,3,384.9,KIJ,ICN
2606,3,390.2,KIJ,ICN
2607,3,393.4,SDJ,ICN
2608,3,386.7,SDJ,ICN
2609,3,380.6,SDJ,ICN
2610,3,374.9,SDJ,ICN
2611,3,369.9,SDJ,ICN
2612,3,365.7,SDJ,ICN
2613,3,362.4,SDJ,ICN
2614,3,360.2,SDJ,ICN
2615,3,359.1,SDJ,ICN
2616,3,359.1,SDJ,ICN
2617,3,360.3,SDJ,ICN
2618,3,362.7,SDJ,ICN
2619,3,366.0,SDJ,ICN
2620,3,370.3,SDJ,ICN
2621,3,375.3,SDJ,ICN
2622,3,398.4,KIJ,ICN
2623,3,400.4,SDJ,ICN
2624,3,394.2,SDJ,ICN
2625,3,388.5,SDJ,ICN
2626,3,383.3,SDJ,ICN
2627,3,378.8,SDJ,ICN
2628,3,375.0,SDJ,ICN
2629,3,372.1,SDJ,ICN
2630,3,370.1,SDJ,ICN
2631,3,369.1,SDJ,ICN
2632,3,369.1,SDJ,ICN
2633,3,370.2,SDJ,ICN
2634,3,372.3,SDJ,ICN
2635,3,375.3,SDJ,ICN
2636,3,379.1,SDJ,ICN
2637,3,383.7,SDJ,ICN
2638,3,388.9,SDJ,ICN
2639,3,406.8,KIJ,ICN
2640,3,407.9,SDJ,ICN
2641,3,402.1,SDJ,ICN
2642,3,396.7,SDJ,ICN
2643,3,392.0,SDJ,ICN
2644,3,387.8,SDJ,ICN
2645,3,384.4,SDJ,ICN
2646,3,381.7,SDJ,ICN
2647,3,380.0,SDJ,ICN
2648,3,379.1,SDJ,ICN
2649,3,379.1,SDJ,ICN
2650,3,380.1,SDJ,ICN
2651,3,381.9,SDJ,ICN
2652,3,384.6,SDJ,ICN
2653,3,388.1,SDJ,ICN
2654,3,392.3,SDJ,ICN
2655,3,397.1,SDJ,ICN
2656,3,415.5,KIJ,ICN
2657,3,415.6,SDJ,ICN
2658,3,410.2,SDJ,ICN
2659,3,405.3,SDJ,ICN
2660,3,400.8,SDJ,ICN
2661,3,397.0,SDJ,ICN
2662,3,393.9,SDJ,ICN
2663,3,391.5,SDJ,ICN
2664,3,389.9,SDJ,ICN
2665,3,389.1,SDJ,ICN
2666,3,389.1,SDJ,ICN
2667,3,390.0,SDJ,ICN
2668,3,391.7,SDJ,ICN
2669,3,394.1,SDJ,ICN
2670,3,397.3,SDJ,ICN
2671,3,401.2,SDJ,ICN
2672,3,405.6,SDJ,ICN
2673,3,410.6,SDJ,ICN
2674,3,416.1,SDJ,ICN
2675,3,424.3,KIJ,ICN
2676,3,423.7,SDJ,ICN
2677,3,418.6,SDJ,ICN
2678,3,414.0,SDJ,ICN
2679,3,409.9,SDJ,ICN
2680,3,406.4,SDJ,ICN
2681,3,403.5,SDJ,ICN
2682,3,401.3,SDJ,ICN
2683,3,399.8,SDJ,ICN
2684,3,399.1,SDJ,ICN
2685,3,399.1,SDJ,ICN
2686,3,399.9,SDJ,ICN
2687,3,401.4,SDJ,ICN
2688,3,403.7,SDJ,ICN
2689,3,406.6,SDJ,ICN
2690,3,410.2,SDJ,ICN
2691,3,414.3,SDJ,ICN
2692,3,419.0,SDJ,ICN
2693,3,424.1,SDJ,ICN
2694,3,432.0,SDJ,ICN
2695,3,427.2,SDJ,ICN
2696,3,422.9,SDJ,ICN
2697,3,419.1,SDJ,ICN
2698,3,415.8,SDJ,ICN
2699,3,413.2,SDJ,ICN
2700,3,411.1,SDJ,ICN
2701,3,409.8,SDJ,ICN
2702,3,409.1,SDJ,ICN
2703,3,409.1,SDJ,ICN
2704,3,409.8,SDJ,ICN
2705,3,411.3,SDJ,ICN
2706,3,413.3,SDJ,ICN
2707,3,416.1,SDJ,ICN
2708,3,419.4,SDJ,ICN
2709,3,423.2,SDJ,ICN
2710,3,427.6,SDJ,ICN
2711,3,432.4,SDJ,ICN
2712,3,440.5,SDJ,ICN
2713,3,436.0,SDJ,ICN
2714,3,432.0,SDJ,ICN
2715,3,428.4,SDJ,ICN
2716,3,425.3,SDJ,ICN
2717,3,422.9,SDJ,ICN
2718,3,421.0,SDJ,ICN
2719,3,419.7,SDJ,ICN
2720,3,419.1,SDJ,ICN
2721,3,419.1,SDJ,ICN
2722,3,419.8,SDJ,ICN
2723,3,421.1,SDJ,ICN
2724,3,423.0,SDJ,ICN
2725,3,425.6,SDJ,ICN
2726,3,428.6,SDJ,ICN
2727,3,432.3,SDJ,ICN
2728,3,436.4,SDJ,ICN
2729,3,440.9,SDJ,ICN
2730,3,438.7,AOJ,ICN
2731,3,436.1,AOJ,ICN
2732,3,433.9,AOJ,ICN
2733,3,432.3,AOJ,ICN
2734,3,431.3,AOJ,ICN
2735,3,430.8,AOJ,ICN
2736,3,429.7,SDJ,ICN
2737,3,429.1,SDJ,ICN
2738,3,429.1,SDJ,ICN
2739,3,429.8,SDJ,ICN
2740,3,431.0,SDJ,ICN
2741,3,432.8,SDJ,ICN
2742,3,435.1,SDJ,ICN
2743,3,438.0,SDJ,ICN
2744,3,441.4,SDJ,ICN
2745,3,445.3,SDJ,ICN
2746,3,449.6,SDJ,ICN
2747,3,454.3,SDJ,ICN
2748,3,429.3,AOJ,ICN
2749,3,426.4,AOJ,ICN
2750,3,424.1,AOJ,ICN
2751,3,422.4,AOJ,ICN
2752,3,421.3,AOJ,ICN
2753,3,420.8,AOJ,ICN
2754,3,420.9,AOJ,ICN
2755,3,421.6,AOJ,ICN
2756,3,422.9,AOJ,ICN
2757,3,424.8,AOJ,ICN
2758,3,427.3,AOJ,ICN
2759,3,430.3,AOJ,ICN
2760,3,433.8,AOJ,ICN
2761,3,437.8,AOJ,ICN
2762,3,442.2,AOJ,ICN
2763,3,447.0,AOJ,ICN
2764,3,452.2,AOJ,ICN
2765,3,457.7,AOJ,ICN
2766,3,419.9,AOJ,ICN
2767,3,416.8,AOJ,ICN
2768,3,414.4,AOJ,ICN
2769,3,412.5,AOJ,ICN
2770,3,411.3,AOJ,ICN
2771,3,410.7,AOJ,ICN
2772,3,410.8,AOJ,ICN
2773,3,411.6,AOJ,ICN
2774,3,413.0,AOJ,ICN
2775,3,415.1,AOJ,ICN
2776,3,417.7,AOJ,ICN
2777,3,421.0,AOJ,ICN
2778,3,424.7,AOJ,ICN
2779,3,428.9,AOJ,ICN
2780,3,433.6,AOJ,ICN
2781,3,438.7,AOJ,ICN
2782,3,444.1,AOJ,ICN
2783,3,449.9,AOJ,ICN
2784,3,410.6,AOJ,ICN
2785,3,407.3,AOJ,ICN
2786,3,404.7,AOJ,ICN
2787,3,402.7,AOJ,ICN
2788,3,401.3,AOJ,ICN
2789,3,400.7,AOJ,ICN
2790,3,400.8,AOJ,ICN
2791,3,401.7,AOJ,ICN
2792,3,403.2,AOJ,ICN
2793,3,405.4,AOJ,ICN
2794,3,408.3,AOJ,ICN
2795,3,411.8,AOJ,ICN
2796,3,415.8,AOJ,ICN
2797,3,420.3,AOJ,ICN
2798,3,425.2,AOJ,ICN
2799,3,430.6,AOJ,ICN
2800,3,436.3,AOJ,ICN
2801,3,442.4,AOJ,ICN
2802,3,401.4,AOJ,ICN
2803,3,397.9,AOJ,ICN
2804,3,395.0,AOJ,ICN
2805,3,392.8,AOJ,ICN
2806,3,391.4,AOJ,ICN
2807,3,390.7,AOJ,ICN
2808,3,390.8,AOJ,ICN
2809,3,391.8,AOJ,ICN
2810,3,393.4,AOJ,ICN
2811,3,395.8,AOJ,ICN
2812,3,398.9,AOJ,ICN
2813,3,402.7,AOJ,ICN
2814,3,407.0,AOJ,ICN
2815,3,411.8,AOJ,ICN
2816,3,417.1,AOJ,ICN
2817,3,422.7,AOJ,ICN
2818,3,428.8,AOJ,ICN
2819,3,435.1,AOJ,ICN
2820,3,407.4,AOJ,ICN
2821,3,396.9,AOJ,ICN
2822,3,392.4,AOJ,ICN
2823,3,388.6,AOJ,ICN
2824,3,385.4,AOJ,ICN
2825,3,383.0,AOJ,ICN
2826,3,381.4,AOJ,ICN
2827,3,380.7,AOJ,ICN
2828,3,380.8,AOJ,ICN
2829,3,381.8,AOJ,ICN
2830,3,383.7,AOJ,ICN
2831,3,386.3,AOJ,ICN
2832,3,389.7,AOJ,ICN
2833,3,393.8,AOJ,ICN
2834,3,398.4,AOJ,ICN
2835,3,403.6,AOJ,ICN
2836,3,409.2,AOJ,ICN
2837,3,415.2,AOJ,ICN
2838,3,421.5,AOJ,ICN
2839,3,428.2,AOJ,ICN
2840,3,393.8,AOJ,ICN
2841,3,388.4,AOJ,ICN
2842,3,383.6,AOJ,ICN
2843,3,379.4,AOJ,ICN
2844,3,375.9,AOJ,ICN
2845,3,373.3,AOJ,ICN
2846,3,371.5,AOJ,ICN
2847,3,370.7,AOJ,ICN
2848,3,370.8,AOJ,ICN
2849,3,372.0,AOJ,ICN
2850,3,374.0,AOJ,ICN
2851,3,376.9,AOJ,ICN
2852,3,380.6,AOJ,ICN
2853,3,385.1,AOJ,ICN
2854,3,390.1,AOJ,ICN
2855,3,395.6,AOJ,ICN
2856,3,401.6,AOJ,ICN
2857,3,408.0,AOJ,ICN
2858,3,414.7,AOJ,ICN
2859,3,421.7,AOJ,ICN
2860,3,380.3,AOJ,ICN
2861,3,375.0,AOJ,ICN
2862,3,370.4,AOJ,ICN
2863,3,366.6,AOJ,ICN
2864,3,363.6,AOJ,ICN
2865,3,361.6,AOJ,ICN
2866,3,360.7,AOJ,ICN
2867,3,360.9,AOJ,ICN
2868,3,362.1,AOJ,ICN
2869,3,364.4,AOJ,ICN
2870,3,367.7,AOJ,ICN
2871,3,371.8,AOJ,ICN
2872,3,376.6,AOJ,ICN
2873,3,382.1,AOJ,ICN
2874,3,388.1,AOJ,ICN
2875,3,394.5,AOJ,ICN
2876,3,401.2,AOJ,ICN
2877,3,408.3,AOJ,ICN
2878,3,372.6,AOJ,ICN
2879,3,366.8,AOJ,ICN
2880,3,361.7,AOJ,ICN
2881,3,357.4,AOJ,ICN
2882,3,354.0,AOJ,ICN
2883,3,351.7,AOJ,ICN
2884,3,350.7,AOJ,ICN
2885,3,350.9,AOJ,ICN
2886,3,352.3,AOJ,ICN
2887,3,355.0,AOJ,ICN
2888,3,358.6,AOJ,ICN
2889,3,363.2,AOJ,ICN
2890,3,368.6,AOJ,ICN
2891,3,374.5,AOJ,ICN
2892,3,380.9,AOJ,ICN
2893,3,387.8,AOJ,ICN
2894,3,395.0,AOJ,ICN
2895,3,402.4,AOJ,ICN
2896,3,359.0,AOJ,ICN
2897,3,353.3,AOJ,ICN
2898,3,348.4,AOJ,ICN
2899,3,344.6,AOJ,ICN
2900,3,341.9,AOJ,ICN
2901,3,340.7,AOJ,ICN
2902,3,340.9,AOJ,ICN
2903,3,342.6,AOJ,ICN
2904,3,345.7,AOJ,ICN
2905,3,349.9,AOJ,ICN
2906,3,355.0,AOJ,ICN
2907,3,360.9,AOJ,ICN
2908,3,367.4,AOJ,ICN
2909,3,374.4,AOJ,ICN
2910,3,381.7,AOJ,ICN
2911,3,389.3,AOJ,ICN
2912,3,351.8,AOJ,ICN
2913,3,345.5,AOJ,ICN
2914,3,339.9,AOJ,ICN
2915,3,335.4,AOJ,ICN
2916,3,332.2,AOJ,ICN
2917,3,330.7,AOJ,ICN
2918,3,331.0,AOJ,ICN
2919,3,333.0,AOJ,ICN
2920,3,336.7,AOJ,ICN
2921,3,341.6,AOJ,ICN
2922,3,347.4,AOJ,ICN
2923,3,354.0,AOJ,ICN
2924,3,361.1,AOJ,ICN
2925,3,368.5,AOJ,ICN
2926,3,376.3,AOJ,ICN
2927,3,384.3,AOJ,ICN
2928,3,353.1,AOJ,ICN
2929,3,345.5,AOJ,ICN
2930,3,338.4,AOJ,ICN
2931,3,331.9,AOJ,ICN
2932,3,326.5,AOJ,ICN
2933,3,322.6,AOJ,ICN
2934,3,320.7,AOJ,ICN
2935,3,321.1,AOJ,ICN
2936,3,323.7,AOJ,ICN
2937,3,328.1,AOJ,ICN
2938,3,333.9,AOJ,ICN
2939,3,340.6,AOJ,ICN
2940,3,347.8,AOJ,ICN
2941,3,355.5,AOJ,ICN
2942,3,363.5,AOJ,ICN
2943,3,371.8,AOJ,ICN
2944,3,348.5,AOJ,ICN
2945,3,340.3,AOJ,ICN
2946,3,332.4,AOJ,ICN
2947,3,325.0,AOJ,ICN
2948,3,318.4,AOJ,ICN
2949,3,313.4,AOJ,ICN
2950,3,310.7,AOJ,ICN
2951,3,311.2,AOJ,ICN
2952,3,314.8,AOJ,ICN
2953,3,320.4,AOJ,ICN
2954,3,327.2,AOJ,ICN
2955,3,334.8,AOJ,ICN
2956,3,342.8,AOJ,ICN
2957,3,351.1,AOJ,ICN
2958,3,359.6,AOJ,ICN
2959,3,354.0,AOJ,ICN
2960,3,345.2,AOJ,ICN
2961,3,336.5,AOJ,ICN
2962,3,327.9,AOJ,ICN
2963,3,319.5,AOJ,ICN
2964,3,311.7,AOJ,ICN
2965,3,304.9,AOJ,ICN
2966,3,300.8,AOJ,ICN
2967,3,301.7,AOJ,ICN
2968,3,306.9,AOJ,ICN
2969,3,314.1,AOJ,ICN
2970,3,322.1,AOJ,ICN
2971,3,330.6,AOJ,ICN
2972,3,339.2,AOJ,ICN
2973,3,348.0,AOJ,ICN
2974,3,343.5,AOJ,ICN
2975,3,334.5,AOJ,ICN
2976,3,325.5,AOJ,ICN
2977,3,316.5,AOJ,ICN
2978,3,307.6,AOJ,ICN
2979,3,298.9,AOJ,ICN
2980,3,291.5,AOJ,ICN
2981,3,293.4,AOJ,ICN
2982,3,301.6,AOJ,ICN
2983,3,310.4,AOJ,ICN
2984,3,319.4,AOJ,ICN
2985,3,328.4,AOJ,ICN
2986,3,337.4,AOJ,ICN
2987,3,346.4,AOJ,ICN
2988,3,316.7,AOJ,ICN
2989,3,307.8,AOJ,ICN
2990,3,299.3,AOJ,ICN
2991,3,292.3,AOJ,ICN
2992,3,294.1,AOJ,ICN
2993,3,301.9,AOJ,ICN
2994,3,310.6,AOJ,ICN
2995,3,319.5,AOJ,ICN
2996,3,328.4,AOJ,ICN
2997,3,337.4,AOJ,ICN
2998,3,346.4,AOJ,ICN
2999,3,319.9,AOJ,ICN
3000,3,312.2,AOJ,ICN
3001,3,305.6,AOJ,ICN
3002,3,301.8,AOJ,ICN
3003,3,307.5,AOJ,ICN
3004,3,314.6,AOJ,ICN
3005,3,322.5,AOJ,ICN
3006,3,330.8,AOJ,ICN
3007,3,339.4,AOJ,ICN
3008,3,325.5,AOJ,ICN
3009,3,319.1,AOJ,ICN
3010,3,314.2,AOJ,ICN
3011,3,311.7,AOJ,ICN
3012,3,315.5,AOJ,ICN
3013,3,321.0,AOJ,ICN
3014,3,343.1,AOJ,ICN
3015,3,332.6,AOJ,ICN
3016,3,327.3,AOJ,ICN
3017,3,323.5,AOJ,ICN
3018,3,348.2,AOJ,ICN
3019,3,340.6,AOJ,ICN
3020,3,336.2,AOJ,ICN
3021,3,333.1,AOJ,ICN
3022,3,354.4,AOJ,ICN
3023,3,343.5,AOJ,ICN
3024,3,346.5,AOJ,ICN
3025,3,350.6,AOJ,ICN
3026,3,361.4,AOJ,ICN
3027,3,367.8,AOJ,ICN
3028,3,353.2,AOJ,ICN
3029,3,355.8,AOJ,ICN
3030,3,359.4,AOJ,ICN
3031,3,363.8,AOJ,ICN
3032,3,369.0,AOJ,ICN
3033,3,374.8,AOJ,ICN
3034,3,363.0,AOJ,ICN
3035,3,365.3,AOJ,ICN
3036,3,368.4,AOJ,ICN
3037,3,426.2,AOJ,ICN
3038,3,384.1,AOJ,ICN
3039,3,380.1,AOJ,ICN
3040,3,397.3,AOJ,ICN
3041,3,393.0,AOJ,ICN
3042,3,389.3,AOJ,ICN
3043,3,386.2,AOJ,ICN
3044,3,406.0,AOJ,ICN
3045,3,402.0,AOJ,ICN
3046,3,398.6,AOJ,ICN
3047,3,395.8,AOJ,ICN
3048,3,393.7,AOJ,ICN
3049,3,411.2,AOJ,ICN
3050,3,408.0,AOJ,ICN
3051,3,405.5,AOJ,ICN
3052,3,403.5,AOJ,ICN
3053,3,402.3,AOJ,ICN
3054,3,401.8,AOJ,ICN
3055,3,402.6,AOJ,ICN
3056,3,404.1,AOJ,ICN
3057,3,406.2,AOJ,ICN
3058,3,417.6,AOJ,ICN
3059,3,415.2,AOJ,ICN
3060,3,413.4,AOJ,ICN
3061,3,412.2,AOJ,ICN
3062,3,411.7,AOJ,ICN
3063,3,411.8,AOJ,ICN
3064,3,412.5,AOJ,ICN
3065,3,411.1,CTS,PUS
3066,3,406.9,CTS,PUS
3067,3,427.1,AOJ,ICN
3068,3,424.9,AOJ,ICN
3069,3,423.3,AOJ,ICN
3070,3,422.2,AOJ,ICN
3071,3,418.8,CTS,PUS
3072,3,413.0,CTS,PUS
3073,3,407.5,CTS,PUS
3074,3,449.9,CTS,PUS
3075,3,439.3,AOJ,ICN
3076,3,436.8,AOJ,ICN
3077,3,432.0,CTS,PUS
3078,3,425.0,CTS,PUS
3079,3,418.2,CTS,PUS
3080,3,411.7,CTS,PUS
3081,3,405.4,CTS,PUS
3082,3,436.9,CTS,PUS
3083,3,444.2,CTS,PUS
3084,3,471.9,AOJ,ICN
3085,3,449.2,CTS,PUS
3086,3,441.5,CTS,PUS
3087,3,433.8,CTS,PUS
3088,3,426.3,CTS,PUS
3089,3,419.0,CTS,PUS
3090,3,416.6,CTS,PUS
3091,3,423.9,CTS,PUS
3092,3,431.3,CTS,PUS
3093,3,438.9,CTS,PUS
3094,3,452.9,CTS,PUS
3095,3,444.8,CTS,PUS
3096,3,436.8,CTS,PUS
3097,3,428.9,CTS,PUS
3098,3,421.1,CTS,PUS
3099,3,396.4,CTS,PUS
3100,3,403.6,CTS,PUS
3101,3,411.0,CTS,PUS
3102,3,418.6,CTS,PUS
3103,3,426.4,CTS,PUS
3104,3,434.2,CTS,PUS
3105,3,457.5,CTS,PUS
3106,3,449.2,CTS,PUS
3107,3,440.9,CTS,PUS
3108,3,432.7,CTS,PUS
3109,3,424.6,CTS,PUS
3110,3,371.8,CTS,PUS
3111,3,376.3,CTS,PUS
3112,3,383.4,CTS,PUS
3113,3,390.7,CTS,PUS
3114,3,398.3,CTS,PUS
3115,3,406.0,CTS,PUS
3116,3,413.9,CTS,PUS
3117,3,422.0,CTS,PUS
3118,3,430.1,CTS,PUS
3119,3,446.1,CTS,PUS
3120,3,437.7,CTS,PUS
3121,3,429.3,CTS,PUS
3122,3,420.9,CTS,PUS
3123,3,365.5,CTS,PUS
3124,3,358.5,CTS,PUS
3125,3,356.4,CTS,PUS
3126,3,363.2,CTS,PUS
3127,3,370.5,CTS,PUS
3128,3,378.0,CTS,PUS
3129,3,385.8,CTS,PUS
3130,3,393.7,CTS,PUS
3131,3,401.8,CTS,PUS
3132,3,410.0,CTS,PUS
3133,3,418.2,CTS,PUS
3134,3,426.5,CTS,PUS
3135,3,434.9,CTS,PUS
3136,3,443.6,CTS,PUS
3137,3,435.0,CTS,PUS
3138,3,426.5,CTS,PUS
3139,3,418.0,CTS,PUS
3140,3,409.5,CTS,PUS
3141,3,368.1,CTS,PUS
3142,3,360.3,CTS,PUS
3143,3,352.6,CTS,PUS
3144,3,345.4,CTS,PUS
3145,3,336.7,CTS,PUS
3146,3,343.2,CTS,PUS
3147,3,350.2,CTS,PUS
3148,3,357.7,CTS,PUS
3149,3,365.5,CTS,PUS
3150,3,373.5,CTS,PUS
3151,3,381.7,CTS,PUS
3152,3,390.0,CTS,PUS
3153,3,398.3,CTS,PUS
3154,3,406.7,CTS,PUS
3155,3,415.2,CTS,PUS
3156,3,423.7,CTS,PUS
3157,3,432.2,CTS,PUS
3158,3,440.8,CTS,PUS
3159,3,441.7,CTS,PUS
3160,3,433.1,CTS,PUS
3161,3,424.4,CTS,PUS
3162,3,415.7,CTS,PUS
3163,3,407.1,CTS,PUS
3164,3,398.5,CTS,PUS
3165,3,389.9,CTS,PUS
3166,3,372.9,CTS,PUS
3167,3,364.5,CTS,PUS
3168,3,356.1,CTS,PUS
3169,3,348.0,CTS,PUS
3170,3,340.0,CTS,PUS
3171,3,332.4,CTS,PUS
3172,3,325.5,CTS,PUS
3173,3,323.4,CTS,PUS
3174,3,330.1,CTS,PUS
3175,3,337.5,CTS,PUS
3176,3,345.3,CTS,PUS
3177,3,353.5,CTS,PUS
3178,3,361.7,CTS,PUS
3179,3,370.1,CTS,PUS
3180,3,378.6,CTS,PUS
3181,3,387.1,CTS,PUS
3182,3,395.7,CTS,PUS
3183,3,404.3,CTS,PUS
3184,3,412.9,CTS,PUS
3185,3,421.6,CTS,PUS
3186,3,430.2,CTS,PUS
3187,3,438.9,CTS,PUS
3188,3,440.5,CTS,PUS
3189,3,431.8,CTS,PUS
3190,3,423.1,CTS,PUS
3191,3,414.3,CTS,PUS
3192,3,405.6,CTS,PUS
3193,3,396.9,CTS,PUS
3194,3,388.1,CTS,PUS
3195,3,379.4,CTS,PUS
3196,3,370.8,CTS,PUS
3197,3,362.1,CTS,PUS
3198,3,353.4,CTS,PUS
3199,3,344.9,CTS,PUS
3200,3,336.3,CTS,PUS
3201,3,327.9,CTS,PUS
3202,3,319.8,CTS,PUS
3203,3,312.3,CTS,PUS
3204,3,306.5,CTS,PUS
3205,3,305.4,CTS,PUS
3206,3,310.1,CTS,PUS
3207,3,317.3,CTS,PUS
3208,3,325.3,CTS,PUS
3209,3,333.6,CTS,PUS
3210,3,342.1,CTS,PUS
3211,3,350.6,CTS,PUS
3212,3,359.3,CTS,PUS
3213,3,367.9,CTS,PUS
3214,3,376.6,CTS,PUS
3215,3,385.3,CTS,PUS
3216,3,394.0,CTS,PUS
3217,3,402.7,CTS,PUS
3218,3,411.5,CTS,PUS
3219,3,420.2,CTS,PUS
3220,3,428.9,CTS,PUS
3221,3,437.7,CTS,PUS
3222,3,446.0,AKJ,ICN
3223,3,413.7,CTS,PUS
3224,3,405.0,CTS,PUS
3225,3,396.2,CTS,PUS
3226,3,387.4,CTS,PUS
3227,3,378.7,CTS,PUS
3228,3,369.9,CTS,PUS
3229,3,361.1,CTS,PUS
3230,3,352.4,CTS,PUS
3231,3,343.6,CTS,PUS
3232,3,334.8,CTS,PUS
3233,3,326.1,CTS,PUS
3234,3,317.3,CTS,PUS
3235,3,308.6,CTS,PUS
3236,3,299.9,CTS,PUS
3237,3,297.1,CTS,PUS
3238,3,305.7,CTS,PUS
3239,3,314.5,CTS,PUS
3240,3,323.2,CTS,PUS
3241,3,332.0,CTS,PUS
3242,3,340.8,CTS,PUS
3243,3,349.5,CTS,PUS
3244,3,358.3,CTS,PUS
3245,3,367.0,CTS,PUS
3246,3,375.8,CTS,PUS
3247,3,384.6,CTS,PUS
3248,3,393.3,CTS,PUS
3249,3,402.1,CTS,PUS
3250,3,410.9,CTS,PUS
3251,3,419.6,CTS,PUS
3252,3,427.4,AKJ,ICN
3253,3,432.7,AKJ,ICN
3254,3,438.3,AKJ,ICN
3255,3,444.2,AKJ,ICN
3256,3,396.5,CTS,PUS
3257,3,387.8,CTS,PUS
3258,3,379.1,CTS,PUS
3259,3,370.4,CTS,PUS
3260,3,361.7,CTS,PUS
3261,3,353.0,CTS,PUS
3262,3,344.4,CTS,PUS
3263,3,335.8,CTS,PUS
3264,3,327.3,CTS,PUS
3265,3,318.9,CTS,PUS
3266,3,311.0,CTS,PUS
3267,3,304.6,CTS,PUS
3268,3,303.4,CTS,PUS
3269,3,308.7,CTS,PUS
3270,3,316.3,CTS,PUS
3271,3,324.5,CTS,PUS
3272,3,333.0,CTS,PUS
3273,3,341.6,CTS,PUS
3274,3,350.2,CTS,PUS
3275,3,358.8,CTS,PUS
3276,3,367.5,CTS,PUS
3277,3,376.2,CTS,PUS
3278,3,384.9,CTS,PUS
3279,3,393.7,CTS,PUS
3280,3,402.4,CTS,PUS
3281,3,409.4,AKJ,ICN
3282,3,414.2,AKJ,ICN
3283,3,419.4,AKJ,ICN
3284,3,425.0,AKJ,ICN
3285,3,430.9,AKJ,ICN
3286,3,437.2,AKJ,ICN
3287,3,443.7,AKJ,ICN
3288,3,450.4,AKJ,ICN
3289,3,397.8,CTS,PUS
3290,3,389.2,CTS,PUS
3291,3,380.6,CTS,PUS
3292,3,372.1,CTS,PUS
3293,3,363.7,CTS,PUS
3294,3,355.3,CTS,PUS
3295,3,347.0,CTS,PUS
3296,3,339.0,CTS,PUS
3297,3,331.2,CTS,PUS
3298,3,324.0,CTS,PUS
3299,3,317.9,CTS,PUS
3300,3,313.8,CTS,PUS
3301,3,313.1,CTS,PUS
3302,3,316.2,CTS,PUS
3303,3,321.8,CTS,PUS
3304,3,328.8,CTS,PUS
3305,3,336.4,CTS,PUS
3306,3,344.4,CTS,PUS
3307,3,352.6,CTS,PUS
3308,3,360.9,CTS,PUS
3309,3,369.4,CTS,PUS
3310,3,377.9,CTS,PUS
3311,3,386.4,CTS,PUS
3312,3,392.4,AKJ,ICN
3313,3,396.4,AKJ,ICN
3314,3,401.0,AKJ,ICN
3315,3,406.1,AKJ,ICN
3316,3,411.7,AKJ,ICN
3317,3,417.6,AKJ,ICN
3318,3,423.9,AKJ,ICN
3319,3,430.5,AKJ,ICN
3320,3,437.4,AKJ,ICN
3321,3,444.4,AKJ,ICN
3322,3,451.6,AKJ,ICN
3323,3,505.3,AKJ,ICN
3324,3,391.6,CTS,PUS
3325,3,383.3,CTS,PUS
3326,3,375.1,CTS,PUS
3327,3,367.0,CTS,PUS
3328,3,359.0,CTS,PUS
3329,3,351.3,CTS,PUS
3330,3,344.0,CTS,PUS
3331,3,337.2,CTS,PUS
3332,3,331.1,CTS,PUS
3333,3,326.4,CTS,PUS
3334,3,323.5,CTS,PUS
3335,3,323.1,CTS,PUS
3336,3,325.2,CTS,PUS
3337,3,329.4,CTS,PUS
3338,3,335.1,CTS,PUS
3339,3,341.7,CTS,PUS
3340,3,348.9,CTS,PUS
3341,3,356.5,CTS,PUS
3342,3,364.4,CTS,PUS
3343,3,372.4,CTS,PUS
3344,3,376.9,AKJ,ICN
3345,3,379.7,AKJ,ICN
3346,3,383.4,AKJ,ICN
3347,3,387.8,AKJ,ICN
3348,3,392.8,AKJ,ICN
3349,3,398.4,AKJ,ICN
3350,3,404.4,AKJ,ICN
3351,3,410.7,AKJ,ICN
3352,3,417.4,AKJ,ICN
3353,3,424.4,AKJ,ICN
3354,3,431.5,AKJ,ICN
3355,3,438.8,AKJ,ICN
3356,3,446.3,AKJ,ICN
3357,3,453.9,AKJ,ICN
3358,3,461.6,AKJ,ICN
3359,3,469.4,AKJ,ICN
3360,3,477.3,AKJ,ICN
3361,3,485.3,AKJ,ICN
3362,3,493.3,AKJ,ICN
3363,3,501.4,AKJ,ICN
3364,3,509.5,AKJ,ICN
3365,3,517.7,AKJ,ICN
3366,3,395.0,CTS,PUS
3367,3,387.0,CTS,PUS
3368,3,379.1,CTS,PUS
3369,3,371.5,CTS,PUS
3370,3,364.0,CTS,PUS
3371,3,357.0,CTS,PUS
3372,3,350.4,CTS,PUS
3373,3,344.4,CTS,PUS
3374,3,339.4,CTS,PUS
3375,3,335.6,CTS,PUS
3376,3,333.4,CTS,PUS
3377,3,333.1,CTS,PUS
3378,3,334.7,CTS,PUS
3379,3,338.0,CTS,PUS
3380,3,342.7,CTS,PUS
3381,3,348.3,CTS,PUS
3382,3,354.8,CTS,PUS
3383,3,361.7,CTS,PUS
3384,3,364.2,AKJ,ICN
3385,3,365.2,AKJ,ICN
3386,3,367.3,AKJ,ICN
3387,3,370.5,AKJ,ICN
3388,3,374.7,AKJ,ICN
3389,3,379.6,AKJ,ICN
3390,3,385.1,AKJ,ICN
3391,3,391.1,AKJ,ICN
3392,3,397.6,AKJ,ICN
3393,3,404.4,AKJ,ICN
3394,3,411.4,AKJ,ICN
3395,3,418.7,AKJ,ICN
3396,3,426.2,AKJ,ICN
3397,3,433.8,AKJ,ICN
3398,3,441.5,AKJ,ICN
3399,3,449.4,AKJ,ICN
3400,3,457.3,AKJ,ICN
3401,3,465.3,AKJ,ICN
3402,3,473.4,AKJ,ICN
3403,3,481.5,AKJ,ICN
3404,3,489.7,AKJ,ICN
3405,3,497.9,AKJ,ICN
3406,3,506.2,AKJ,ICN
3407,3,514.5,AKJ,ICN
3408,3,522.8,AKJ,ICN
3409,3,407.0,CTS,PUS
3410,3,399.2,CTS,PUS
3411,3,391.5,CTS,PUS
3412,3,384.1,CTS,PUS
3413,3,370.0,CTS,PUS
3414,3,348.2,CTS,PUS
3415,3,345.1,CTS,PUS
3416,3,343.3,CTS,PUS
3417,3,343.1,CTS,PUS
3418,3,344.3,CTS,PUS
3419,3,347.0,CTS,PUS
3420,3,351.0,CTS,PUS
3421,3,355.9,CTS,PUS
3422,3,356.2,AKJ,ICN
3423,3,354.5,AKJ,ICN
3424,3,354.2,AKJ,ICN
3425,3,355.3,AKJ,ICN
3426,3,357.9,AKJ,ICN
3427,3,361.6,AKJ,ICN
3428,3,366.3,AKJ,ICN
3429,3,371.8,AKJ,ICN
3430,3,377.9,AKJ,ICN
3431,3,384.5,AKJ,ICN
3432,3,391.4,AKJ,ICN
3433,3,398.6,AKJ,ICN
3434,3,406.1,AKJ,ICN
3435,3,413.7,AKJ,ICN
3436,3,421.5,AKJ,ICN
3437,3,429.4,AKJ,ICN
3438,3,437.4,AKJ,ICN
3439,3,445.4,AKJ,ICN
3440,3,453.5,AKJ,ICN
3441,3,461.7,AKJ,ICN
3442,3,470.0,AKJ,ICN
3443,3,478.2,AKJ,ICN
3444,3,486.6,AKJ,ICN
3445,3,494.9,AKJ,ICN
3446,3,503.3,AKJ,ICN
3447,3,511.7,AKJ,ICN
3448,3,520.1,AKJ,ICN
3449,3,528.5,AKJ,ICN
3450,3,537.0,AKJ,ICN
3451,3,545.5,AKJ,ICN
3452,3,553.9,AKJ,ICN
3453,3,562.4,AKJ,ICN
3454,3,411.6,CTS,PUS
3455,3,404.2,CTS,PUS
3456,3,357.4,CTS,PUS
3457,3,354.7,CTS,PUS
3458,3,353.3,CTS,PUS
3459,3,353.1,CTS,PUS
3460,3,354.1,CTS,PUS
3461,3,356.4,CTS,PUS
3462,3,355.3,AKJ,ICN
3463,3,350.4,AKJ,ICN
3464,3,346.7,AKJ,ICN
3465,3,344.6,AKJ,ICN
3466,3,344.2,AKJ,ICN
3467,3,345.6,AKJ,ICN
3468,3,348.7,AKJ,ICN
3469,3,353.1,AKJ,ICN
3470,3,358.6,AKJ,ICN
3471,3,364.7,AKJ,ICN
3472,3,371.5,AKJ,ICN
3473,3,378.6,AKJ,ICN
3474,3,386.0,AKJ,ICN
3475,3,393.7,AKJ,ICN
3476,3,401.5,AKJ,ICN
3477,3,409.4,AKJ,ICN
3478,3,417.5,AKJ,ICN
3479,3,425.6,AKJ,ICN
3480,3,433.8,AKJ,ICN
3481,3,442.1,AKJ,ICN
3482,3,450.4,AKJ,ICN
3483,3,458.7,AKJ,ICN
3484,3,467.1,AKJ,ICN
3485,3,475.5,AKJ,ICN
3486,3,483.9,AKJ,ICN
3487,3,492.4,AKJ,ICN
3488,3,500.8,AKJ,ICN
3489,3,509.3,AKJ,ICN
3490,3,517.8,AKJ,ICN
3491,3,526.3,AKJ,ICN
3492,3,534.9,AKJ,ICN
3493,3,543.4,AKJ,ICN
3494,3,560.5,AKJ,ICN
3495,3,364.5,CTS,PUS
3496,3,363.2,CTS,PUS
3497,3,363.1,CTS,PUS
3498,3,361.6,AKJ,ICN
3499,3,354.5,AKJ,ICN
3500,3,347.8,AKJ,ICN
3501,3,342.0,AKJ,ICN
3502,3,337.5,AKJ,ICN
3503,3,334.7,AKJ,ICN
3504,3,334.2,AKJ,ICN
3505,3,336.1,AKJ,ICN
3506,3,340.0,AKJ,ICN
3507,3,345.3,AKJ,ICN
3508,3,351.6,AKJ,ICN
3509,3,358.6,AKJ,ICN
3510,3,366.0,AKJ,ICN
3511,3,373.6,AKJ,ICN
3512,3,381.5,AKJ,ICN
3513,3,389.6,AKJ,ICN
3514,3,397.7,AKJ,ICN
3515,3,405.9,AKJ,ICN
3516,3,414.2,AKJ,ICN
3517,3,422.6,AKJ,ICN
3518,3,430.9,AKJ,ICN
3519,3,439.4,AKJ,ICN
3520,3,447.8,AKJ,ICN
3521,3,456.3,AKJ,ICN
3522,3,464.8,AKJ,ICN
3523,3,473.3,AKJ,ICN
3524,3,481.8,AKJ,ICN
3525,3,490.3,AKJ,ICN
3526,3,498.9,AKJ,ICN
3527,3,507.4,AKJ,ICN
3528,3,516.0,AKJ,ICN
3529,3,524.6,AKJ,ICN
3530,3,533.1,AKJ,ICN
3531,3,376.4,CTS,PUS
3532,3,374.3,CTS,PUS
3533,3,373.2,CTS,PUS
3534,3,365.1,AKJ,ICN
3535,3,357.0,AKJ,ICN
3536,3,349.1,AKJ,ICN
3537,3,341.6,AKJ,ICN
3538,3,334.7,AKJ,ICN
3539,3,328.8,AKJ,ICN
3540,3,325.0,AKJ,ICN
3541,3,324.2,AKJ,ICN
3542,3,326.9,AKJ,ICN
3543,3,332.1,AKJ,ICN
3544,3,338.6,AKJ,ICN
3545,3,345.9,AKJ,ICN
3546,3,353.7,AKJ,ICN
3547,3,361.7,AKJ,ICN
3548,3,369.8,AKJ,ICN
3549,3,378.1,AKJ,ICN
3550,3,386.5,AKJ,ICN
3551,3,394.9,AKJ,ICN
3552,3,403.3,AKJ,ICN
3553,3,411.8,AKJ,ICN
3554,3,420.3,AKJ,ICN
3555,3,428.8,AKJ,ICN
3556,3,437.4,AKJ,ICN
3557,3,445.9,AKJ,ICN
3558,3,454.5,AKJ,ICN
3559,3,463.1,AKJ,ICN
3560,3,471.6,AKJ,ICN
3561,3,480.2,AKJ,ICN
3562,3,488.8,AKJ,ICN
3563,3,497.4,AKJ,ICN
3564,3,506.0,AKJ,ICN
3565,3,514.6,AKJ,ICN
3566,3,523.2,AKJ,ICN
3567,3,386.0,CTS,PUS
3568,3,379.5,AKJ,ICN
3569,3,371.0,AKJ,ICN
3570,3,362.4,AKJ,ICN
3571,3,354.0,AKJ,ICN
3572,3,345.5,AKJ,ICN
3573,3,337.2,AKJ,ICN
3574,3,329.2,AKJ,ICN
3575,3,321.7,AKJ,ICN
3576,3,315.7,AKJ,ICN
3577,3,314.4,AKJ,ICN
3578,3,318.9,AKJ,ICN
3579,3,325.9,AKJ,ICN
3580,3,333.9,AKJ,ICN
3581,3,342.1,AKJ,ICN
3582,3,350.4,AKJ,ICN
3583,3,358.9,AKJ,ICN
3584,3,367.4,AKJ,ICN
3585,3,375.9,AKJ,ICN
3586,3,384.5,AKJ,ICN
3587,3,393.1,AKJ,ICN
3588,3,401.7,AKJ,ICN
3589,3,410.3,AKJ,ICN
3590,3,418.9,AKJ,ICN
3591,3,427.5,AKJ,ICN
3592,3,436.1,AKJ,ICN
3593,3,444.7,AKJ,ICN
3594,3,453.3,AKJ,ICN
3595,3,462.0,AKJ,ICN
3596,3,470.6,AKJ,ICN
3597,3,479.2,AKJ,ICN
3598,3,487.8,AKJ,ICN
3599,3,496.5,AKJ,ICN
3600,3,505.1,AKJ,ICN
3601,3,513.7,AKJ,ICN
3602,3,522.4,AKJ,ICN
3603,3,387.4,AKJ,ICN
3604,3,378.7,AKJ,ICN
3605,3,370.1,AKJ,ICN
3606,3,361.4,AKJ,ICN
3607,3,352.8,AKJ,ICN
3608,3,344.2,AKJ,ICN
3609,3,335.5,AKJ,ICN
3610,3,326.9,AKJ,ICN
3611,3,318.3,AKJ,ICN
3612,3,309.6,AKJ,ICN
3613,3,306.1,AKJ,ICN
3614,3,314.7,AKJ,ICN
3615,3,323.3,AKJ,ICN
3616,3,331.9,AKJ,ICN
3617,3,340.6,AKJ,ICN
3618,3,349.2,AKJ,ICN
3619,3,357.9,AKJ,ICN
3620,3,366.5,AKJ,ICN
3621,3,375.1,AKJ,ICN
3622,3,383.8,AKJ,ICN
3623,3,392.4,AKJ,ICN
3624,3,401.0,AKJ,ICN
3625,3,409.7,AKJ,ICN
3626,3,418.3,AKJ,ICN
3627,3,426.9,AKJ,ICN
3628,3,435.6,AKJ,ICN
3629,3,444.2,AKJ,ICN
3630,3,452.9,AKJ,ICN
3631,3,461.5,AKJ,ICN
3632,3,470.1,AKJ,ICN
3633,3,478.8,AKJ,ICN
3634,3,487.4,AKJ,ICN
3635,3,496.0,AKJ,ICN
3636,3,504.7,AKJ,ICN
3637,3,513.3,AKJ,ICN
3638,3,387.8,AKJ,ICN
3639,3,379.3,AKJ,ICN
3640,3,370.7,AKJ,ICN
3641,3,362.2,AKJ,ICN
3642,3,353.7,AKJ,ICN
3643,3,345.2,AKJ,ICN
3644,3,336.9,AKJ,ICN
3645,3,328.7,AKJ,ICN
3646,3,321.0,AKJ,ICN
3647,3,314.8,AKJ,ICN
3648,3,313.3,AKJ,ICN
3649,3,318.1,AKJ,ICN
3650,3,325.4,AKJ,ICN
3651,3,333.5,AKJ,ICN
3652,3,341.7,AKJ,ICN
3653,3,350.1,AKJ,ICN
3654,3,358.6,AKJ,ICN
3655,3,367.1,AKJ,ICN
3656,3,375.7,AKJ,ICN
3657,3,384.3,AKJ,ICN
3658,3,392.8,AKJ,ICN
3659,3,401.4,AKJ,ICN
3660,3,410.0,AKJ,ICN
3661,3,418.6,AKJ,ICN
3662,3,427.2,AKJ,ICN
3663,3,435.8,AKJ,ICN
3664,3,444.4,AKJ,ICN
3665,3,453.0,AKJ,ICN
3666,3,461.7,AKJ,ICN
3667,3,470.3,AKJ,ICN
3668,3,478.9,AKJ,ICN
3669,3,487.5,AKJ,ICN
3670,3,496.1,AKJ,ICN
3671,3,504.8,AKJ,ICN
3672,3,513.4,AKJ,ICN
3673,3,547.9,AKJ,ICN
3674,3,381.1,AKJ,ICN
3675,3,372.8,AKJ,ICN
3676,3,364.6,AKJ,ICN
3677,3,356.5,AKJ,ICN
3678,3,348.5,AKJ,ICN
3679,3,341.0,AKJ,ICN
3680,3,333.9,AKJ,ICN
3681,3,327.9,AKJ,ICN
3682,3,323.9,AKJ,ICN
3683,3,323.2,AKJ,ICN
3684,3,326.0,AKJ,ICN
3685,3,331.3,AKJ,ICN
3686,3,337.9,AKJ,ICN
3687,3,345.3,AKJ,ICN
3688,3,353.1,AKJ,ICN
3689,3,361.2,AKJ,ICN
3690,3,369.3,AKJ,ICN
3691,3,377.6,AKJ,ICN
3692,3,386.0,AKJ,ICN
3693,3,394.4,AKJ,ICN
3694,3,402.8,AKJ,ICN
3695,3,411.3,AKJ,ICN
3696,3,419.8,AKJ,ICN
3697,3,428.3,AKJ,ICN
3698,3,436.8,AKJ,ICN
3699,3,445.4,AKJ,ICN
3700,3,453.9,AKJ,ICN
3701,3,462.5,AKJ,ICN
3702,3,471.0,AKJ,ICN
3703,3,479.6,AKJ,ICN
3704,3,488.2,AKJ,ICN
3705,3,496.7,AKJ,ICN
3706,3,505.3,AKJ,ICN
3707,3,513.9,AKJ,ICN
3708,3,548.3,AKJ,ICN
3709,3,368.4,AKJ,ICN
3710,3,360.9,AKJ,ICN
3711,3,353.7,AKJ,ICN
3712,3,347.0,AKJ,ICN
3713,3,341.1,AKJ,ICN
3714,3,336.5,AKJ,ICN
3715,3,333.6,AKJ,ICN
3716,3,333.1,AKJ,ICN
3717,3,335.0,AKJ,ICN
3718,3,339.0,AKJ,ICN
3719,3,344.4,AKJ,ICN
3720,3,350.8,AKJ,ICN
3721,3,357.8,AKJ,ICN
3722,3,365.2,AKJ,ICN
3723,3,372.9,AKJ,ICN
3724,3,380.8,AKJ,ICN
3725,3,388.8,AKJ,ICN
3726,3,397.0,AKJ,ICN
3727,3,405.2,AKJ,ICN
3728,3,413.5,AKJ,ICN
3729,3,421.8,AKJ,ICN
3730,3,430.2,AKJ,ICN
3731,3,438.6,AKJ,ICN
3732,3,447.0,AKJ,ICN
3733,3,455.4,AKJ,ICN
3734,3,463.9,AKJ,ICN
3735,3,497.9,AKJ,ICN
3736,3,506.4,AKJ,ICN
3737,3,514.9,AKJ,ICN
3738,3,557.6,AKJ,ICN
3739,3,566.2,AKJ,ICN
3740,3,373.5,AKJ,ICN
3741,3,366.6,AKJ,ICN
3742,3,360.1,AKJ,ICN
3743,3,354.3,AKJ,ICN
3744,3,349.4,AKJ,ICN
3745,3,345.7,AKJ,ICN
3746,3,343.5,AKJ,ICN
3747,3,343.1,AKJ,ICN
3748,3,344.6,AKJ,ICN
3749,3,347.7,AKJ,ICN
3750,3,352.1,AKJ,ICN
3751,3,357.6,AKJ,ICN
3752,3,363.8,AKJ,ICN
3753,3,370.6,AKJ,ICN
3754,3,377.7,AKJ,ICN
3755,3,385.1,AKJ,ICN
3756,3,392.8,AKJ,ICN
3757,3,400.5,AKJ,ICN
3758,3,408.5,AKJ,ICN
3759,3,416.5,AKJ,ICN
3760,3,424.6,AKJ,ICN
3761,3,432.8,AKJ,ICN
3762,3,441.0,AKJ,ICN
3763,3,449.3,AKJ,ICN
3764,3,507.9,AKJ,ICN
3765,3,516.4,AKJ,ICN
3766,3,524.9,AKJ,ICN
3767,3,567.3,AKJ,ICN
3768,3,575.8,AKJ,ICN
3769,3,379.6,AKJ,ICN
3770,3,373.3,AKJ,ICN
3771,3,367.5,AKJ,ICN
3772,3,362.4,AKJ,ICN
3773,3,358.3,AKJ,ICN
3774,3,355.2,AKJ,ICN
3775,3,353.4,AKJ,ICN
3776,3,353.1,AKJ,ICN
3777,3,354.3,AKJ,ICN
3778,3,356.8,AKJ,ICN
3779,3,360.6,AKJ,ICN
3780,3,365.3,AKJ,ICN
3781,3,370.8,AKJ,ICN
3782,3,376.9,AKJ,ICN
3783,3,383.5,AKJ,ICN
3784,3,390.4,AKJ,ICN
3785,3,397.6,AKJ,ICN
3786,3,405.0,AKJ,ICN
3787,3,412.6,AKJ,ICN
3788,3,420.3,AKJ,ICN
3789,3,428.1,AKJ,ICN
3790,3,436.1,AKJ,ICN
3791,3,444.1,AKJ,ICN
3792,3,518.3,AKJ,ICN
3793,3,526.7,AKJ,ICN
3794,3,577.3,AKJ,ICN
3795,3,386.4,AKJ,ICN
3796,3,380.7,AKJ,ICN
3797,3,375.5,AKJ,ICN
3798,3,371.1,AKJ,ICN
3799,3,367.5,AKJ,ICN
3800,3,364.9,AKJ,ICN
3801,3,363.4,AKJ,ICN
3802,3,363.1,AKJ,ICN
3803,3,364.1,AKJ,ICN
3804,3,366.2,AKJ,ICN
3805,3,369.5,AKJ,ICN
3806,3,373.6,AKJ,ICN
3807,3,378.5,AKJ,ICN
3808,3,384.0,AKJ,ICN
3809,3,390.0,AKJ,ICN
3810,3,396.4,AKJ,ICN
3811,3,403.2,AKJ,ICN
3812,3,410.2,AKJ,ICN
3813,3,417.4,AKJ,ICN
3814,3,537.3,AKJ,ICN
3815,3,587.5,AKJ,ICN
3816,3,595.9,AKJ,ICN
3817,3,393.9,AKJ,ICN
3818,3,388.6,AKJ,ICN
3819,3,384.0,AKJ,ICN
3820,3,380.0,AKJ,ICN
3821,3,376.9,AKJ,ICN
3822,3,374.6,AKJ,ICN
3823,3,373.4,AKJ,ICN
3824,3,373.1,AKJ,ICN
3825,3,374.0,AKJ,ICN
3826,3,375.8,AKJ,ICN
3827,3,378.6,AKJ,ICN
3828,3,382.3,AKJ,ICN
3829,3,386.6,AKJ,ICN
3830,3,391.6,AKJ,ICN
3831,3,397.1,AKJ,ICN
3832,3,403.1,AKJ,ICN
3833,3,409.4,AKJ,ICN
3834,3,597.9,AKJ,ICN
3835,3,606.2,AKJ,ICN
3836,3,614.6,AKJ,ICN
3837,3,401.8,AKJ,ICN
3838,3,397.0,AKJ,ICN
3839,3,392.8,AKJ,ICN
3840,3,389.2,AKJ,ICN
3841,3,386.4,AKJ,ICN
3842,3,384.4,AKJ,ICN
3843,3,383.3,AKJ,ICN
3844,3,383.1,AKJ,ICN
3845,3,383.9,AKJ,ICN
3846,3,385.5,AKJ,ICN
3847,3,388.0,AKJ,ICN
3848,3,391.2,AKJ,ICN
3849,3,395.2,AKJ,ICN
3850,3,399.7,AKJ,ICN
3851,3,404.8,AKJ,ICN
3852,3,600.2,AKJ,ICN
3853,3,608.5,AKJ,ICN
3854,3,616.8,AKJ,ICN
3855,3,625.1,AKJ,ICN
3856,3,633.4,AKJ,ICN
3857,3,405.6,AKJ,ICN
3858,3,401.8,AKJ,ICN
3859,3,398.6,AKJ,ICN
3860,3,396.1,AKJ,ICN
3861,3,394.3,AKJ,ICN
3862,3,393.3,AKJ,ICN
3863,3,393.2,AKJ,ICN
3864,3,393.8,AKJ,ICN
3865,3,395.3,AKJ,ICN
3866,3,397.5,AKJ,ICN
3867,3,400.4,AKJ,ICN
3868,3,404.0,AKJ,ICN
3869,3,408.1,AKJ,ICN
3870,3,611.0,AKJ,ICN
3871,3,414.5,AKJ,ICN
3872,3,411.0,AKJ,ICN
3873,3,408.1,AKJ,ICN
3874,3,405.8,AKJ,ICN
3875,3,404.2,AKJ,ICN
3876,3,403.3,AKJ,ICN
3877,3,403.2,AKJ,ICN
3878,3,403.8,AKJ,ICN
3879,3,405.1,AKJ,ICN
3880,3,407.1,AKJ,ICN
3881,3,409.7,AKJ,ICN
3882,3,423.6,AKJ,ICN
3883,3,420.3,AKJ,ICN
3884,3,417.7,AKJ,ICN
3885,3,415.6,AKJ,ICN
3886,3,414.1,AKJ,ICN
3887,3,413.3,AKJ,ICN
3888,3,413.2,AKJ,ICN
3889,3,413.7,AKJ,ICN
3890,3,414.9,AKJ,ICN
3891,3,416.7,AKJ,ICN
3892,3,432.8,AKJ,ICN
3893,3,429.8,AKJ,ICN
3894,3,427.3,AKJ,ICN
3895,3,425.4,AKJ,ICN
3896,3,424.1,AKJ,ICN
3897,3,423.3,AKJ,ICN
3898,3,423.2,AKJ,ICN
3899,3,423.7,AKJ,ICN
3900,3,424.8,AKJ,ICN
3901,3,442.1,AKJ,ICN
3902,3,439.3,AKJ,ICN
3903,3,437.0,AKJ,ICN
3904,3,435.2,AKJ,ICN
3905,3,434.0,AKJ,ICN
3906,3,433.3,AKJ,ICN
3907,3,433.2,AKJ,ICN
3908,3,433.7,AKJ,ICN
3909,3,454.5,AKJ,ICN
3910,3,451.5,AKJ,ICN
3911,3,448.9,AKJ,ICN
3912,3,446.8,AKJ,ICN
3913,3,445.1,AKJ,ICN
3914,3,444.0,AKJ,ICN
3915,3,443.3,AKJ,ICN
3916,3,443.2,AKJ,ICN
3917,3,463.8,AKJ,ICN
3918,3,461.0,AKJ,ICN
3919,3,458.5,AKJ,ICN
3920,3,456.5,AKJ,ICN
3921,3,455.0,AKJ,ICN
3922,3,453.9,AKJ,ICN
3923,3,453.4,AKJ,ICN
3924,3,453.3,AKJ,ICN
3925,3,476.3,AKJ,ICN
3926,3,473.2,AKJ,ICN
3927,3,470.5,AKJ,ICN
3928,3,468.2,AKJ,ICN
3929,3,466.4,AKJ,ICN
3930,3,464.9,AKJ,ICN
3931,3,463.9,AKJ,ICN
3932,3,463.4,AKJ,ICN
3933,3,500.4,AKJ,ICN
3934,3,496.3,AKJ,ICN
3935,3,485.5,AKJ,ICN
3936,3,482.6,AKJ,ICN
3937,3,480.1,AKJ,ICN
3938,3,477.9,AKJ,ICN
3939,3,476.2,AKJ,ICN
3940,3,474.8,AKJ,ICN
3941,3,473.9,AKJ,ICN
3942,3,494.9,AKJ,ICN
3943,3,492.1,AKJ,ICN
3944,3,489.7,AKJ,ICN
3945,3,487.7,AKJ,ICN
3946,3,486.0,AKJ,ICN
3947,3,484.8,AKJ,ICN
3948,3,501.7,AKJ,ICN
3949,3,499.4,AKJ,ICN
3950,3,497.5,AKJ,ICN
3951,3,495.9,AKJ,ICN
3952,3,507.3,AKJ,ICN
0,4,357.9,ISG,ICN
1,4,347.3,ISG,ICN
2,4,346.0,ISG,ICN
3,4,302.7,ISG,ICN
4,4,316.1,ISG,ICN
5,4,309.4,ISG,ICN
6,4,313.5,SHI,ICN
7,4,323.4,SHI,ICN
8,4,300.4,SHI,ICN
9,4,311.1,SHI,ICN
10,4,276.1,OKA,PUS
11,4,267.4,OKA,PUS
12,4,278.1,OKA,PUS
13,4,281.3,OKA,PUS
14,4,288.8,OKA,PUS
15,4,296.0,OKA,PUS
16,4,304.8,OKA,PUS
17,4,303.2,OKA,PUS
18,4,317.7,OKA,PUS
19,4,325.2,OKA,PUS
20,4,1264.1,FSZ,ICN
21,4,325.7,OKA,PUS
22,4,332.3,OKA,PUS
23,4,339.9,OKA,PUS
24,4,1254.8,FSZ,ICN
25,4,326.5,OKA,PUS
26,4,346.9,OKA,PUS
27,4,354.5,OKA,PUS
28,4,361.5,OKA,PUS
29,4,479.2,OKA,PUS
30,4,487.2,OKA,PUS
31,4,530.2,OKA,PUS
32,4,544.6,OKA,PUS
33,4,546.3,OKA,PUS
34,4,552.5,OKA,PUS
35,4,560.6,OKA,PUS
36,4,566.9,OKA,PUS
37,4,601.6,OKA,PUS
38,4,581.2,OKA,PUS
39,4,587.8,OKA,PUS
40,4,508.0,KOJ,ICN
41,4,463.2,KOJ,ICN
42,4,421.0,KOJ,ICN
43,4,419.8,KOJ,ICN
44,4,411.1,KOJ,ICN
45,4,409.8,KOJ,ICN
46,4,401.2,KOJ,ICN
47,4,399.9,KOJ,ICN
48,4,399.9,KOJ,ICN
49,4,381.5,KOJ,ICN
50,4,371.7,KOJ,ICN
51,4,319.1,KOJ,ICN
52,4,320.5,KOJ,ICN
53,4,310.7,KOJ,ICN
54,4,309.1,KOJ,ICN
55,4,310.8,KOJ,ICN
56,4,313.9,KOJ,ICN
57,4,315.9,KOJ,ICN
58,4,309.7,KOJ,ICN
59,4,304.7,KOJ,ICN
60,4,301.1,KOJ,ICN
61,4,301.1,KOJ,ICN
62,4,304.7,KOJ,ICN
63,4,309.7,KOJ,ICN
64,4,316.3,KOJ,ICN
65,4,301.6,KOJ,ICN
66,4,295.8,KOJ,ICN
67,4,289.2,KOJ,ICN
68,4,291.5,KOJ,ICN
69,4,295.8,KOJ,ICN
70,4,301.0,KMI,ICN
71,4,294.3,KOJ,ICN
72,4,287.5,KOJ,ICN
73,4,279.3,KOJ,ICN
74,4,282.2,KOJ,ICN
75,4,287.5,KOJ,ICN
76,4,294.3,KOJ,ICN
77,4,295.5,KMI,ICN
78,4,291.4,KMI,ICN
79,4,288.1,KOJ,ICN
80,4,280.0,KOJ,ICN
81,4,273.4,KOJ,ICN
82,4,269.4,KOJ,ICN
83,4,273.4,KOJ,ICN
84,4,280.1,KOJ,ICN
85,4,288.1,KOJ,ICN
86,4,287.0,KMI,ICN
87,4,282.0,KMI,ICN
88,4,342.9,KOJ,ICN
89,4,283.5,KOJ,ICN
90,4,274.2,KOJ,ICN
91,4,265.8,KOJ,ICN
92,4,265.8,KOJ,ICN
93,4,274.2,KOJ,ICN
94,4,283.5,KOJ,ICN
95,4,279.6,KMI,ICN
96,4,273.0,KMI,ICN
97,4,269.5,KMI,ICN
98,4,291.3,KOJ,ICN
99,4,281.2,KOJ,ICN
100,4,271.1,KOJ,ICN
101,4,261.1,KOJ,ICN
102,4,251.6,KOJ,ICN
103,4,251.6,KOJ,ICN
104,4,261.2,KOJ,ICN
105,4,271.2,KOJ,ICN
106,4,281.3,KOJ,ICN
107,4,273.8,KMI,ICN
108,4,265.3,KMI,ICN
109,4,259.7,KMI,ICN
110,4,321.9,KOJ,ICN
111,4,291.7,KOJ,ICN
112,4,281.7,KOJ,ICN
113,4,271.8,KOJ,ICN
114,4,262.2,KOJ,ICN
115,4,254.0,KOJ,ICN
116,4,254.0,KOJ,ICN
117,4,262.2,KOJ,ICN
118,4,271.8,KOJ,ICN
119,4,281.3,KMI,ICN
120,4,271.2,KMI,ICN
121,4,261.1,KMI,ICN
122,4,251.2,KMI,ICN
123,4,294.2,KOJ,ICN
124,4,284.8,KOJ,ICN
125,4,276.0,KOJ,ICN
126,4,268.2,KOJ,ICN
127,4,263.1,KOJ,ICN
128,4,263.1,KOJ,ICN
129,4,268.2,KOJ,ICN
130,4,276.0,KOJ,ICN
131,4,282.3,KMI,ICN
132,4,272.7,KMI,ICN
133,4,263.5,KMI,ICN
134,4,256.9,KMI,ICN
135,4,298.5,KOJ,ICN
136,4,290.0,KOJ,ICN
137,4,282.4,KOJ,ICN
138,4,276.4,KOJ,ICN
139,4,272.8,KOJ,ICN
140,4,272.8,KOJ,ICN
141,4,276.4,KOJ,ICN
142,4,282.5,KOJ,ICN
143,4,286.1,KMI,ICN
144,4,277.6,KMI,ICN
145,4,270.6,KMI,ICN
146,4,266.7,KMI,ICN
147,4,312.3,KOJ,ICN
148,4,290.2,KOJ,ICN
149,4,285.4,KOJ,ICN
150,4,282.7,KOJ,ICN
151,4,282.7,KOJ,ICN
152,4,285.4,KOJ,ICN
153,4,290.3,KOJ,ICN
154,4,291.8,KMI,ICN
155,4,284.7,KMI,ICN
156,4,279.3,KMI,ICN
157,4,276.6,KMI,ICN
158,4,277.3,KMI,ICN
159,4,312.3,NGS,ICN
160,4,291.6,KMJ,PUS
161,4,287.2,KMJ,PUS
162,4,284.0,KMJ,PUS
163,4,282.2,KMJ,PUS
164,4,281.8,KMJ,PUS
165,4,282.9,KMJ,PUS
166,4,285.4,KMJ,PUS
167,4,289.1,KMJ,PUS
168,4,288.6,KMI,ICN
169,4,286.6,KMI,ICN
170,4,287.1,KMI,ICN
171,4,302.4,NGS,ICN
172,4,303.1,KMJ,PUS
173,4,288.9,KMJ,PUS
174,4,278.0,KMJ,PUS
175,4,274.4,KMJ,PUS
176,4,272.2,KMJ,PUS
177,4,271.8,KMJ,PUS
178,4,273.0,KMJ,PUS
179,4,275.9,KMJ,PUS
180,4,280.2,KMJ,PUS
181,4,285.7,KMJ,PUS
182,4,292.0,KMJ,PUS
183,4,297.0,KMI,ICN
184,4,292.5,NGS,ICN
185,4,295.1,NGS,ICN
186,4,269.2,KMJ,PUS
187,4,264.9,KMJ,PUS
188,4,262.3,KMJ,PUS
189,4,261.8,KMJ,PUS
190,4,263.3,KMJ,PUS
191,4,266.7,KMJ,PUS
192,4,271.7,KMJ,PUS
193,4,277.9,KMJ,PUS
194,4,284.9,KMJ,PUS
195,4,292.6,KMJ,PUS
196,4,300.8,KMJ,PUS
197,4,285.7,NGS,ICN
198,4,274.8,KMJ,PUS
199,4,260.7,KMJ,PUS
200,4,255.6,KMJ,PUS
201,4,252.5,KMJ,PUS
202,4,251.8,KMJ,PUS
203,4,253.7,KMJ,PUS
204,4,257.8,KMJ,PUS
205,4,263.7,KMJ,PUS
206,4,270.7,KMJ,PUS
207,4,278.6,KMJ,PUS
208,4,286.9,KMJ,PUS
209,4,295.7,KMJ,PUS
210,4,260.7,KMJ,PUS
211,4,246.8,KMJ,PUS
212,4,242.7,KMJ,PUS
213,4,241.8,KMJ,PUS
214,4,244.3,KMJ,PUS
215,4,249.6,KMJ,PUS
216,4,256.6,KMJ,PUS
217,4,264.6,KMJ,PUS
218,4,273.2,KMJ,PUS
219,4,282.3,KMJ,PUS
220,4,291.5,KMJ,PUS
221,4,348.4,NGS,ICN
222,4,338.6,NGS,ICN
223,4,274.2,KMJ,PUS
224,4,264.7,KMJ,PUS
225,4,246.7,KMJ,PUS
226,4,238.9,KMJ,PUS
227,4,233.2,KMJ,PUS
228,4,231.8,KMJ,PUS
229,4,235.5,KMJ,PUS
230,4,242.4,KMJ,PUS
231,4,250.8,KMJ,PUS
232,4,259.8,KMJ,PUS
233,4,269.2,KMJ,PUS
234,4,278.8,KMJ,PUS
235,4,288.5,KMJ,PUS
236,4,298.3,KMJ,PUS
237,4,254.3,NGS,ICN
238,4,251.6,NGS,ICN
239,4,254.3,NGS,ICN
240,4,269.2,NGS,ICN
241,4,262.1,KMJ,PUS
242,4,233.0,KMJ,PUS
243,4,224.7,KMJ,PUS
244,4,222.0,KMJ,PUS
245,4,228.4,KMJ,PUS
246,4,237.4,KMJ,PUS
247,4,247.1,KMJ,PUS
248,4,256.9,KMJ,PUS
249,4,266.8,KMJ,PUS
250,4,276.7,KMJ,PUS
251,4,286.7,KMJ,PUS
252,4,296.7,KMJ,PUS
253,4,306.6,KMJ,PUS
254,4,336.7,MYJ,PUS
255,4,325.2,NGS,ICN
256,4,315.2,NGS,ICN
257,4,255.9,NGS,ICN
258,4,246.9,NGS,ICN
259,4,241.6,NGS,ICN
260,4,246.8,NGS,ICN
261,4,255.9,NGS,ICN
262,4,265.5,NGS,ICN
263,4,241.4,KMJ,PUS
264,4,231.4,KMJ,PUS
265,4,221.5,KMJ,PUS
266,4,216.7,KMJ,PUS
267,4,226.2,KMJ,PUS
268,4,236.1,KMJ,PUS
269,4,246.1,KMJ,PUS
270,4,256.1,KMJ,PUS
271,4,266.2,KMJ,PUS
272,4,276.2,KMJ,PUS
273,4,286.2,KMJ,PUS
274,4,296.2,KMJ,PUS
275,4,306.3,KMJ,PUS
276,4,311.2,OIT,ICN
277,4,326.3,MYJ,PUS
278,4,326.8,MYJ,PUS
279,4,328.2,MYJ,PUS
280,4,315.0,NGS,ICN
281,4,255.0,NGS,ICN
282,4,245.2,NGS,ICN
283,4,245.2,NGS,ICN
284,4,255.0,NGS,ICN
285,4,253.2,KMJ,PUS
286,4,243.8,KMJ,PUS
287,4,235.0,KMJ,PUS
288,4,227.8,KMJ,PUS
289,4,225.8,KMJ,PUS
290,4,230.9,KMJ,PUS
291,4,239.0,KMJ,PUS
292,4,248.2,KMJ,PUS
293,4,257.7,KMJ,PUS
294,4,267.5,KMJ,PUS
295,4,277.3,KMJ,PUS
296,4,287.1,KMJ,PUS
297,4,297.0,KMJ,PUS
298,4,299.2,OIT,ICN
299,4,301.7,OIT,ICN
300,4,305.6,OIT,ICN
301,4,316.7,MYJ,PUS
302,4,316.2,MYJ,PUS
303,4,316.8,MYJ,PUS
304,4,318.4,MYJ,PUS
305,4,315.9,NGS,ICN
306,4,267.5,NGS,ICN
307,4,258.7,NGS,ICN
308,4,247.9,NGS,ICN
309,4,251.2,NGS,ICN
310,4,255.1,HSG,ICN
311,4,253.3,HSG,ICN
312,4,249.0,KMJ,PUS
313,4,241.8,KMJ,PUS
314,4,236.9,KMJ,PUS
315,4,235.8,KMJ,PUS
316,4,238.9,KMJ,PUS
317,4,245.0,KMJ,PUS
318,4,252.8,KMJ,PUS
319,4,261.4,KMJ,PUS
320,4,270.5,KMJ,PUS
321,4,279.9,KMJ,PUS
322,4,289.3,OIT,ICN
323,4,288.3,OIT,ICN
324,4,289.4,OIT,ICN
325,4,308.3,MYJ,PUS
326,4,306.7,MYJ,PUS
327,4,306.2,MYJ,PUS
328,4,306.8,MYJ,PUS
329,4,308.6,MYJ,PUS
330,4,311.3,MYJ,PUS
331,4,265.3,NGS,ICN
332,4,260.0,NGS,ICN
333,4,257.9,NGS,ICN
334,4,259.9,NGS,ICN
335,4,248.6,HSG,ICN
336,4,256.0,KMJ,PUS
337,4,250.2,KMJ,PUS
338,4,246.5,KMJ,PUS
339,4,245.7,KMJ,PUS
340,4,248.0,KMJ,PUS
341,4,252.7,KMJ,PUS
342,4,259.2,KMJ,PUS
343,4,266.8,KMJ,PUS
344,4,275.1,KMJ,PUS
345,4,283.0,OIT,ICN
346,4,279.5,OIT,ICN
347,4,278.3,OIT,ICN
348,4,296.8,MYJ,PUS
349,4,296.2,MYJ,PUS
350,4,296.9,MYJ,PUS
351,4,298.8,MYJ,PUS
352,4,301.9,MYJ,PUS
353,4,306.0,MYJ,PUS
354,4,503.4,FSZ,ICN
355,4,509.4,FSZ,ICN
356,4,321.4,NGS,ICN
357,4,279.5,NGS,ICN
358,4,273.5,NGS,ICN
359,4,269.4,NGS,ICN
360,4,267.9,NGS,ICN
361,4,261.7,HSG,ICN
362,4,252.3,HSG,ICN
363,4,244.1,HSG,ICN
364,4,242.8,HSG,ICN
365,4,248.1,FUK,PUS
366,4,249.2,FUK,PUS
367,4,252.6,FUK,PUS
368,4,256.4,KMJ,PUS
369,4,255.7,KMJ,PUS
370,4,257.4,KMJ,PUS
371,4,261.2,KMJ,PUS
372,4,266.7,KMJ,PUS
373,4,273.3,KMJ,PUS
374,4,280.7,OIT,ICN
375,4,274.3,OIT,ICN
376,4,269.9,OIT,ICN
377,4,268.3,OIT,ICN
378,4,270.0,OIT,ICN
379,4,286.8,MYJ,PUS
380,4,286.2,MYJ,PUS
381,4,287.0,MYJ,PUS
382,4,289.2,MYJ,PUS
383,4,292.7,MYJ,PUS
384,4,297.3,MYJ,PUS
385,4,293.6,NGS,ICN
386,4,287.3,NGS,ICN
387,4,282.3,NGS,ICN
388,4,274.3,FUK,PUS
389,4,265.7,FUK,PUS
390,4,257.5,FUK,PUS
391,4,250.1,FUK,PUS
392,4,243.9,FUK,PUS
393,4,239.6,FUK,PUS
394,4,238.0,FUK,PUS
395,4,239.6,FUK,PUS
396,4,243.9,FUK,PUS
397,4,250.0,FUK,PUS
398,4,257.5,FUK,PUS
399,4,265.6,FUK,PUS
400,4,270.3,KMJ,PUS
401,4,274.9,KMJ,PUS
402,4,280.7,KMJ,PUS
403,4,274.4,OIT,ICN
404,4,276.9,MYJ,PUS
405,4,276.2,MYJ,PUS
406,4,277.1,MYJ,PUS
407,4,279.7,MYJ,PUS
408,4,283.7,MYJ,PUS
409,4,288.8,MYJ,PUS
410,4,294.9,MYJ,PUS
411,4,261.0,FUK,PUS
412,4,252.0,FUK,PUS
413,4,243.5,FUK,PUS
414,4,236.0,FUK,PUS
415,4,230.3,FUK,PUS
416,4,228.0,FUK,PUS
417,4,230.2,FUK,PUS
418,4,235.9,FUK,PUS
419,4,243.5,FUK,PUS
420,4,252.0,FUK,PUS
421,4,261.0,FUK,PUS
422,4,270.2,FUK,PUS
423,4,279.7,FUK,PUS
424,4,279.6,OIT,ICN
425,4,270.0,OIT,ICN
426,4,260.7,OIT,ICN
427,4,252.4,OIT,ICN
428,4,269.9,MYJ,PUS
429,4,267.1,MYJ,PUS
430,4,266.2,MYJ,PUS
431,4,267.3,MYJ,PUS
432,4,270.3,MYJ,PUS
433,4,275.0,MYJ,PUS
434,4,280.8,MYJ,PUS
435,4,287.7,MYJ,PUS
436,4,339.3,TAK,ICN
437,4,340.7,TAK,ICN
438,4,257.9,FUK,PUS
439,4,238.8,FUK,PUS
440,4,229.7,FUK,PUS
441,4,221.8,FUK,PUS
442,4,218.0,FUK,PUS
443,4,221.8,FUK,PUS
444,4,229.7,FUK,PUS
445,4,238.7,FUK,PUS
446,4,248.2,FUK,PUS
447,4,257.9,FUK,PUS
448,4,267.6,FUK,PUS
449,4,276.3,KKJ,ICN
450,4,278.6,OIT,ICN
451,4,268.6,OIT,ICN
452,4,258.6,OIT,ICN
453,4,248.7,OIT,ICN
454,4,266.1,MYJ,PUS
455,4,260.8,MYJ,PUS
456,4,257.3,MYJ,PUS
457,4,256.1,MYJ,PUS
458,4,257.6,MYJ,PUS
459,4,261.3,MYJ,PUS
460,4,266.8,MYJ,PUS
461,4,273.5,MYJ,PUS
462,4,281.2,MYJ,PUS
463,4,289.3,MYJ,PUS
464,4,297.9,MYJ,PUS
465,4,329.0,TAK,ICN
466,4,329.3,TAK,ICN
467,4,330.9,TAK,ICN
468,4,346.9,KIX,PUS
469,4,236.8,FUK,PUS
470,4,226.8,FUK,PUS
471,4,216.9,FUK,PUS
472,4,208.0,FUK,PUS
473,4,216.9,FUK,PUS
474,4,226.8,FUK,PUS
475,4,236.7,FUK,PUS
476,4,246.7,FUK,PUS
477,4,256.6,FUK,PUS
478,4,263.9,KKJ,ICN
479,4,267.1,KKJ,ICN
480,4,272.7,KKJ,ICN
481,4,261.4,OIT,ICN
482,4,253.4,OIT,ICN
483,4,252.2,MYJ,PUS
484,4,247.7,MYJ,PUS
485,4,246.1,MYJ,PUS
486,4,248.0,MYJ,PUS
487,4,252.8,MYJ,PUS
488,4,259.4,MYJ,PUS
489,4,267.2,MYJ,PUS
490,4,275.7,MYJ,PUS
491,4,284.5,MYJ,PUS
492,4,293.6,MYJ,PUS
493,4,302.9,MYJ,PUS
494,4,312.4,MYJ,PUS
495,4,321.9,MYJ,PUS
496,4,319.9,TAK,ICN
497,4,319.0,TAK,ICN
498,4,319.4,TAK,ICN
499,4,321.1,TAK,ICN
500,4,331.2,KIX,PUS
501,4,334.0,KIX,PUS
502,4,337.7,KIX,PUS
503,4,342.2,KIX,PUS
504,4,215.8,FUK,PUS
505,4,220.2,FUK,PUS
506,4,228.6,FUK,PUS
507,4,238.0,FUK,PUS
508,4,247.6,FUK,PUS
509,4,253.8,KKJ,ICN
510,4,267.5,OIT,ICN
511,4,261.8,OIT,ICN
512,4,236.1,MYJ,PUS
513,4,238.9,MYJ,PUS
514,4,245.3,MYJ,PUS
515,4,253.4,MYJ,PUS
516,4,262.3,MYJ,PUS
517,4,271.5,MYJ,PUS
518,4,280.9,MYJ,PUS
519,4,290.5,MYJ,PUS
520,4,300.2,MYJ,PUS
521,4,309.9,MYJ,PUS
522,4,312.7,TAK,ICN
523,4,310.0,TAK,ICN
524,4,308.9,TAK,ICN
525,4,309.4,TAK,ICN
526,4,311.5,TAK,ICN
527,4,310.2,TKS,ICN
528,4,306.3,TKS,ICN
529,4,319.4,KIX,PUS
530,4,321.5,KIX,PUS
531,4,324.6,KIX,PUS
532,4,328.7,KIX,PUS
533,4,333.6,KIX,PUS
534,4,339.1,KIX,PUS
535,4,279.0,FUK,PUS
536,4,228.2,FUK,PUS
537,4,234.3,FUK,PUS
538,4,242.2,FUK,PUS
539,4,250.8,KKJ,ICN
540,4,244.2,KKJ,ICN
541,4,226.1,MYJ,PUS
542,4,231.3,MYJ,PUS
543,4,240.1,MYJ,PUS
544,4,249.5,MYJ,PUS
545,4,259.2,MYJ,PUS
546,4,269.0,MYJ,PUS
547,4,278.8,MYJ,PUS
548,4,288.7,MYJ,PUS
549,4,298.5,MYJ,PUS
550,4,307.9,TAK,ICN
551,4,303.3,TAK,ICN
552,4,300.2,TAK,ICN
553,4,298.9,TAK,ICN
554,4,299.5,TAK,ICN
555,4,301.9,TAK,ICN
556,4,301.5,TKS,ICN
557,4,296.9,TKS,ICN
558,4,294.2,TKS,ICN
559,4,309.5,KIX,PUS
560,4,311.8,KIX,PUS
561,4,315.3,KIX,PUS
562,4,319.8,KIX,PUS
563,4,325.2,KIX,PUS
564,4,331.3,KIX,PUS
565,4,282.2,FUK,PUS
566,4,237.5,FUK,PUS
567,4,242.0,FUK,PUS
568,4,248.4,FUK,PUS
569,4,247.6,KKJ,ICN
570,4,220.4,MYJ,PUS
571,4,228.9,MYJ,PUS
572,4,238.7,MYJ,PUS
573,4,248.6,MYJ,PUS
574,4,258.5,MYJ,PUS
575,4,268.4,MYJ,PUS
576,4,278.3,MYJ,PUS
577,4,288.2,MYJ,PUS
578,4,298.1,MYJ,PUS
579,4,299.6,TAK,ICN
580,4,294.3,TAK,ICN
581,4,290.5,TAK,ICN
582,4,288.9,TAK,ICN
583,4,289.6,TAK,ICN
584,4,292.6,TAK,ICN
585,4,293.4,TKS,ICN
586,4,287.8,TKS,ICN
587,4,284.4,TKS,ICN
588,4,283.7,TKS,ICN
589,4,298.6,KIX,PUS
590,4,298.3,KIX,PUS
591,4,299.6,KIX,PUS
592,4,302.3,KIX,PUS
593,4,306.3,KIX,PUS
594,4,311.3,KIX,PUS
595,4,317.2,KIX,PUS
596,4,323.8,KIX,PUS
597,4,331.0,KIX,PUS
598,4,244.3,KKJ,ICN
599,4,278.4,MYJ,PUS
600,4,259.2,MYJ,PUS
601,4,234.2,MYJ,PUS
602,4,241.9,MYJ,PUS
603,4,250.8,MYJ,PUS
604,4,269.8,MYJ,PUS
605,4,279.4,MYJ,PUS
606,4,289.2,MYJ,PUS
607,4,299.0,MYJ,PUS
608,4,292.1,TAK,ICN
609,4,285.7,TAK,ICN
610,4,281.0,TAK,ICN
611,4,278.9,TAK,ICN
612,4,279.9,TAK,ICN
613,4,283.6,TAK,ICN
614,4,286.3,TKS,ICN
615,4,279.4,TKS,ICN
616,4,274.7,TKS,ICN
617,4,273.8,TKS,ICN
618,4,288.6,KIX,PUS
619,4,288.3,KIX,PUS
620,4,289.9,KIX,PUS
621,4,293.0,KIX,PUS
622,4,297.6,KIX,PUS
623,4,303.2,KIX,PUS
624,4,309.7,KIX,PUS
625,4,316.9,KIX,PUS
626,4,324.6,KIX,PUS
627,4,332.7,KIX,PUS
628,4,253.9,KKJ,ICN
629,4,258.6,KKJ,ICN
630,4,265.7,KKJ,ICN
631,4,273.9,KKJ,ICN
632,4,282.7,KKJ,ICN
633,4,299.7,OIT,ICN
634,4,300.0,MYJ,PUS
635,4,290.5,MYJ,PUS
636,4,281.2,MYJ,PUS
637,4,272.0,MYJ,PUS
638,4,248.3,MYJ,PUS
639,4,255.7,MYJ,PUS
640,4,285.8,TAK,ICN
641,4,278.0,TAK,ICN
642,4,271.9,TAK,ICN
643,4,268.9,TAK,ICN
644,4,270.3,TAK,ICN
645,4,275.4,TAK,ICN
646,4,281.1,TKS,ICN
647,4,272.4,TKS,ICN
648,4,265.5,TKS,ICN
649,4,278.6,KIX,PUS
650,4,278.4,KIX,PUS
651,4,280.2,KIX,PUS
652,4,284.0,KIX,PUS
653,4,289.2,KIX,PUS
654,4,295.6,KIX,PUS
655,4,302.9,KIX,PUS
656,4,310.7,KIX,PUS
657,4,318.9,KIX,PUS
658,4,327.5,KIX,PUS
659,4,336.3,KIX,PUS
660,4,266.6,KKJ,ICN
661,4,263.7,KKJ,ICN
662,4,263.9,KKJ,ICN
663,4,267.1,KKJ,ICN
664,4,272.7,KKJ,ICN
665,4,279.7,KKJ,ICN
666,4,287.6,KKJ,ICN
667,4,296.1,KKJ,ICN
668,4,304.9,KKJ,ICN
669,4,303.2,MYJ,PUS
670,4,294.2,MYJ,PUS
671,4,285.3,MYJ,PUS
672,4,276.8,MYJ,PUS
673,4,255.7,MYJ,PUS
674,4,256.3,MYJ,PUS
675,4,262.4,MYJ,PUS
676,4,281.3,TAK,ICN
677,4,272.2,TAK,ICN
678,4,264.0,TAK,ICN
679,4,259.0,TAK,ICN
680,4,261.4,TAK,ICN
681,4,268.8,TAK,ICN
682,4,277.7,TAK,ICN
683,4,268.8,TKS,ICN
684,4,259.0,TKS,ICN
685,4,268.8,KIX,PUS
686,4,268.4,KIX,PUS
687,4,270.7,KIX,PUS
688,4,275.3,KIX,PUS
689,4,281.6,KIX,PUS
690,4,288.9,KIX,PUS
691,4,296.9,KIX,PUS
692,4,305.3,KIX,PUS
693,4,314.1,KIX,PUS
694,4,323.1,KIX,PUS
695,4,332.3,KIX,PUS
696,4,335.9,FUK,PUS
697,4,273.7,KKJ,ICN
698,4,273.8,KKJ,ICN
699,4,276.3,KKJ,ICN
700,4,280.8,KKJ,ICN
701,4,286.7,KKJ,ICN
702,4,293.7,KKJ,ICN
703,4,301.4,KKJ,ICN
704,4,309.6,KKJ,ICN
705,4,307.5,MYJ,PUS
706,4,298.9,MYJ,PUS
707,4,290.6,MYJ,PUS
708,4,282.8,MYJ,PUS
709,4,279.4,TAK,ICN
710,4,269.6,TAK,ICN
711,4,259.7,TAK,ICN
712,4,250.0,TAK,ICN
713,4,255.9,TAK,ICN
714,4,265.7,TAK,ICN
715,4,275.6,TAK,ICN
716,4,270.6,TKS,ICN
717,4,262.6,TKS,ICN
718,4,266.9,TKS,ICN
719,4,259.0,KIX,PUS
720,4,258.4,KIX,PUS
721,4,261.6,KIX,PUS
722,4,267.5,KIX,PUS
723,4,274.9,KIX,PUS
724,4,283.2,KIX,PUS
725,4,292.0,KIX,PUS
726,4,301.0,KIX,PUS
727,4,310.3,KIX,PUS
728,4,319.7,KIX,PUS
729,4,329.2,KIX,PUS
730,4,327.1,NGO,PUS
731,4,381.6,FSZ,ICN
732,4,341.5,FUK,PUS
733,4,333.6,FUK,PUS
734,4,283.6,KKJ,ICN
735,4,283.7,KKJ,ICN
736,4,285.8,KKJ,ICN
737,4,289.5,KKJ,ICN
738,4,294.6,KKJ,ICN
739,4,300.7,KKJ,ICN
740,4,307.7,KKJ,ICN
741,4,315.3,KKJ,ICN
742,4,312.6,MYJ,PUS
743,4,304.5,MYJ,PUS
744,4,296.9,MYJ,PUS
745,4,289.8,MYJ,PUS
746,4,283.4,MYJ,PUS
747,4,271.3,MYJ,PUS
748,4,265.4,HIJ,ICN
749,4,265.6,HIJ,ICN
750,4,271.4,TAK,ICN
751,4,262.7,TAK,ICN
752,4,257.1,TAK,ICN
753,4,259.9,TAK,ICN
754,4,267.9,TAK,ICN
755,4,274.0,TKS,ICN
756,4,272.3,KIX,PUS
757,4,249.4,KIX,PUS
758,4,248.6,KIX,PUS
759,4,253.4,KIX,PUS
760,4,261.1,KIX,PUS
761,4,269.8,KIX,PUS
762,4,279.0,KIX,PUS
763,4,288.5,KIX,PUS
764,4,298.0,KIX,PUS
765,4,307.7,KIX,PUS
766,4,317.4,KIX,PUS
767,4,324.3,NGO,PUS
768,4,318.5,NGO,PUS
769,4,313.6,NGO,PUS
770,4,309.8,NGO,PUS
771,4,306.3,NGO,PUS
772,4,347.6,FUK,PUS
773,4,293.7,KKJ,ICN
774,4,295.4,KKJ,ICN
775,4,298.6,KKJ,ICN
776,4,303.0,KKJ,ICN
777,4,308.5,KKJ,ICN
778,4,314.8,KKJ,ICN
779,4,321.8,KKJ,ICN
780,4,318.4,MYJ,PUS
781,4,310.9,MYJ,PUS
782,4,303.8,MYJ,PUS
783,4,297.4,MYJ,PUS
784,4,291.7,MYJ,PUS
785,4,286.9,MYJ,PUS
786,4,280.1,HIJ,ICN
787,4,270.4,HIJ,ICN
788,4,260.7,HIJ,ICN
789,4,251.6,HIJ,ICN
790,4,245.9,HIJ,ICN
791,4,251.9,HIJ,ICN
792,4,261.0,HIJ,ICN
793,4,280.4,HIJ,ICN
794,4,276.7,TAK,ICN
795,4,269.7,KIX,PUS
796,4,239.4,KIX,PUS
797,4,247.8,KIX,PUS
798,4,257.4,KIX,PUS
799,4,267.1,KIX,PUS
800,4,276.9,KIX,PUS
801,4,286.7,KIX,PUS
802,4,296.5,KIX,PUS
803,4,306.3,KIX,PUS
804,4,316.2,KIX,PUS
805,4,316.8,NGO,PUS
806,4,310.3,NGO,PUS
807,4,304.8,NGO,PUS
808,4,300.4,NGO,PUS
809,4,297.5,NGO,PUS
810,4,296.3,NGO,PUS
811,4,379.7,FSZ,ICN
812,4,346.9,FUK,PUS
813,4,316.7,KKJ,ICN
814,4,322.4,KKJ,ICN
815,4,328.8,KKJ,ICN
816,4,324.9,MYJ,PUS
817,4,317.9,MYJ,PUS
818,4,311.3,MYJ,PUS
819,4,305.4,MYJ,PUS
820,4,299.5,HIJ,ICN
821,4,289.7,HIJ,ICN
822,4,279.9,HIJ,ICN
823,4,270.2,HIJ,ICN
824,4,260.5,HIJ,ICN
825,4,251.1,HIJ,ICN
826,4,245.0,HIJ,ICN
827,4,251.4,HIJ,ICN
828,4,260.8,HIJ,ICN
829,4,270.5,HIJ,ICN
830,4,280.2,HIJ,ICN
831,4,290.0,HIJ,ICN
832,4,285.7,OKJ,ICN
833,4,276.6,OKJ,ICN
834,4,276.0,OKJ,ICN
835,4,277.0,TAK,ICN
836,4,288.0,TAK,ICN
837,4,269.8,KIX,PUS
838,4,248.2,KIX,PUS
839,4,257.6,KIX,PUS
840,4,267.2,KIX,PUS
841,4,277.0,KIX,PUS
842,4,286.7,KIX,PUS
843,4,296.5,KIX,PUS
844,4,306.4,KIX,PUS
845,4,316.2,KIX,PUS
846,4,310.0,NGO,PUS
847,4,302.8,NGO,PUS
848,4,296.4,NGO,PUS
849,4,291.3,NGO,PUS
850,4,287.7,NGO,PUS
851,4,286.2,NGO,PUS
852,4,354.1,FUK,PUS
853,4,330.5,KKJ,ICN
854,4,336.4,KKJ,ICN
855,4,331.9,MYJ,PUS
856,4,325.3,MYJ,PUS
857,4,319.3,MYJ,PUS
858,4,310.7,HIJ,ICN
859,4,301.1,HIJ,ICN
860,4,291.6,HIJ,ICN
861,4,282.3,HIJ,ICN
862,4,273.2,HIJ,ICN
863,4,264.8,HIJ,ICN
864,4,257.9,HIJ,ICN
865,4,255.0,HIJ,ICN
866,4,258.1,HIJ,ICN
867,4,265.0,HIJ,ICN
868,4,273.5,HIJ,ICN
869,4,282.6,HIJ,ICN
870,4,286.8,OKJ,ICN
871,4,278.7,OKJ,ICN
872,4,271.7,OKJ,ICN
873,4,267.0,OKJ,ICN
874,4,266.1,OKJ,ICN
875,4,269.4,OKJ,ICN
876,4,263.8,KIX,PUS
877,4,261.6,KIX,PUS
878,4,270.2,KIX,PUS
879,4,279.3,KIX,PUS
880,4,288.7,KIX,PUS
881,4,298.2,KIX,PUS
882,4,307.8,KIX,PUS
883,4,312.5,NGO,PUS
884,4,304.0,NGO,PUS
885,4,296.0,NGO,PUS
886,4,288.7,NGO,PUS
887,4,282.6,NGO,PUS
888,4,338.9,KKJ,ICN
889,4,344.3,KKJ,ICN
890,4,339.3,MYJ,PUS
891,4,332.2,HIJ,ICN
892,4,322.7,HIJ,ICN
893,4,313.4,HIJ,ICN
894,4,304.2,HIJ,ICN
895,4,295.3,HIJ,ICN
896,4,286.7,HIJ,ICN
897,4,278.7,HIJ,ICN
898,4,271.8,HIJ,ICN
899,4,266.8,HIJ,ICN
900,4,265.0,HIJ,ICN
901,4,267.0,HIJ,ICN
902,4,272.0,HIJ,ICN
903,4,279.0,HIJ,ICN
904,4,287.0,HIJ,ICN
905,4,282.7,OKJ,ICN
906,4,273.5,OKJ,ICN
907,4,264.8,OKJ,ICN
908,4,257.8,OKJ,ICN
909,4,256.2,OKJ,ICN
910,4,261.7,OKJ,ICN
911,4,269.9,OKJ,ICN
912,4,270.0,KIX,PUS
913,4,263.8,KIX,PUS
914,4,258.8,UKB,ICN
915,4,262.5,KIX,PUS
916,4,268.2,KIX,PUS
917,4,275.4,KIX,PUS
918,4,283.6,KIX,PUS
919,4,292.3,KIX,PUS
920,4,301.2,KIX,PUS
921,4,310.4,KIX,PUS
922,4,308.3,NGO,PUS
923,4,299.2,NGO,PUS
924,4,290.4,NGO,PUS
925,4,282.1,NGO,PUS
926,4,287.5,NGO,PUS
927,4,296.2,NGO,PUS
928,4,314.9,FSZ,ICN
929,4,290.7,FSZ,ICN
930,4,287.5,FSZ,ICN
931,4,332.2,FSZ,ICN
932,4,335.3,HIJ,ICN
933,4,326.2,HIJ,ICN
934,4,317.3,HIJ,ICN
935,4,308.7,HIJ,ICN
936,4,300.4,HIJ,ICN
937,4,292.7,HIJ,ICN
938,4,285.8,HIJ,ICN
939,4,280.1,HIJ,ICN
940,4,276.3,HIJ,ICN
941,4,275.0,HIJ,ICN
942,4,276.4,HIJ,ICN
943,4,280.3,HIJ,ICN
944,4,286.0,HIJ,ICN
945,4,290.9,OKJ,ICN
946,4,281.1,OKJ,ICN
947,4,271.3,OKJ,ICN
948,4,261.5,OKJ,ICN
949,4,251.7,OKJ,ICN
950,4,247.9,OKJ,ICN
951,4,257.5,OKJ,ICN
952,4,267.3,OKJ,ICN
953,4,277.1,OKJ,ICN
954,4,286.9,OKJ,ICN
955,4,296.8,OKJ,ICN
956,4,284.0,KIX,PUS
957,4,277.6,KIX,PUS
958,4,272.6,KIX,PUS
959,4,267.1,UKB,ICN
960,4,267.5,UKB,ICN
961,4,271.6,KIX,PUS
962,4,276.1,KIX,PUS
963,4,282.2,KIX,PUS
964,4,289.4,KIX,PUS
965,4,297.2,KIX,PUS
966,4,305.6,KIX,PUS
967,4,314.3,KIX,PUS
968,4,305.5,NGO,PUS
969,4,296.0,NGO,PUS
970,4,286.5,NGO,PUS
971,4,277.2,NGO,PUS
972,4,258.6,NGO,PUS
973,4,292.7,NGO,PUS
974,4,302.3,NGO,PUS
975,4,311.9,NGO,PUS
976,4,321.5,NGO,PUS
977,4,312.4,FSZ,ICN
978,4,302.7,FSZ,ICN
979,4,293.2,FSZ,ICN
980,4,283.9,FSZ,ICN
981,4,277.5,FSZ,ICN
982,4,330.4,FSZ,ICN
983,4,340.2,FSZ,ICN
984,4,375.8,HND,GMP
985,4,330.7,HIJ,ICN
986,4,322.3,HIJ,ICN
987,4,314.2,HIJ,ICN
988,4,306.7,HIJ,ICN
989,4,299.8,HIJ,ICN
990,4,293.8,HIJ,ICN
991,4,289.1,HIJ,ICN
992,4,286.1,HIJ,ICN
993,4,285.0,HIJ,ICN
994,4,286.1,HIJ,ICN
995,4,289.2,HIJ,ICN
996,4,294.0,HIJ,ICN
997,4,291.7,OKJ,ICN
998,4,282.1,OKJ,ICN
999,4,272.7,OKJ,ICN
1000,4,263.7,OKJ,ICN
1001,4,256.0,OKJ,ICN
1002,4,254.1,OKJ,ICN
1003,4,260.3,OKJ,ICN
1004,4,269.0,OKJ,ICN
1005,4,278.3,OKJ,ICN
1006,4,287.8,OKJ,ICN
1007,4,297.5,OKJ,ICN
1008,4,307.2,OKJ,ICN
1009,4,305.3,KIX,PUS
1010,4,298.1,KIX,PUS
1011,4,291.5,KIX,PUS
1012,4,286.0,KIX,PUS
1013,4,280.5,UKB,ICN
1014,4,276.8,UKB,ICN
1015,4,277.0,UKB,ICN
1016,4,281.0,UKB,ICN
1017,4,284.8,KIX,PUS
1018,4,289.9,KIX,PUS
1019,4,296.2,KIX,PUS
1020,4,303.3,KIX,PUS
1021,4,311.0,KIX,PUS
1022,4,314.1,NGO,PUS
1023,4,304.3,NGO,PUS
1024,4,294.5,NGO,PUS
1025,4,284.7,NGO,PUS
1026,4,274.9,NGO,PUS
1027,4,265.2,NGO,PUS
1028,4,252.2,NGO,PUS
1029,4,261.9,NGO,PUS
1030,4,271.6,NGO,PUS
1031,4,281.4,NGO,PUS
1032,4,291.2,NGO,PUS
1033,4,301.0,NGO,PUS
1034,4,310.8,NGO,PUS
1035,4,320.5,NGO,PUS
1036,4,312.3,FSZ,ICN
1037,4,302.6,FSZ,ICN
1038,4,293.0,FSZ,ICN
1039,4,283.6,FSZ,ICN
1040,4,276.8,FSZ,ICN
1041,4,282.3,FSZ,ICN
1042,4,330.4,FSZ,ICN
1043,4,340.1,FSZ,ICN
1044,4,349.9,FSZ,ICN
1045,4,328.1,HIJ,ICN
1046,4,320.7,HIJ,ICN
1047,4,313.8,HIJ,ICN
1048,4,307.6,HIJ,ICN
1049,4,302.4,HIJ,ICN
1050,4,298.4,HIJ,ICN
1051,4,295.9,HIJ,ICN
1052,4,295.1,HIJ,ICN
1053,4,296.0,HIJ,ICN
1054,4,298.5,HIJ,ICN
1055,4,301.2,YGJ,ICN
1056,4,294.6,OKJ,ICN
1057,4,285.7,OKJ,ICN
1058,4,277.3,OKJ,ICN
1059,4,270.0,OKJ,ICN
1060,4,264.9,OKJ,ICN
1061,4,263.9,OKJ,ICN
1062,4,267.6,OKJ,ICN
1063,4,274.2,OKJ,ICN
1064,4,282.2,OKJ,ICN
1065,4,291.0,OKJ,ICN
1066,4,300.0,OKJ,ICN
1067,4,309.3,OKJ,ICN
1068,4,312.1,KIX,PUS
1069,4,305.5,KIX,PUS
1070,4,299.7,KIX,PUS
1071,4,294.3,UKB,ICN
1072,4,289.4,UKB,ICN
1073,4,286.7,UKB,ICN
1074,4,286.9,UKB,ICN
1075,4,289.8,UKB,ICN
1076,4,293.9,KIX,PUS
1077,4,298.3,KIX,PUS
1078,4,303.8,KIX,PUS
1079,4,310.2,KIX,PUS
1080,4,317.3,KIX,PUS
1081,4,314.4,NGO,PUS
1082,4,304.7,NGO,PUS
1083,4,295.0,NGO,PUS
1084,4,285.3,NGO,PUS
1085,4,275.8,NGO,PUS
1086,4,266.4,NGO,PUS
1087,4,254.9,NGO,PUS
1088,4,263.3,NGO,PUS
1089,4,272.5,NGO,PUS
1090,4,282.1,NGO,PUS
1091,4,291.7,NGO,PUS
1092,4,301.4,NGO,PUS
1093,4,311.1,NGO,PUS
1094,4,320.9,NGO,PUS
1095,4,314.7,FSZ,ICN
1096,4,305.6,FSZ,ICN
1097,4,297.2,FSZ,ICN
1098,4,290.2,FSZ,ICN
1099,4,286.8,FSZ,ICN
1100,4,289.4,FSZ,ICN
1101,4,332.0,FSZ,ICN
1102,4,341.5,FSZ,ICN
1103,4,351.1,FSZ,ICN
1104,4,348.6,HND,GMP
1105,4,327.8,HIJ,ICN
1106,4,321.5,HIJ,ICN
1107,4,316.0,HIJ,ICN
1108,4,311.4,HIJ,ICN
1109,4,307.9,HIJ,ICN
1110,4,303.7,YGJ,ICN
1111,4,298.4,YGJ,ICN
1112,4,294.5,YGJ,ICN
1113,4,292.0,YGJ,ICN
1114,4,291.2,YGJ,ICN
1115,4,292.2,YGJ,ICN
1116,4,291.1,OKJ,ICN
1117,4,284.0,OKJ,ICN
1118,4,278.2,OKJ,ICN
1119,4,274.5,OKJ,ICN
1120,4,273.9,OKJ,ICN
1121,4,276.4,OKJ,ICN
1122,4,281.4,OKJ,ICN
1123,4,288.1,OKJ,ICN
1124,4,295.9,OKJ,ICN
1125,4,304.2,OKJ,ICN
1126,4,312.9,OKJ,ICN
1127,4,319.4,KIX,PUS
1128,4,313.5,KIX,PUS
1129,4,308.2,UKB,ICN
1130,4,302.7,UKB,ICN
1131,4,298.7,UKB,ICN
1132,4,296.7,UKB,ICN
1133,4,296.8,UKB,ICN
1134,4,299.1,UKB,ICN
1135,4,303.2,UKB,ICN
1136,4,307.1,KIX,PUS
1137,4,312.0,KIX,PUS
1138,4,317.8,KIX,PUS
1139,4,324.2,KIX,PUS
1140,4,316.2,NGO,PUS
1141,4,306.7,NGO,PUS
1142,4,297.4,NGO,PUS
1143,4,288.3,NGO,PUS
1144,4,279.5,NGO,PUS
1145,4,271.4,NGO,PUS
1146,4,264.8,NGO,PUS
1147,4,263.2,NGO,PUS
1148,4,268.9,NGO,PUS
1149,4,276.6,NGO,PUS
1150,4,285.2,NGO,PUS
1151,4,294.3,NGO,PUS
1152,4,303.5,NGO,PUS
1153,4,312.9,NGO,PUS
1154,4,322.4,NGO,PUS
1155,4,319.0,FSZ,ICN
1156,4,311.1,FSZ,ICN
1157,4,304.1,FSZ,ICN
1158,4,299.0,FSZ,ICN
1159,4,296.8,FSZ,ICN
1160,4,298.4,FSZ,ICN
1161,4,303.2,FSZ,ICN
1162,4,335.2,FSZ,ICN
1163,4,344.3,FSZ,ICN
1164,4,353.5,FSZ,ICN
1165,4,338.7,HND,GMP
1166,4,326.8,YGJ,ICN
1167,4,318.4,YGJ,ICN
1168,4,310.3,YGJ,ICN
1169,4,302.8,YGJ,ICN
1170,4,295.8,YGJ,ICN
1171,4,289.8,YGJ,ICN
1172,4,285.1,YGJ,ICN
1173,4,282.1,YGJ,ICN
1174,4,281.2,YGJ,ICN
1175,4,282.4,YGJ,ICN
1176,4,285.7,YGJ,ICN
1177,4,290.6,YGJ,ICN
1178,4,287.1,OKJ,ICN
1179,4,284.3,OKJ,ICN
1180,4,283.8,OKJ,ICN
1181,4,285.7,OKJ,ICN
1182,4,289.8,OKJ,ICN
1183,4,295.4,OKJ,ICN
1184,4,302.1,OKJ,ICN
1185,4,309.6,OKJ,ICN
1186,4,317.7,OKJ,ICN
1187,4,326.1,OKJ,ICN
1188,4,321.9,KIX,PUS
1189,4,316.3,UKB,ICN
1190,4,311.6,UKB,ICN
1191,4,308.3,UKB,ICN
1192,4,306.6,UKB,ICN
1193,4,306.7,UKB,ICN
1194,4,308.6,UKB,ICN
1195,4,312.1,UKB,ICN
1196,4,316.1,KIX,PUS
1197,4,320.5,KIX,PUS
1198,4,325.8,KIX,PUS
1199,4,328.4,NGO,PUS
1200,4,319.2,NGO,PUS
1201,4,310.2,NGO,PUS
1202,4,301.5,NGO,PUS
1203,4,293.1,NGO,PUS
1204,4,285.4,NGO,PUS
1205,4,278.7,NGO,PUS
1206,4,273.7,NGO,PUS
1207,4,271.5,NGO,PUS
1208,4,272.6,NGO,PUS
1209,4,276.8,NGO,PUS
1210,4,282.9,NGO,PUS
1211,4,290.4,NGO,PUS
1212,4,298.6,NGO,PUS
1213,4,307.2,NGO,PUS
1214,4,316.1,NGO,PUS
1215,4,325.2,NGO,PUS
1216,4,325.0,FSZ,ICN
1217,4,318.1,FSZ,ICN
1218,4,312.3,FSZ,ICN
1219,4,308.4,FSZ,ICN
1220,4,306.8,FSZ,ICN
1221,4,308.0,FSZ,ICN
1222,4,311.6,FSZ,ICN
1223,4,317.1,FSZ,ICN
1224,4,339.7,FSZ,ICN
1225,4,348.2,FSZ,ICN
1226,4,357.1,FSZ,ICN
1227,4,328.8,HND,GMP
1228,4,331.7,HND,GMP
1229,4,313.5,YGJ,ICN
1230,4,304.8,YGJ,ICN
1231,4,296.6,YGJ,ICN
1232,4,288.8,YGJ,ICN
1233,4,281.9,YGJ,ICN
1234,4,276.2,YGJ,ICN
1235,4,272.4,YGJ,ICN
1236,4,271.2,YGJ,ICN
1237,4,272.7,YGJ,ICN
1238,4,276.8,YGJ,ICN
1239,4,282.7,YGJ,ICN
1240,4,289.8,YGJ,ICN
1241,4,294.2,OKJ,ICN
1242,4,293.8,OKJ,ICN
1243,4,295.4,OKJ,ICN
1244,4,298.7,OKJ,ICN
1245,4,303.4,OKJ,ICN
1246,4,309.3,OKJ,ICN
1247,4,316.1,OKJ,ICN
1248,4,323.5,OKJ,ICN
1249,4,331.4,OKJ,ICN
1250,4,330.1,UKB,ICN
1251,4,325.0,UKB,ICN
1252,4,320.9,UKB,ICN
1253,4,318.0,UKB,ICN
1254,4,316.6,UKB,ICN
1255,4,316.7,UKB,ICN
1256,4,318.3,UKB,ICN
1257,4,321.3,UKB,ICN
1258,4,325.4,KIX,PUS
1259,4,329.4,KIX,PUS
1260,4,334.1,KIX,PUS
1261,4,332.1,NGO,PUS
1262,4,323.4,NGO,PUS
1263,4,314.9,NGO,PUS
1264,4,306.9,NGO,PUS
1265,4,299.3,NGO,PUS
1266,4,292.6,NGO,PUS
1267,4,287.1,NGO,PUS
1268,4,283.2,NGO,PUS
1269,4,281.5,NGO,PUS
1270,4,282.4,NGO,PUS
1271,4,285.5,NGO,PUS
1272,4,290.6,NGO,PUS
1273,4,296.9,NGO,PUS
1274,4,304.2,NGO,PUS
1275,4,312.1,NGO,PUS
1276,4,320.5,NGO,PUS
1277,4,329.1,NGO,PUS
1278,4,332.0,FSZ,ICN
1279,4,326.0,FSZ,ICN
1280,4,321.2,FSZ,ICN
1281,4,318.1,FSZ,ICN
1282,4,316.9,FSZ,ICN
1283,4,317.8,FSZ,ICN
1284,4,320.6,FSZ,ICN
1285,4,325.2,FSZ,ICN
1286,4,331.1,FSZ,ICN
1287,4,337.8,FSZ,ICN
1288,4,345.3,FSZ,ICN
1289,4,353.3,FSZ,ICN
1290,4,356.7,HND,GMP
1291,4,319.1,HND,GMP
1292,4,322.6,HND,GMP
1293,4,327.8,HND,GMP
1294,4,333.1,NRT,PUS
1295,4,331.6,NRT,PUS
1296,4,291.5,YGJ,ICN
1297,4,282.9,YGJ,ICN
1298,4,274.9,YGJ,ICN
1299,4,267.9,YGJ,ICN
1300,4,262.9,YGJ,ICN
1301,4,261.1,YGJ,ICN
1302,4,263.4,YGJ,ICN
1303,4,268.7,YGJ,ICN
1304,4,275.9,YGJ,ICN
1305,4,284.0,YGJ,ICN
1306,4,292.7,YGJ,ICN
1307,4,301.6,YGJ,ICN
1308,4,305.1,OKJ,ICN
1309,4,307.9,OKJ,ICN
1310,4,312.0,OKJ,ICN
1311,4,317.2,OKJ,ICN
1312,4,323.3,OKJ,ICN
1313,4,330.1,OKJ,ICN
1314,4,337.4,OKJ,ICN
1315,4,338.5,UKB,ICN
1316,4,333.9,UKB,ICN
1317,4,330.3,UKB,ICN
1318,4,327.9,UKB,ICN
1319,4,326.6,UKB,ICN
1320,4,326.7,UKB,ICN
1321,4,328.1,UKB,ICN
1322,4,330.6,UKB,ICN
1323,4,334.4,UKB,ICN
1324,4,338.4,KIX,PUS
1325,4,342.8,KIX,PUS
1326,4,336.8,NGO,PUS
1327,4,328.6,NGO,PUS
1328,4,320.7,NGO,PUS
1329,4,313.3,NGO,PUS
1330,4,306.5,NGO,PUS
1331,4,300.7,NGO,PUS
1332,4,296.0,NGO,PUS
1333,4,292.9,NGO,PUS
1334,4,291.5,NGO,PUS
1335,4,292.2,NGO,PUS
1336,4,294.7,NGO,PUS
1337,4,298.9,NGO,PUS
1338,4,304.4,NGO,PUS
1339,4,310.9,NGO,PUS
1340,4,318.1,NGO,PUS
1341,4,325.8,NGO,PUS
1342,4,334.0,NGO,PUS
1343,4,339.8,FSZ,ICN
1344,4,334.6,FSZ,ICN
1345,4,330.5,FSZ,ICN
1346,4,327.9,FSZ,ICN
1347,4,326.9,FSZ,ICN
1348,4,327.6,FSZ,ICN
1349,4,330.0,FSZ,ICN
1350,4,333.9,FSZ,ICN
1351,4,339.0,FSZ,ICN
1352,4,345.0,FSZ,ICN
1353,4,351.8,FSZ,ICN
1354,4,359.2,FSZ,ICN
1355,4,352.1,HND,GMP
1356,4,343.3,HND,GMP
1357,4,313.3,HND,GMP
1358,4,309.5,HND,GMP
1359,4,314.0,HND,GMP
1360,4,320.3,HND,GMP
1361,4,323.4,NRT,PUS
1362,4,321.6,NRT,PUS
1363,4,288.1,YGJ,ICN
1364,4,278.7,YGJ,ICN
1365,4,269.7,YGJ,ICN
1366,4,261.1,YGJ,ICN
1367,4,254.0,YGJ,ICN
1368,4,251.1,YGJ,ICN
1369,4,254.8,YGJ,ICN
1370,4,262.2,YGJ,ICN
1371,4,270.8,YGJ,ICN
1372,4,279.9,YGJ,ICN
1373,4,289.3,YGJ,ICN
1374,4,298.7,YGJ,ICN
1375,4,308.3,YGJ,ICN
1376,4,317.3,OKJ,ICN
1377,4,320.9,OKJ,ICN
1378,4,325.6,OKJ,ICN
1379,4,331.1,OKJ,ICN
1380,4,337.2,OKJ,ICN
1381,4,344.0,OKJ,ICN
1382,4,347.2,UKB,ICN
1383,4,343.1,UKB,ICN
1384,4,339.9,UKB,ICN
1385,4,337.7,UKB,ICN
1386,4,336.6,UKB,ICN
1387,4,336.7,UKB,ICN
1388,4,337.9,UKB,ICN
1389,4,340.2,UKB,ICN
1390,4,343.5,UKB,ICN
1391,4,347.6,KIX,PUS
1392,4,350.4,NGO,PUS
1393,4,342.3,NGO,PUS
1394,4,334.6,NGO,PUS
1395,4,327.2,NGO,PUS
1396,4,320.5,NGO,PUS
1397,4,314.4,NGO,PUS
1398,4,309.3,NGO,PUS
1399,4,305.3,NGO,PUS
1400,4,302.6,NGO,PUS
1401,4,301.6,NGO,PUS
1402,4,302.1,NGO,PUS
1403,4,304.2,NGO,PUS
1404,4,307.8,NGO,PUS
1405,4,312.6,NGO,PUS
1406,4,318.3,NGO,PUS
1407,4,324.9,NGO,PUS
1408,4,332.0,NGO,PUS
1409,4,339.6,NGO,PUS
1410,4,347.6,NGO,PUS
1411,4,343.5,FSZ,ICN
1412,4,340.0,FSZ,ICN
1413,4,337.7,FSZ,ICN
1414,4,336.9,FSZ,ICN
1415,4,337.5,FSZ,ICN
1416,4,339.6,FSZ,ICN
1417,4,342.9,FSZ,ICN
1418,4,347.4,FSZ,ICN
1419,4,352.8,FSZ,ICN
1420,4,359.0,FSZ,ICN
1421,4,358.1,HND,GMP
1422,4,348.7,HND,GMP
1423,4,339.4,HND,GMP
1424,4,330.3,HND,GMP
1425,4,321.4,HND,GMP
1426,4,313.0,HND,GMP
1427,4,305.4,HND,GMP
1428,4,306.3,HND,GMP
1429,4,314.0,HND,GMP
1430,4,313.9,NRT,PUS
1431,4,311.7,NRT,PUS
1432,4,276.7,YGJ,ICN
1433,4,267.1,YGJ,ICN
1434,4,257.4,YGJ,ICN
1435,4,247.9,YGJ,ICN
1436,4,241.2,YGJ,ICN
1437,4,258.6,YGJ,ICN
1438,4,268.3,YGJ,ICN
1439,4,278.0,YGJ,ICN
1440,4,287.7,YGJ,ICN
1441,4,297.4,YGJ,ICN
1442,4,307.1,YGJ,ICN
1443,4,316.8,YGJ,ICN
1444,4,326.6,YGJ,ICN
1445,4,334.3,OKJ,ICN
1446,4,339.2,OKJ,ICN
1447,4,344.9,OKJ,ICN
1448,4,351.2,OKJ,ICN
1449,4,356.2,UKB,ICN
1450,4,352.4,UKB,ICN
1451,4,349.6,UKB,ICN
1452,4,347.6,UKB,ICN
1453,4,346.6,UKB,ICN
1454,4,346.7,UKB,ICN
1455,4,347.8,UKB,ICN
1456,4,349.8,UKB,ICN
1457,4,352.8,UKB,ICN
1458,4,356.6,UKB,ICN
1459,4,356.1,NGO,PUS
1460,4,348.4,NGO,PUS
1461,4,341.2,NGO,PUS
1462,4,334.4,NGO,PUS
1463,4,328.3,NGO,PUS
1464,4,322.8,NGO,PUS
1465,4,318.3,NGO,PUS
1466,4,314.8,NGO,PUS
1467,4,312.5,NGO,PUS
1468,4,311.6,NGO,PUS
1469,4,312.0,NGO,PUS
1470,4,313.9,NGO,PUS
1471,4,317.0,NGO,PUS
1472,4,321.2,NGO,PUS
1473,4,326.3,NGO,PUS
1474,4,332.3,NGO,PUS
1475,4,338.8,NGO,PUS
1476,4,345.9,NGO,PUS
1477,4,353.4,NGO,PUS
1478,4,352.7,FSZ,ICN
1479,4,349.6,FSZ,ICN
1480,4,347.6,FSZ,ICN
1481,4,346.9,FSZ,ICN
1482,4,347.4,FSZ,ICN
1483,4,349.2,FSZ,ICN
1484,4,352.2,FSZ,ICN
1485,4,356.1,FSZ,ICN
1486,4,361.0,FSZ,ICN
1487,4,365.9,HND,GMP
1488,4,356.3,HND,GMP
1489,4,346.6,HND,GMP
1490,4,337.0,HND,GMP
1491,4,327.4,HND,GMP
1492,4,317.9,HND,GMP
1493,4,308.6,HND,GMP
1494,4,299.5,HND,GMP
1495,4,291.5,HND,GMP
1496,4,300.6,HND,GMP
1497,4,309.4,NRT,PUS
1498,4,304.5,NRT,PUS
1499,4,301.7,NRT,PUS
1500,4,250.0,YGJ,ICN
1501,4,245.7,YGJ,ICN
1502,4,336.5,YGJ,ICN
1503,4,346.1,YGJ,ICN
1504,4,353.0,OKJ,ICN
1505,4,358.8,OKJ,ICN
1506,4,365.2,OKJ,ICN
1507,4,361.9,UKB,ICN
1508,4,359.3,UKB,ICN
1509,4,357.5,UKB,ICN
1510,4,356.6,UKB,ICN
1511,4,365.7,UKB,ICN
1512,4,362.3,NGO,PUS
1513,4,355.2,NGO,PUS
1514,4,348.4,NGO,PUS
1515,4,342.1,NGO,PUS
1516,4,336.5,NGO,PUS
1517,4,331.6,NGO,PUS
1518,4,327.5,NGO,PUS
1519,4,324.4,NGO,PUS
1520,4,322.4,NGO,PUS
1521,4,321.6,NGO,PUS
1522,4,322.0,NGO,PUS
1523,4,323.6,NGO,PUS
1524,4,326.3,NGO,PUS
1525,4,330.1,NGO,PUS
1526,4,334.7,NGO,PUS
1527,4,340.1,NGO,PUS
1528,4,346.2,NGO,PUS
1529,4,352.8,NGO,PUS
1530,4,359.8,NGO,PUS
1531,4,362.1,FSZ,ICN
1532,4,359.3,FSZ,ICN
1533,4,357.6,FSZ,ICN
1534,4,356.9,FSZ,ICN
1535,4,357.4,FSZ,ICN
1536,4,359.0,FSZ,ICN
1537,4,361.6,FSZ,ICN
1538,4,365.2,FSZ,ICN
1539,4,369.6,FSZ,ICN
1540,4,365.4,HND,GMP
1541,4,355.7,HND,GMP
1542,4,346.0,HND,GMP
1543,4,336.3,HND,GMP
1544,4,326.6,HND,GMP
1545,4,316.9,HND,GMP
1546,4,307.1,HND,GMP
1547,4,297.4,HND,GMP
1548,4,287.7,HND,GMP
1549,4,279.7,HND,GMP
1550,4,301.9,NRT,PUS
1551,4,295.7,NRT,PUS
1552,4,291.9,NRT,PUS
1553,4,291.7,NRT,PUS
1554,4,356.8,YGJ,ICN
1555,4,366.4,YGJ,ICN
1556,4,372.7,OKJ,ICN
1557,4,371.5,UKB,ICN
1558,4,369.1,UKB,ICN
1559,4,367.4,UKB,ICN
1560,4,366.6,UKB,ICN
1561,4,346.3,KMQ,ICN
1562,4,343.2,KMQ,ICN
1563,4,341.0,KMQ,ICN
1564,4,340.0,KMQ,ICN
1565,4,336.9,NGO,PUS
1566,4,334.1,NGO,PUS
1567,4,332.3,NGO,PUS
1568,4,331.6,NGO,PUS
1569,4,332.0,NGO,PUS
1570,4,333.4,NGO,PUS
1571,4,335.8,NGO,PUS
1572,4,339.2,NGO,PUS
1573,4,343.4,NGO,PUS
1574,4,348.4,NGO,PUS
1575,4,354.0,NGO,PUS
1576,4,360.1,NGO,PUS
1577,4,366.8,NGO,PUS
1578,4,371.6,FSZ,ICN
1579,4,369.1,FSZ,ICN
1580,4,367.5,FSZ,ICN
1581,4,366.9,FSZ,ICN
1582,4,367.4,FSZ,ICN
1583,4,368.8,FSZ,ICN
1584,4,371.1,FSZ,ICN
1585,4,374.4,FSZ,ICN
1586,4,375.7,HND,GMP
1587,4,366.1,HND,GMP
1588,4,356.4,HND,GMP
1589,4,346.8,HND,GMP
1590,4,337.3,HND,GMP
1591,4,327.8,HND,GMP
1592,4,318.4,HND,GMP
1593,4,309.1,HND,GMP
1594,4,300.3,HND,GMP
1595,4,292.8,HND,GMP
1596,4,289.5,HND,GMP
1597,4,293.6,HND,GMP
1598,4,295.9,NRT,PUS
1599,4,288.0,NRT,PUS
1600,4,282.3,NRT,PUS
1601,4,282.0,NRT,PUS
1602,4,287.4,NRT,PUS
1603,4,376.6,UKB,ICN
1604,4,333.6,KMQ,ICN
1605,4,331.2,KMQ,ICN
1606,4,329.9,KMQ,ICN
1607,4,330.0,KMQ,ICN
1608,4,331.3,KMQ,ICN
1609,4,333.8,KMQ,ICN
1610,4,337.4,KMQ,ICN
1611,4,341.9,NGO,PUS
1612,4,343.2,NGO,PUS
1613,4,345.4,NGO,PUS
1614,4,348.5,NGO,PUS
1615,4,352.3,NGO,PUS
1616,4,356.9,NGO,PUS
1617,4,362.1,NGO,PUS
1618,4,367.8,NGO,PUS
1619,4,374.1,NGO,PUS
1620,4,380.7,NGO,PUS
1621,4,378.9,FSZ,ICN
1622,4,377.5,FSZ,ICN
1623,4,377.0,FSZ,ICN
1624,4,377.3,FSZ,ICN
1625,4,378.6,FSZ,ICN
1626,4,380.8,FSZ,ICN
1627,4,383.7,FSZ,ICN
1628,4,377.3,HND,GMP
1629,4,367.8,HND,GMP
1630,4,358.4,HND,GMP
1631,4,349.1,HND,GMP
1632,4,339.9,HND,GMP
1633,4,330.9,HND,GMP
1634,4,322.2,HND,GMP
1635,4,314.0,HND,GMP
1636,4,306.7,HND,GMP
1637,4,301.4,HND,GMP
1638,4,299.5,HND,GMP
1639,4,301.9,HND,GMP
1640,4,302.4,NRT,PUS
1641,4,292.7,NRT,PUS
1642,4,283.2,NRT,PUS
1643,4,274.1,NRT,PUS
1644,4,273.5,NRT,PUS
1645,4,282.4,NRT,PUS
1646,4,291.9,NRT,PUS
1647,4,301.6,NRT,PUS
1648,4,324.1,KMQ,ICN
1649,4,321.4,KMQ,ICN
1650,4,320.0,KMQ,ICN
1651,4,320.0,KMQ,ICN
1652,4,321.5,KMQ,ICN
1653,4,324.4,KMQ,ICN
1654,4,328.5,KMQ,ICN
1655,4,333.5,KMQ,ICN
1656,4,339.4,KMQ,ICN
1657,4,346.0,KMQ,ICN
1658,4,353.0,KMQ,ICN
1659,4,360.5,KMQ,ICN
1660,4,365.7,NGO,PUS
1661,4,370.5,NGO,PUS
1662,4,375.9,NGO,PUS
1663,4,381.7,NGO,PUS
1664,4,388.0,NGO,PUS
1665,4,388.7,FSZ,ICN
1666,4,387.5,FSZ,ICN
1667,4,387.0,FSZ,ICN
1668,4,387.3,FSZ,ICN
1669,4,388.5,FSZ,ICN
1670,4,390.5,FSZ,ICN
1671,4,389.1,HND,GMP
1672,4,379.8,HND,GMP
1673,4,370.6,HND,GMP
1674,4,361.6,HND,GMP
1675,4,352.7,HND,GMP
1676,4,344.0,HND,GMP
1677,4,335.6,HND,GMP
1678,4,327.8,HND,GMP
1679,4,320.7,HND,GMP
1680,4,314.8,HND,GMP
1681,4,310.9,HND,GMP
1682,4,309.6,HND,GMP
1683,4,311.2,HND,GMP
1684,4,302.8,NRT,PUS
1685,4,293.4,NRT,PUS
1686,4,284.2,NRT,PUS
1687,4,276.3,NRT,PUS
1688,4,275.9,NRT,PUS
1689,4,283.5,NRT,PUS
1690,4,292.6,NRT,PUS
1691,4,302.0,NRT,PUS
1692,4,319.4,KMQ,ICN
1693,4,314.9,KMQ,ICN
1694,4,311.6,KMQ,ICN
1695,4,310.0,KMQ,ICN
1696,4,310.0,KMQ,ICN
1697,4,311.8,KMQ,ICN
1698,4,315.2,KMQ,ICN
1699,4,319.8,KMQ,ICN
1700,4,325.5,KMQ,ICN
1701,4,332.0,KMQ,ICN
1702,4,339.2,KMQ,ICN
1703,4,346.8,KMQ,ICN
1704,4,354.7,KMQ,ICN
1705,4,363.0,KMQ,ICN
1706,4,371.4,KMQ,ICN
1707,4,380.1,KMQ,ICN
1708,4,388.9,KMQ,ICN
1709,4,395.6,NGO,PUS
1710,4,398.6,FSZ,ICN
1711,4,397.4,FSZ,ICN
1712,4,397.0,FSZ,ICN
1713,4,397.3,FSZ,ICN
1714,4,398.4,FSZ,ICN
1715,4,400.2,FSZ,ICN
1716,4,392.3,HND,GMP
1717,4,383.3,HND,GMP
1718,4,374.4,HND,GMP
1719,4,365.8,HND,GMP
1720,4,357.3,HND,GMP
1721,4,349.2,HND,GMP
1722,4,341.6,HND,GMP
1723,4,334.6,HND,GMP
1724,4,328.5,HND,GMP
1725,4,323.7,HND,GMP
1726,4,320.6,HND,GMP
1727,4,319.6,HND,GMP
1728,4,314.9,NRT,PUS
1729,4,306.0,NRT,PUS
1730,4,297.6,NRT,PUS
1731,4,290.2,NRT,PUS
1732,4,285.3,NRT,PUS
1733,4,285.1,NRT,PUS
1734,4,289.7,NRT,PUS
1735,4,296.9,NRT,PUS
1736,4,298.8,YGJ,ICN
1737,4,311.2,KMQ,ICN
1738,4,305.9,KMQ,ICN
1739,4,302.0,KMQ,ICN
1740,4,300.0,KMQ,ICN
1741,4,300.1,KMQ,ICN
1742,4,302.2,KMQ,ICN
1743,4,306.2,KMQ,ICN
1744,4,311.7,KMQ,ICN
1745,4,318.1,KMQ,ICN
1746,4,325.3,KMQ,ICN
1747,4,333.1,KMQ,ICN
1748,4,341.2,KMQ,ICN
1749,4,349.7,KMQ,ICN
1750,4,358.3,KMQ,ICN
1751,4,367.1,KMQ,ICN
1752,4,376.1,KMQ,ICN
1753,4,385.1,KMQ,ICN
1754,4,394.2,KMQ,ICN
1755,4,403.4,KMQ,ICN
1756,4,407.4,FSZ,ICN
1757,4,407.0,FSZ,ICN
1758,4,407.3,FSZ,ICN
1759,4,408.3,FSZ,ICN
1760,4,405.0,HND,GMP
1761,4,396.2,HND,GMP
1762,4,387.5,HND,GMP
1763,4,379.1,HND,GMP
1764,4,370.9,HND,GMP
1765,4,363.0,HND,GMP
1766,4,355.5,HND,GMP
1767,4,348.5,HND,GMP
1768,4,342.3,HND,GMP
1769,4,337.0,HND,GMP
1770,4,332.9,HND,GMP
1771,4,330.4,HND,GMP
1772,4,327.8,NRT,PUS
1773,4,319.3,NRT,PUS
1774,4,311.3,NRT,PUS
1775,4,304.1,NRT,PUS
1776,4,298.4,NRT,PUS
1777,4,295.0,NRT,PUS
1778,4,294.9,NRT,PUS
1779,4,298.0,NRT,PUS
1780,4,308.3,YGJ,ICN
1781,4,303.7,KMQ,ICN
1782,4,297.4,KMQ,ICN
1783,4,292.6,KMQ,ICN
1784,4,290.0,KMQ,ICN
1785,4,290.1,KMQ,ICN
1786,4,292.9,KMQ,ICN
1787,4,297.8,KMQ,ICN
1788,4,304.2,KMQ,ICN
1789,4,311.6,KMQ,ICN
1790,4,319.5,KMQ,ICN
1791,4,327.9,KMQ,ICN
1792,4,336.6,KMQ,ICN
1793,4,345.5,KMQ,ICN
1794,4,354.5,KMQ,ICN
1795,4,363.6,KMQ,ICN
1796,4,372.8,KMQ,ICN
1797,4,382.0,KMQ,ICN
1798,4,391.4,KMQ,ICN
1799,4,400.7,KMQ,ICN
1800,4,410.1,KMQ,ICN
1801,4,417.0,FSZ,ICN
1802,4,417.3,FSZ,ICN
1803,4,417.9,HND,GMP
1804,4,409.3,HND,GMP
1805,4,400.8,HND,GMP
1806,4,392.5,HND,GMP
1807,4,384.5,HND,GMP
1808,4,376.7,HND,GMP
1809,4,369.3,HND,GMP
1810,4,362.4,HND,GMP
1811,4,356.1,HND,GMP
1812,4,350.5,HND,GMP
1813,4,345.9,HND,GMP
1814,4,342.4,HND,GMP
1815,4,340.3,HND,GMP
1816,4,332.8,NRT,PUS
1817,4,325.1,NRT,PUS
1818,4,318.1,NRT,PUS
1819,4,312.0,NRT,PUS
1820,4,307.5,NRT,PUS
1821,4,304.9,NRT,PUS
1822,4,304.8,NRT,PUS
1823,4,307.2,NRT,PUS
1824,4,289.8,KMQ,ICN
1825,4,283.7,KMQ,ICN
1826,4,280.2,KMQ,ICN
1827,4,280.3,KMQ,ICN
1828,4,284.1,KMQ,ICN
1829,4,290.3,KMQ,ICN
1830,4,297.9,KMQ,ICN
1831,4,306.2,KMQ,ICN
1832,4,314.9,KMQ,ICN
1833,4,323.9,KMQ,ICN
1834,4,333.0,KMQ,ICN
1835,4,342.2,KMQ,ICN
1836,4,351.5,KMQ,ICN
1837,4,360.9,KMQ,ICN
1838,4,370.3,KMQ,ICN
1839,4,379.7,KMQ,ICN
1840,4,389.2,KMQ,ICN
1841,4,398.7,KMQ,ICN
1842,4,408.2,KMQ,ICN
1843,4,417.7,KMQ,ICN
1844,4,427.3,KMQ,ICN
1845,4,422.5,HND,GMP
1846,4,414.2,HND,GMP
1847,4,406.1,HND,GMP
1848,4,398.1,HND,GMP
1849,4,390.5,HND,GMP
1850,4,383.2,HND,GMP
1851,4,376.3,HND,GMP
1852,4,369.9,HND,GMP
1853,4,364.2,HND,GMP
1854,4,359.2,HND,GMP
1855,4,355.1,HND,GMP
1856,4,352.1,HND,GMP
1857,4,346.5,NRT,PUS
1858,4,338.9,NRT,PUS
1859,4,332.0,NRT,PUS
1860,4,325.8,NRT,PUS
1861,4,320.6,NRT,PUS
1862,4,316.9,NRT,PUS
1863,4,314.9,NRT,PUS
1864,4,314.8,NRT,PUS
1865,4,316.7,NRT,PUS
1866,4,325.8,YGJ,ICN
1867,4,326.4,YGJ,ICN
1868,4,275.9,KMQ,ICN
1869,4,270.5,KMQ,ICN
1870,4,270.7,KMQ,ICN
1871,4,276.5,KMQ,ICN
1872,4,284.5,KMQ,ICN
1873,4,293.3,KMQ,ICN
1874,4,302.4,KMQ,ICN
1875,4,311.7,KMQ,ICN
1876,4,321.1,KMQ,ICN
1877,4,330.6,KMQ,ICN
1878,4,340.0,KMQ,ICN
1879,4,349.6,KMQ,ICN
1880,4,359.1,KMQ,ICN
1881,4,368.6,KMQ,ICN
1882,4,378.2,KMQ,ICN
1883,4,387.8,KMQ,ICN
1884,4,397.4,KMQ,ICN
1885,4,406.9,KMQ,ICN
1886,4,416.5,KMQ,ICN
1887,4,426.1,KMQ,ICN
1888,4,427.7,HND,GMP
1889,4,419.6,HND,GMP
1890,4,411.8,HND,GMP
1891,4,404.3,HND,GMP
1892,4,397.1,HND,GMP
1893,4,390.2,HND,GMP
1894,4,383.8,HND,GMP
1895,4,377.9,HND,GMP
1896,4,372.7,HND,GMP
1897,4,368.1,HND,GMP
1898,4,364.5,HND,GMP
1899,4,360.2,NRT,PUS
1900,4,352.8,NRT,PUS
1901,4,345.9,NRT,PUS
1902,4,339.6,NRT,PUS
1903,4,334.1,NRT,PUS
1904,4,329.7,NRT,PUS
1905,4,326.5,NRT,PUS
1906,4,324.8,NRT,PUS
1907,4,324.8,NRT,PUS
1908,4,326.3,NRT,PUS
1909,4,262.2,KMQ,ICN
1910,4,262.8,KMQ,ICN
1911,4,272.0,KMQ,ICN
1912,4,281.5,KMQ,ICN
1913,4,291.1,KMQ,ICN
1914,4,300.6,KMQ,ICN
1915,4,310.2,KMQ,ICN
1916,4,319.8,KMQ,ICN
1917,4,329.4,KMQ,ICN
1918,4,339.1,KMQ,ICN
1919,4,348.7,KMQ,ICN
1920,4,358.3,KMQ,ICN
1921,4,367.9,KMQ,ICN
1922,4,377.5,KMQ,ICN
1923,4,387.1,KMQ,ICN
1924,4,396.7,KMQ,ICN
1925,4,406.3,KMQ,ICN
1926,4,415.9,KMQ,ICN
1927,4,425.6,KMQ,ICN
1928,4,433.3,HND,GMP
1929,4,425.6,HND,GMP
1930,4,418.1,HND,GMP
1931,4,410.9,HND,GMP
1932,4,404.1,HND,GMP
1933,4,397.7,HND,GMP
1934,4,391.7,HND,GMP
1935,4,386.2,HND,GMP
1936,4,381.4,HND,GMP
1937,4,377.3,HND,GMP
1938,4,373.9,NRT,PUS
1939,4,366.6,NRT,PUS
1940,4,359.7,NRT,PUS
1941,4,353.4,NRT,PUS
1942,4,347.7,NRT,PUS
1943,4,342.9,NRT,PUS
1944,4,339.0,NRT,PUS
1945,4,336.2,NRT,PUS
1946,4,334.8,NRT,PUS
1947,4,334.8,NRT,PUS
1948,4,336.1,NRT,PUS
1949,4,265.9,KMQ,ICN
1950,4,273.4,KMQ,ICN
1951,4,282.4,KMQ,ICN
1952,4,291.7,KMQ,ICN
1953,4,301.1,KMQ,ICN
1954,4,310.6,KMQ,ICN
1955,4,320.2,KMQ,ICN
1956,4,329.7,KMQ,ICN
1957,4,339.3,KMQ,ICN
1958,4,348.9,KMQ,ICN
1959,4,358.4,KMQ,ICN
1960,4,368.0,KMQ,ICN
1961,4,377.6,KMQ,ICN
1962,4,387.2,KMQ,ICN
1963,4,396.8,KMQ,ICN
1964,4,406.4,KMQ,ICN
1965,4,416.0,KMQ,ICN
1966,4,425.6,KMQ,ICN
1967,4,435.2,KMQ,ICN
1968,4,431.9,HND,GMP
1969,4,424.8,HND,GMP
1970,4,418.0,HND,GMP
1971,4,411.5,HND,GMP
1972,4,405.5,HND,GMP
1973,4,399.9,HND,GMP
1974,4,394.8,HND,GMP
1975,4,390.4,HND,GMP
1976,4,386.6,HND,GMP
1977,4,380.5,NRT,PUS
1978,4,373.6,NRT,PUS
1979,4,367.2,NRT,PUS
1980,4,361.4,NRT,PUS
1981,4,356.3,NRT,PUS
1982,4,351.9,NRT,PUS
1983,4,348.4,NRT,PUS
1984,4,346.1,NRT,PUS
1985,4,344.8,NRT,PUS
1986,4,344.8,NRT,PUS
1987,4,345.9,NRT,PUS
1988,4,279.7,KMQ,ICN
1989,4,286.8,KMQ,ICN
1990,4,295.0,KMQ,ICN
1991,4,303.8,KMQ,ICN
1992,4,312.8,KMQ,ICN
1993,4,322.0,KMQ,ICN
1994,4,331.3,KMQ,ICN
1995,4,340.7,KMQ,ICN
1996,4,350.1,KMQ,ICN
1997,4,359.6,KMQ,ICN
1998,4,369.1,KMQ,ICN
1999,4,378.6,KMQ,ICN
2000,4,388.1,KMQ,ICN
2001,4,397.6,KMQ,ICN
2002,4,407.1,KMQ,ICN
2003,4,416.7,KMQ,ICN
2004,4,426.2,KMQ,ICN
2005,4,435.8,KMQ,ICN
2006,4,438.7,HND,GMP
2007,4,431.9,HND,GMP
2008,4,425.4,HND,GMP
2009,4,419.3,HND,GMP
2010,4,413.6,HND,GMP
2011,4,408.3,HND,GMP
2012,4,403.6,HND,GMP
2013,4,399.5,HND,GMP
2014,4,394.3,NRT,PUS
2015,4,387.5,NRT,PUS
2016,4,381.1,NRT,PUS
2017,4,375.1,NRT,PUS
2018,4,369.8,NRT,PUS
2019,4,365.1,NRT,PUS
2020,4,361.1,NRT,PUS
2021,4,358.0,NRT,PUS
2022,4,355.9,NRT,PUS
2023,4,354.8,NRT,PUS
2024,4,354.8,NRT,PUS
2025,4,355.8,NRT,PUS
2026,4,293.5,KMQ,ICN
2027,4,300.5,KMQ,ICN
2028,4,308.3,KMQ,ICN
2029,4,316.7,KMQ,ICN
2030,4,325.4,KMQ,ICN
2031,4,334.3,KMQ,ICN
2032,4,343.3,KMQ,ICN
2033,4,352.4,KMQ,ICN
2034,4,361.7,KMQ,ICN
2035,4,371.0,KMQ,ICN
2036,4,380.3,KMQ,ICN
2037,4,389.7,KMQ,ICN
2038,4,399.1,KMQ,ICN
2039,4,408.5,KMQ,ICN
2040,4,418.0,KMQ,ICN
2041,4,427.4,KMQ,ICN
2042,4,432.9,KIJ,ICN
2043,4,429.4,KIJ,ICN
2044,4,426.3,KIJ,ICN
2045,4,423.9,KIJ,ICN
2046,4,422.0,KIJ,ICN
2047,4,420.7,KIJ,ICN
2048,4,417.0,HND,GMP
2049,4,412.6,HND,GMP
2050,4,408.2,NRT,PUS
2051,4,401.4,NRT,PUS
2052,4,394.9,NRT,PUS
2053,4,388.9,NRT,PUS
2054,4,383.4,NRT,PUS
2055,4,378.4,NRT,PUS
2056,4,374.1,NRT,PUS
2057,4,370.5,NRT,PUS
2058,4,367.7,NRT,PUS
2059,4,365.8,NRT,PUS
2060,4,364.8,NRT,PUS
2061,4,364.8,NRT,PUS
2062,4,365.7,NRT,PUS
2063,4,367.5,NRT,PUS
2064,4,307.4,KMQ,ICN
2065,4,314.3,KMQ,ICN
2066,4,321.8,KMQ,ICN
2067,4,329.9,KMQ,ICN
2068,4,338.3,KMQ,ICN
2069,4,346.9,KMQ,ICN
2070,4,355.7,KMQ,ICN
2071,4,364.7,KMQ,ICN
2072,4,373.7,KMQ,ICN
2073,4,382.8,KMQ,ICN
2074,4,392.0,KMQ,ICN
2075,4,401.3,KMQ,ICN
2076,4,410.6,KMQ,ICN
2077,4,419.9,KMQ,ICN
2078,4,428.0,KIJ,ICN
2079,4,423.7,KIJ,ICN
2080,4,420.0,KIJ,ICN
2081,4,416.8,KIJ,ICN
2082,4,414.1,KIJ,ICN
2083,4,412.1,KIJ,ICN
2084,4,410.7,KIJ,ICN
2085,4,409.9,KIJ,ICN
2086,4,409.8,KIJ,ICN
2087,4,410.4,KIJ,ICN
2088,4,408.8,NRT,PUS
2089,4,402.7,NRT,PUS
2090,4,397.0,NRT,PUS
2091,4,391.9,NRT,PUS
2092,4,387.3,NRT,PUS
2093,4,383.3,NRT,PUS
2094,4,380.0,NRT,PUS
2095,4,377.4,NRT,PUS
2096,4,375.7,NRT,PUS
2097,4,374.8,NRT,PUS
2098,4,374.8,NRT,PUS
2099,4,375.6,NRT,PUS
2100,4,377.3,NRT,PUS
2101,4,315.2,KMQ,ICN
2102,4,321.2,KMQ,ICN
2103,4,328.1,KMQ,ICN
2104,4,359.9,KMQ,ICN
2105,4,368.5,KMQ,ICN
2106,4,377.2,KMQ,ICN
2107,4,386.1,KMQ,ICN
2108,4,395.1,KMQ,ICN
2109,4,404.1,KMQ,ICN
2110,4,413.2,KMQ,ICN
2111,4,422.4,KMQ,ICN
2112,4,419.2,KIJ,ICN
2113,4,414.7,KIJ,ICN
2114,4,410.7,KIJ,ICN
2115,4,407.3,KIJ,ICN
2116,4,404.5,KIJ,ICN
2117,4,402.3,KIJ,ICN
2118,4,400.7,KIJ,ICN
2119,4,399.9,KIJ,ICN
2120,4,399.8,KIJ,ICN
2121,4,400.4,KIJ,ICN
2122,4,401.7,KIJ,ICN
2123,4,403.7,KIJ,ICN
2124,4,405.4,NRT,PUS
2125,4,400.6,NRT,PUS
2126,4,396.3,NRT,PUS
2127,4,392.6,NRT,PUS
2128,4,389.6,NRT,PUS
2129,4,387.2,NRT,PUS
2130,4,385.6,NRT,PUS
2131,4,384.8,NRT,PUS
2132,4,384.8,NRT,PUS
2133,4,385.5,NRT,PUS
2134,4,387.1,NRT,PUS
2135,4,389.3,NRT,PUS
2136,4,323.6,KMQ,ICN
2137,4,328.9,KMQ,ICN
2138,4,335.1,KMQ,ICN
2139,4,364.8,KMQ,ICN
2140,4,373.0,KMQ,ICN
2141,4,381.5,KMQ,ICN
2142,4,390.0,KMQ,ICN
2143,4,398.7,KMQ,ICN
2144,4,407.6,KMQ,ICN
2145,4,416.5,KMQ,ICN
2146,4,415.8,KIJ,ICN
2147,4,410.6,KIJ,ICN
2148,4,405.8,KIJ,ICN
2149,4,401.5,KIJ,ICN
2150,4,397.9,KIJ,ICN
2151,4,394.8,KIJ,ICN
2152,4,392.5,KIJ,ICN
2153,4,390.8,KIJ,ICN
2154,4,389.9,KIJ,ICN
2155,4,389.8,KIJ,ICN
2156,4,390.5,KIJ,ICN
2157,4,391.9,KIJ,ICN
2158,4,394.0,KIJ,ICN
2159,4,396.8,KIJ,ICN
2160,4,400.3,KIJ,ICN
2161,4,404.4,KIJ,ICN
2162,4,402.0,NRT,PUS
2163,4,399.2,NRT,PUS
2164,4,397.0,NRT,PUS
2165,4,395.6,NRT,PUS
2166,4,394.8,NRT,PUS
2167,4,394.8,NRT,PUS
2168,4,395.5,NRT,PUS
2169,4,396.9,NRT,PUS
2170,4,399.0,NRT,PUS
2171,4,332.3,KMQ,ICN
2172,4,337.1,KMQ,ICN
2173,4,342.7,KMQ,ICN
2174,4,394.6,KMQ,ICN
2175,4,403.0,KMQ,ICN
2176,4,411.6,KMQ,ICN
2177,4,413.7,KIJ,ICN
2178,4,407.7,KIJ,ICN
2179,4,402.2,KIJ,ICN
2180,4,397.1,KIJ,ICN
2181,4,392.5,KIJ,ICN
2182,4,388.5,KIJ,ICN
2183,4,385.2,KIJ,ICN
2184,4,382.7,KIJ,ICN
2185,4,380.9,KIJ,ICN
2186,4,379.9,KIJ,ICN
2187,4,379.8,KIJ,ICN
2188,4,380.5,KIJ,ICN
2189,4,382.0,KIJ,ICN
2190,4,384.4,KIJ,ICN
2191,4,387.4,KIJ,ICN
2192,4,391.2,KIJ,ICN
2193,4,395.6,KIJ,ICN
2194,4,400.5,KIJ,ICN
2195,4,406.0,KIJ,ICN
2196,4,406.9,NRT,PUS
2197,4,405.5,NRT,PUS
2198,4,404.8,NRT,PUS
2199,4,404.8,NRT,PUS
2200,4,405.4,NRT,PUS
2201,4,406.8,NRT,PUS
2202,4,408.7,NRT,PUS
2203,4,411.3,NRT,PUS
2204,4,412.3,SDJ,ICN
2205,4,341.4,KMQ,ICN
2206,4,412.9,KIJ,ICN
2207,4,406.3,KIJ,ICN
2208,4,399.9,KIJ,ICN
2209,4,394.0,KIJ,ICN
2210,4,388.5,KIJ,ICN
2211,4,383.6,KIJ,ICN
2212,4,379.3,KIJ,ICN
2213,4,375.8,KIJ,ICN
2214,4,373.0,KIJ,ICN
2215,4,371.0,KIJ,ICN
2216,4,369.9,KIJ,ICN
2217,4,369.8,KIJ,ICN
2218,4,370.6,KIJ,ICN
2219,4,372.3,KIJ,ICN
2220,4,374.8,KIJ,ICN
2221,4,378.2,KIJ,ICN
2222,4,382.2,KIJ,ICN
2223,4,387.0,KIJ,ICN
2224,4,392.2,KIJ,ICN
2225,4,398.0,KIJ,ICN
2226,4,404.3,KIJ,ICN
2227,4,410.8,KIJ,ICN
2228,4,413.1,SDJ,ICN
2229,4,409.6,SDJ,ICN
2230,4,406.7,SDJ,ICN
2231,4,404.5,SDJ,ICN
2232,4,403.0,SDJ,ICN
2233,4,402.3,SDJ,ICN
2234,4,402.3,SDJ,ICN
2235,4,347.7,KMQ,ICN
2236,4,350.7,KMQ,ICN
2237,4,354.5,KMQ,ICN
2238,4,386.1,KIJ,ICN
2239,4,380.3,KIJ,ICN
2240,4,375.0,KIJ,ICN
2241,4,370.3,KIJ,ICN
2242,4,366.4,KIJ,ICN
2243,4,363.3,KIJ,ICN
2244,4,361.1,KIJ,ICN
2245,4,359.9,KIJ,ICN
2246,4,359.8,KIJ,ICN
2247,4,360.6,KIJ,ICN
2248,4,362.5,KIJ,ICN
2249,4,365.3,KIJ,ICN
2250,4,369.0,KIJ,ICN
2251,4,373.5,KIJ,ICN
2252,4,378.6,KIJ,ICN
2253,4,384.3,KIJ,ICN
2254,4,390.4,KIJ,ICN
2255,4,397.0,KIJ,ICN
2256,4,404.0,KIJ,ICN
2257,4,404.0,SDJ,ICN
2258,4,400.2,SDJ,ICN
2259,4,397.1,SDJ,ICN
2260,4,394.7,SDJ,ICN
2261,4,393.0,SDJ,ICN
2262,4,392.2,SDJ,ICN
2263,4,392.3,SDJ,ICN
2264,4,360.1,KMQ,ICN
2265,4,363.6,KMQ,ICN
2266,4,367.8,KMQ,ICN
2267,4,372.3,KIJ,ICN
2268,4,366.6,KIJ,ICN
2269,4,361.5,KIJ,ICN
2270,4,357.2,KIJ,ICN
2271,4,353.7,KIJ,ICN
2272,4,351.3,KIJ,ICN
2273,4,349.9,KIJ,ICN
2274,4,349.8,KIJ,ICN
2275,4,350.7,KIJ,ICN
2276,4,352.9,KIJ,ICN
2277,4,356.0,KIJ,ICN
2278,4,360.1,KIJ,ICN
2279,4,364.9,KIJ,ICN
2280,4,370.5,KIJ,ICN
2281,4,376.6,KIJ,ICN
2282,4,383.2,KIJ,ICN
2283,4,390.2,KIJ,ICN
2284,4,397.5,KIJ,ICN
2285,4,395.0,SDJ,ICN
2286,4,390.9,SDJ,ICN
2287,4,387.5,SDJ,ICN
2288,4,384.9,SDJ,ICN
2289,4,383.1,SDJ,ICN
2290,4,382.2,SDJ,ICN
2291,4,382.3,SDJ,ICN
2292,4,369.6,KMQ,ICN
2293,4,372.8,KMQ,ICN
2294,4,376.7,KMQ,ICN
2295,4,381.2,KMQ,ICN
2296,4,386.3,KMQ,ICN
2297,4,353.0,KIJ,ICN
2298,4,348.2,KIJ,ICN
2299,4,344.3,KIJ,ICN
2300,4,341.5,KIJ,ICN
2301,4,340.0,KIJ,ICN
2302,4,339.7,KIJ,ICN
2303,4,340.9,KIJ,ICN
2304,4,343.3,KIJ,ICN
2305,4,346.8,KIJ,ICN
2306,4,351.4,KIJ,ICN
2307,4,356.8,KIJ,ICN
2308,4,362.8,KIJ,ICN
2309,4,369.4,KIJ,ICN
2310,4,376.5,KIJ,ICN
2311,4,383.9,KIJ,ICN
2312,4,391.4,SDJ,ICN
2313,4,386.3,SDJ,ICN
2314,4,381.8,SDJ,ICN
2315,4,378.1,SDJ,ICN
2316,4,375.2,SDJ,ICN
2317,4,373.2,SDJ,ICN
2318,4,372.2,SDJ,ICN
2319,4,372.3,SDJ,ICN
2320,4,389.9,KMQ,ICN
2321,4,394.7,KMQ,ICN
2322,4,399.9,KMQ,ICN
2323,4,344.8,KIJ,ICN
2324,4,339.4,KIJ,ICN
2325,4,335.0,KIJ,ICN
2326,4,331.8,KIJ,ICN
2327,4,330.0,KIJ,ICN
2328,4,329.7,KIJ,ICN
2329,4,331.1,KIJ,ICN
2330,4,333.9,KIJ,ICN
2331,4,337.9,KIJ,ICN
2332,4,343.1,KIJ,ICN
2333,4,349.0,KIJ,ICN
2334,4,355.7,KIJ,ICN
2335,4,362.8,KIJ,ICN
2336,4,370.3,KIJ,ICN
2337,4,378.2,KIJ,ICN
2338,4,383.4,SDJ,ICN
2339,4,377.8,SDJ,ICN
2340,4,372.9,SDJ,ICN
2341,4,368.8,SDJ,ICN
2342,4,365.5,SDJ,ICN
2343,4,363.3,SDJ,ICN
2344,4,362.2,SDJ,ICN
2345,4,362.3,SDJ,ICN
2346,4,331.1,KIJ,ICN
2347,4,326.0,KIJ,ICN
2348,4,322.2,KIJ,ICN
2349,4,320.0,KIJ,ICN
2350,4,319.7,KIJ,ICN
2351,4,321.4,KIJ,ICN
2352,4,324.7,KIJ,ICN
2353,4,329.4,KIJ,ICN
2354,4,335.3,KIJ,ICN
2355,4,341.9,KIJ,ICN
2356,4,349.1,KIJ,ICN
2357,4,356.8,KIJ,ICN
2358,4,364.8,KIJ,ICN
2359,4,373.1,KIJ,ICN
2360,4,375.7,SDJ,ICN
2361,4,369.7,SDJ,ICN
2362,4,364.2,SDJ,ICN
2363,4,359.6,SDJ,ICN
2364,4,356.0,SDJ,ICN
2365,4,353.5,SDJ,ICN
2366,4,352.2,SDJ,ICN
2367,4,352.3,SDJ,ICN
2368,4,317.5,KIJ,ICN
2369,4,312.9,KIJ,ICN
2370,4,310.1,KIJ,ICN
2371,4,309.8,KIJ,ICN
2372,4,311.8,KIJ,ICN
2373,4,315.9,KIJ,ICN
2374,4,321.5,KIJ,ICN
2375,4,328.2,KIJ,ICN
2376,4,335.6,KIJ,ICN
2377,4,343.5,KIJ,ICN
2378,4,351.7,KIJ,ICN
2379,4,360.2,KIJ,ICN
2380,4,368.8,KIJ,ICN
2381,4,368.6,SDJ,ICN
2382,4,361.9,SDJ,ICN
2383,4,356.0,SDJ,ICN
2384,4,350.8,SDJ,ICN
2385,4,346.6,SDJ,ICN
2386,4,343.7,SDJ,ICN
2387,4,342.2,SDJ,ICN
2388,4,342.3,SDJ,ICN
2389,4,309.7,KIJ,ICN
2390,4,303.9,KIJ,ICN
2391,4,300.3,KIJ,ICN
2392,4,299.8,KIJ,ICN
2393,4,302.5,KIJ,ICN
2394,4,307.7,KIJ,ICN
2395,4,314.5,KIJ,ICN
2396,4,322.1,KIJ,ICN
2397,4,330.3,KIJ,ICN
2398,4,338.8,KIJ,ICN
2399,4,347.6,KIJ,ICN
2400,4,356.5,KIJ,ICN
2401,4,365.5,KIJ,ICN
2402,4,362.1,SDJ,ICN
2403,4,354.8,SDJ,ICN
2404,4,348.2,SDJ,ICN
2405,4,342.3,SDJ,ICN
2406,4,337.5,SDJ,ICN
2407,4,334.0,SDJ,ICN
2408,4,332.3,SDJ,ICN
2409,4,332.3,SDJ,ICN
2410,4,295.9,KIJ,ICN
2411,4,290.7,KIJ,ICN
2412,4,289.9,KIJ,ICN
2413,4,294.0,KIJ,ICN
2414,4,300.9,KIJ,ICN
2415,4,308.9,KIJ,ICN
2416,4,317.5,KIJ,ICN
2417,4,326.4,KIJ,ICN
2418,4,335.5,KIJ,ICN
2419,4,344.6,KIJ,ICN
2420,4,353.8,KIJ,ICN
2421,4,363.1,KIJ,ICN
2422,4,356.4,SDJ,ICN
2423,4,348.5,SDJ,ICN
2424,4,341.1,SDJ,ICN
2425,4,334.4,SDJ,ICN
2426,4,328.7,SDJ,ICN
2427,4,324.5,SDJ,ICN
2428,4,322.3,SDJ,ICN
2429,4,322.4,SDJ,ICN
2430,4,345.9,KIJ,ICN
2431,4,336.5,KIJ,ICN
2432,4,282.2,KIJ,ICN
2433,4,280.4,KIJ,ICN
2434,4,287.6,KIJ,ICN
2435,4,296.5,KIJ,ICN
2436,4,305.6,KIJ,ICN
2437,4,314.9,KIJ,ICN
2438,4,324.3,KIJ,ICN
2439,4,333.6,KIJ,ICN
2440,4,343.0,KIJ,ICN
2441,4,352.4,KIJ,ICN
2442,4,360.5,SDJ,ICN
2443,4,351.7,SDJ,ICN
2444,4,343.3,SDJ,ICN
2445,4,335.1,SDJ,ICN
2446,4,327.4,SDJ,ICN
2447,4,320.7,SDJ,ICN
2448,4,315.4,SDJ,ICN
2449,4,312.4,SDJ,ICN
2450,4,336.3,KIJ,ICN
2451,4,326.9,KIJ,ICN
2452,4,286.9,KIJ,ICN
2453,4,296.0,KIJ,ICN
2454,4,305.3,KIJ,ICN
2455,4,314.7,KIJ,ICN
2456,4,324.0,KIJ,ICN
2457,4,333.4,KIJ,ICN
2458,4,342.8,KIJ,ICN
2459,4,352.2,KIJ,ICN
2460,4,357.5,SDJ,ICN
2461,4,348.4,SDJ,ICN
2462,4,339.3,SDJ,ICN
2463,4,330.5,SDJ,ICN
2464,4,321.9,SDJ,ICN
2465,4,313.9,SDJ,ICN
2466,4,306.9,SDJ,ICN
2467,4,302.6,SDJ,ICN
2468,4,346.9,KIJ,ICN
2469,4,337.7,KIJ,ICN
2470,4,299.7,KIJ,ICN
2471,4,308.0,KIJ,ICN
2472,4,316.8,KIJ,ICN
2473,4,325.8,KIJ,ICN
2474,4,334.9,KIJ,ICN
2475,4,344.1,KIJ,ICN
2476,4,353.3,KIJ,ICN
2477,4,355.8,SDJ,ICN
2478,4,346.4,SDJ,ICN
2479,4,337.1,SDJ,ICN
2480,4,327.8,SDJ,ICN
2481,4,318.6,SDJ,ICN
2482,4,309.4,SDJ,ICN
2483,4,300.6,SDJ,ICN
2484,4,293.3,SDJ,ICN
2485,4,340.6,KIJ,ICN
2486,4,313.2,KIJ,ICN
2487,4,321.0,KIJ,ICN
2488,4,329.3,KIJ,ICN
2489,4,337.9,KIJ,ICN
2490,4,346.7,KIJ,ICN
2491,4,355.6,KIJ,ICN
2492,4,355.5,SDJ,ICN
2493,4,346.2,SDJ,ICN
2494,4,336.8,SDJ,ICN
2495,4,327.4,SDJ,ICN
2496,4,318.1,SDJ,ICN
2497,4,308.7,SDJ,ICN
2498,4,299.5,SDJ,ICN
2499,4,290.9,SDJ,ICN
2500,4,336.7,KIJ,ICN
2501,4,319.9,KIJ,ICN
2502,4,326.7,KIJ,ICN
2503,4,334.3,KIJ,ICN
2504,4,342.2,KIJ,ICN
2505,4,350.5,KIJ,ICN
2506,4,359.1,KIJ,ICN
2507,4,356.7,SDJ,ICN
2508,4,347.5,SDJ,ICN
2509,4,338.4,SDJ,ICN
2510,4,329.4,SDJ,ICN
2511,4,320.5,SDJ,ICN
2512,4,312.1,SDJ,ICN
2513,4,304.6,SDJ,ICN
2514,4,299.5,SDJ,ICN
2515,4,299.7,SDJ,ICN
2516,4,327.7,KIJ,ICN
2517,4,333.6,KIJ,ICN
2518,4,340.4,KIJ,ICN
2519,4,347.7,KIJ,ICN
2520,4,355.4,KIJ,ICN
2521,4,363.5,KIJ,ICN
2522,4,359.2,SDJ,ICN
2523,4,350.4,SDJ,ICN
2524,4,341.7,SDJ,ICN
2525,4,333.4,SDJ,ICN
2526,4,325.4,SDJ,ICN
2527,4,318.3,SDJ,ICN
2528,4,312.6,SDJ,ICN
2529,4,309.2,SDJ,ICN
2530,4,309.4,SDJ,ICN
2531,4,342.4,SDJ,ICN
2532,4,341.3,KIJ,ICN
2533,4,347.3,KIJ,ICN
2534,4,354.0,KIJ,ICN
2535,4,361.2,KIJ,ICN
2536,4,368.8,KIJ,ICN
2537,4,362.9,SDJ,ICN
2538,4,354.6,SDJ,ICN
2539,4,346.5,SDJ,ICN
2540,4,338.9,SDJ,ICN
2541,4,332.0,SDJ,ICN
2542,4,326.0,SDJ,ICN
2543,4,321.6,SDJ,ICN
2544,4,319.1,SDJ,ICN
2545,4,319.2,SDJ,ICN
2546,4,321.8,SDJ,ICN
2547,4,326.5,SDJ,ICN
2548,4,332.5,SDJ,ICN
2549,4,339.5,SDJ,ICN
2550,4,349.5,KIJ,ICN
2551,4,355.0,KIJ,ICN
2552,4,361.0,KIJ,ICN
2553,4,367.7,KIJ,ICN
2554,4,374.7,KIJ,ICN
2555,4,367.7,SDJ,ICN
2556,4,359.9,SDJ,ICN
2557,4,352.5,SDJ,ICN
2558,4,345.7,SDJ,ICN
2559,4,339.6,SDJ,ICN
2560,4,334.6,SDJ,ICN
2561,4,331.0,SDJ,ICN
2562,4,329.1,SDJ,ICN
2563,4,329.2,SDJ,ICN
2564,4,331.2,SDJ,ICN
2565,4,335.0,SDJ,ICN
2566,4,340.1,SDJ,ICN
2567,4,346.2,SDJ,ICN
2568,4,353.1,SDJ,ICN
2569,4,363.0,KIJ,ICN
2570,4,368.6,KIJ,ICN
2571,4,374.7,KIJ,ICN
2572,4,381.0,SDJ,ICN
2573,4,373.4,SDJ,ICN
2574,4,366.1,SDJ,ICN
2575,4,359.4,SDJ,ICN
2576,4,353.3,SDJ,ICN
2577,4,347.9,SDJ,ICN
2578,4,343.6,SDJ,ICN
2579,4,340.6,SDJ,ICN
2580,4,339.1,SDJ,ICN
2581,4,339.1,SDJ,ICN
2582,4,340.8,SDJ,ICN
2583,4,343.9,SDJ,ICN
2584,4,348.3,SDJ,ICN
2585,4,353.7,SDJ,ICN
2586,4,359.9,SDJ,ICN
2587,4,371.5,KIJ,ICN
2588,4,376.6,KIJ,ICN
2589,4,382.3,KIJ,ICN
2590,4,386.9,SDJ,ICN
2591,4,379.8,SDJ,ICN
2592,4,373.1,SDJ,ICN
2593,4,366.9,SDJ,ICN
2594,4,361.4,SDJ,ICN
2595,4,356.7,SDJ,ICN
2596,4,353.0,SDJ,ICN
2597,4,350.4,SDJ,ICN
2598,4,349.1,SDJ,ICN
2599,4,349.1,SDJ,ICN
2600,4,350.5,SDJ,ICN
2601,4,353.2,SDJ,ICN
2602,4,357.0,SDJ,ICN
2603,4,361.8,SDJ,ICN
2604,4,367.4,SDJ,ICN
2605,4,384.9,KIJ,ICN
2606,4,390.2,KIJ,ICN
2607,4,393.4,SDJ,ICN
2608,4,386.7,SDJ,ICN
2609,4,380.6,SDJ,ICN
2610,4,374.9,SDJ,ICN
2611,4,369.9,SDJ,ICN
2612,4,365.7,SDJ,ICN
2613,4,362.4,SDJ,ICN
2614,4,360.2,SDJ,ICN
2615,4,359.1,SDJ,ICN
2616,4,359.1,SDJ,ICN
2617,4,360.3,SDJ,ICN
2618,4,362.7,SDJ,ICN
2619,4,366.0,SDJ,ICN
2620,4,370.3,SDJ,ICN
2621,4,375.3,SDJ,ICN
2622,4,398.4,KIJ,ICN
2623,4,400.4,SDJ,ICN
2624,4,394.2,SDJ,ICN
2625,4,388.5,SDJ,ICN
2626,4,383.3,SDJ,ICN
2627,4,378.8,SDJ,ICN
2628,4,375.0,SDJ,ICN
2629,4,372.1,SDJ,ICN
2630,4,370.1,SDJ,ICN
2631,4,369.1,SDJ,ICN
2632,4,369.1,SDJ,ICN
2633,4,370.2,SDJ,ICN
2634,4,372.3,SDJ,ICN
2635,4,375.3,SDJ,ICN
2636,4,379.1,SDJ,ICN
2637,4,383.7,SDJ,ICN
2638,4,388.9,SDJ,ICN
2639,4,406.8,KIJ,ICN
2640,4,407.9,SDJ,ICN
2641,4,402.1,SDJ,ICN
2642,4,396.7,SDJ,ICN
2643,4,392.0,SDJ,ICN
2644,4,387.8,SDJ,ICN
2645,4,384.4,SDJ,ICN
2646,4,381.7,SDJ,ICN
2647,4,380.0,SDJ,ICN
2648,4,379.1,SDJ,ICN
2649,4,379.1,SDJ,ICN
2650,4,380.1,SDJ,ICN
2651,4,381.9,SDJ,ICN
2652,4,384.6,SDJ,ICN
2653,4,388.1,SDJ,ICN
2654,4,392.3,SDJ,ICN
2655,4,397.1,SDJ,ICN
2656,4,415.5,KIJ,ICN
2657,4,415.6,SDJ,ICN
2658,4,410.2,SDJ,ICN
2659,4,405.3,SDJ,ICN
2660,4,400.8,SDJ,ICN
2661,4,397.0,SDJ,ICN
2662,4,393.9,SDJ,ICN
2663,4,391.5,SDJ,ICN
2664,4,389.9,SDJ,ICN
2665,4,389.1,SDJ,ICN
2666,4,389.1,SDJ,ICN
2667,4,390.0,SDJ,ICN
2668,4,391.7,SDJ,ICN
2669,4,394.1,SDJ,ICN
2670,4,397.3,SDJ,ICN
2671,4,401.2,SDJ,ICN
2672,4,405.6,SDJ,ICN
2673,4,410.6,SDJ,ICN
2674,4,416.1,SDJ,ICN
2675,4,424.3,KIJ,ICN
2676,4,423.7,SDJ,ICN
2677,4,418.6,SDJ,ICN
2678,4,414.0,SDJ,ICN
2679,4,409.9,SDJ,ICN
2680,4,406.4,SDJ,ICN
2681,4,403.5,SDJ,ICN
2682,4,401.3,SDJ,ICN
2683,4,399.8,SDJ,ICN
2684,4,399.1,SDJ,ICN
2685,4,399.1,SDJ,ICN
2686,4,399.9,SDJ,ICN
2687,4,401.4,SDJ,ICN
2688,4,403.7,SDJ,ICN
2689,4,406.6,SDJ,ICN
2690,4,410.2,SDJ,ICN
2691,4,414.3,SDJ,ICN
2692,4,419.0,SDJ,ICN
2693,4,424.1,SDJ,ICN
2694,4,432.0,SDJ,ICN
2695,4,427.2,SDJ,ICN
2696,4,422.9,SDJ,ICN
2697,4,419.1,SDJ,ICN
2698,4,415.8,SDJ,ICN
2699,4,413.2,SDJ,ICN
2700,4,411.1,SDJ,ICN
2701,4,409.8,SDJ,ICN
2702,4,409.1,SDJ,ICN
2703,4,409.1,SDJ,ICN
2704,4,409.8,SDJ,ICN
2705,4,411.3,SDJ,ICN
2706,4,413.3,SDJ,ICN
2707,4,416.1,SDJ,ICN
2708,4,419.4,SDJ,ICN
2709,4,423.2,SDJ,ICN
2710,4,427.6,SDJ,ICN
2711,4,432.4,SDJ,ICN
2712,4,440.5,SDJ,ICN
2713,4,436.0,SDJ,ICN
2714,4,432.0,SDJ,ICN
2715,4,428.4,SDJ,ICN
2716,4,425.3,SDJ,ICN
2717,4,422.9,SDJ,ICN
2718,4,421.0,SDJ,ICN
2719,4,419.7,SDJ,ICN
2720,4,419.1,SDJ,ICN
2721,4,419.1,SDJ,ICN
2722,4,419.8,SDJ,ICN
2723,4,421.1,SDJ,ICN
2724,4,423.0,SDJ,ICN
2725,4,425.6,SDJ,ICN
2726,4,428.6,SDJ,ICN
2727,4,432.3,SDJ,ICN
2728,4,436.4,SDJ,ICN
2729,4,440.9,SDJ,ICN
2730,4,438.7,AOJ,ICN
2731,4,436.1,AOJ,ICN
2732,4,433.9,AOJ,ICN
2733,4,432.3,AOJ,ICN
2734,4,431.3,AOJ,ICN
2735,4,430.8,AOJ,ICN
2736,4,429.7,SDJ,ICN
2737,4,429.1,SDJ,ICN
2738,4,429.1,SDJ,ICN
2739,4,429.8,SDJ,ICN
2740,4,431.0,SDJ,ICN
2741,4,432.8,SDJ,ICN
2742,4,435.1,SDJ,ICN
2743,4,438.0,SDJ,ICN
2744,4,441.4,SDJ,ICN
2745,4,445.3,SDJ,ICN
2746,4,449.6,SDJ,ICN
2747,4,454.3,SDJ,ICN
2748,4,429.3,AOJ,ICN
2749,4,426.4,AOJ,ICN
2750,4,424.1,AOJ,ICN
2751,4,422.4,AOJ,ICN
2752,4,421.3,AOJ,ICN
2753,4,420.8,AOJ,ICN
2754,4,420.9,AOJ,ICN
2755,4,421.6,AOJ,ICN
2756,4,422.9,AOJ,ICN
2757,4,424.8,AOJ,ICN
2758,4,427.3,AOJ,ICN
2759,4,430.3,AOJ,ICN
2760,4,433.8,AOJ,ICN
2761,4,437.8,AOJ,ICN
2762,4,442.2,AOJ,ICN
2763,4,447.0,AOJ,ICN
2764,4,452.2,AOJ,ICN
2765,4,457.7,AOJ,ICN
2766,4,419.9,AOJ,ICN
2767,4,416.8,AOJ,ICN
2768,4,414.4,AOJ,ICN
2769,4,412.5,AOJ,ICN
2770,4,411.3,AOJ,ICN
2771,4,410.7,AOJ,ICN
2772,4,410.8,AOJ,ICN
2773,4,411.6,AOJ,ICN
2774,4,413.0,AOJ,ICN
2775,4,415.1,AOJ,ICN
2776,4,417.7,AOJ,ICN
2777,4,421.0,AOJ,ICN
2778,4,424.7,AOJ,ICN
2779,4,428.9,AOJ,ICN
2780,4,433.6,AOJ,ICN
2781,4,438.7,AOJ,ICN
2782,4,444.1,AOJ,ICN
2783,4,449.9,AOJ,ICN
2784,4,410.6,AOJ,ICN
2785,4,407.3,AOJ,ICN
2786,4,404.7,AOJ,ICN
2787,4,402.7,AOJ,ICN
2788,4,401.3,AOJ,ICN
2789,4,400.7,AOJ,ICN
2790,4,400.8,AOJ,ICN
2791,4,401.7,AOJ,ICN
2792,4,403.2,AOJ,ICN
2793,4,405.4,AOJ,ICN
2794,4,408.3,AOJ,ICN
2795,4,411.8,AOJ,ICN
2796,4,415.8,AOJ,ICN
2797,4,420.3,AOJ,ICN
2798,4,425.2,AOJ,ICN
2799,4,430.6,AOJ,ICN
2800,4,436.3,AOJ,ICN
2801,4,442.4,AOJ,ICN
2802,4,401.4,AOJ,ICN
2803,4,397.9,AOJ,ICN
2804,4,395.0,AOJ,ICN
2805,4,392.8,AOJ,ICN
2806,4,391.4,AOJ,ICN
2807,4,390.7,AOJ,ICN
2808,4,390.8,AOJ,ICN
2809,4,391.8,AOJ,ICN
2810,4,393.4,AOJ,ICN
2811,4,395.8,AOJ,ICN
2812,4,398.9,AOJ,ICN
2813,4,402.7,AOJ,ICN
2814,4,407.0,AOJ,ICN
2815,4,411.8,AOJ,ICN
2816,4,417.1,AOJ,ICN
2817,4,422.7,AOJ,ICN
2818,4,428.8,AOJ,ICN
2819,4,435.1,AOJ,ICN
2820,4,407.4,AOJ,ICN
2821,4,396.9,AOJ,ICN
2822,4,392.4,AOJ,ICN
2823,4,388.6,AOJ,ICN
2824,4,385.4,AOJ,ICN
2825,4,383.0,AOJ,ICN
2826,4,381.4,AOJ,ICN
2827,4,380.7,AOJ,ICN
2828,4,380.8,AOJ,ICN
2829,4,381.8,AOJ,ICN
2830,4,383.7,AOJ,ICN
2831,4,386.3,AOJ,ICN
2832,4,389.7,AOJ,ICN
2833,4,393.8,AOJ,ICN
2834,4,398.4,AOJ,ICN
2835,4,403.6,AOJ,ICN
2836,4,409.2,AOJ,ICN
2837,4,415.2,AOJ,ICN
2838,4,421.5,AOJ,ICN
2839,4,428.2,AOJ,ICN
2840,4,393.8,AOJ,ICN
2841,4,388.4,AOJ,ICN
2842,4,383.6,AOJ,ICN
2843,4,379.4,AOJ,ICN
2844,4,375.9,AOJ,ICN
2845,4,373.3,AOJ,ICN
2846,4,371.5,AOJ,ICN
2847,4,370.7,AOJ,ICN
2848,4,370.8,AOJ,ICN
2849,4,372.0,AOJ,ICN
2850,4,374.0,AOJ,ICN
2851,4,376.9,AOJ,ICN
2852,4,380.6,AOJ,ICN
2853,4,385.1,AOJ,ICN
2854,4,390.1,AOJ,ICN
2855,4,395.6,AOJ,ICN
2856,4,401.6,AOJ,ICN
2857,4,408.0,AOJ,ICN
2858,4,414.7,AOJ,ICN
2859,4,421.7,AOJ,ICN
2860,4,380.3,AOJ,ICN
2861,4,375.0,AOJ,ICN
2862,4,370.4,AOJ,ICN
2863,4,366.6,AOJ,ICN
2864,4,363.6,AOJ,ICN
2865,4,361.6,AOJ,ICN
2866,4,360.7,AOJ,ICN
2867,4,360.9,AOJ,ICN
2868,4,362.1,AOJ,ICN
2869,4,364.4,AOJ,ICN
2870,4,367.7,AOJ,ICN
2871,4,371.8,AOJ,ICN
2872,4,376.6,AOJ,ICN
2873,4,382.1,AOJ,ICN
2874,4,388.1,AOJ,ICN
2875,4,394.5,AOJ,ICN
2876,4,401.2,AOJ,ICN
2877,4,408.3,AOJ,ICN
2878,4,372.6,AOJ,ICN
2879,4,366.8,AOJ,ICN
2880,4,361.7,AOJ,ICN
2881,4,357.4,AOJ,ICN
2882,4,354.0,AOJ,ICN
2883,4,351.7,AOJ,ICN
2884,4,350.7,AOJ,ICN
2885,4,350.9,AOJ,ICN
2886,4,352.3,AOJ,ICN
2887,4,355.0,AOJ,ICN
2888,4,358.6,AOJ,ICN
2889,4,363.2,AOJ,ICN
2890,4,368.6,AOJ,ICN
2891,4,374.5,AOJ,ICN
2892,4,380.9,AOJ,ICN
2893,4,387.8,AOJ,ICN
2894,4,395.0,AOJ,ICN
2895,4,402.4,AOJ,ICN
2896,4,359.0,AOJ,ICN
2897,4,353.3,AOJ,ICN
2898,4,348.4,AOJ,ICN
2899,4,344.6,AOJ,ICN
2900,4,341.9,AOJ,ICN
2901,4,340.7,AOJ,ICN
2902,4,340.9,AOJ,ICN
2903,4,342.6,AOJ,ICN
2904,4,345.7,AOJ,ICN
2905,4,349.9,AOJ,ICN
2906,4,355.0,AOJ,ICN
2907,4,360.9,AOJ,ICN
2908,4,367.4,AOJ,ICN
2909,4,374.4,AOJ,ICN
2910,4,381.7,AOJ,ICN
2911,4,389.3,AOJ,ICN
2912,4,351.8,AOJ,ICN
2913,4,345.5,AOJ,ICN
2914,4,339.9,AOJ,ICN
2915,4,335.4,AOJ,ICN
2916,4,332.2,AOJ,ICN
2917,4,330.7,AOJ,ICN
2918,4,331.0,AOJ,ICN
2919,4,333.0,AOJ,ICN
2920,4,336.7,AOJ,ICN
2921,4,341.6,AOJ,ICN
2922,4,347.4,AOJ,ICN
2923,4,354.0,AOJ,ICN
2924,4,361.1,AOJ,ICN
2925,4,368.5,AOJ,ICN
2926,4,376.3,AOJ,ICN
2927,4,384.3,AOJ,ICN
2928,4,353.1,AOJ,ICN
2929,4,345.5,AOJ,ICN
2930,4,338.4,AOJ,ICN
2931,4,331.9,AOJ,ICN
2932,4,326.5,AOJ,ICN
2933,4,322.6,AOJ,ICN
2934,4,320.7,AOJ,ICN
2935,4,321.1,AOJ,ICN
2936,4,323.7,AOJ,ICN
2937,4,328.1,AOJ,ICN
2938,4,333.9,AOJ,ICN
2939,4,340.6,AOJ,ICN
2940,4,347.8,AOJ,ICN
2941,4,355.5,AOJ,ICN
2942,4,363.5,AOJ,ICN
2943,4,371.8,AOJ,ICN
2944,4,348.5,AOJ,ICN
2945,4,340.3,AOJ,ICN
2946,4,332.4,AOJ,ICN
2947,4,325.0,AOJ,ICN
2948,4,318.4,AOJ,ICN
2949,4,313.4,AOJ,ICN
2950,4,310.7,AOJ,ICN
2951,4,311.2,AOJ,ICN
2952,4,314.8,AOJ,ICN
2953,4,320.4,AOJ,ICN
2954,4,327.2,AOJ,ICN
2955,4,334.8,AOJ,ICN
2956,4,342.8,AOJ,ICN
2957,4,351.1,AOJ,ICN
2958,4,359.6,AOJ,ICN
2959,4,354.0,AOJ,ICN
2960,4,345.2,AOJ,ICN
2961,4,336.5,AOJ,ICN
2962,4,327.9,AOJ,ICN
2963,4,319.5,AOJ,ICN
2964,4,311.7,AOJ,ICN
2965,4,304.9,AOJ,ICN
2966,4,300.8,AOJ,ICN
2967,4,301.7,AOJ,ICN
2968,4,306.9,AOJ,ICN
2969,4,314.1,AOJ,ICN
2970,4,322.1,AOJ,ICN
2971,4,330.6,AOJ,ICN
2972,4,339.2,AOJ,ICN
2973,4,348.0,AOJ,ICN
2974,4,343.5,AOJ,ICN
2975,4,334.5,AOJ,ICN
2976,4,325.5,AOJ,ICN
2977,4,316.5,AOJ,ICN
2978,4,307.6,AOJ,ICN
2979,4,298.9,AOJ,ICN
2980,4,291.5,AOJ,ICN
2981,4,293.4,AOJ,ICN
2982,4,301.6,AOJ,ICN
2983,4,310.4,AOJ,ICN
2984,4,319.4,AOJ,ICN
2985,4,328.4,AOJ,ICN
2986,4,337.4,AOJ,ICN
2987,4,346.4,AOJ,ICN
2988,4,316.7,AOJ,ICN
2989,4,307.8,AOJ,ICN
2990,4,299.3,AOJ,ICN
2991,4,292.3,AOJ,ICN
2992,4,294.1,AOJ,ICN
2993,4,301.9,AOJ,ICN
2994,4,310.6,AOJ,ICN
2995,4,319.5,AOJ,ICN
2996,4,328.4,AOJ,ICN
2997,4,337.4,AOJ,ICN
2998,4,346.4,AOJ,ICN
2999,4,319.9,AOJ,ICN
3000,4,312.2,AOJ,ICN
3001,4,305.6,AOJ,ICN
3002,4,301.8,AOJ,ICN
3003,4,307.5,AOJ,ICN
3004,4,314.6,AOJ,ICN
3005,4,322.5,AOJ,ICN
3006,4,330.8,AOJ,ICN
3007,4,339.4,AOJ,ICN
3008,4,325.5,AOJ,ICN
3009,4,319.1,AOJ,ICN
3010,4,314.2,AOJ,ICN
3011,4,311.7,AOJ,ICN
3012,4,315.5,AOJ,ICN
3013,4,321.0,AOJ,ICN
3014,4,343.1,AOJ,ICN
3015,4,332.6,AOJ,ICN
3016,4,327.3,AOJ,ICN
3017,4,323.5,AOJ,ICN
3018,4,348.2,AOJ,ICN
3019,4,340.6,AOJ,ICN
3020,4,336.2,AOJ,ICN
3021,4,333.1,AOJ,ICN
3022,4,354.4,AOJ,ICN
3023,4,343.5,AOJ,ICN
3024,4,346.5,AOJ,ICN
3025,4,350.6,AOJ,ICN
3026,4,361.4,AOJ,ICN
3027,4,367.8,AOJ,ICN
3028,4,353.2,AOJ,ICN
3029,4,355.8,AOJ,ICN
3030,4,359.4,AOJ,ICN
3031,4,363.8,AOJ,ICN
3032,4,369.0,AOJ,ICN
3033,4,374.8,AOJ,ICN
3034,4,363.0,AOJ,ICN
3035,4,365.3,AOJ,ICN
3036,4,368.4,AOJ,ICN
3037,4,426.2,AOJ,ICN
3038,4,384.1,AOJ,ICN
3039,4,380.1,AOJ,ICN
3040,4,397.3,AOJ,ICN
3041,4,393.0,AOJ,ICN
3042,4,389.3,AOJ,ICN
3043,4,386.2,AOJ,ICN
3044,4,406.0,AOJ,ICN
3045,4,402.0,AOJ,ICN
3046,4,398.6,AOJ,ICN
3047,4,395.8,AOJ,ICN
3048,4,393.7,AOJ,ICN
3049,4,411.2,AOJ,ICN
3050,4,408.0,AOJ,ICN
3051,4,405.5,AOJ,ICN
3052,4,403.5,AOJ,ICN
3053,4,402.3,AOJ,ICN
3054,4,401.8,AOJ,ICN
3055,4,402.6,AOJ,ICN
3056,4,404.1,AOJ,ICN
3057,4,406.2,AOJ,ICN
3058,4,417.6,AOJ,ICN
3059,4,415.2,AOJ,ICN
3060,4,413.4,AOJ,ICN
3061,4,412.2,AOJ,ICN
3062,4,411.7,AOJ,ICN
3063,4,411.8,AOJ,ICN
3064,4,412.5,AOJ,ICN
3065,4,411.1,CTS,PUS
3066,4,406.9,CTS,PUS
3067,4,427.1,AOJ,ICN
3068,4,424.9,AOJ,ICN
3069,4,423.3,AOJ,ICN
3070,4,422.2,AOJ,ICN
3071,4,418.8,CTS,PUS
3072,4,413.0,CTS,PUS
3073,4,407.5,CTS,PUS
3074,4,449.9,CTS,PUS
3075,4,439.3,AOJ,ICN
3076,4,436.8,AOJ,ICN
3077,4,432.0,CTS,PUS
3078,4,425.0,CTS,PUS
3079,4,418.2,CTS,PUS
3080,4,411.7,CTS,PUS
3081,4,405.4,CTS,PUS
3082,4,436.9,CTS,PUS
3083,4,444.2,CTS,PUS
3084,4,471.9,AOJ,ICN
3085,4,449.2,CTS,PUS
3086,4,441.5,CTS,PUS
3087,4,433.8,CTS,PUS
3088,4,426.3,CTS,PUS
3089,4,419.0,CTS,PUS
3090,4,416.6,CTS,PUS
3091,4,423.9,CTS,PUS
3092,4,431.3,CTS,PUS
3093,4,438.9,CTS,PUS
3094,4,452.9,CTS,PUS
3095,4,444.8,CTS,PUS
3096,4,436.8,CTS,PUS
3097,4,428.9,CTS,PUS
3098,4,421.1,CTS,PUS
3099,4,396.4,CTS,PUS
3100,4,403.6,CTS,PUS
3101,4,411.0,CTS,PUS
3102,4,418.6,CTS,PUS
3103,4,426.4,CTS,PUS
3104,4,434.2,CTS,PUS
3105,4,457.5,CTS,PUS
3106,4,449.2,CTS,PUS
3107,4,440.9,CTS,PUS
3108,4,432.7,CTS,PUS
3109,4,424.6,CTS,PUS
3110,4,371.8,CTS,PUS
3111,4,376.3,CTS,PUS
3112,4,383.4,CTS,PUS
3113,4,390.7,CTS,PUS
3114,4,398.3,CTS,PUS
3115,4,406.0,CTS,PUS
3116,4,413.9,CTS,PUS
3117,4,422.0,CTS,PUS
3118,4,430.1,CTS,PUS
3119,4,446.1,CTS,PUS
3120,4,437.7,CTS,PUS
3121,4,429.3,CTS,PUS
3122,4,420.9,CTS,PUS
3123,4,365.5,CTS,PUS
3124,4,358.5,CTS,PUS
3125,4,356.4,CTS,PUS
3126,4,363.2,CTS,PUS
3127,4,370.5,CTS,PUS
3128,4,378.0,CTS,PUS
3129,4,385.8,CTS,PUS
3130,4,393.7,CTS,PUS
3131,4,401.8,CTS,PUS
3132,4,410.0,CTS,PUS
3133,4,418.2,CTS,PUS
3134,4,426.5,CTS,PUS
3135,4,434.9,CTS,PUS
3136,4,443.6,CTS,PUS
3137,4,435.0,CTS,PUS
3138,4,426.5,CTS,PUS
3139,4,418.0,CTS,PUS
3140,4,409.5,CTS,PUS
3141,4,368.1,CTS,PUS
3142,4,360.3,CTS,PUS
3143,4,352.6,CTS,PUS
3144,4,345.4,CTS,PUS
3145,4,336.7,CTS,PUS
3146,4,343.2,CTS,PUS
3147,4,350.2,CTS,PUS
3148,4,357.7,CTS,PUS
3149,4,365.5,CTS,PUS
3150,4,373.5,CTS,PUS
3151,4,381.7,CTS,PUS
3152,4,390.0,CTS,PUS
3153,4,398.3,CTS,PUS
3154,4,406.7,CTS,PUS
3155,4,415.2,CTS,PUS
3156,4,423.7,CTS,PUS
3157,4,432.2,CTS,PUS
3158,4,440.8,CTS,PUS
3159,4,441.7,CTS,PUS
3160,4,433.1,CTS,PUS
3161,4,424.4,CTS,PUS
3162,4,415.7,CTS,PUS
3163,4,407.1,CTS,PUS
3164,4,398.5,CTS,PUS
3165,4,389.9,CTS,PUS
3166,4,372.9,CTS,PUS
3167,4,364.5,CTS,PUS
3168,4,356.1,CTS,PUS
3169,4,348.0,CTS,PUS
3170,4,340.0,CTS,PUS
3171,4,332.4,CTS,PUS
3172,4,325.5,CTS,PUS
3173,4,323.4,CTS,PUS
3174,4,330.1,CTS,PUS
3175,4,337.5,CTS,PUS
3176,4,345.3,CTS,PUS
3177,4,353.5,CTS,PUS
3178,4,361.7,CTS,PUS
3179,4,370.1,CTS,PUS
3180,4,378.6,CTS,PUS
3181,4,387.1,CTS,PUS
3182,4,395.7,CTS,PUS
3183,4,404.3,CTS,PUS
3184,4,412.9,CTS,PUS
3185,4,421.6,CTS,PUS
3186,4,430.2,CTS,PUS
3187,4,438.9,CTS,PUS
3188,4,440.5,CTS,PUS
3189,4,431.8,CTS,PUS
3190,4,423.1,CTS,PUS
3191,4,414.3,CTS,PUS
3192,4,405.6,CTS,PUS
3193,4,396.9,CTS,PUS
3194,4,388.1,CTS,PUS
3195,4,379.4,CTS,PUS
3196,4,370.8,CTS,PUS
3197,4,362.1,CTS,PUS
3198,4,353.4,CTS,PUS
3199,4,344.9,CTS,PUS
3200,4,336.3,CTS,PUS
3201,4,327.9,CTS,PUS
3202,4,319.8,CTS,PUS
3203,4,312.3,CTS,PUS
3204,4,306.5,CTS,PUS
3205,4,305.4,CTS,PUS
3206,4,310.1,CTS,PUS
3207,4,317.3,CTS,PUS
3208,4,325.3,CTS,PUS
3209,4,333.6,CTS,PUS
3210,4,342.1,CTS,PUS
3211,4,350.6,CTS,PUS
3212,4,359.3,CTS,PUS
3213,4,367.9,CTS,PUS
3214,4,376.6,CTS,PUS
3215,4,385.3,CTS,PUS
3216,4,394.0,CTS,PUS
3217,4,402.7,CTS,PUS
3218,4,411.5,CTS,PUS
3219,4,420.2,CTS,PUS
3220,4,428.9,CTS,PUS
3221,4,437.7,CTS,PUS
3222,4,446.0,AKJ,ICN
3223,4,413.7,CTS,PUS
3224,4,405.0,CTS,PUS
3225,4,396.2,CTS,PUS
3226,4,387.4,CTS,PUS
3227,4,378.7,CTS,PUS
3228,4,369.9,CTS,PUS
3229,4,361.1,CTS,PUS
3230,4,352.4,CTS,PUS
3231,4,343.6,CTS,PUS
3232,4,334.8,CTS,PUS
3233,4,326.1,CTS,PUS
3234,4,317.3,CTS,PUS
3235,4,308.6,CTS,PUS
3236,4,299.9,CTS,PUS
3237,4,297.1,CTS,PUS
3238,4,305.7,CTS,PUS
3239,4,314.5,CTS,PUS
3240,4,323.2,CTS,PUS
3241,4,332.0,CTS,PUS
3242,4,340.8,CTS,PUS
3243,4,349.5,CTS,PUS
3244,4,358.3,CTS,PUS
3245,4,367.0,CTS,PUS
3246,4,375.8,CTS,PUS
3247,4,384.6,CTS,PUS
3248,4,393.3,CTS,PUS
3249,4,402.1,CTS,PUS
3250,4,410.9,CTS,PUS
3251,4,419.6,CTS,PUS
3252,4,427.4,AKJ,ICN
3253,4,432.7,AKJ,ICN
3254,4,438.3,AKJ,ICN
3255,4,444.2,AKJ,ICN
3256,4,396.5,CTS,PUS
3257,4,387.8,CTS,PUS
3258,4,379.1,CTS,PUS
3259,4,370.4,CTS,PUS
3260,4,361.7,CTS,PUS
3261,4,353.0,CTS,PUS
3262,4,344.4,CTS,PUS
3263,4,335.8,CTS,PUS
3264,4,327.3,CTS,PUS
3265,4,318.9,CTS,PUS
3266,4,311.0,CTS,PUS
3267,4,304.6,CTS,PUS
3268,4,303.4,CTS,PUS
3269,4,308.7,CTS,PUS
3270,4,316.3,CTS,PUS
3271,4,324.5,CTS,PUS
3272,4,333.0,CTS,PUS
3273,4,341.6,CTS,PUS
3274,4,350.2,CTS,PUS
3275,4,358.8,CTS,PUS
3276,4,367.5,CTS,PUS
3277,4,376.2,CTS,PUS
3278,4,384.9,CTS,PUS
3279,4,393.7,CTS,PUS
3280,4,402.4,CTS,PUS
3281,4,409.4,AKJ,ICN
3282,4,414.2,AKJ,ICN
3283,4,419.4,AKJ,ICN
3284,4,425.0,AKJ,ICN
3285,4,430.9,AKJ,ICN
3286,4,437.2,AKJ,ICN
3287,4,443.7,AKJ,ICN
3288,4,450.4,AKJ,ICN
3289,4,397.8,CTS,PUS
3290,4,389.2,CTS,PUS
3291,4,380.6,CTS,PUS
3292,4,372.1,CTS,PUS
3293,4,363.7,CTS,PUS
3294,4,355.3,CTS,PUS
3295,4,347.0,CTS,PUS
3296,4,339.0,CTS,PUS
3297,4,331.2,CTS,PUS
3298,4,324.0,CTS,PUS
3299,4,317.9,CTS,PUS
3300,4,313.8,CTS,PUS
3301,4,313.1,CTS,PUS
3302,4,316.2,CTS,PUS
3303,4,321.8,CTS,PUS
3304,4,328.8,CTS,PUS
3305,4,336.4,CTS,PUS
3306,4,344.4,CTS,PUS
3307,4,352.6,CTS,PUS
3308,4,360.9,CTS,PUS
3309,4,369.4,CTS,PUS
3310,4,377.9,CTS,PUS
3311,4,386.4,CTS,PUS
3312,4,392.4,AKJ,ICN
3313,4,396.4,AKJ,ICN
3314,4,401.0,AKJ,ICN
3315,4,406.1,AKJ,ICN
3316,4,411.7,AKJ,ICN
3317,4,417.6,AKJ,ICN
3318,4,423.9,AKJ,ICN
3319,4,430.5,AKJ,ICN
3320,4,437.4,AKJ,ICN
3321,4,444.4,AKJ,ICN
3322,4,451.6,AKJ,ICN
3323,4,505.3,AKJ,ICN
3324,4,391.6,CTS,PUS
3325,4,383.3,CTS,PUS
3326,4,375.1,CTS,PUS
3327,4,367.0,CTS,PUS
3328,4,359.0,CTS,PUS
3329,4,351.3,CTS,PUS
3330,4,344.0,CTS,PUS
3331,4,337.2,CTS,PUS
3332,4,331.1,CTS,PUS
3333,4,326.4,CTS,PUS
3334,4,323.5,CTS,PUS
3335,4,323.1,CTS,PUS
3336,4,325.2,CTS,PUS
3337,4,329.4,CTS,PUS
3338,4,335.1,CTS,PUS
3339,4,341.7,CTS,PUS
3340,4,348.9,CTS,PUS
3341,4,356.5,CTS,PUS
3342,4,364.4,CTS,PUS
3343,4,372.4,CTS,PUS
3344,4,376.9,AKJ,ICN
3345,4,379.7,AKJ,ICN
3346,4,383.4,AKJ,ICN
3347,4,387.8,AKJ,ICN
3348,4,392.8,AKJ,ICN
3349,4,398.4,AKJ,ICN
3350,4,404.4,AKJ,ICN
3351,4,410.7,AKJ,ICN
3352,4,417.4,AKJ,ICN
3353,4,424.4,AKJ,ICN
3354,4,431.5,AKJ,ICN
3355,4,438.8,AKJ,ICN
3356,4,446.3,AKJ,ICN
3357,4,453.9,AKJ,ICN
3358,4,461.6,AKJ,ICN
3359,4,469.4,AKJ,ICN
3360,4,477.3,AKJ,ICN
3361,4,485.3,AKJ,ICN
3362,4,493.3,AKJ,ICN
3363,4,501.4,AKJ,ICN
3364,4,509.5,AKJ,ICN
3365,4,517.7,AKJ,ICN
3366,4,395.0,CTS,PUS
3367,4,387.0,CTS,PUS
3368,4,379.1,CTS,PUS
3369,4,371.5,CTS,PUS
3370,4,364.0,CTS,PUS
3371,4,357.0,CTS,PUS
3372,4,350.4,CTS,PUS
3373,4,344.4,CTS,PUS
3374,4,339.4,CTS,PUS
3375,4,335.6,CTS,PUS
3376,4,333.4,CTS,PUS
3377,4,333.1,CTS,PUS
3378,4,334.7,CTS,PUS
3379,4,338.0,CTS,PUS
3380,4,342.7,CTS,PUS
3381,4,348.3,CTS,PUS
3382,4,354.8,CTS,PUS
3383,4,361.7,CTS,PUS
3384,4,364.2,AKJ,ICN
3385,4,365.2,AKJ,ICN
3386,4,367.3,AKJ,ICN
3387,4,370.5,AKJ,ICN
3388,4,374.7,AKJ,ICN
3389,4,379.6,AKJ,ICN
3390,4,385.1,AKJ,ICN
3391,4,391.1,AKJ,ICN
3392,4,397.6,AKJ,ICN
3393,4,404.4,AKJ,ICN
3394,4,411.4,AKJ,ICN
3395,4,418.7,AKJ,ICN
3396,4,426.2,AKJ,ICN
3397,4,433.8,AKJ,ICN
3398,4,441.5,AKJ,ICN
3399,4,449.4,AKJ,ICN
3400,4,457.3,AKJ,ICN
3401,4,465.3,AKJ,ICN
3402,4,473.4,AKJ,ICN
3403,4,481.5,AKJ,ICN
3404,4,489.7,AKJ,ICN
3405,4,497.9,AKJ,ICN
3406,4,506.2,AKJ,ICN
3407,4,514.5,AKJ,ICN
3408,4,522.8,AKJ,ICN
3409,4,407.0,CTS,PUS
3410,4,399.2,CTS,PUS
3411,4,391.5,CTS,PUS
3412,4,384.1,CTS,PUS
3413,4,370.0,CTS,PUS
3414,4,348.2,CTS,PUS
3415,4,345.1,CTS,PUS
3416,4,343.3,CTS,PUS
3417,4,343.1,CTS,PUS
3418,4,344.3,CTS,PUS
3419,4,347.0,CTS,PUS
3420,4,351.0,CTS,PUS
3421,4,355.9,CTS,PUS
3422,4,356.2,AKJ,ICN
3423,4,354.5,AKJ,ICN
3424,4,354.2,AKJ,ICN
3425,4,355.3,AKJ,ICN
3426,4,357.9,AKJ,ICN
3427,4,361.6,AKJ,ICN
3428,4,366.3,AKJ,ICN
3429,4,371.8,AKJ,ICN
3430,4,377.9,AKJ,ICN
3431,4,384.5,AKJ,ICN
3432,4,391.4,AKJ,ICN
3433,4,398.6,AKJ,ICN
3434,4,406.1,AKJ,ICN
3435,4,413.7,AKJ,ICN
3436,4,421.5,AKJ,ICN
3437,4,429.4,AKJ,ICN
3438,4,437.4,AKJ,ICN
3439,4,445.4,AKJ,ICN
3440,4,453.5,AKJ,ICN
3441,4,461.7,AKJ,ICN
3442,4,470.0,AKJ,ICN
3443,4,478.2,AKJ,ICN
3444,4,486.6,AKJ,ICN
3445,4,494.9,AKJ,ICN
3446,4,503.3,AKJ,ICN
3447,4,511.7,AKJ,ICN
3448,4,520.1,AKJ,ICN
3449,4,528.5,AKJ,ICN
3450,4,537.0,AKJ,ICN
3451,4,545.5,AKJ,ICN
3452,4,553.9,AKJ,ICN
3453,4,562.4,AKJ,ICN
3454,4,411.6,CTS,PUS
3455,4,404.2,CTS,PUS
3456,4,357.4,CTS,PUS
3457,4,354.7,CTS,PUS
3458,4,353.3,CTS,PUS
3459,4,353.1,CTS,PUS
3460,4,354.1,CTS,PUS
3461,4,356.4,CTS,PUS
3462,4,355.3,AKJ,ICN
3463,4,350.4,AKJ,ICN
3464,4,346.7,AKJ,ICN
3465,4,344.6,AKJ,ICN
3466,4,344.2,AKJ,ICN
3467,4,345.6,AKJ,ICN
3468,4,348.7,AKJ,ICN
3469,4,353.1,AKJ,ICN
3470,4,358.6,AKJ,ICN
3471,4,364.7,AKJ,ICN
3472,4,371.5,AKJ,ICN
3473,4,378.6,AKJ,ICN
3474,4,386.0,AKJ,ICN
3475,4,393.7,AKJ,ICN
3476,4,401.5,AKJ,ICN
3477,4,409.4,AKJ,ICN
3478,4,417.5,AKJ,ICN
3479,4,425.6,AKJ,ICN
3480,4,433.8,AKJ,ICN
3481,4,442.1,AKJ,ICN
3482,4,450.4,AKJ,ICN
3483,4,458.7,AKJ,ICN
3484,4,467.1,AKJ,ICN
3485,4,475.5,AKJ,ICN
3486,4,483.9,AKJ,ICN
3487,4,492.4,AKJ,ICN
3488,4,500.8,AKJ,ICN
3489,4,509.3,AKJ,ICN
3490,4,517.8,AKJ,ICN
3491,4,526.3,AKJ,ICN
3492,4,534.9,AKJ,ICN
3493,4,543.4,AKJ,ICN
3494,4,560.5,AKJ,ICN
3495,4,364.5,CTS,PUS
3496,4,363.2,CTS,PUS
3497,4,363.1,CTS,PUS
3498,4,361.6,AKJ,ICN
3499,4,354.5,AKJ,ICN
3500,4,347.8,AKJ,ICN
3501,4,342.0,AKJ,ICN
3502,4,337.5,AKJ,ICN
3503,4,334.7,AKJ,ICN
3504,4,334.2,AKJ,ICN
3505,4,336.1,AKJ,ICN
3506,4,340.0,AKJ,ICN
3507,4,345.3,AKJ,ICN
3508,4,351.6,AKJ,ICN
3509,4,358.6,AKJ,ICN
3510,4,366.0,AKJ,ICN
3511,4,373.6,AKJ,ICN
3512,4,381.5,AKJ,ICN
3513,4,389.6,AKJ,ICN
3514,4,397.7,AKJ,ICN
3515,4,405.9,AKJ,ICN
3516,4,414.2,AKJ,ICN
3517,4,422.6,AKJ,ICN
3518,4,430.9,AKJ,ICN
3519,4,439.4,AKJ,ICN
3520,4,447.8,AKJ,ICN
3521,4,456.3,AKJ,ICN
3522,4,464.8,AKJ,ICN
3523,4,473.3,AKJ,ICN
3524,4,481.8,AKJ,ICN
3525,4,490.3,AKJ,ICN
3526,4,498.9,AKJ,ICN
3527,4,507.4,AKJ,ICN
3528,4,516.0,AKJ,ICN
3529,4,524.6,AKJ,ICN
3530,4,533.1,AKJ,ICN
3531,4,376.4,CTS,PUS
3532,4,374.3,CTS,PUS
3533,4,373.2,CTS,PUS
3534,4,365.1,AKJ,ICN
3535,4,357.0,AKJ,ICN
3536,4,349.1,AKJ,ICN
3537,4,341.6,AKJ,ICN
3538,4,334.7,AKJ,ICN
3539,4,328.8,AKJ,ICN
3540,4,325.0,AKJ,ICN
3541,4,324.2,AKJ,ICN
3542,4,326.9,AKJ,ICN
3543,4,332.1,AKJ,ICN
3544,4,338.6,AKJ,ICN
3545,4,345.9,AKJ,ICN
3546,4,353.7,AKJ,ICN
3547,4,361.7,AKJ,ICN
3548,4,369.8,AKJ,ICN
3549,4,378.1,AKJ,ICN
3550,4,386.5,AKJ,ICN
3551,4,394.9,AKJ,ICN
3552,4,403.3,AKJ,ICN
3553,4,411.8,AKJ,ICN
3554,4,420.3,AKJ,ICN
3555,4,428.8,AKJ,ICN
3556,4,437.4,AKJ,ICN
3557,4,445.9,AKJ,ICN
3558,4,454.5,AKJ,ICN
3559,4,463.1,AKJ,ICN
3560,4,471.6,AKJ,ICN
3561,4,480.2,AKJ,ICN
3562,4,488.8,AKJ,ICN
3563,4,497.4,AKJ,ICN
3564,4,506.0,AKJ,ICN
3565,4,514.6,AKJ,ICN
3566,4,523.2,AKJ,ICN
3567,4,386.0,CTS,PUS
3568,4,379.5,AKJ,ICN
3569,4,371.0,AKJ,ICN
3570,4,362.4,AKJ,ICN
3571,4,354.0,AKJ,ICN
3572,4,345.5,AKJ,ICN
3573,4,337.2,AKJ,ICN
3574,4,329.2,AKJ,ICN
3575,4,321.7,AKJ,ICN
3576,4,315.7,AKJ,ICN
3577,4,314.4,AKJ,ICN
3578,4,318.9,AKJ,ICN
3579,4,325.9,AKJ,ICN
3580,4,333.9,AKJ,ICN
3581,4,342.1,AKJ,ICN
3582,4,350.4,AKJ,ICN
3583,4,358.9,AKJ,ICN
3584,4,367.4,AKJ,ICN
3585,4,375.9,AKJ,ICN
3586,4,384.5,AKJ,ICN
3587,4,393.1,AKJ,ICN
3588,4,401.7,AKJ,ICN
3589,4,410.3,AKJ,ICN
3590,4,418.9,AKJ,ICN
3591,4,427.5,AKJ,ICN
3592,4,436.1,AKJ,ICN
3593,4,444.7,AKJ,ICN
3594,4,453.3,AKJ,ICN
3595,4,462.0,AKJ,ICN
3596,4,470.6,AKJ,ICN
3597,4,479.2,AKJ,ICN
3598,4,487.8,AKJ,ICN
3599,4,496.5,AKJ,ICN
3600,4,505.1,AKJ,ICN
3601,4,513.7,AKJ,ICN
3602,4,522.4,AKJ,ICN
3603,4,387.4,AKJ,ICN
3604,4,378.7,AKJ,ICN
3605,4,370.1,AKJ,ICN
3606,4,361.4,AKJ,ICN
3607,4,352.8,AKJ,ICN
3608,4,344.2,AKJ,ICN
3609,4,335.5,AKJ,ICN
3610,4,326.9,AKJ,ICN
3611,4,318.3,AKJ,ICN
3612,4,309.6,AKJ,ICN
3613,4,306.1,AKJ,ICN
3614,4,314.7,AKJ,ICN
3615,4,323.3,AKJ,ICN
3616,4,331.9,AKJ,ICN
3617,4,340.6,AKJ,ICN
3618,4,349.2,AKJ,ICN
3619,4,357.9,AKJ,ICN
3620,4,366.5,AKJ,ICN
3621,4,375.1,AKJ,ICN
3622,4,383.8,AKJ,ICN
3623,4,392.4,AKJ,ICN
3624,4,401.0,AKJ,ICN
3625,4,409.7,AKJ,ICN
3626,4,418.3,AKJ,ICN
3627,4,426.9,AKJ,ICN
3628,4,435.6,AKJ,ICN
3629,4,444.2,AKJ,ICN
3630,4,452.9,AKJ,ICN
3631,4,461.5,AKJ,ICN
3632,4,470.1,AKJ,ICN
3633,4,478.8,AKJ,ICN
3634,4,487.4,AKJ,ICN
3635,4,496.0,AKJ,ICN
3636,4,504.7,AKJ,ICN
3637,4,513.3,AKJ,ICN
3638,4,387.8,AKJ,ICN
3639,4,379.3,AKJ,ICN
3640,4,370.7,AKJ,ICN
3641,4,362.2,AKJ,ICN
3642,4,353.7,AKJ,ICN
3643,4,345.2,AKJ,ICN
3644,4,336.9,AKJ,ICN
3645,4,328.7,AKJ,ICN
3646,4,321.0,AKJ,ICN
3647,4,314.8,AKJ,ICN
3648,4,313.3,AKJ,ICN
3649,4,318.1,AKJ,ICN
3650,4,325.4,AKJ,ICN
3651,4,333.5,AKJ,ICN
3652,4,341.7,AKJ,ICN
3653,4,350.1,AKJ,ICN
3654,4,358.6,AKJ,ICN
3655,4,367.1,AKJ,ICN
3656,4,375.7,AKJ,ICN
3657,4,384.3,AKJ,ICN
3658,4,392.8,AKJ,ICN
3659,4,401.4,AKJ,ICN
3660,4,410.0,AKJ,ICN
3661,4,418.6,AKJ,ICN
3662,4,427.2,AKJ,ICN
3663,4,435.8,AKJ,ICN
3664,4,444.4,AKJ,ICN
3665,4,453.0,AKJ,ICN
3666,4,461.7,AKJ,ICN
3667,4,470.3,AKJ,ICN
3668,4,478.9,AKJ,ICN
3669,4,487.5,AKJ,ICN
3670,4,496.1,AKJ,ICN
3671,4,504.8,AKJ,ICN
3672,4,513.4,AKJ,ICN
3673,4,547.9,AKJ,ICN
3674,4,381.1,AKJ,ICN
3675,4,372.8,AKJ,ICN
3676,4,364.6,AKJ,ICN
3677,4,356.5,AKJ,ICN
3678,4,348.5,AKJ,ICN
3679,4,341.0,AKJ,ICN
3680,4,333.9,AKJ,ICN
3681,4,327.9,AKJ,ICN
3682,4,323.9,AKJ,ICN
3683,4,323.2,AKJ,ICN
3684,4,326.0,AKJ,ICN
3685,4,331.3,AKJ,ICN
3686,4,337.9,AKJ,ICN
3687,4,345.3,AKJ,ICN
3688,4,353.1,AKJ,ICN
3689,4,361.2,AKJ,ICN
3690,4,369.3,AKJ,ICN
3691,4,377.6,AKJ,ICN
3692,4,386.0,AKJ,ICN
3693,4,394.4,AKJ,ICN
3694,4,402.8,AKJ,ICN
3695,4,411.3,AKJ,ICN
3696,4,419.8,AKJ,ICN
3697,4,428.3,AKJ,ICN
3698,4,436.8,AKJ,ICN
3699,4,445.4,AKJ,ICN
3700,4,453.9,AKJ,ICN
3701,4,462.5,AKJ,ICN
3702,4,471.0,AKJ,ICN
3703,4,479.6,AKJ,ICN
3704,4,488.2,AKJ,ICN
3705,4,496.7,AKJ,ICN
3706,4,505.3,AKJ,ICN
3707,4,513.9,AKJ,ICN
3708,4,548.3,AKJ,ICN
3709,4,368.4,AKJ,ICN
3710,4,360.9,AKJ,ICN
3711,4,353.7,AKJ,ICN
3712,4,347.0,AKJ,ICN
3713,4,341.1,AKJ,ICN
3714,4,336.5,AKJ,ICN
3715,4,333.6,AKJ,ICN
3716,4,333.1,AKJ,ICN
3717,4,335.0,AKJ,ICN
3718,4,339.0,AKJ,ICN
3719,4,344.4,AKJ,ICN
3720,4,350.8,AKJ,ICN
3721,4,357.8,AKJ,ICN
3722,4,365.2,AKJ,ICN
3723,4,372.9,AKJ,ICN
3724,4,380.8,AKJ,ICN
3725,4,388.8,AKJ,ICN
3726,4,397.0,AKJ,ICN
3727,4,405.2,AKJ,ICN
3728,4,413.5,AKJ,ICN
3729,4,421.8,AKJ,ICN
3730,4,430.2,AKJ,ICN
3731,4,438.6,AKJ,ICN
3732,4,447.0,AKJ,ICN
3733,4,455.4,AKJ,ICN
3734,4,463.9,AKJ,ICN
3735,4,497.9,AKJ,ICN
3736,4,506.4,AKJ,ICN
3737,4,514.9,AKJ,ICN
3738,4,557.6,AKJ,ICN
3739,4,566.2,AKJ,ICN
3740,4,373.5,AKJ,ICN
3741,4,366.6,AKJ,ICN
3742,4,360.1,AKJ,ICN
3743,4,354.3,AKJ,ICN
3744,4,349.4,AKJ,ICN
3745,4,345.7,AKJ,ICN
3746,4,343.5,AKJ,ICN
3747,4,343.1,AKJ,ICN
3748,4,344.6,AKJ,ICN
3749,4,347.7,AKJ,ICN
3750,4,352.1,AKJ,ICN
3751,4,357.6,AKJ,ICN
3752,4,363.8,AKJ,ICN
3753,4,370.6,AKJ,ICN
3754,4,377.7,AKJ,ICN
3755,4,385.1,AKJ,ICN
3756,4,392.8,AKJ,ICN
3757,4,400.5,AKJ,ICN
3758,4,408.5,AKJ,ICN
3759,4,416.5,AKJ,ICN
3760,4,424.6,AKJ,ICN
3761,4,432.8,AKJ,ICN
3762,4,441.0,AKJ,ICN
3763,4,449.3,AKJ,ICN
3764,4,507.9,AKJ,ICN
3765,4,516.4,AKJ,ICN
3766,4,524.9,AKJ,ICN
3767,4,567.3,AKJ,ICN
3768,4,575.8,AKJ,ICN
3769,4,379.6,AKJ,ICN
3770,4,373.3,AKJ,ICN
3771,4,367.5,AKJ,ICN
3772,4,362.4,AKJ,ICN
3773,4,358.3,AKJ,ICN
3774,4,355.2,AKJ,ICN
3775,4,353.4,AKJ,ICN
3776,4,353.1,AKJ,ICN
3777,4,354.3,AKJ,ICN
3778,4,356.8,AKJ,ICN
3779,4,360.6,AKJ,ICN
3780,4,365.3,AKJ,ICN
3781,4,370.8,AKJ,ICN
3782,4,376.9,AKJ,ICN
3783,4,383.5,AKJ,ICN
3784,4,390.4,AKJ,ICN
3785,4,397.6,AKJ,ICN
3786,4,405.0,AKJ,ICN
3787,4,412.6,AKJ,ICN
3788,4,420.3,AKJ,ICN
3789,4,428.1,AKJ,ICN
3790,4,436.1,AKJ,ICN
3791,4,444.1,AKJ,ICN
3792,4,518.3,AKJ,ICN
3793,4,526.7,AKJ,ICN
3794,4,577.3,AKJ,ICN
3795,4,386.4,AKJ,ICN
3796,4,380.7,AKJ,ICN
3797,4,375.5,AKJ,ICN
3798,4,371.1,AKJ,ICN
3799,4,367.5,AKJ,ICN
3800,4,364.9,AKJ,ICN
3801,4,363.4,AKJ,ICN
3802,4,363.1,AKJ,ICN
3803,4,364.1,AKJ,ICN
3804,4,366.2,AKJ,ICN
3805,4,369.5,AKJ,ICN
3806,4,373.6,AKJ,ICN
3807,4,378.5,AKJ,ICN
3808,4,384.0,AKJ,ICN
3809,4,390.0,AKJ,ICN
3810,4,396.4,AKJ,ICN
3811,4,403.2,AKJ,ICN
3812,4,410.2,AKJ,ICN
3813,4,417.4,AKJ,ICN
3814,4,537.3,AKJ,ICN
3815,4,587.5,AKJ,ICN
3816,4,595.9,AKJ,ICN
3817,4,393.9,AKJ,ICN
3818,4,388.6,AKJ,ICN
3819,4,384.0,AKJ,ICN
3820,4,380.0,AKJ,ICN
3821,4,376.9,AKJ,ICN
3822,4,374.6,AKJ,ICN
3823,4,373.4,AKJ,ICN
3824,4,373.1,AKJ,ICN
3825,4,374.0,AKJ,ICN
3826,4,375.8,AKJ,ICN
3827,4,378.6,AKJ,ICN
3828,4,382.3,AKJ,ICN
3829,4,386.6,AKJ,ICN
3830,4,391.6,AKJ,ICN
3831,4,397.1,AKJ,ICN
3832,4,403.1,AKJ,ICN
3833,4,409.4,AKJ,ICN
3834,4,597.9,AKJ,ICN
3835,4,606.2,AKJ,ICN
3836,4,614.6,AKJ,ICN
3837,4,401.8,AKJ,ICN
3838,4,397.0,AKJ,ICN
3839,4,392.8,AKJ,ICN
3840,4,389.2,AKJ,ICN
3841,4,386.4,AKJ,ICN
3842,4,384.4,AKJ,ICN
3843,4,383.3,AKJ,ICN
3844,4,383.1,AKJ,ICN
3845,4,383.9,AKJ,ICN
3846,4,385.5,AKJ,ICN
3847,4,388.0,AKJ,ICN
3848,4,391.2,AKJ,ICN
3849,4,395.2,AKJ,ICN
3850,4,399.7,AKJ,ICN
3851,4,404.8,AKJ,ICN
3852,4,600.2,AKJ,ICN
3853,4,608.5,AKJ,ICN
3854,4,616.8,AKJ,ICN
3855,4,625.1,AKJ,ICN
3856,4,633.4,AKJ,ICN
3857,4,405.6,AKJ,ICN
3858,4,401.8,AKJ,ICN
3859,4,398.6,AKJ,ICN
3860,4,396.1,AKJ,ICN
3861,4,394.3,AKJ,ICN
3862,4,393.3,AKJ,ICN
3863,4,393.2,AKJ,ICN
3864,4,393.8,AKJ,ICN
3865,4,395.3,AKJ,ICN
3866,4,397.5,AKJ,ICN
3867,4,400.4,AKJ,ICN
3868,4,404.0,AKJ,ICN
3869,4,408.1,AKJ,ICN
3870,4,611.0,AKJ,ICN
3871,4,414.5,AKJ,ICN
3872,4,411.0,AKJ,ICN
3873,4,408.1,AKJ,ICN
3874,4,405.8,AKJ,ICN
3875,4,404.2,AKJ,ICN
3876,4,403.3,AKJ,ICN
3877,4,403.2,AKJ,ICN
3878,4,403.8,AKJ,ICN
3879,4,405.1,AKJ,ICN
3880,4,407.1,AKJ,ICN
3881,4,409.7,AKJ,ICN
3882,4,423.6,AKJ,ICN
3883,4,420.3,AKJ,ICN
3884,4,417.7,AKJ,ICN
3885,4,415.6,AKJ,ICN
3886,4,414.1,AKJ,ICN
3887,4,413.3,AKJ,ICN
3888,4,413.2,AKJ,ICN
3889,4,413.7,AKJ,ICN
3890,4,414.9,AKJ,ICN
3891,4,416.7,AKJ,ICN
3892,4,432.8,AKJ,ICN
3893,4,429.8,AKJ,ICN
3894,4,427.3,AKJ,ICN
3895,4,425.4,AKJ,ICN
3896,4,424.1,AKJ,ICN
3897,4,423.3,AKJ,ICN
3898,4,423.2,AKJ,ICN
3899,4,423.7,AKJ,ICN
3900,4,424.8,AKJ,ICN
3901,4,442.1,AKJ,ICN
3902,4,439.3,AKJ,ICN
3903,4,437.0,AKJ,ICN
3904,4,435.2,AKJ,ICN
3905,4,434.0,AKJ,ICN
3906,4,433.3,AKJ,ICN
3907,4,433.2,AKJ,ICN
3908,4,433.7,AKJ,ICN
3909,4,454.5,AKJ,ICN
3910,4,451.5,AKJ,ICN
3911,4,448.9,AKJ,ICN
3912,4,446.8,AKJ,ICN
3913,4,445.1,AKJ,ICN
3914,4,444.0,AKJ,ICN
3915,4,443.3,AKJ,ICN
3916,4,443.2,AKJ,ICN
3917,4,463.8,AKJ,ICN
3918,4,461.0,AKJ,ICN
3919,4,458.5,AKJ,ICN
3920,4,456.5,AKJ,ICN
3921,4,455.0,AKJ,ICN
3922,4,453.9,AKJ,ICN
3923,4,453.4,AKJ,ICN
3924,4,453.3,AKJ,ICN
3925,4,476.3,AKJ,ICN
3926,4,473.2,AKJ,ICN
3927,4,470.5,AKJ,ICN
3928,4,468.2,AKJ,ICN
3929,4,466.4,AKJ,ICN
3930,4,464.9,AKJ,ICN
3931,4,463.9,AKJ,ICN
3932,4,463.4,AKJ,ICN
3933,4,500.4,AKJ,ICN
3934,4,496.3,AKJ,ICN
3935,4,485.5,AKJ,ICN
3936,4,482.6,AKJ,ICN
3937,4,480.1,AKJ,ICN
3938,4,477.9,AKJ,ICN
3939,4,476.2,AKJ,ICN
3940,4,474.8,AKJ,ICN
3941,4,473.9,AKJ,ICN
3942,4,494.9,AKJ,ICN
3943,4,492.1,AKJ,ICN
3944,4,489.7,AKJ,ICN
3945,4,487.7,AKJ,ICN
3946,4,486.0,AKJ,ICN
3947,4,484.8,AKJ,ICN
3948,4,501.7,AKJ,ICN
3949,4,499.4,AKJ,ICN
3950,4,497.5,AKJ,ICN
3951,4,495.9,AKJ,ICN
3952,4,507.3,AKJ,ICN
0,5,357.9,ISG,ICN
1,5,347.3,ISG,ICN
2,5,346.0,ISG,ICN
3,5,302.7,ISG,ICN
4,5,316.1,ISG,ICN
5,5,309.4,ISG,ICN
6,5,313.5,SHI,ICN
7,5,323.4,SHI,ICN
8,5,300.4,SHI,ICN
9,5,311.1,SHI,ICN
10,5,276.1,OKA,PUS
11,5,267.4,OKA,PUS
12,5,278.1,OKA,PUS
13,5,281.3,OKA,PUS
14,5,288.8,OKA,PUS
15,5,296.0,OKA,PUS
16,5,304.8,OKA,PUS
17,5,303.2,OKA,PUS
18,5,317.7,OKA,PUS
19,5,325.2,OKA,PUS
20,5,1264.1,FSZ,ICN
21,5,325.7,OKA,PUS
22,5,332.3,OKA,PUS
23,5,339.9,OKA,PUS
24,5,1254.8,FSZ,ICN
25,5,326.5,OKA,PUS
26,5,346.9,OKA,PUS
27,5,354.5,OKA,PUS
28,5,361.5,OKA,PUS
29,5,479.2,OKA,PUS
30,5,487.2,OKA,PUS
31,5,530.2,OKA,PUS
32,5,544.6,OKA,PUS
33,5,546.3,OKA,PUS
34,5,552.5,OKA,PUS
35,5,560.6,OKA,PUS
36,5,566.9,OKA,PUS
37,5,601.6,OKA,PUS
38,5,581.2,OKA,PUS
39,5,587.8,OKA,PUS
40,5,508.0,KOJ,ICN
41,5,463.2,KOJ,ICN
42,5,421.0,KOJ,ICN
43,5,419.8,KOJ,ICN
44,5,411.1,KOJ,ICN
45,5,409.8,KOJ,ICN
46,5,401.2,KOJ,ICN
47,5,399.9,KOJ,ICN
48,5,399.9,KOJ,ICN
49,5,381.5,KOJ,ICN
50,5,371.7,KOJ,ICN
51,5,319.1,KOJ,ICN
52,5,320.5,KOJ,ICN
53,5,310.7,KOJ,ICN
54,5,309.1,KOJ,ICN
55,5,310.8,KOJ,ICN
56,5,313.9,KOJ,ICN
57,5,315.9,KOJ,ICN
58,5,309.7,KOJ,ICN
59,5,304.7,KOJ,ICN
60,5,301.1,KOJ,ICN
61,5,301.1,KOJ,ICN
62,5,304.7,KOJ,ICN
63,5,309.7,KOJ,ICN
64,5,316.3,KOJ,ICN
65,5,301.6,KOJ,ICN
66,5,295.8,KOJ,ICN
67,5,289.2,KOJ,ICN
68,5,291.5,KOJ,ICN
69,5,295.8,KOJ,ICN
70,5,301.0,KMI,ICN
71,5,294.3,KOJ,ICN
72,5,287.5,KOJ,ICN
73,5,279.3,KOJ,ICN
74,5,282.2,KOJ,ICN
75,5,287.5,KOJ,ICN
76,5,294.3,KOJ,ICN
77,5,295.5,KMI,ICN
78,5,291.4,KMI,ICN
79,5,288.1,KOJ,ICN
80,5,280.0,KOJ,ICN
81,5,273.4,KOJ,ICN
82,5,269.4,KOJ,ICN
83,5,273.4,KOJ,ICN
84,5,280.1,KOJ,ICN
85,5,288.1,KOJ,ICN
86,5,287.0,KMI,ICN
87,5,282.0,KMI,ICN
88,5,342.9,KOJ,ICN
89,5,283.5,KOJ,ICN
90,5,274.2,KOJ,ICN
91,5,265.8,KOJ,ICN
92,5,265.8,KOJ,ICN
93,5,274.2,KOJ,ICN
94,5,283.5,KOJ,ICN
95,5,279.6,KMI,ICN
96,5,273.0,KMI,ICN
97,5,269.5,KMI,ICN
98,5,291.3,KOJ,ICN
99,5,281.2,KOJ,ICN
100,5,271.1,KOJ,ICN
101,5,261.1,KOJ,ICN
102,5,251.6,KOJ,ICN
103,5,251.6,KOJ,ICN
104,5,261.2,KOJ,ICN
105,5,271.2,KOJ,ICN
106,5,281.3,KOJ,ICN
107,5,273.8,KMI,ICN
108,5,265.3,KMI,ICN
109,5,259.7,KMI,ICN
110,5,321.9,KOJ,ICN
111,5,291.7,KOJ,ICN
112,5,281.7,KOJ,ICN
113,5,271.8,KOJ,ICN
114,5,262.2,KOJ,ICN
115,5,254.0,KOJ,ICN
116,5,254.0,KOJ,ICN
117,5,262.2,KOJ,ICN
118,5,271.8,KOJ,ICN
119,5,281.3,KMI,ICN
120,5,271.2,KMI,ICN
121,5,261.1,KMI,ICN
122,5,251.2,KMI,ICN
123,5,294.2,KOJ,ICN
124,5,284.8,KOJ,ICN
125,5,276.0,KOJ,ICN
126,5,268.2,KOJ,ICN
127,5,263.1,KOJ,ICN
128,5,263.1,KOJ,ICN
129,5,268.2,KOJ,ICN
130,5,276.0,KOJ,ICN
131,5,282.3,KMI,ICN
132,5,272.7,KMI,ICN
133,5,263.5,KMI,ICN
134,5,256.9,KMI,ICN
135,5,298.5,KOJ,ICN
136,5,290.0,KOJ,ICN
137,5,282.4,KOJ,ICN
138,5,276.4,KOJ,ICN
139,5,272.8,KOJ,ICN
140,5,272.8,KOJ,ICN
141,5,276.4,KOJ,ICN
142,5,282.5,KOJ,ICN
143,5,286.1,KMI,ICN
144,5,277.6,KMI,ICN
145,5,270.6,KMI,ICN
146,5,266.7,KMI,ICN
147,5,312.3,KOJ,ICN
148,5,290.2,KOJ,ICN
149,5,285.4,KOJ,ICN
150,5,282.7,KOJ,ICN
151,5,282.7,KOJ,ICN
152,5,285.4,KOJ,ICN
153,5,290.3,KOJ,ICN
154,5,291.8,KMI,ICN
155,5,284.7,KMI,ICN
156,5,279.3,KMI,ICN
157,5,276.6,KMI,ICN
158,5,277.3,KMI,ICN
159,5,312.3,NGS,ICN
160,5,291.6,KMJ,PUS
161,5,287.2,KMJ,PUS
162,5,284.0,KMJ,PUS
163,5,282.2,KMJ,PUS
164,5,281.8,KMJ,PUS
165,5,282.9,KMJ,PUS
166,5,285.4,KMJ,PUS
167,5,289.1,KMJ,PUS
168,5,288.6,KMI,ICN
169,5,286.6,KMI,ICN
170,5,287.1,KMI,ICN
171,5,302.4,NGS,ICN
172,5,303.1,KMJ,PUS
173,5,288.9,KMJ,PUS
174,5,278.0,KMJ,PUS
175,5,274.4,KMJ,PUS
176,5,272.2,KMJ,PUS
177,5,271.8,KMJ,PUS
178,5,273.0,KMJ,PUS
179,5,275.9,KMJ,PUS
180,5,280.2,KMJ,PUS
181,5,285.7,KMJ,PUS
182,5,292.0,KMJ,PUS
183,5,297.0,KMI,ICN
184,5,292.5,NGS,ICN
185,5,295.1,NGS,ICN
186,5,269.2,KMJ,PUS
187,5,264.9,KMJ,PUS
188,5,262.3,KMJ,PUS
189,5,261.8,KMJ,PUS
190,5,263.3,KMJ,PUS
191,5,266.7,KMJ,PUS
192,5,271.7,KMJ,PUS
193,5,277.9,KMJ,PUS
194,5,284.9,KMJ,PUS
195,5,292.6,KMJ,PUS
196,5,300.8,KMJ,PUS
197,5,285.7,NGS,ICN
198,5,274.8,KMJ,PUS
199,5,260.7,KMJ,PUS
200,5,255.6,KMJ,PUS
201,5,252.5,KMJ,PUS
202,5,251.8,KMJ,PUS
203,5,253.7,KMJ,PUS
204,5,257.8,KMJ,PUS
205,5,263.7,KMJ,PUS
206,5,270.7,KMJ,PUS
207,5,278.6,KMJ,PUS
208,5,286.9,KMJ,PUS
209,5,295.7,KMJ,PUS
210,5,260.7,KMJ,PUS
211,5,246.8,KMJ,PUS
212,5,242.7,KMJ,PUS
213,5,241.8,KMJ,PUS
214,5,244.3,KMJ,PUS
215,5,249.6,KMJ,PUS
216,5,256.6,KMJ,PUS
217,5,264.6,KMJ,PUS
218,5,273.2,KMJ,PUS
219,5,282.3,KMJ,PUS
220,5,291.5,KMJ,PUS
221,5,348.4,NGS,ICN
222,5,338.6,NGS,ICN
223,5,274.2,KMJ,PUS
224,5,264.7,KMJ,PUS
225,5,246.7,KMJ,PUS
226,5,238.9,KMJ,PUS
227,5,233.2,KMJ,PUS
228,5,231.8,KMJ,PUS
229,5,235.5,KMJ,PUS
230,5,242.4,KMJ,PUS
231,5,250.8,KMJ,PUS
232,5,259.8,KMJ,PUS
233,5,269.2,KMJ,PUS
234,5,278.8,KMJ,PUS
235,5,288.5,KMJ,PUS
236,5,298.3,KMJ,PUS
237,5,254.3,NGS,ICN
238,5,251.6,NGS,ICN
239,5,254.3,NGS,ICN
240,5,269.2,NGS,ICN
241,5,262.1,KMJ,PUS
242,5,233.0,KMJ,PUS
243,5,224.7,KMJ,PUS
244,5,222.0,KMJ,PUS
245,5,228.4,KMJ,PUS
246,5,237.4,KMJ,PUS
247,5,247.1,KMJ,PUS
248,5,256.9,KMJ,PUS
249,5,266.8,KMJ,PUS
250,5,276.7,KMJ,PUS
251,5,286.7,KMJ,PUS
252,5,296.7,KMJ,PUS
253,5,306.6,KMJ,PUS
254,5,336.7,MYJ,PUS
255,5,325.2,NGS,ICN
256,5,315.2,NGS,ICN
257,5,255.9,NGS,ICN
258,5,246.9,NGS,ICN
259,5,241.6,NGS,ICN
260,5,246.8,NGS,ICN
261,5,255.9,NGS,ICN
262,5,265.5,NGS,ICN
263,5,241.4,KMJ,PUS
264,5,231.4,KMJ,PUS
265,5,221.5,KMJ,PUS
266,5,216.7,KMJ,PUS
267,5,226.2,KMJ,PUS
268,5,236.1,KMJ,PUS
269,5,246.1,KMJ,PUS
270,5,256.1,KMJ,PUS
271,5,266.2,KMJ,PUS
272,5,276.2,KMJ,PUS
273,5,286.2,KMJ,PUS
274,5,296.2,KMJ,PUS
275,5,306.3,KMJ,PUS
276,5,311.2,OIT,ICN
277,5,326.3,MYJ,PUS
278,5,326.8,MYJ,PUS
279,5,328.2,MYJ,PUS
280,5,315.0,NGS,ICN
281,5,255.0,NGS,ICN
282,5,245.2,NGS,ICN
283,5,245.2,NGS,ICN
284,5,255.0,NGS,ICN
285,5,253.2,KMJ,PUS
286,5,243.8,KMJ,PUS
287,5,235.0,KMJ,PUS
288,5,227.8,KMJ,PUS
289,5,225.8,KMJ,PUS
290,5,230.9,KMJ,PUS
291,5,239.0,KMJ,PUS
292,5,248.2,KMJ,PUS
293,5,257.7,KMJ,PUS
294,5,267.5,KMJ,PUS
295,5,277.3,KMJ,PUS
296,5,287.1,KMJ,PUS
297,5,297.0,KMJ,PUS
298,5,299.2,OIT,ICN
299,5,301.7,OIT,ICN
300,5,305.6,OIT,ICN
301,5,316.7,MYJ,PUS
302,5,316.2,MYJ,PUS
303,5,316.8,MYJ,PUS
304,5,318.4,MYJ,PUS
305,5,315.9,NGS,ICN
306,5,267.5,NGS,ICN
307,5,258.7,NGS,ICN
308,5,247.9,NGS,ICN
309,5,251.2,NGS,ICN
310,5,255.1,HSG,ICN
311,5,253.3,HSG,ICN
312,5,249.0,KMJ,PUS
313,5,241.8,KMJ,PUS
314,5,236.9,KMJ,PUS
315,5,235.8,KMJ,PUS
316,5,238.9,KMJ,PUS
317,5,245.0,KMJ,PUS
318,5,252.8,KMJ,PUS
319,5,261.4,KMJ,PUS
320,5,270.5,KMJ,PUS
321,5,279.9,KMJ,PUS
322,5,289.3,OIT,ICN
323,5,288.3,OIT,ICN
324,5,289.4,OIT,ICN
325,5,308.3,MYJ,PUS
326,5,306.7,MYJ,PUS
327,5,306.2,MYJ,PUS
328,5,306.8,MYJ,PUS
329,5,308.6,MYJ,PUS
330,5,311.3,MYJ,PUS
331,5,265.3,NGS,ICN
332,5,260.0,NGS,ICN
333,5,257.9,NGS,ICN
334,5,259.9,NGS,ICN
335,5,248.6,HSG,ICN
336,5,256.0,KMJ,PUS
337,5,250.2,KMJ,PUS
338,5,246.5,KMJ,PUS
339,5,245.7,KMJ,PUS
340,5,248.0,KMJ,PUS
341,5,252.7,KMJ,PUS
342,5,259.2,KMJ,PUS
343,5,266.8,KMJ,PUS
344,5,275.1,KMJ,PUS
345,5,283.0,OIT,ICN
346,5,279.5,OIT,ICN
347,5,278.3,OIT,ICN
348,5,296.8,MYJ,PUS
349,5,296.2,MYJ,PUS
350,5,296.9,MYJ,PUS
351,5,298.8,MYJ,PUS
352,5,301.9,MYJ,PUS
353,5,306.0,MYJ,PUS
354,5,503.4,FSZ,ICN
355,5,509.4,FSZ,ICN
356,5,321.4,NGS,ICN
357,5,279.5,NGS,ICN
358,5,273.5,NGS,ICN
359,5,269.4,NGS,ICN
360,5,267.9,NGS,ICN
361,5,261.7,HSG,ICN
362,5,252.3,HSG,ICN
363,5,244.1,HSG,ICN
364,5,242.8,HSG,ICN
365,5,248.1,FUK,PUS
366,5,249.2,FUK,PUS
367,5,252.6,FUK,PUS
368,5,256.4,KMJ,PUS
369,5,255.7,KMJ,PUS
370,5,257.4,KMJ,PUS
371,5,261.2,KMJ,PUS
372,5,266.7,KMJ,PUS
373,5,273.3,KMJ,PUS
374,5,280.7,OIT,ICN
375,5,274.3,OIT,ICN
376,5,269.9,OIT,ICN
377,5,268.3,OIT,ICN
378,5,270.0,OIT,ICN
379,5,286.8,MYJ,PUS
380,5,286.2,MYJ,PUS
381,5,287.0,MYJ,PUS
382,5,289.2,MYJ,PUS
383,5,292.7,MYJ,PUS
384,5,297.3,MYJ,PUS
385,5,293.6,NGS,ICN
386,5,287.3,NGS,ICN
387,5,282.3,NGS,ICN
388,5,274.3,FUK,PUS
389,5,265.7,FUK,PUS
390,5,257.5,FUK,PUS
391,5,250.1,FUK,PUS
392,5,243.9,FUK,PUS
393,5,239.6,FUK,PUS
394,5,238.0,FUK,PUS
395,5,239.6,FUK,PUS
396,5,243.9,FUK,PUS
397,5,250.0,FUK,PUS
398,5,257.5,FUK,PUS
399,5,265.6,FUK,PUS
400,5,270.3,KMJ,PUS
401,5,274.9,KMJ,PUS
402,5,280.7,KMJ,PUS
403,5,274.4,OIT,ICN
404,5,276.9,MYJ,PUS
405,5,276.2,MYJ,PUS
406,5,277.1,MYJ,PUS
407,5,279.7,MYJ,PUS
408,5,283.7,MYJ,PUS
409,5,288.8,MYJ,PUS
410,5,294.9,MYJ,PUS
411,5,261.0,FUK,PUS
412,5,252.0,FUK,PUS
413,5,243.5,FUK,PUS
414,5,236.0,FUK,PUS
415,5,230.3,FUK,PUS
416,5,228.0,FUK,PUS
417,5,230.2,FUK,PUS
418,5,235.9,FUK,PUS
419,5,243.5,FUK,PUS
420,5,252.0,FUK,PUS
421,5,261.0,FUK,PUS
422,5,270.2,FUK,PUS
423,5,279.7,FUK,PUS
424,5,279.6,OIT,ICN
425,5,270.0,OIT,ICN
426,5,260.7,OIT,ICN
427,5,252.4,OIT,ICN
428,5,269.9,MYJ,PUS
429,5,267.1,MYJ,PUS
430,5,266.2,MYJ,PUS
431,5,267.3,MYJ,PUS
432,5,270.3,MYJ,PUS
433,5,275.0,MYJ,PUS
434,5,280.8,MYJ,PUS
435,5,287.7,MYJ,PUS
436,5,339.3,TAK,ICN
437,5,340.7,TAK,ICN
438,5,257.9,FUK,PUS
439,5,238.8,FUK,PUS
440,5,229.7,FUK,PUS
441,5,221.8,FUK,PUS
442,5,218.0,FUK,PUS
443,5,221.8,FUK,PUS
444,5,229.7,FUK,PUS
445,5,238.7,FUK,PUS
446,5,248.2,FUK,PUS
447,5,257.9,FUK,PUS
448,5,267.6,FUK,PUS
449,5,276.3,KKJ,ICN
450,5,278.6,OIT,ICN
451,5,268.6,OIT,ICN
452,5,258.6,OIT,ICN
453,5,248.7,OIT,ICN
454,5,266.1,MYJ,PUS
455,5,260.8,MYJ,PUS
456,5,257.3,MYJ,PUS
457,5,256.1,MYJ,PUS
458,5,257.6,MYJ,PUS
459,5,261.3,MYJ,PUS
460,5,266.8,MYJ,PUS
461,5,273.5,MYJ,PUS
462,5,281.2,MYJ,PUS
463,5,289.3,MYJ,PUS
464,5,297.9,MYJ,PUS
465,5,329.0,TAK,ICN
466,5,329.3,TAK,ICN
467,5,330.9,TAK,ICN
468,5,346.9,KIX,PUS
469,5,236.8,FUK,PUS
470,5,226.8,FUK,PUS
471,5,216.9,FUK,PUS
472,5,208.0,FUK,PUS
473,5,216.9,FUK,PUS
474,5,226.8,FUK,PUS
475,5,236.7,FUK,PUS
476,5,246.7,FUK,PUS
477,5,256.6,FUK,PUS
478,5,263.9,KKJ,ICN
479,5,267.1,KKJ,ICN
480,5,272.7,KKJ,ICN
481,5,261.4,OIT,ICN
482,5,253.4,OIT,ICN
483,5,252.2,MYJ,PUS
484,5,247.7,MYJ,PUS
485,5,246.1,MYJ,PUS
486,5,248.0,MYJ,PUS
487,5,252.8,MYJ,PUS
488,5,259.4,MYJ,PUS
489,5,267.2,MYJ,PUS
490,5,275.7,MYJ,PUS
491,5,284.5,MYJ,PUS
492,5,293.6,MYJ,PUS
493,5,302.9,MYJ,PUS
494,5,312.4,MYJ,PUS
495,5,321.9,MYJ,PUS
496,5,319.9,TAK,ICN
497,5,319.0,TAK,ICN
498,5,319.4,TAK,ICN
499,5,321.1,TAK,ICN
500,5,331.2,KIX,PUS
501,5,334.0,KIX,PUS
502,5,337.7,KIX,PUS
503,5,342.2,KIX,PUS
504,5,215.8,FUK,PUS
505,5,220.2,FUK,PUS
506,5,228.6,FUK,PUS
507,5,238.0,FUK,PUS
508,5,247.6,FUK,PUS
509,5,253.8,KKJ,ICN
510,5,267.5,OIT,ICN
511,5,261.8,OIT,ICN
512,5,236.1,MYJ,PUS
513,5,238.9,MYJ,PUS
514,5,245.3,MYJ,PUS
515,5,253.4,MYJ,PUS
516,5,262.3,MYJ,PUS
517,5,271.5,MYJ,PUS
518,5,280.9,MYJ,PUS
519,5,290.5,MYJ,PUS
520,5,300.2,MYJ,PUS
521,5,309.9,MYJ,PUS
522,5,312.7,TAK,ICN
523,5,310.0,TAK,ICN
524,5,308.9,TAK,ICN
525,5,309.4,TAK,ICN
526,5,311.5,TAK,ICN
527,5,310.2,TKS,ICN
528,5,306.3,TKS,ICN
529,5,319.4,KIX,PUS
530,5,321.5,KIX,PUS
531,5,324.6,KIX,PUS
532,5,328.7,KIX,PUS
533,5,333.6,KIX,PUS
534,5,339.1,KIX,PUS
535,5,279.0,FUK,PUS
536,5,228.2,FUK,PUS
537,5,234.3,FUK,PUS
538,5,242.2,FUK,PUS
539,5,250.8,KKJ,ICN
540,5,244.2,KKJ,ICN
541,5,226.1,MYJ,PUS
542,5,231.3,MYJ,PUS
543,5,240.1,MYJ,PUS
544,5,249.5,MYJ,PUS
545,5,259.2,MYJ,PUS
546,5,269.0,MYJ,PUS
547,5,278.8,MYJ,PUS
548,5,288.7,MYJ,PUS
549,5,298.5,MYJ,PUS
550,5,307.9,TAK,ICN
551,5,303.3,TAK,ICN
552,5,300.2,TAK,ICN
553,5,298.9,TAK,ICN
554,5,299.5,TAK,ICN
555,5,301.9,TAK,ICN
556,5,301.5,TKS,ICN
557,5,296.9,TKS,ICN
558,5,294.2,TKS,ICN
559,5,309.5,KIX,PUS
560,5,311.8,KIX,PUS
561,5,315.3,KIX,PUS
562,5,319.8,KIX,PUS
563,5,325.2,KIX,PUS
564,5,331.3,KIX,PUS
565,5,282.2,FUK,PUS
566,5,237.5,FUK,PUS
567,5,242.0,FUK,PUS
568,5,248.4,FUK,PUS
569,5,247.6,KKJ,ICN
570,5,220.4,MYJ,PUS
571,5,228.9,MYJ,PUS
572,5,238.7,MYJ,PUS
573,5,248.6,MYJ,PUS
574,5,258.5,MYJ,PUS
575,5,268.4,MYJ,PUS
576,5,278.3,MYJ,PUS
577,5,288.2,MYJ,PUS
578,5,298.1,MYJ,PUS
579,5,299.6,TAK,ICN
580,5,294.3,TAK,ICN
581,5,290.5,TAK,ICN
582,5,288.9,TAK,ICN
583,5,289.6,TAK,ICN
584,5,292.6,TAK,ICN
585,5,293.4,TKS,ICN
586,5,287.8,TKS,ICN
587,5,284.4,TKS,ICN
588,5,283.7,TKS,ICN
589,5,298.6,KIX,PUS
590,5,298.3,KIX,PUS
591,5,299.6,KIX,PUS
592,5,302.3,KIX,PUS
593,5,306.3,KIX,PUS
594,5,311.3,KIX,PUS
595,5,317.2,KIX,PUS
596,5,323.8,KIX,PUS
597,5,331.0,KIX,PUS
598,5,244.3,KKJ,ICN
599,5,278.4,MYJ,PUS
600,5,259.2,MYJ,PUS
601,5,234.2,MYJ,PUS
602,5,241.9,MYJ,PUS
603,5,250.8,MYJ,PUS
604,5,269.8,MYJ,PUS
605,5,279.4,MYJ,PUS
606,5,289.2,MYJ,PUS
607,5,299.0,MYJ,PUS
608,5,292.1,TAK,ICN
609,5,285.7,TAK,ICN
610,5,281.0,TAK,ICN
611,5,278.9,TAK,ICN
612,5,279.9,TAK,ICN
613,5,283.6,TAK,ICN
614,5,286.3,TKS,ICN
615,5,279.4,TKS,ICN
616,5,274.7,TKS,ICN
617,5,273.8,TKS,ICN
618,5,288.6,KIX,PUS
619,5,288.3,KIX,PUS
620,5,289.9,KIX,PUS
621,5,293.0,KIX,PUS
622,5,297.6,KIX,PUS
623,5,303.2,KIX,PUS
624,5,309.7,KIX,PUS
625,5,316.9,KIX,PUS
626,5,324.6,KIX,PUS
627,5,332.7,KIX,PUS
628,5,253.9,KKJ,ICN
629,5,258.6,KKJ,ICN
630,5,265.7,KKJ,ICN
631,5,273.9,KKJ,ICN
632,5,282.7,KKJ,ICN
633,5,299.7,OIT,ICN
634,5,300.0,MYJ,PUS
635,5,290.5,MYJ,PUS
636,5,281.2,MYJ,PUS
637,5,272.0,MYJ,PUS
638,5,248.3,MYJ,PUS
639,5,255.7,MYJ,PUS
640,5,285.8,TAK,ICN
641,5,278.0,TAK,ICN
642,5,271.9,TAK,ICN
643,5,268.9,TAK,ICN
644,5,270.3,TAK,ICN
645,5,275.4,TAK,ICN
646,5,281.1,TKS,ICN
647,5,272.4,TKS,ICN
648,5,265.5,TKS,ICN
649,5,278.6,KIX,PUS
650,5,278.4,KIX,PUS
651,5,280.2,KIX,PUS
652,5,284.0,KIX,PUS
653,5,289.2,KIX,PUS
654,5,295.6,KIX,PUS
655,5,302.9,KIX,PUS
656,5,310.7,KIX,PUS
657,5,318.9,KIX,PUS
658,5,327.5,KIX,PUS
659,5,336.3,KIX,PUS
660,5,266.6,KKJ,ICN
661,5,263.7,KKJ,ICN
662,5,263.9,KKJ,ICN
663,5,267.1,KKJ,ICN
664,5,272.7,KKJ,ICN
665,5,279.7,KKJ,ICN
666,5,287.6,KKJ,ICN
667,5,296.1,KKJ,ICN
668,5,304.9,KKJ,ICN
669,5,303.2,MYJ,PUS
670,5,294.2,MYJ,PUS
671,5,285.3,MYJ,PUS
672,5,276.8,MYJ,PUS
673,5,255.7,MYJ,PUS
674,5,256.3,MYJ,PUS
675,5,262.4,MYJ,PUS
676,5,281.3,TAK,ICN
677,5,272.2,TAK,ICN
678,5,264.0,TAK,ICN
679,5,259.0,TAK,ICN
680,5,261.4,TAK,ICN
681,5,268.8,TAK,ICN
682,5,277.7,TAK,ICN
683,5,268.8,TKS,ICN
684,5,259.0,TKS,ICN
685,5,268.8,KIX,PUS
686,5,268.4,KIX,PUS
687,5,270.7,KIX,PUS
688,5,275.3,KIX,PUS
689,5,281.6,KIX,PUS
690,5,288.9,KIX,PUS
691,5,296.9,KIX,PUS
692,5,305.3,KIX,PUS
693,5,314.1,KIX,PUS
694,5,323.1,KIX,PUS
695,5,332.3,KIX,PUS
696,5,335.9,FUK,PUS
697,5,273.7,KKJ,ICN
698,5,273.8,KKJ,ICN
699,5,276.3,KKJ,ICN
700,5,280.8,KKJ,ICN
701,5,286.7,KKJ,ICN
702,5,293.7,KKJ,ICN
703,5,301.4,KKJ,ICN
704,5,309.6,KKJ,ICN
705,5,307.5,MYJ,PUS
706,5,298.9,MYJ,PUS
707,5,290.6,MYJ,PUS
708,5,282.8,MYJ,PUS
709,5,279.4,TAK,ICN
710,5,269.6,TAK,ICN
711,5,259.7,TAK,ICN
712,5,250.0,TAK,ICN
713,5,255.9,TAK,ICN
714,5,265.7,TAK,ICN
715,5,275.6,TAK,ICN
716,5,270.6,TKS,ICN
717,5,262.6,TKS,ICN
718,5,266.9,TKS,ICN
719,5,259.0,KIX,PUS
720,5,258.4,KIX,PUS
721,5,261.6,KIX,PUS
722,5,267.5,KIX,PUS
723,5,274.9,KIX,PUS
724,5,283.2,KIX,PUS
725,5,292.0,KIX,PUS
726,5,301.0,KIX,PUS
727,5,310.3,KIX,PUS
728,5,319.7,KIX,PUS
729,5,329.2,KIX,PUS
730,5,327.1,NGO,PUS
731,5,381.6,FSZ,ICN
732,5,341.5,FUK,PUS
733,5,333.6,FUK,PUS
734,5,283.6,KKJ,ICN
735,5,283.7,KKJ,ICN
736,5,285.8,KKJ,ICN
737,5,289.5,KKJ,ICN
738,5,294.6,KKJ,ICN
739,5,300.7,KKJ,ICN
740,5,307.7,KKJ,ICN
741,5,315.3,KKJ,ICN
742,5,312.6,MYJ,PUS
743,5,304.5,MYJ,PUS
744,5,296.9,MYJ,PUS
745,5,289.8,MYJ,PUS
746,5,283.4,MYJ,PUS
747,5,271.3,MYJ,PUS
748,5,265.4,HIJ,ICN
749,5,265.6,HIJ,ICN
750,5,271.4,TAK,ICN
751,5,262.7,TAK,ICN
752,5,257.1,TAK,ICN
753,5,259.9,TAK,ICN
754,5,267.9,TAK,ICN
755,5,274.0,TKS,ICN
756,5,272.3,KIX,PUS
757,5,249.4,KIX,PUS
758,5,248.6,KIX,PUS
759,5,253.4,KIX,PUS
760,5,261.1,KIX,PUS
761,5,269.8,KIX,PUS
762,5,279.0,KIX,PUS
763,5,288.5,KIX,PUS
764,5,298.0,KIX,PUS
765,5,307.7,KIX,PUS
766,5,317.4,KIX,PUS
767,5,324.3,NGO,PUS
768,5,318.5,NGO,PUS
769,5,313.6,NGO,PUS
770,5,309.8,NGO,PUS
771,5,306.3,NGO,PUS
772,5,347.6,FUK,PUS
773,5,293.7,KKJ,ICN
774,5,295.4,KKJ,ICN
775,5,298.6,KKJ,ICN
776,5,303.0,KKJ,ICN
777,5,308.5,KKJ,ICN
778,5,314.8,KKJ,ICN
779,5,321.8,KKJ,ICN
780,5,318.4,MYJ,PUS
781,5,310.9,MYJ,PUS
782,5,303.8,MYJ,PUS
783,5,297.4,MYJ,PUS
784,5,291.7,MYJ,PUS
785,5,286.9,MYJ,PUS
786,5,280.1,HIJ,ICN
787,5,270.4,HIJ,ICN
788,5,260.7,HIJ,ICN
789,5,251.6,HIJ,ICN
790,5,245.9,HIJ,ICN
791,5,251.9,HIJ,ICN
792,5,261.0,HIJ,ICN
793,5,280.4,HIJ,ICN
794,5,276.7,TAK,ICN
795,5,269.7,KIX,PUS
796,5,239.4,KIX,PUS
797,5,247.8,KIX,PUS
798,5,257.4,KIX,PUS
799,5,267.1,KIX,PUS
800,5,276.9,KIX,PUS
801,5,286.7,KIX,PUS
802,5,296.5,KIX,PUS
803,5,306.3,KIX,PUS
804,5,316.2,KIX,PUS
805,5,316.8,NGO,PUS
806,5,310.3,NGO,PUS
807,5,304.8,NGO,PUS
808,5,300.4,NGO,PUS
809,5,297.5,NGO,PUS
810,5,296.3,NGO,PUS
811,5,379.7,FSZ,ICN
812,5,346.9,FUK,PUS
813,5,316.7,KKJ,ICN
814,5,322.4,KKJ,ICN
815,5,328.8,KKJ,ICN
816,5,324.9,MYJ,PUS
817,5,317.9,MYJ,PUS
818,5,311.3,MYJ,PUS
819,5,305.4,MYJ,PUS
820,5,299.5,HIJ,ICN
821,5,289.7,HIJ,ICN
822,5,279.9,HIJ,ICN
823,5,270.2,HIJ,ICN
824,5,260.5,HIJ,ICN
825,5,251.1,HIJ,ICN
826,5,245.0,HIJ,ICN
827,5,251.4,HIJ,ICN
828,5,260.8,HIJ,ICN
829,5,270.5,HIJ,ICN
830,5,280.2,HIJ,ICN
831,5,290.0,HIJ,ICN
832,5,285.7,OKJ,ICN
833,5,276.6,OKJ,ICN
834,5,276.0,OKJ,ICN
835,5,277.0,TAK,ICN
836,5,288.0,TAK,ICN
837,5,269.8,KIX,PUS
838,5,248.2,KIX,PUS
839,5,257.6,KIX,PUS
840,5,267.2,KIX,PUS
841,5,277.0,KIX,PUS
842,5,286.7,KIX,PUS
843,5,296.5,KIX,PUS
844,5,306.4,KIX,PUS
845,5,316.2,KIX,PUS
846,5,310.0,NGO,PUS
847,5,302.8,NGO,PUS
848,5,296.4,NGO,PUS
849,5,291.3,NGO,PUS
850,5,287.7,NGO,PUS
851,5,286.2,NGO,PUS
852,5,354.1,FUK,PUS
853,5,330.5,KKJ,ICN
854,5,336.4,KKJ,ICN
855,5,331.9,MYJ,PUS
856,5,325.3,MYJ,PUS
857,5,319.3,MYJ,PUS
858,5,310.7,HIJ,ICN
859,5,301.1,HIJ,ICN
860,5,291.6,HIJ,ICN
861,5,282.3,HIJ,ICN
862,5,273.2,HIJ,ICN
863,5,264.8,HIJ,ICN
864,5,257.9,HIJ,ICN
865,5,255.0,HIJ,ICN
866,5,258.1,HIJ,ICN
867,5,265.0,HIJ,ICN
868,5,273.5,HIJ,ICN
869,5,282.6,HIJ,ICN
870,5,286.8,OKJ,ICN
871,5,278.7,OKJ,ICN
872,5,271.7,OKJ,ICN
873,5,267.0,OKJ,ICN
874,5,266.1,OKJ,ICN
875,5,269.4,OKJ,ICN
876,5,263.8,KIX,PUS
877,5,261.6,KIX,PUS
878,5,270.2,KIX,PUS
879,5,279.3,KIX,PUS
880,5,288.7,KIX,PUS
881,5,298.2,KIX,PUS
882,5,307.8,KIX,PUS
883,5,312.5,NGO,PUS
884,5,304.0,NGO,PUS
885,5,296.0,NGO,PUS
886,5,288.7,NGO,PUS
887,5,282.6,NGO,PUS
888,5,338.9,KKJ,ICN
889,5,344.3,KKJ,ICN
890,5,339.3,MYJ,PUS
891,5,332.2,HIJ,ICN
892,5,322.7,HIJ,ICN
893,5,313.4,HIJ,ICN
894,5,304.2,HIJ,ICN
895,5,295.3,HIJ,ICN
896,5,286.7,HIJ,ICN
897,5,278.7,HIJ,ICN
898,5,271.8,HIJ,ICN
899,5,266.8,HIJ,ICN
900,5,265.0,HIJ,ICN
901,5,267.0,HIJ,ICN
902,5,272.0,HIJ,ICN
903,5,279.0,HIJ,ICN
904,5,287.0,HIJ,ICN
905,5,282.7,OKJ,ICN
906,5,273.5,OKJ,ICN
907,5,264.8,OKJ,ICN
908,5,257.8,OKJ,ICN
909,5,256.2,OKJ,ICN
910,5,261.7,OKJ,ICN
911,5,269.9,OKJ,ICN
912,5,270.0,KIX,PUS
913,5,263.8,KIX,PUS
914,5,258.8,UKB,ICN
915,5,262.5,KIX,PUS
916,5,268.2,KIX,PUS
917,5,275.4,KIX,PUS
918,5,283.6,KIX,PUS
919,5,292.3,KIX,PUS
920,5,301.2,KIX,PUS
921,5,310.4,KIX,PUS
922,5,308.3,NGO,PUS
923,5,299.2,NGO,PUS
924,5,290.4,NGO,PUS
925,5,282.1,NGO,PUS
926,5,287.5,NGO,PUS
927,5,296.2,NGO,PUS
928,5,314.9,FSZ,ICN
929,5,290.7,FSZ,ICN
930,5,287.5,FSZ,ICN
931,5,332.2,FSZ,ICN
932,5,335.3,HIJ,ICN
933,5,326.2,HIJ,ICN
934,5,317.3,HIJ,ICN
935,5,308.7,HIJ,ICN
936,5,300.4,HIJ,ICN
937,5,292.7,HIJ,ICN
938,5,285.8,HIJ,ICN
939,5,280.1,HIJ,ICN
940,5,276.3,HIJ,ICN
941,5,275.0,HIJ,ICN
942,5,276.4,HIJ,ICN
943,5,280.3,HIJ,ICN
944,5,286.0,HIJ,ICN
945,5,290.9,OKJ,ICN
946,5,281.1,OKJ,ICN
947,5,271.3,OKJ,ICN
948,5,261.5,OKJ,ICN
949,5,251.7,OKJ,ICN
950,5,247.9,OKJ,ICN
951,5,257.5,OKJ,ICN
952,5,267.3,OKJ,ICN
953,5,277.1,OKJ,ICN
954,5,286.9,OKJ,ICN
955,5,296.8,OKJ,ICN
956,5,284.0,KIX,PUS
957,5,277.6,KIX,PUS
958,5,272.6,KIX,PUS
959,5,267.1,UKB,ICN
960,5,267.5,UKB,ICN
961,5,271.6,KIX,PUS
962,5,276.1,KIX,PUS
963,5,282.2,KIX,PUS
964,5,289.4,KIX,PUS
965,5,297.2,KIX,PUS
966,5,305.6,KIX,PUS
967,5,314.3,KIX,PUS
968,5,305.5,NGO,PUS
969,5,296.0,NGO,PUS
970,5,286.5,NGO,PUS
971,5,277.2,NGO,PUS
972,5,258.6,NGO,PUS
973,5,292.7,NGO,PUS
974,5,302.3,NGO,PUS
975,5,311.9,NGO,PUS
976,5,321.5,NGO,PUS
977,5,312.4,FSZ,ICN
978,5,302.7,FSZ,ICN
979,5,293.2,FSZ,ICN
980,5,283.9,FSZ,ICN
981,5,277.5,FSZ,ICN
982,5,330.4,FSZ,ICN
983,5,340.2,FSZ,ICN
984,5,375.8,HND,GMP
985,5,330.7,HIJ,ICN
986,5,322.3,HIJ,ICN
987,5,314.2,HIJ,ICN
988,5,306.7,HIJ,ICN
989,5,299.8,HIJ,ICN
990,5,293.8,HIJ,ICN
991,5,289.1,HIJ,ICN
992,5,286.1,HIJ,ICN
993,5,285.0,HIJ,ICN
994,5,286.1,HIJ,ICN
995,5,289.2,HIJ,ICN
996,5,294.0,HIJ,ICN
997,5,291.7,OKJ,ICN
998,5,282.1,OKJ,ICN
999,5,272.7,OKJ,ICN
1000,5,263.7,OKJ,ICN
1001,5,256.0,OKJ,ICN
1002,5,254.1,OKJ,ICN
1003,5,260.3,OKJ,ICN
1004,5,269.0,OKJ,ICN
1005,5,278.3,OKJ,ICN
1006,5,287.8,OKJ,ICN
1007,5,297.5,OKJ,ICN
1008,5,307.2,OKJ,ICN
1009,5,305.3,KIX,PUS
1010,5,298.1,KIX,PUS
1011,5,291.5,KIX,PUS
1012,5,286.0,KIX,PUS
1013,5,280.5,UKB,ICN
1014,5,276.8,UKB,ICN
1015,5,277.0,UKB,ICN
1016,5,281.0,UKB,ICN
1017,5,284.8,KIX,PUS
1018,5,289.9,KIX,PUS
1019,5,296.2,KIX,PUS
1020,5,303.3,KIX,PUS
1021,5,311.0,KIX,PUS
1022,5,314.1,NGO,PUS
1023,5,304.3,NGO,PUS
1024,5,294.5,NGO,PUS
1025,5,284.7,NGO,PUS
1026,5,274.9,NGO,PUS
1027,5,265.2,NGO,PUS
1028,5,252.2,NGO,PUS
1029,5,261.9,NGO,PUS
1030,5,271.6,NGO,PUS
1031,5,281.4,NGO,PUS
1032,5,291.2,NGO,PUS
1033,5,301.0,NGO,PUS
1034,5,310.8,NGO,PUS
1035,5,320.5,NGO,PUS
1036,5,312.3,FSZ,ICN
1037,5,302.6,FSZ,ICN
1038,5,293.0,FSZ,ICN
1039,5,283.6,FSZ,ICN
1040,5,276.8,FSZ,ICN
1041,5,282.3,FSZ,ICN
1042,5,330.4,FSZ,ICN
1043,5,340.1,FSZ,ICN
1044,5,349.9,FSZ,ICN
1045,5,328.1,HIJ,ICN
1046,5,320.7,HIJ,ICN
1047,5,313.8,HIJ,ICN
1048,5,307.6,HIJ,ICN
1049,5,302.4,HIJ,ICN
1050,5,298.4,HIJ,ICN
1051,5,295.9,HIJ,ICN
1052,5,295.1,HIJ,ICN
1053,5,296.0,HIJ,ICN
1054,5,298.5,HIJ,ICN
1055,5,301.2,YGJ,ICN
1056,5,294.6,OKJ,ICN
1057,5,285.7,OKJ,ICN
1058,5,277.3,OKJ,ICN
1059,5,270.0,OKJ,ICN
1060,5,264.9,OKJ,ICN
1061,5,263.9,OKJ,ICN
1062,5,267.6,OKJ,ICN
1063,5,274.2,OKJ,ICN
1064,5,282.2,OKJ,ICN
1065,5,291.0,OKJ,ICN
1066,5,300.0,OKJ,ICN
1067,5,309.3,OKJ,ICN
1068,5,312.1,KIX,PUS
1069,5,305.5,KIX,PUS
1070,5,299.7,KIX,PUS
1071,5,294.3,UKB,ICN
1072,5,289.4,UKB,ICN
1073,5,286.7,UKB,ICN
1074,5,286.9,UKB,ICN
1075,5,289.8,UKB,ICN
1076,5,293.9,KIX,PUS
1077,5,298.3,KIX,PUS
1078,5,303.8,KIX,PUS
1079,5,310.2,KIX,PUS
1080,5,317.3,KIX,PUS
1081,5,314.4,NGO,PUS
1082,5,304.7,NGO,PUS
1083,5,295.0,NGO,PUS
1084,5,285.3,NGO,PUS
1085,5,275.8,NGO,PUS
1086,5,266.4,NGO,PUS
1087,5,254.9,NGO,PUS
1088,5,263.3,NGO,PUS
1089,5,272.5,NGO,PUS
1090,5,282.1,NGO,PUS
1091,5,291.7,NGO,PUS
1092,5,301.4,NGO,PUS
1093,5,311.1,NGO,PUS
1094,5,320.9,NGO,PUS
1095,5,314.7,FSZ,ICN
1096,5,305.6,FSZ,ICN
1097,5,297.2,FSZ,ICN
1098,5,290.2,FSZ,ICN
1099,5,286.8,FSZ,ICN
1100,5,289.4,FSZ,ICN
1101,5,332.0,FSZ,ICN
1102,5,341.5,FSZ,ICN
1103,5,351.1,FSZ,ICN
1104,5,348.6,HND,GMP
1105,5,327.8,HIJ,ICN
1106,5,321.5,HIJ,ICN
1107,5,316.0,HIJ,ICN
1108,5,311.4,HIJ,ICN
1109,5,307.9,HIJ,ICN
1110,5,303.7,YGJ,ICN
1111,5,298.4,YGJ,ICN
1112,5,294.5,YGJ,ICN
1113,5,292.0,YGJ,ICN
1114,5,291.2,YGJ,ICN
1115,5,292.2,YGJ,ICN
1116,5,291.1,OKJ,ICN
1117,5,284.0,OKJ,ICN
1118,5,278.2,OKJ,ICN
1119,5,274.5,OKJ,ICN
1120,5,273.9,OKJ,ICN
1121,5,276.4,OKJ,ICN
1122,5,281.4,OKJ,ICN
1123,5,288.1,OKJ,ICN
1124,5,295.9,OKJ,ICN
1125,5,304.2,OKJ,ICN
1126,5,312.9,OKJ,ICN
1127,5,319.4,KIX,PUS
1128,5,313.5,KIX,PUS
1129,5,308.2,UKB,ICN
1130,5,302.7,UKB,ICN
1131,5,298.7,UKB,ICN
1132,5,296.7,UKB,ICN
1133,5,296.8,UKB,ICN
1134,5,299.1,UKB,ICN
1135,5,303.2,UKB,ICN
1136,5,307.1,KIX,PUS
1137,5,312.0,KIX,PUS
1138,5,317.8,KIX,PUS
1139,5,324.2,KIX,PUS
1140,5,316.2,NGO,PUS
1141,5,306.7,NGO,PUS
1142,5,297.4,NGO,PUS
1143,5,288.3,NGO,PUS
1144,5,279.5,NGO,PUS
1145,5,271.4,NGO,PUS
1146,5,264.8,NGO,PUS
1147,5,263.2,NGO,PUS
1148,5,268.9,NGO,PUS
1149,5,276.6,NGO,PUS
1150,5,285.2,NGO,PUS
1151,5,294.3,NGO,PUS
1152,5,303.5,NGO,PUS
1153,5,312.9,NGO,PUS
1154,5,322.4,NGO,PUS
1155,5,319.0,FSZ,ICN
1156,5,311.1,FSZ,ICN
1157,5,304.1,FSZ,ICN
1158,5,299.0,FSZ,ICN
1159,5,296.8,FSZ,ICN
1160,5,298.4,FSZ,ICN
1161,5,303.2,FSZ,ICN
1162,5,335.2,FSZ,ICN
1163,5,344.3,FSZ,ICN
1164,5,353.5,FSZ,ICN
1165,5,338.7,HND,GMP
1166,5,326.8,YGJ,ICN
1167,5,318.4,YGJ,ICN
1168,5,310.3,YGJ,ICN
1169,5,302.8,YGJ,ICN
1170,5,295.8,YGJ,ICN
1171,5,289.8,YGJ,ICN
1172,5,285.1,YGJ,ICN
1173,5,282.1,YGJ,ICN
1174,5,281.2,YGJ,ICN
1175,5,282.4,YGJ,ICN
1176,5,285.7,YGJ,ICN
1177,5,290.6,YGJ,ICN
1178,5,287.1,OKJ,ICN
1179,5,284.3,OKJ,ICN
1180,5,283.8,OKJ,ICN
1181,5,285.7,OKJ,ICN
1182,5,289.8,OKJ,ICN
1183,5,295.4,OKJ,ICN
1184,5,302.1,OKJ,ICN
1185,5,309.6,OKJ,ICN
1186,5,317.7,OKJ,ICN
1187,5,326.1,OKJ,ICN
1188,5,321.9,KIX,PUS
1189,5,316.3,UKB,ICN
1190,5,311.6,UKB,ICN
1191,5,308.3,UKB,ICN
1192,5,306.6,UKB,ICN
1193,5,306.7,UKB,ICN
1194,5,308.6,UKB,ICN
1195,5,312.1,UKB,ICN
1196,5,316.1,KIX,PUS
1197,5,320.5,KIX,PUS
1198,5,325.8,KIX,PUS
1199,5,328.4,NGO,PUS
1200,5,319.2,NGO,PUS
1201,5,310.2,NGO,PUS
1202,5,301.5,NGO,PUS
1203,5,293.1,NGO,PUS
1204,5,285.4,NGO,PUS
1205,5,278.7,NGO,PUS
1206,5,273.7,NGO,PUS
1207,5,271.5,NGO,PUS
1208,5,272.6,NGO,PUS
1209,5,276.8,NGO,PUS
1210,5,282.9,NGO,PUS
1211,5,290.4,NGO,PUS
1212,5,298.6,NGO,PUS
1213,5,307.2,NGO,PUS
1214,5,316.1,NGO,PUS
1215,5,325.2,NGO,PUS
1216,5,325.0,FSZ,ICN
1217,5,318.1,FSZ,ICN
1218,5,312.3,FSZ,ICN
1219,5,308.4,FSZ,ICN
1220,5,306.8,FSZ,ICN
1221,5,308.0,FSZ,ICN
1222,5,311.6,FSZ,ICN
1223,5,317.1,FSZ,ICN
1224,5,339.7,FSZ,ICN
1225,5,348.2,FSZ,ICN
1226,5,357.1,FSZ,ICN
1227,5,328.8,HND,GMP
1228,5,331.7,HND,GMP
1229,5,313.5,YGJ,ICN
1230,5,304.8,YGJ,ICN
1231,5,296.6,YGJ,ICN
1232,5,288.8,YGJ,ICN
1233,5,281.9,YGJ,ICN
1234,5,276.2,YGJ,ICN
1235,5,272.4,YGJ,ICN
1236,5,271.2,YGJ,ICN
1237,5,272.7,YGJ,ICN
1238,5,276.8,YGJ,ICN
1239,5,282.7,YGJ,ICN
1240,5,289.8,YGJ,ICN
1241,5,294.2,OKJ,ICN
1242,5,293.8,OKJ,ICN
1243,5,295.4,OKJ,ICN
1244,5,298.7,OKJ,ICN
1245,5,303.4,OKJ,ICN
1246,5,309.3,OKJ,ICN
1247,5,316.1,OKJ,ICN
1248,5,323.5,OKJ,ICN
1249,5,331.4,OKJ,ICN
1250,5,330.1,UKB,ICN
1251,5,325.0,UKB,ICN
1252,5,320.9,UKB,ICN
1253,5,318.0,UKB,ICN
1254,5,316.6,UKB,ICN
1255,5,316.7,UKB,ICN
1256,5,318.3,UKB,ICN
1257,5,321.3,UKB,ICN
1258,5,325.4,KIX,PUS
1259,5,329.4,KIX,PUS
1260,5,334.1,KIX,PUS
1261,5,332.1,NGO,PUS
1262,5,323.4,NGO,PUS
1263,5,314.9,NGO,PUS
1264,5,306.9,NGO,PUS
1265,5,299.3,NGO,PUS
1266,5,292.6,NGO,PUS
1267,5,287.1,NGO,PUS
1268,5,283.2,NGO,PUS
1269,5,281.5,NGO,PUS
1270,5,282.4,NGO,PUS
1271,5,285.5,NGO,PUS
1272,5,290.6,NGO,PUS
1273,5,296.9,NGO,PUS
1274,5,304.2,NGO,PUS
1275,5,312.1,NGO,PUS
1276,5,320.5,NGO,PUS
1277,5,329.1,NGO,PUS
1278,5,332.0,FSZ,ICN
1279,5,326.0,FSZ,ICN
1280,5,321.2,FSZ,ICN
1281,5,318.1,FSZ,ICN
1282,5,316.9,FSZ,ICN
1283,5,317.8,FSZ,ICN
1284,5,320.6,FSZ,ICN
1285,5,325.2,FSZ,ICN
1286,5,331.1,FSZ,ICN
1287,5,337.8,FSZ,ICN
1288,5,345.3,FSZ,ICN
1289,5,353.3,FSZ,ICN
1290,5,356.7,HND,GMP
1291,5,319.1,HND,GMP
1292,5,322.6,HND,GMP
1293,5,327.8,HND,GMP
1294,5,333.1,NRT,PUS
1295,5,331.6,NRT,PUS
1296,5,291.5,YGJ,ICN
1297,5,282.9,YGJ,ICN
1298,5,274.9,YGJ,ICN
1299,5,267.9,YGJ,ICN
1300,5,262.9,YGJ,ICN
1301,5,261.1,YGJ,ICN
1302,5,263.4,YGJ,ICN
1303,5,268.7,YGJ,ICN
1304,5,275.9,YGJ,ICN
1305,5,284.0,YGJ,ICN
1306,5,292.7,YGJ,ICN
1307,5,301.6,YGJ,ICN
1308,5,305.1,OKJ,ICN
1309,5,307.9,OKJ,ICN
1310,5,312.0,OKJ,ICN
1311,5,317.2,OKJ,ICN
1312,5,323.3,OKJ,ICN
1313,5,330.1,OKJ,ICN
1314,5,337.4,OKJ,ICN
1315,5,338.5,UKB,ICN
1316,5,333.9,UKB,ICN
1317,5,330.3,UKB,ICN
1318,5,327.9,UKB,ICN
1319,5,326.6,UKB,ICN
1320,5,326.7,UKB,ICN
1321,5,328.1,UKB,ICN
1322,5,330.6,UKB,ICN
1323,5,334.4,UKB,ICN
1324,5,338.4,KIX,PUS
1325,5,342.8,KIX,PUS
1326,5,336.8,NGO,PUS
1327,5,328.6,NGO,PUS
1328,5,320.7,NGO,PUS
1329,5,313.3,NGO,PUS
1330,5,306.5,NGO,PUS
1331,5,300.7,NGO,PUS
1332,5,296.0,NGO,PUS
1333,5,292.9,NGO,PUS
1334,5,291.5,NGO,PUS
1335,5,292.2,NGO,PUS
1336,5,294.7,NGO,PUS
1337,5,298.9,NGO,PUS
1338,5,304.4,NGO,PUS
1339,5,310.9,NGO,PUS
1340,5,318.1,NGO,PUS
1341,5,325.8,NGO,PUS
1342,5,334.0,NGO,PUS
1343,5,339.8,FSZ,ICN
1344,5,334.6,FSZ,ICN
1345,5,330.5,FSZ,ICN
1346,5,327.9,FSZ,ICN
1347,5,326.9,FSZ,ICN
1348,5,327.6,FSZ,ICN
1349,5,330.0,FSZ,ICN
1350,5,333.9,FSZ,ICN
1351,5,339.0,FSZ,ICN
1352,5,345.0,FSZ,ICN
1353,5,351.8,FSZ,ICN
1354,5,359.2,FSZ,ICN
1355,5,352.1,HND,GMP
1356,5,343.3,HND,GMP
1357,5,313.3,HND,GMP
1358,5,309.5,HND,GMP
1359,5,314.0,HND,GMP
1360,5,320.3,HND,GMP
1361,5,323.4,NRT,PUS
1362,5,321.6,NRT,PUS
1363,5,288.1,YGJ,ICN
1364,5,278.7,YGJ,ICN
1365,5,269.7,YGJ,ICN
1366,5,261.1,YGJ,ICN
1367,5,254.0,YGJ,ICN
1368,5,251.1,YGJ,ICN
1369,5,254.8,YGJ,ICN
1370,5,262.2,YGJ,ICN
1371,5,270.8,YGJ,ICN
1372,5,279.9,YGJ,ICN
1373,5,289.3,YGJ,ICN
1374,5,298.7,YGJ,ICN
1375,5,308.3,YGJ,ICN
1376,5,317.3,OKJ,ICN
1377,5,320.9,OKJ,ICN
1378,5,325.6,OKJ,ICN
1379,5,331.1,OKJ,ICN
1380,5,337.2,OKJ,ICN
1381,5,344.0,OKJ,ICN
1382,5,347.2,UKB,ICN
1383,5,343.1,UKB,ICN
1384,5,339.9,UKB,ICN
1385,5,337.7,UKB,ICN
1386,5,336.6,UKB,ICN
1387,5,336.7,UKB,ICN
1388,5,337.9,UKB,ICN
1389,5,340.2,UKB,ICN
1390,5,343.5,UKB,ICN
1391,5,347.6,KIX,PUS
1392,5,350.4,NGO,PUS
1393,5,342.3,NGO,PUS
1394,5,334.6,NGO,PUS
1395,5,327.2,NGO,PUS
1396,5,320.5,NGO,PUS
1397,5,314.4,NGO,PUS
1398,5,309.3,NGO,PUS
1399,5,305.3,NGO,PUS
1400,5,302.6,NGO,PUS
1401,5,301.6,NGO,PUS
1402,5,302.1,NGO,PUS
1403,5,304.2,NGO,PUS
1404,5,307.8,NGO,PUS
1405,5,312.6,NGO,PUS
1406,5,318.3,NGO,PUS
1407,5,324.9,NGO,PUS
1408,5,332.0,NGO,PUS
1409,5,339.6,NGO,PUS
1410,5,347.6,NGO,PUS
1411,5,343.5,FSZ,ICN
1412,5,340.0,FSZ,ICN
1413,5,337.7,FSZ,ICN
1414,5,336.9,FSZ,ICN
1415,5,337.5,FSZ,ICN
1416,5,339.6,FSZ,ICN
1417,5,342.9,FSZ,ICN
1418,5,347.4,FSZ,ICN
1419,5,352.8,FSZ,ICN
1420,5,359.0,FSZ,ICN
1421,5,358.1,HND,GMP
1422,5,348.7,HND,GMP
1423,5,339.4,HND,GMP
1424,5,330.3,HND,GMP
1425,5,321.4,HND,GMP
1426,5,313.0,HND,GMP
1427,5,305.4,HND,GMP
1428,5,306.3,HND,GMP
1429,5,314.0,HND,GMP
1430,5,313.9,NRT,PUS
1431,5,311.7,NRT,PUS
1432,5,276.7,YGJ,ICN
1433,5,267.1,YGJ,ICN
1434,5,257.4,YGJ,ICN
1435,5,247.9,YGJ,ICN
1436,5,241.2,YGJ,ICN
1437,5,258.6,YGJ,ICN
1438,5,268.3,YGJ,ICN
1439,5,278.0,YGJ,ICN
1440,5,287.7,YGJ,ICN
1441,5,297.4,YGJ,ICN
1442,5,307.1,YGJ,ICN
1443,5,316.8,YGJ,ICN
1444,5,326.6,YGJ,ICN
1445,5,334.3,OKJ,ICN
1446,5,339.2,OKJ,ICN
1447,5,344.9,OKJ,ICN
1448,5,351.2,OKJ,ICN
1449,5,356.2,UKB,ICN
1450,5,352.4,UKB,ICN
1451,5,349.6,UKB,ICN
1452,5,347.6,UKB,ICN
1453,5,346.6,UKB,ICN
1454,5,346.7,UKB,ICN
1455,5,347.8,UKB,ICN
1456,5,349.8,UKB,ICN
1457,5,352.8,UKB,ICN
1458,5,356.6,UKB,ICN
1459,5,356.1,NGO,PUS
1460,5,348.4,NGO,PUS
1461,5,341.2,NGO,PUS
1462,5,334.4,NGO,PUS
1463,5,328.3,NGO,PUS
1464,5,322.8,NGO,PUS
1465,5,318.3,NGO,PUS
1466,5,314.8,NGO,PUS
1467,5,312.5,NGO,PUS
1468,5,311.6,NGO,PUS
1469,5,312.0,NGO,PUS
1470,5,313.9,NGO,PUS
1471,5,317.0,NGO,PUS
1472,5,321.2,NGO,PUS
1473,5,326.3,NGO,PUS
1474,5,332.3,NGO,PUS
1475,5,338.8,NGO,PUS
1476,5,345.9,NGO,PUS
1477,5,353.4,NGO,PUS
1478,5,352.7,FSZ,ICN
1479,5,349.6,FSZ,ICN
1480,5,347.6,FSZ,ICN
1481,5,346.9,FSZ,ICN
1482,5,347.4,FSZ,ICN
1483,5,349.2,FSZ,ICN
1484,5,352.2,FSZ,ICN
1485,5,356.1,FSZ,ICN
1486,5,361.0,FSZ,ICN
1487,5,365.9,HND,GMP
1488,5,356.3,HND,GMP
1489,5,346.6,HND,GMP
1490,5,337.0,HND,GMP
1491,5,327.4,HND,GMP
1492,5,317.9,HND,GMP
1493,5,308.6,HND,GMP
1494,5,299.5,HND,GMP
1495,5,291.5,HND,GMP
1496,5,300.6,HND,GMP
1497,5,309.4,NRT,PUS
1498,5,304.5,NRT,PUS
1499,5,301.7,NRT,PUS
1500,5,250.0,YGJ,ICN
1501,5,245.7,YGJ,ICN
1502,5,336.5,YGJ,ICN
1503,5,346.1,YGJ,ICN
1504,5,353.0,OKJ,ICN
1505,5,358.8,OKJ,ICN
1506,5,365.2,OKJ,ICN
1507,5,361.9,UKB,ICN
1508,5,359.3,UKB,ICN
1509,5,357.5,UKB,ICN
1510,5,356.6,UKB,ICN
1511,5,365.7,UKB,ICN
1512,5,362.3,NGO,PUS
1513,5,355.2,NGO,PUS
1514,5,348.4,NGO,PUS
1515,5,342.1,NGO,PUS
1516,5,336.5,NGO,PUS
1517,5,331.6,NGO,PUS
1518,5,327.5,NGO,PUS
1519,5,324.4,NGO,PUS
1520,5,322.4,NGO,PUS
1521,5,321.6,NGO,PUS
1522,5,322.0,NGO,PUS
1523,5,323.6,NGO,PUS
1524,5,326.3,NGO,PUS
1525,5,330.1,NGO,PUS
1526,5,334.7,NGO,PUS
1527,5,340.1,NGO,PUS
1528,5,346.2,NGO,PUS
1529,5,352.8,NGO,PUS
1530,5,359.8,NGO,PUS
1531,5,362.1,FSZ,ICN
1532,5,359.3,FSZ,ICN
1533,5,357.6,FSZ,ICN
1534,5,356.9,FSZ,ICN
1535,5,357.4,FSZ,ICN
1536,5,359.0,FSZ,ICN
1537,5,361.6,FSZ,ICN
1538,5,365.2,FSZ,ICN
1539,5,369.6,FSZ,ICN
1540,5,365.4,HND,GMP
1541,5,355.7,HND,GMP
1542,5,346.0,HND,GMP
1543,5,336.3,HND,GMP
1544,5,326.6,HND,GMP
1545,5,316.9,HND,GMP
1546,5,307.1,HND,GMP
1547,5,297.4,HND,GMP
1548,5,287.7,HND,GMP
1549,5,279.7,HND,GMP
1550,5,301.9,NRT,PUS
1551,5,295.7,NRT,PUS
1552,5,291.9,NRT,PUS
1553,5,291.7,NRT,PUS
1554,5,356.8,YGJ,ICN
1555,5,366.4,YGJ,ICN
1556,5,372.7,OKJ,ICN
1557,5,371.5,UKB,ICN
1558,5,369.1,UKB,ICN
1559,5,367.4,UKB,ICN
1560,5,366.6,UKB,ICN
1561,5,346.3,KMQ,ICN
1562,5,343.2,KMQ,ICN
1563,5,341.0,KMQ,ICN
1564,5,340.0,KMQ,ICN
1565,5,336.9,NGO,PUS
1566,5,334.1,NGO,PUS
1567,5,332.3,NGO,PUS
1568,5,331.6,NGO,PUS
1569,5,332.0,NGO,PUS
1570,5,333.4,NGO,PUS
1571,5,335.8,NGO,PUS
1572,5,339.2,NGO,PUS
1573,5,343.4,NGO,PUS
1574,5,348.4,NGO,PUS
1575,5,354.0,NGO,PUS
1576,5,360.1,NGO,PUS
1577,5,366.8,NGO,PUS
1578,5,371.6,FSZ,ICN
1579,5,369.1,FSZ,ICN
1580,5,367.5,FSZ,ICN
1581,5,366.9,FSZ,ICN
1582,5,367.4,FSZ,ICN
1583,5,368.8,FSZ,ICN
1584,5,371.1,FSZ,ICN
1585,5,374.4,FSZ,ICN
1586,5,375.7,HND,GMP
1587,5,366.1,HND,GMP
1588,5,356.4,HND,GMP
1589,5,346.8,HND,GMP
1590,5,337.3,HND,GMP
1591,5,327.8,HND,GMP
1592,5,318.4,HND,GMP
1593,5,309.1,HND,GMP
1594,5,300.3,HND,GMP
1595,5,292.8,HND,GMP
1596,5,289.5,HND,GMP
1597,5,293.6,HND,GMP
1598,5,295.9,NRT,PUS
1599,5,288.0,NRT,PUS
1600,5,282.3,NRT,PUS
1601,5,282.0,NRT,PUS
1602,5,287.4,NRT,PUS
1603,5,376.6,UKB,ICN
1604,5,333.6,KMQ,ICN
1605,5,331.2,KMQ,ICN
1606,5,329.9,KMQ,ICN
1607,5,330.0,KMQ,ICN
1608,5,331.3,KMQ,ICN
1609,5,333.8,KMQ,ICN
1610,5,337.4,KMQ,ICN
1611,5,341.9,NGO,PUS
1612,5,343.2,NGO,PUS
1613,5,345.4,NGO,PUS
1614,5,348.5,NGO,PUS
1615,5,352.3,NGO,PUS
1616,5,356.9,NGO,PUS
1617,5,362.1,NGO,PUS
1618,5,367.8,NGO,PUS
1619,5,374.1,NGO,PUS
1620,5,379.6,TOY,ICN
1621,5,378.9,FSZ,ICN
1622,5,377.5,FSZ,ICN
1623,5,377.0,FSZ,ICN
1624,5,377.3,FSZ,ICN
1625,5,378.6,FSZ,ICN
1626,5,380.8,FSZ,ICN
1627,5,383.7,FSZ,ICN
1628,5,377.3,HND,GMP
1629,5,367.8,HND,GMP
1630,5,358.4,HND,GMP
1631,5,349.1,HND,GMP
1632,5,339.9,HND,GMP
1633,5,330.9,HND,GMP
1634,5,322.2,HND,GMP
1635,5,314.0,HND,GMP
1636,5,306.7,HND,GMP
1637,5,301.4,HND,GMP
1638,5,299.5,HND,GMP
1639,5,301.9,HND,GMP
1640,5,302.4,NRT,PUS
1641,5,292.7,NRT,PUS
1642,5,283.2,NRT,PUS
1643,5,274.1,NRT,PUS
1644,5,273.5,NRT,PUS
1645,5,282.4,NRT,PUS
1646,5,291.9,NRT,PUS
1647,5,301.6,NRT,PUS
1648,5,324.1,KMQ,ICN
1649,5,321.4,KMQ,ICN
1650,5,320.0,KMQ,ICN
1651,5,320.0,KMQ,ICN
1652,5,321.5,KMQ,ICN
1653,5,324.4,KMQ,ICN
1654,5,328.5,KMQ,ICN
1655,5,333.5,KMQ,ICN
1656,5,339.4,KMQ,ICN
1657,5,346.0,KMQ,ICN
1658,5,353.0,TOY,ICN
1659,5,353.8,TOY,ICN
1660,5,355.5,TOY,ICN
1661,5,358.2,TOY,ICN
1662,5,361.8,TOY,ICN
1663,5,366.1,TOY,ICN
1664,5,371.1,TOY,ICN
1665,5,376.7,TOY,ICN
1666,5,382.8,TOY,ICN
1667,5,387.0,FSZ,ICN
1668,5,387.3,FSZ,ICN
1669,5,388.5,FSZ,ICN
1670,5,390.5,FSZ,ICN
1671,5,389.1,HND,GMP
1672,5,379.8,HND,GMP
1673,5,370.6,HND,GMP
1674,5,361.6,HND,GMP
1675,5,352.7,HND,GMP
1676,5,344.0,HND,GMP
1677,5,335.6,HND,GMP
1678,5,327.8,HND,GMP
1679,5,320.7,HND,GMP
1680,5,314.8,HND,GMP
1681,5,310.9,HND,GMP
1682,5,309.6,HND,GMP
1683,5,311.2,HND,GMP
1684,5,302.8,NRT,PUS
1685,5,293.4,NRT,PUS
1686,5,284.2,NRT,PUS
1687,5,276.3,NRT,PUS
1688,5,275.9,NRT,PUS
1689,5,283.5,NRT,PUS
1690,5,292.6,NRT,PUS
1691,5,302.0,NRT,PUS
1692,5,319.4,KMQ,ICN
1693,5,314.9,KMQ,ICN
1694,5,311.6,KMQ,ICN
1695,5,310.0,KMQ,ICN
1696,5,310.0,KMQ,ICN
1697,5,311.8,KMQ,ICN
1698,5,315.2,KMQ,ICN
1699,5,319.8,KMQ,ICN
1700,5,325.5,KMQ,ICN
1701,5,332.0,KMQ,ICN
1702,5,339.2,KMQ,ICN
1703,5,343.0,TOY,ICN
1704,5,343.8,TOY,ICN
1705,5,345.8,TOY,ICN
1706,5,348.8,TOY,ICN
1707,5,352.7,TOY,ICN
1708,5,357.5,TOY,ICN
1709,5,362.9,TOY,ICN
1710,5,368.9,TOY,ICN
1711,5,375.4,TOY,ICN
1712,5,382.4,TOY,ICN
1713,5,389.7,TOY,ICN
1714,5,397.2,TOY,ICN
1715,5,400.2,FSZ,ICN
1716,5,392.3,HND,GMP
1717,5,383.3,HND,GMP
1718,5,374.4,HND,GMP
1719,5,365.8,HND,GMP
1720,5,357.3,HND,GMP
1721,5,349.2,HND,GMP
1722,5,341.6,HND,GMP
1723,5,334.6,HND,GMP
1724,5,328.5,HND,GMP
1725,5,323.7,HND,GMP
1726,5,320.6,HND,GMP
1727,5,319.6,HND,GMP
1728,5,314.9,NRT,PUS
1729,5,306.0,NRT,PUS
1730,5,297.6,NRT,PUS
1731,5,290.2,NRT,PUS
1732,5,285.3,NRT,PUS
1733,5,285.1,NRT,PUS
1734,5,289.7,NRT,PUS
1735,5,296.9,NRT,PUS
1736,5,298.8,YGJ,ICN
1737,5,311.2,KMQ,ICN
1738,5,305.9,KMQ,ICN
1739,5,302.0,KMQ,ICN
1740,5,300.0,KMQ,ICN
1741,5,300.1,KMQ,ICN
1742,5,302.2,KMQ,ICN
1743,5,306.2,KMQ,ICN
1744,5,311.7,KMQ,ICN
1745,5,318.1,KMQ,ICN
1746,5,325.3,KMQ,ICN
1747,5,333.1,KMQ,ICN
1748,5,333.0,TOY,ICN
1749,5,334.0,TOY,ICN
1750,5,336.2,TOY,ICN
1751,5,339.6,TOY,ICN
1752,5,343.9,TOY,ICN
1753,5,349.1,TOY,ICN
1754,5,355.0,TOY,ICN
1755,5,361.5,TOY,ICN
1756,5,368.5,TOY,ICN
1757,5,375.8,TOY,ICN
1758,5,383.5,TOY,ICN
1759,5,391.4,TOY,ICN
1760,5,399.6,TOY,ICN
1761,5,396.2,HND,GMP
1762,5,387.5,HND,GMP
1763,5,379.1,HND,GMP
1764,5,370.9,HND,GMP
1765,5,363.0,HND,GMP
1766,5,355.5,HND,GMP
1767,5,348.5,HND,GMP
1768,5,342.3,HND,GMP
1769,5,337.0,HND,GMP
1770,5,332.9,HND,GMP
1771,5,330.4,HND,GMP
1772,5,327.8,NRT,PUS
1773,5,319.3,NRT,PUS
1774,5,311.3,NRT,PUS
1775,5,304.1,NRT,PUS
1776,5,298.4,NRT,PUS
1777,5,295.0,NRT,PUS
1778,5,294.9,NRT,PUS
1779,5,298.0,NRT,PUS
1780,5,308.3,YGJ,ICN
1781,5,303.7,KMQ,ICN
1782,5,297.4,KMQ,ICN
1783,5,292.6,KMQ,ICN
1784,5,290.0,KMQ,ICN
1785,5,290.1,KMQ,ICN
1786,5,292.9,KMQ,ICN
1787,5,297.8,KMQ,ICN
1788,5,304.2,KMQ,ICN
1789,5,311.6,KMQ,ICN
1790,5,319.5,KMQ,ICN
1791,5,323.3,TOY,ICN
1792,5,323.0,TOY,ICN
1793,5,324.1,TOY,ICN
1794,5,326.7,TOY,ICN
1795,5,330.5,TOY,ICN
1796,5,335.4,TOY,ICN
1797,5,341.2,TOY,ICN
1798,5,347.6,TOY,ICN
1799,5,354.6,TOY,ICN
1800,5,362.0,TOY,ICN
1801,5,369.8,TOY,ICN
1802,5,377.9,TOY,ICN
1803,5,386.2,TOY,ICN
1804,5,394.6,TOY,ICN
1805,5,400.8,HND,GMP
1806,5,392.5,HND,GMP
1807,5,384.5,HND,GMP
1808,5,376.7,HND,GMP
1809,5,369.3,HND,GMP
1810,5,362.4,HND,GMP
1811,5,356.1,HND,GMP
1812,5,350.5,HND,GMP
1813,5,345.9,HND,GMP
1814,5,342.4,HND,GMP
1815,5,340.3,HND,GMP
1816,5,332.8,NRT,PUS
1817,5,325.1,NRT,PUS
1818,5,318.1,NRT,PUS
1819,5,312.0,NRT,PUS
1820,5,307.5,NRT,PUS
1821,5,304.9,NRT,PUS
1822,5,304.8,NRT,PUS
1823,5,307.2,NRT,PUS
1824,5,289.8,KMQ,ICN
1825,5,283.7,KMQ,ICN
1826,5,280.2,KMQ,ICN
1827,5,280.3,KMQ,ICN
1828,5,284.1,KMQ,ICN
1829,5,290.3,KMQ,ICN
1830,5,297.9,KMQ,ICN
1831,5,306.2,KMQ,ICN
1832,5,314.9,KMQ,ICN
1833,5,313.4,TOY,ICN
1834,5,312.9,TOY,ICN
1835,5,314.3,TOY,ICN
1836,5,317.3,TOY,ICN
1837,5,321.8,TOY,ICN
1838,5,327.3,TOY,ICN
1839,5,333.7,TOY,ICN
1840,5,340.8,TOY,ICN
1841,5,348.3,TOY,ICN
1842,5,356.2,TOY,ICN
1843,5,364.4,TOY,ICN
1844,5,372.9,TOY,ICN
1845,5,381.5,TOY,ICN
1846,5,390.2,TOY,ICN
1847,5,399.1,TOY,ICN
1848,5,398.1,HND,GMP
1849,5,390.5,HND,GMP
1850,5,383.2,HND,GMP
1851,5,376.3,HND,GMP
1852,5,369.9,HND,GMP
1853,5,364.2,HND,GMP
1854,5,359.2,HND,GMP
1855,5,355.1,HND,GMP
1856,5,352.1,HND,GMP
1857,5,346.5,NRT,PUS
1858,5,338.9,NRT,PUS
1859,5,332.0,NRT,PUS
1860,5,325.8,NRT,PUS
1861,5,320.6,NRT,PUS
1862,5,316.9,NRT,PUS
1863,5,314.9,NRT,PUS
1864,5,314.8,NRT,PUS
1865,5,316.7,NRT,PUS
1866,5,325.8,YGJ,ICN
1867,5,326.4,YGJ,ICN
1868,5,275.9,KMQ,ICN
1869,5,270.5,KMQ,ICN
1870,5,270.7,KMQ,ICN
1871,5,276.5,KMQ,ICN
1872,5,284.5,KMQ,ICN
1873,5,293.3,KMQ,ICN
1874,5,302.4,KMQ,ICN
1875,5,306.1,TOY,ICN
1876,5,303.5,TOY,ICN
1877,5,302.9,TOY,ICN
1878,5,304.6,TOY,ICN
1879,5,308.3,TOY,ICN
1880,5,313.5,TOY,ICN
1881,5,319.8,TOY,ICN
1882,5,326.9,TOY,ICN
1883,5,334.6,TOY,ICN
1884,5,342.8,TOY,ICN
1885,5,351.2,TOY,ICN
1886,5,359.8,TOY,ICN
1887,5,368.6,TOY,ICN
1888,5,377.5,TOY,ICN
1889,5,386.5,TOY,ICN
1890,5,395.6,TOY,ICN
1891,5,404.3,HND,GMP
1892,5,397.1,HND,GMP
1893,5,390.2,HND,GMP
1894,5,383.8,HND,GMP
1895,5,377.9,HND,GMP
1896,5,372.7,HND,GMP
1897,5,368.1,HND,GMP
1898,5,364.5,HND,GMP
1899,5,360.2,NRT,PUS
1900,5,352.8,NRT,PUS
1901,5,345.9,NRT,PUS
1902,5,339.6,NRT,PUS
1903,5,334.1,NRT,PUS
1904,5,329.7,NRT,PUS
1905,5,326.5,NRT,PUS
1906,5,324.8,NRT,PUS
1907,5,324.8,NRT,PUS
1908,5,326.3,NRT,PUS
1909,5,262.2,KMQ,ICN
1910,5,262.8,KMQ,ICN
1911,5,272.0,KMQ,ICN
1912,5,281.5,KMQ,ICN
1913,5,291.1,KMQ,ICN
1914,5,300.6,KMQ,ICN
1915,5,297.0,TOY,ICN
1916,5,293.6,TOY,ICN
1917,5,293.0,TOY,ICN
1918,5,295.1,TOY,ICN
1919,5,299.7,TOY,ICN
1920,5,305.9,TOY,ICN
1921,5,313.2,TOY,ICN
1922,5,321.1,TOY,ICN
1923,5,329.5,TOY,ICN
1924,5,338.1,TOY,ICN
1925,5,347.0,TOY,ICN
1926,5,356.0,TOY,ICN
1927,5,365.1,TOY,ICN
1928,5,374.3,TOY,ICN
1929,5,383.5,TOY,ICN
1930,5,392.8,TOY,ICN
1931,5,402.2,TOY,ICN
1932,5,404.1,HND,GMP
1933,5,397.7,HND,GMP
1934,5,391.7,HND,GMP
1935,5,386.2,HND,GMP
1936,5,381.4,HND,GMP
1937,5,377.3,HND,GMP
1938,5,373.9,NRT,PUS
1939,5,366.6,NRT,PUS
1940,5,359.7,NRT,PUS
1941,5,353.4,NRT,PUS
1942,5,347.7,NRT,PUS
1943,5,342.9,NRT,PUS
1944,5,339.0,NRT,PUS
1945,5,336.2,NRT,PUS
1946,5,334.8,NRT,PUS
1947,5,334.8,NRT,PUS
1948,5,336.1,NRT,PUS
1949,5,265.9,KMQ,ICN
1950,5,273.4,KMQ,ICN
1951,5,282.4,KMQ,ICN
1952,5,291.7,KMQ,ICN
1953,5,295.4,TOY,ICN
1954,5,288.6,TOY,ICN
1955,5,284.0,TOY,ICN
1956,5,283.0,TOY,ICN
1957,5,286.1,TOY,ICN
1958,5,292.0,TOY,ICN
1959,5,299.5,TOY,ICN
1960,5,307.8,TOY,ICN
1961,5,316.5,TOY,ICN
1962,5,325.5,TOY,ICN
1963,5,334.6,TOY,ICN
1964,5,343.8,TOY,ICN
1965,5,353.1,TOY,ICN
1966,5,362.5,TOY,ICN
1967,5,371.9,TOY,ICN
1968,5,381.3,TOY,ICN
1969,5,390.8,TOY,ICN
1970,5,400.2,TOY,ICN
1971,5,409.7,TOY,ICN
1972,5,405.5,HND,GMP
1973,5,399.9,HND,GMP
1974,5,394.8,HND,GMP
1975,5,390.4,HND,GMP
1976,5,386.6,HND,GMP
1977,5,380.5,NRT,PUS
1978,5,373.6,NRT,PUS
1979,5,367.2,NRT,PUS
1980,5,361.4,NRT,PUS
1981,5,356.3,NRT,PUS
1982,5,351.9,NRT,PUS
1983,5,348.4,NRT,PUS
1984,5,346.1,NRT,PUS
1985,5,344.8,NRT,PUS
1986,5,344.8,NRT,PUS
1987,5,345.9,NRT,PUS
1988,5,279.7,KMQ,ICN
1989,5,286.8,KMQ,ICN
1990,5,295.0,KMQ,ICN
1991,5,290.2,TOY,ICN
1992,5,281.7,TOY,ICN
1993,5,274.8,TOY,ICN
1994,5,273.1,TOY,ICN
1995,5,278.2,TOY,ICN
1996,5,286.1,TOY,ICN
1997,5,295.0,TOY,ICN
1998,5,304.1,TOY,ICN
1999,5,313.5,TOY,ICN
2000,5,322.9,TOY,ICN
2001,5,332.3,TOY,ICN
2002,5,341.8,TOY,ICN
2003,5,351.3,TOY,ICN
2004,5,360.8,TOY,ICN
2005,5,370.3,TOY,ICN
2006,5,379.9,TOY,ICN
2007,5,389.4,TOY,ICN
2008,5,399.0,TOY,ICN
2009,5,408.5,TOY,ICN
2010,5,413.6,HND,GMP
2011,5,408.3,HND,GMP
2012,5,403.6,HND,GMP
2013,5,399.5,HND,GMP
2014,5,394.3,NRT,PUS
2015,5,387.5,NRT,PUS
2016,5,381.1,NRT,PUS
2017,5,375.1,NRT,PUS
2018,5,369.8,NRT,PUS
2019,5,365.1,NRT,PUS
2020,5,361.1,NRT,PUS
2021,5,358.0,NRT,PUS
2022,5,355.9,NRT,PUS
2023,5,354.8,NRT,PUS
2024,5,354.8,NRT,PUS
2025,5,355.8,NRT,PUS
2026,5,293.5,KMQ,ICN
2027,5,297.5,TOY,ICN
2028,5,287.9,TOY,ICN
2029,5,278.4,TOY,ICN
2030,5,268.8,TOY,ICN
2031,5,264.5,TOY,ICN
2032,5,273.9,TOY,ICN
2033,5,283.5,TOY,ICN
2034,5,293.1,TOY,ICN
2035,5,302.7,TOY,ICN
2036,5,312.2,TOY,ICN
2037,5,321.8,TOY,ICN
2038,5,331.4,TOY,ICN
2039,5,341.0,TOY,ICN
2040,5,350.6,TOY,ICN
2041,5,360.1,TOY,ICN
2042,5,369.7,TOY,ICN
2043,5,379.3,TOY,ICN
2044,5,388.9,TOY,ICN
2045,5,398.5,TOY,ICN
2046,5,408.0,TOY,ICN
2047,5,417.6,TOY,ICN
2048,5,417.0,HND,GMP
2049,5,412.6,HND,GMP
2050,5,408.2,NRT,PUS
2051,5,401.4,NRT,PUS
2052,5,394.9,NRT,PUS
2053,5,388.9,NRT,PUS
2054,5,383.4,NRT,PUS
2055,5,378.4,NRT,PUS
2056,5,374.1,NRT,PUS
2057,5,370.5,NRT,PUS
2058,5,367.7,NRT,PUS
2059,5,365.8,NRT,PUS
2060,5,364.8,NRT,PUS
2061,5,364.8,NRT,PUS
2062,5,365.7,NRT,PUS
2063,5,367.5,NRT,PUS
2064,5,298.6,TOY,ICN
2065,5,289.4,TOY,ICN
2066,5,280.6,TOY,ICN
2067,5,273.1,TOY,ICN
2068,5,271.1,TOY,ICN
2069,5,276.8,TOY,ICN
2070,5,285.2,TOY,ICN
2071,5,294.3,TOY,ICN
2072,5,303.6,TOY,ICN
2073,5,313.0,TOY,ICN
2074,5,322.4,TOY,ICN
2075,5,331.9,TOY,ICN
2076,5,341.4,TOY,ICN
2077,5,350.9,TOY,ICN
2078,5,360.5,TOY,ICN
2079,5,370.0,TOY,ICN
2080,5,379.6,TOY,ICN
2081,5,389.1,TOY,ICN
2082,5,398.7,TOY,ICN
2083,5,408.2,TOY,ICN
2084,5,410.7,KIJ,ICN
2085,5,409.9,KIJ,ICN
2086,5,409.8,KIJ,ICN
2087,5,410.4,KIJ,ICN
2088,5,408.8,NRT,PUS
2089,5,402.7,NRT,PUS
2090,5,397.0,NRT,PUS
2091,5,391.9,NRT,PUS
2092,5,387.3,NRT,PUS
2093,5,383.3,NRT,PUS
2094,5,380.0,NRT,PUS
2095,5,377.4,NRT,PUS
2096,5,375.7,NRT,PUS
2097,5,374.8,NRT,PUS
2098,5,374.8,NRT,PUS
2099,5,375.6,NRT,PUS
2100,5,377.3,NRT,PUS
2101,5,302.2,TOY,ICN
2102,5,294.0,TOY,ICN
2103,5,286.9,TOY,ICN
2104,5,290.6,TOY,ICN
2105,5,298.3,TOY,ICN
2106,5,306.8,TOY,ICN
2107,5,315.6,TOY,ICN
2108,5,324.7,TOY,ICN
2109,5,333.8,TOY,ICN
2110,5,343.1,TOY,ICN
2111,5,352.5,TOY,ICN
2112,5,361.8,TOY,ICN
2113,5,371.2,TOY,ICN
2114,5,380.7,TOY,ICN
2115,5,390.1,TOY,ICN
2116,5,399.6,TOY,ICN
2117,5,402.3,KIJ,ICN
2118,5,400.7,KIJ,ICN
2119,5,399.9,KIJ,ICN
2120,5,399.8,KIJ,ICN
2121,5,400.4,KIJ,ICN
2122,5,401.7,KIJ,ICN
2123,5,403.7,KIJ,ICN
2124,5,405.4,NRT,PUS
2125,5,400.6,NRT,PUS
2126,5,396.3,NRT,PUS
2127,5,392.6,NRT,PUS
2128,5,389.6,NRT,PUS
2129,5,387.2,NRT,PUS
2130,5,385.6,NRT,PUS
2131,5,384.8,NRT,PUS
2132,5,384.8,NRT,PUS
2133,5,385.5,NRT,PUS
2134,5,387.1,NRT,PUS
2135,5,389.3,NRT,PUS
2136,5,307.7,TOY,ICN
2137,5,300.8,TOY,ICN
2138,5,295.1,TOY,ICN
2139,5,298.0,TOY,ICN
2140,5,304.4,TOY,ICN
2141,5,311.8,TOY,ICN
2142,5,319.9,TOY,ICN
2143,5,328.3,TOY,ICN
2144,5,337.1,TOY,ICN
2145,5,346.0,TOY,ICN
2146,5,355.0,TOY,ICN
2147,5,364.1,TOY,ICN
2148,5,373.4,TOY,ICN
2149,5,382.6,TOY,ICN
2150,5,391.9,TOY,ICN
2151,5,394.8,KIJ,ICN
2152,5,392.5,KIJ,ICN
2153,5,390.8,KIJ,ICN
2154,5,389.9,KIJ,ICN
2155,5,389.8,KIJ,ICN
2156,5,390.5,KIJ,ICN
2157,5,391.9,KIJ,ICN
2158,5,394.0,KIJ,ICN
2159,5,396.8,KIJ,ICN
2160,5,400.3,KIJ,ICN
2161,5,404.4,KIJ,ICN
2162,5,402.0,NRT,PUS
2163,5,399.2,NRT,PUS
2164,5,397.0,NRT,PUS
2165,5,395.6,NRT,PUS
2166,5,394.8,NRT,PUS
2167,5,394.8,NRT,PUS
2168,5,395.5,NRT,PUS
2169,5,396.9,NRT,PUS
2170,5,399.0,NRT,PUS
2171,5,314.6,TOY,ICN
2172,5,308.7,TOY,ICN
2173,5,304.1,TOY,ICN
2174,5,325.5,TOY,ICN
2175,5,333.2,TOY,ICN
2176,5,341.4,TOY,ICN
2177,5,349.9,TOY,ICN
2178,5,358.6,TOY,ICN
2179,5,367.4,TOY,ICN
2180,5,376.3,TOY,ICN
2181,5,385.3,TOY,ICN
2182,5,388.5,KIJ,ICN
2183,5,385.2,KIJ,ICN
2184,5,382.7,KIJ,ICN
2185,5,380.9,KIJ,ICN
2186,5,379.9,KIJ,ICN
2187,5,379.8,KIJ,ICN
2188,5,380.5,KIJ,ICN
2189,5,382.0,KIJ,ICN
2190,5,384.4,KIJ,ICN
2191,5,387.4,KIJ,ICN
2192,5,391.2,KIJ,ICN
2193,5,395.6,KIJ,ICN
2194,5,400.5,KIJ,ICN
2195,5,406.0,KIJ,ICN
2196,5,406.9,NRT,PUS
2197,5,405.5,NRT,PUS
2198,5,404.8,NRT,PUS
2199,5,404.8,NRT,PUS
2200,5,405.4,NRT,PUS
2201,5,406.8,NRT,PUS
2202,5,408.7,NRT,PUS
2203,5,411.3,NRT,PUS
2204,5,412.3,SDJ,ICN
2205,5,322.4,TOY,ICN
2206,5,346.7,TOY,ICN
2207,5,354.7,TOY,ICN
2208,5,363.0,TOY,ICN
2209,5,371.4,TOY,ICN
2210,5,380.0,TOY,ICN
2211,5,383.6,KIJ,ICN
2212,5,379.3,KIJ,ICN
2213,5,375.8,KIJ,ICN
2214,5,373.0,KIJ,ICN
2215,5,371.0,KIJ,ICN
2216,5,369.9,KIJ,ICN
2217,5,369.8,KIJ,ICN
2218,5,370.6,KIJ,ICN
2219,5,372.3,KIJ,ICN
2220,5,374.8,KIJ,ICN
2221,5,378.2,KIJ,ICN
2222,5,382.2,KIJ,ICN
2223,5,387.0,KIJ,ICN
2224,5,392.2,KIJ,ICN
2225,5,398.0,KIJ,ICN
2226,5,404.3,KIJ,ICN
2227,5,410.8,KIJ,ICN
2228,5,413.1,SDJ,ICN
2229,5,409.6,SDJ,ICN
2230,5,406.7,SDJ,ICN
2231,5,404.5,SDJ,ICN
2232,5,403.0,SDJ,ICN
2233,5,402.3,SDJ,ICN
2234,5,402.3,SDJ,ICN
2235,5,336.1,TOY,ICN
2236,5,330.7,TOY,ICN
2237,5,326.3,TOY,ICN
2238,5,376.2,TOY,ICN
2239,5,380.3,KIJ,ICN
2240,5,375.0,KIJ,ICN
2241,5,370.3,KIJ,ICN
2242,5,366.4,KIJ,ICN
2243,5,363.3,KIJ,ICN
2244,5,361.1,KIJ,ICN
2245,5,359.9,KIJ,ICN
2246,5,359.8,KIJ,ICN
2247,5,360.6,KIJ,ICN
2248,5,362.5,KIJ,ICN
2249,5,365.3,KIJ,ICN
2250,5,369.0,KIJ,ICN
2251,5,373.5,KIJ,ICN
2252,5,378.6,KIJ,ICN
2253,5,384.3,KIJ,ICN
2254,5,390.4,KIJ,ICN
2255,5,397.0,KIJ,ICN
2256,5,404.0,KIJ,ICN
2257,5,404.0,SDJ,ICN
2258,5,400.2,SDJ,ICN
2259,5,397.1,SDJ,ICN
2260,5,394.7,SDJ,ICN
2261,5,393.0,SDJ,ICN
2262,5,392.2,SDJ,ICN
2263,5,392.3,SDJ,ICN
2264,5,339.4,TOY,ICN
2265,5,335.6,TOY,ICN
2266,5,332.8,TOY,ICN
2267,5,372.3,KIJ,ICN
2268,5,366.6,KIJ,ICN
2269,5,361.5,KIJ,ICN
2270,5,357.2,KIJ,ICN
2271,5,353.7,KIJ,ICN
2272,5,351.3,KIJ,ICN
2273,5,349.9,KIJ,ICN
2274,5,349.8,KIJ,ICN
2275,5,350.7,KIJ,ICN
2276,5,352.9,KIJ,ICN
2277,5,356.0,KIJ,ICN
2278,5,360.1,KIJ,ICN
2279,5,364.9,KIJ,ICN
2280,5,370.5,KIJ,ICN
2281,5,376.6,KIJ,ICN
2282,5,383.2,KIJ,ICN
2283,5,390.2,KIJ,ICN
2284,5,397.5,KIJ,ICN
2285,5,395.0,SDJ,ICN
2286,5,390.9,SDJ,ICN
2287,5,387.5,SDJ,ICN
2288,5,384.9,SDJ,ICN
2289,5,383.1,SDJ,ICN
2290,5,382.2,SDJ,ICN
2291,5,382.3,SDJ,ICN
2292,5,348.5,TOY,ICN
2293,5,345.0,TOY,ICN
2294,5,342.5,TOY,ICN
2295,5,341.1,TOY,ICN
2296,5,340.9,TOY,ICN
2297,5,353.0,KIJ,ICN
2298,5,348.2,KIJ,ICN
2299,5,344.3,KIJ,ICN
2300,5,341.5,KIJ,ICN
2301,5,340.0,KIJ,ICN
2302,5,339.7,KIJ,ICN
2303,5,340.9,KIJ,ICN
2304,5,343.3,KIJ,ICN
2305,5,346.8,KIJ,ICN
2306,5,351.4,KIJ,ICN
2307,5,356.8,KIJ,ICN
2308,5,362.8,KIJ,ICN
2309,5,369.4,KIJ,ICN
2310,5,376.5,KIJ,ICN
2311,5,383.9,KIJ,ICN
2312,5,391.4,SDJ,ICN
2313,5,386.3,SDJ,ICN
2314,5,381.8,SDJ,ICN
2315,5,378.1,SDJ,ICN
2316,5,375.2,SDJ,ICN
2317,5,373.2,SDJ,ICN
2318,5,372.2,SDJ,ICN
2319,5,372.3,SDJ,ICN
2320,5,351.1,TOY,ICN
2321,5,350.9,TOY,ICN
2322,5,351.7,TOY,ICN
2323,5,344.8,KIJ,ICN
2324,5,339.4,KIJ,ICN
2325,5,335.0,KIJ,ICN
2326,5,331.8,KIJ,ICN
2327,5,330.0,KIJ,ICN
2328,5,329.7,KIJ,ICN
2329,5,331.1,KIJ,ICN
2330,5,333.9,KIJ,ICN
2331,5,337.9,KIJ,ICN
2332,5,343.1,KIJ,ICN
2333,5,349.0,KIJ,ICN
2334,5,355.7,KIJ,ICN
2335,5,362.8,KIJ,ICN
2336,5,370.3,KIJ,ICN
2337,5,378.2,KIJ,ICN
2338,5,383.4,SDJ,ICN
2339,5,377.8,SDJ,ICN
2340,5,372.9,SDJ,ICN
2341,5,368.8,SDJ,ICN
2342,5,365.5,SDJ,ICN
2343,5,363.3,SDJ,ICN
2344,5,362.2,SDJ,ICN
2345,5,362.3,SDJ,ICN
2346,5,331.1,KIJ,ICN
2347,5,326.0,KIJ,ICN
2348,5,322.2,KIJ,ICN
2349,5,320.0,KIJ,ICN
2350,5,319.7,KIJ,ICN
2351,5,321.4,KIJ,ICN
2352,5,324.7,KIJ,ICN
2353,5,329.4,KIJ,ICN
2354,5,335.3,KIJ,ICN
2355,5,341.9,KIJ,ICN
2356,5,349.1,KIJ,ICN
2357,5,356.8,KIJ,ICN
2358,5,364.8,KIJ,ICN
2359,5,373.1,KIJ,ICN
2360,5,375.7,SDJ,ICN
2361,5,369.7,SDJ,ICN
2362,5,364.2,SDJ,ICN
2363,5,359.6,SDJ,ICN
2364,5,356.0,SDJ,ICN
2365,5,353.5,SDJ,ICN
2366,5,352.2,SDJ,ICN
2367,5,352.3,SDJ,ICN
2368,5,317.5,KIJ,ICN
2369,5,312.9,KIJ,ICN
2370,5,310.1,KIJ,ICN
2371,5,309.8,KIJ,ICN
2372,5,311.8,KIJ,ICN
2373,5,315.9,KIJ,ICN
2374,5,321.5,KIJ,ICN
2375,5,328.2,KIJ,ICN
2376,5,335.6,KIJ,ICN
2377,5,343.5,KIJ,ICN
2378,5,351.7,KIJ,ICN
2379,5,360.2,KIJ,ICN
2380,5,368.8,KIJ,ICN
2381,5,368.6,SDJ,ICN
2382,5,361.9,SDJ,ICN
2383,5,356.0,SDJ,ICN
2384,5,350.8,SDJ,ICN
2385,5,346.6,SDJ,ICN
2386,5,343.7,SDJ,ICN
2387,5,342.2,SDJ,ICN
2388,5,342.3,SDJ,ICN
2389,5,309.7,KIJ,ICN
2390,5,303.9,KIJ,ICN
2391,5,300.3,KIJ,ICN
2392,5,299.8,KIJ,ICN
2393,5,302.5,KIJ,ICN
2394,5,307.7,KIJ,ICN
2395,5,314.5,KIJ,ICN
2396,5,322.1,KIJ,ICN
2397,5,330.3,KIJ,ICN
2398,5,338.8,KIJ,ICN
2399,5,347.6,KIJ,ICN
2400,5,356.5,KIJ,ICN
2401,5,365.5,KIJ,ICN
2402,5,362.1,SDJ,ICN
2403,5,354.8,SDJ,ICN
2404,5,348.2,SDJ,ICN
2405,5,342.3,SDJ,ICN
2406,5,337.5,SDJ,ICN
2407,5,334.0,SDJ,ICN
2408,5,332.3,SDJ,ICN
2409,5,332.3,SDJ,ICN
2410,5,295.9,KIJ,ICN
2411,5,290.7,KIJ,ICN
2412,5,289.9,KIJ,ICN
2413,5,294.0,KIJ,ICN
2414,5,300.9,KIJ,ICN
2415,5,308.9,KIJ,ICN
2416,5,317.5,KIJ,ICN
2417,5,326.4,KIJ,ICN
2418,5,335.5,KIJ,ICN
2419,5,344.6,KIJ,ICN
2420,5,353.8,KIJ,ICN
2421,5,363.1,KIJ,ICN
2422,5,356.4,SDJ,ICN
2423,5,348.5,SDJ,ICN
2424,5,341.1,SDJ,ICN
2425,5,334.4,SDJ,ICN
2426,5,328.7,SDJ,ICN
2427,5,324.5,SDJ,ICN
2428,5,322.3,SDJ,ICN
2429,5,322.4,SDJ,ICN
2430,5,345.9,KIJ,ICN
2431,5,336.5,KIJ,ICN
2432,5,282.2,KIJ,ICN
2433,5,280.4,KIJ,ICN
2434,5,287.6,KIJ,ICN
2435,5,296.5,KIJ,ICN
2436,5,305.6,KIJ,ICN
2437,5,314.9,KIJ,ICN
2438,5,324.3,KIJ,ICN
2439,5,333.6,KIJ,ICN
2440,5,343.0,KIJ,ICN
2441,5,352.4,KIJ,ICN
2442,5,360.5,SDJ,ICN
2443,5,351.7,SDJ,ICN
2444,5,343.3,SDJ,ICN
2445,5,335.1,SDJ,ICN
2446,5,327.4,SDJ,ICN
2447,5,320.7,SDJ,ICN
2448,5,315.4,SDJ,ICN
2449,5,312.4,SDJ,ICN
2450,5,336.3,KIJ,ICN
2451,5,326.9,KIJ,ICN
2452,5,286.9,KIJ,ICN
2453,5,296.0,KIJ,ICN
2454,5,305.3,KIJ,ICN
2455,5,314.7,KIJ,ICN
2456,5,324.0,KIJ,ICN
2457,5,333.4,KIJ,ICN
2458,5,342.8,KIJ,ICN
2459,5,352.2,KIJ,ICN
2460,5,357.5,SDJ,ICN
2461,5,348.4,SDJ,ICN
2462,5,339.3,SDJ,ICN
2463,5,330.5,SDJ,ICN
2464,5,321.9,SDJ,ICN
2465,5,313.9,SDJ,ICN
2466,5,306.9,SDJ,ICN
2467,5,302.6,SDJ,ICN
2468,5,346.9,KIJ,ICN
2469,5,337.7,KIJ,ICN
2470,5,299.7,KIJ,ICN
2471,5,308.0,KIJ,ICN
2472,5,316.8,KIJ,ICN
2473,5,325.8,KIJ,ICN
2474,5,334.9,KIJ,ICN
2475,5,344.1,KIJ,ICN
2476,5,353.3,KIJ,ICN
2477,5,355.8,SDJ,ICN
2478,5,346.4,SDJ,ICN
2479,5,337.1,SDJ,ICN
2480,5,327.8,SDJ,ICN
2481,5,318.6,SDJ,ICN
2482,5,309.4,SDJ,ICN
2483,5,300.6,SDJ,ICN
2484,5,293.3,SDJ,ICN
2485,5,340.6,KIJ,ICN
2486,5,313.2,KIJ,ICN
2487,5,321.0,KIJ,ICN
2488,5,329.3,KIJ,ICN
2489,5,337.9,KIJ,ICN
2490,5,346.7,KIJ,ICN
2491,5,355.6,KIJ,ICN
2492,5,355.5,SDJ,ICN
2493,5,346.2,SDJ,ICN
2494,5,336.8,SDJ,ICN
2495,5,327.4,SDJ,ICN
2496,5,318.1,SDJ,ICN
2497,5,308.7,SDJ,ICN
2498,5,299.5,SDJ,ICN
2499,5,290.9,SDJ,ICN
2500,5,336.7,KIJ,ICN
2501,5,319.9,KIJ,ICN
2502,5,326.7,KIJ,ICN
2503,5,334.3,KIJ,ICN
2504,5,342.2,KIJ,ICN
2505,5,350.5,KIJ,ICN
2506,5,359.1,KIJ,ICN
2507,5,356.7,SDJ,ICN
2508,5,347.5,SDJ,ICN
2509,5,338.4,SDJ,ICN
2510,5,329.4,SDJ,ICN
2511,5,320.5,SDJ,ICN
2512,5,312.1,SDJ,ICN
2513,5,304.6,SDJ,ICN
2514,5,299.5,SDJ,ICN
2515,5,299.7,SDJ,ICN
2516,5,327.7,KIJ,ICN
2517,5,333.6,KIJ,ICN
2518,5,340.4,KIJ,ICN
2519,5,347.7,KIJ,ICN
2520,5,355.4,KIJ,ICN
2521,5,363.5,KIJ,ICN
2522,5,359.2,SDJ,ICN
2523,5,350.4,SDJ,ICN
2524,5,341.7,SDJ,ICN
2525,5,333.4,SDJ,ICN
2526,5,325.4,SDJ,ICN
2527,5,318.3,SDJ,ICN
2528,5,312.6,SDJ,ICN
2529,5,309.2,SDJ,ICN
2530,5,309.4,SDJ,ICN
2531,5,342.4,SDJ,ICN
2532,5,341.3,KIJ,ICN
2533,5,347.3,KIJ,ICN
2534,5,354.0,KIJ,ICN
2535,5,361.2,KIJ,ICN
2536,5,368.8,KIJ,ICN
2537,5,362.9,SDJ,ICN
2538,5,354.6,SDJ,ICN
2539,5,346.5,SDJ,ICN
2540,5,338.9,SDJ,ICN
2541,5,332.0,SDJ,ICN
2542,5,326.0,SDJ,ICN
2543,5,321.6,SDJ,ICN
2544,5,319.1,SDJ,ICN
2545,5,319.2,SDJ,ICN
2546,5,321.8,SDJ,ICN
2547,5,326.5,SDJ,ICN
2548,5,332.5,SDJ,ICN
2549,5,339.5,SDJ,ICN
2550,5,349.5,KIJ,ICN
2551,5,355.0,KIJ,ICN
2552,5,361.0,KIJ,ICN
2553,5,367.7,KIJ,ICN
2554,5,374.7,KIJ,ICN
2555,5,367.7,SDJ,ICN
2556,5,359.9,SDJ,ICN
2557,5,352.5,SDJ,ICN
2558,5,345.7,SDJ,ICN
2559,5,339.6,SDJ,ICN
2560,5,334.6,SDJ,ICN
2561,5,331.0,SDJ,ICN
2562,5,329.1,SDJ,ICN
2563,5,329.2,SDJ,ICN
2564,5,331.2,SDJ,ICN
2565,5,335.0,SDJ,ICN
2566,5,340.1,SDJ,ICN
2567,5,346.2,SDJ,ICN
2568,5,353.1,SDJ,ICN
2569,5,363.0,KIJ,ICN
2570,5,368.6,KIJ,ICN
2571,5,374.7,KIJ,ICN
2572,5,381.0,SDJ,ICN
2573,5,373.4,SDJ,ICN
2574,5,366.1,SDJ,ICN
2575,5,359.4,SDJ,ICN
2576,5,353.3,SDJ,ICN
2577,5,347.9,SDJ,ICN
2578,5,343.6,SDJ,ICN
2579,5,340.6,SDJ,ICN
2580,5,339.1,SDJ,ICN
2581,5,339.1,SDJ,ICN
2582,5,340.8,SDJ,ICN
2583,5,343.9,SDJ,ICN
2584,5,348.3,SDJ,ICN
2585,5,353.7,SDJ,ICN
2586,5,359.9,SDJ,ICN
2587,5,371.5,KIJ,ICN
2588,5,376.6,KIJ,ICN
2589,5,382.3,KIJ,ICN
2590,5,386.9,SDJ,ICN
2591,5,379.8,SDJ,ICN
2592,5,373.1,SDJ,ICN
2593,5,366.9,SDJ,ICN
2594,5,361.4,SDJ,ICN
2595,5,356.7,SDJ,ICN
2596,5,353.0,SDJ,ICN
2597,5,350.4,SDJ,ICN
2598,5,349.1,SDJ,ICN
2599,5,349.1,SDJ,ICN
2600,5,350.5,SDJ,ICN
2601,5,353.2,SDJ,ICN
2602,5,357.0,SDJ,ICN
2603,5,361.8,SDJ,ICN
2604,5,367.4,SDJ,ICN
2605,5,384.9,KIJ,ICN
2606,5,390.2,KIJ,ICN
2607,5,393.4,SDJ,ICN
2608,5,386.7,SDJ,ICN
2609,5,380.6,SDJ,ICN
2610,5,374.9,SDJ,ICN
2611,5,369.9,SDJ,ICN
2612,5,365.7,SDJ,ICN
2613,5,362.4,SDJ,ICN
2614,5,360.2,SDJ,ICN
2615,5,359.1,SDJ,ICN
2616,5,359.1,SDJ,ICN
2617,5,360.3,SDJ,ICN
2618,5,362.7,SDJ,ICN
2619,5,366.0,SDJ,ICN
2620,5,370.3,SDJ,ICN
2621,5,375.3,SDJ,ICN
2622,5,398.4,KIJ,ICN
2623,5,400.4,SDJ,ICN
2624,5,394.2,SDJ,ICN
2625,5,388.5,SDJ,ICN
2626,5,383.3,SDJ,ICN
2627,5,378.8,SDJ,ICN
2628,5,375.0,SDJ,ICN
2629,5,372.1,SDJ,ICN
2630,5,370.1,SDJ,ICN
2631,5,369.1,SDJ,ICN
2632,5,369.1,SDJ,ICN
2633,5,370.2,SDJ,ICN
2634,5,372.3,SDJ,ICN
2635,5,375.3,SDJ,ICN
2636,5,379.1,SDJ,ICN
2637,5,383.7,SDJ,ICN
2638,5,388.9,SDJ,ICN
2639,5,406.8,KIJ,ICN
2640,5,407.9,SDJ,ICN
2641,5,402.1,SDJ,ICN
2642,5,396.7,SDJ,ICN
2643,5,392.0,SDJ,ICN
2644,5,387.8,SDJ,ICN
2645,5,384.4,SDJ,ICN
2646,5,381.7,SDJ,ICN
2647,5,380.0,SDJ,ICN
2648,5,379.1,SDJ,ICN
2649,5,379.1,SDJ,ICN
2650,5,380.1,SDJ,ICN
2651,5,381.9,SDJ,ICN
2652,5,384.6,SDJ,ICN
2653,5,388.1,SDJ,ICN
2654,5,392.3,SDJ,ICN
2655,5,397.1,SDJ,ICN
2656,5,415.5,KIJ,ICN
2657,5,415.6,SDJ,ICN
2658,5,410.2,SDJ,ICN
2659,5,405.3,SDJ,ICN
2660,5,400.8,SDJ,ICN
2661,5,397.0,SDJ,ICN
2662,5,393.9,SDJ,ICN
2663,5,391.5,SDJ,ICN
2664,5,389.9,SDJ,ICN
2665,5,389.1,SDJ,ICN
2666,5,389.1,SDJ,ICN
2667,5,390.0,SDJ,ICN
2668,5,391.7,SDJ,ICN
2669,5,394.1,SDJ,ICN
2670,5,397.3,SDJ,ICN
2671,5,401.2,SDJ,ICN
2672,5,405.6,SDJ,ICN
2673,5,410.6,SDJ,ICN
2674,5,416.1,SDJ,ICN
2675,5,424.3,KIJ,ICN
2676,5,423.7,SDJ,ICN
2677,5,418.6,SDJ,ICN
2678,5,414.0,SDJ,ICN
2679,5,409.9,SDJ,ICN
2680,5,406.4,SDJ,ICN
2681,5,403.5,SDJ,ICN
2682,5,401.3,SDJ,ICN
2683,5,399.8,SDJ,ICN
2684,5,399.1,SDJ,ICN
2685,5,399.1,SDJ,ICN
2686,5,399.9,SDJ,ICN
2687,5,401.4,SDJ,ICN
2688,5,403.7,SDJ,ICN
2689,5,406.6,SDJ,ICN
2690,5,410.2,SDJ,ICN
2691,5,414.3,SDJ,ICN
2692,5,419.0,SDJ,ICN
2693,5,424.1,SDJ,ICN
2694,5,432.0,SDJ,ICN
2695,5,427.2,SDJ,ICN
2696,5,422.9,SDJ,ICN
2697,5,419.1,SDJ,ICN
2698,5,415.8,SDJ,ICN
2699,5,413.2,SDJ,ICN
2700,5,411.1,SDJ,ICN
2701,5,409.8,SDJ,ICN
2702,5,409.1,SDJ,ICN
2703,5,409.1,SDJ,ICN
2704,5,409.8,SDJ,ICN
2705,5,411.3,SDJ,ICN
2706,5,413.3,SDJ,ICN
2707,5,416.1,SDJ,ICN
2708,5,419.4,SDJ,ICN
2709,5,423.2,SDJ,ICN
2710,5,427.6,SDJ,ICN
2711,5,432.4,SDJ,ICN
2712,5,440.5,SDJ,ICN
2713,5,436.0,SDJ,ICN
2714,5,432.0,SDJ,ICN
2715,5,428.4,SDJ,ICN
2716,5,425.3,SDJ,ICN
2717,5,422.9,SDJ,ICN
2718,5,421.0,SDJ,ICN
2719,5,419.7,SDJ,ICN
2720,5,419.1,SDJ,ICN
2721,5,419.1,SDJ,ICN
2722,5,419.8,SDJ,ICN
2723,5,421.1,SDJ,ICN
2724,5,423.0,SDJ,ICN
2725,5,425.6,SDJ,ICN
2726,5,428.6,SDJ,ICN
2727,5,432.3,SDJ,ICN
2728,5,436.4,SDJ,ICN
2729,5,440.9,SDJ,ICN
2730,5,438.7,AOJ,ICN
2731,5,436.1,AOJ,ICN
2732,5,433.9,AOJ,ICN
2733,5,432.3,AOJ,ICN
2734,5,431.3,AOJ,ICN
2735,5,430.8,AOJ,ICN
2736,5,429.7,SDJ,ICN
2737,5,429.1,SDJ,ICN
2738,5,429.1,SDJ,ICN
2739,5,429.8,SDJ,ICN
2740,5,431.0,SDJ,ICN
2741,5,432.8,SDJ,ICN
2742,5,435.1,SDJ,ICN
2743,5,438.0,SDJ,ICN
2744,5,441.4,SDJ,ICN
2745,5,445.3,SDJ,ICN
2746,5,449.6,SDJ,ICN
2747,5,454.3,SDJ,ICN
2748,5,429.3,AOJ,ICN
2749,5,426.4,AOJ,ICN
2750,5,424.1,AOJ,ICN
2751,5,422.4,AOJ,ICN
2752,5,421.3,AOJ,ICN
2753,5,420.8,AOJ,ICN
2754,5,420.9,AOJ,ICN
2755,5,421.6,AOJ,ICN
2756,5,422.9,AOJ,ICN
2757,5,424.8,AOJ,ICN
2758,5,427.3,AOJ,ICN
2759,5,430.3,AOJ,ICN
2760,5,433.8,AOJ,ICN
2761,5,437.8,AOJ,ICN
2762,5,442.2,AOJ,ICN
2763,5,447.0,AOJ,ICN
2764,5,452.2,AOJ,ICN
2765,5,457.7,AOJ,ICN
2766,5,419.9,AOJ,ICN
2767,5,416.8,AOJ,ICN
2768,5,414.4,AOJ,ICN
2769,5,412.5,AOJ,ICN
2770,5,411.3,AOJ,ICN
2771,5,410.7,AOJ,ICN
2772,5,410.8,AOJ,ICN
2773,5,411.6,AOJ,ICN
2774,5,413.0,AOJ,ICN
2775,5,415.1,AOJ,ICN
2776,5,417.7,AOJ,ICN
2777,5,421.0,AOJ,ICN
2778,5,424.7,AOJ,ICN
2779,5,428.9,AOJ,ICN
2780,5,433.6,AOJ,ICN
2781,5,438.7,AOJ,ICN
2782,5,444.1,AOJ,ICN
2783,5,449.9,AOJ,ICN
2784,5,410.6,AOJ,ICN
2785,5,407.3,AOJ,ICN
2786,5,404.7,AOJ,ICN
2787,5,402.7,AOJ,ICN
2788,5,401.3,AOJ,ICN
2789,5,400.7,AOJ,ICN
2790,5,400.8,AOJ,ICN
2791,5,401.7,AOJ,ICN
2792,5,403.2,AOJ,ICN
2793,5,405.4,AOJ,ICN
2794,5,408.3,AOJ,ICN
2795,5,411.8,AOJ,ICN
2796,5,415.8,AOJ,ICN
2797,5,420.3,AOJ,ICN
2798,5,425.2,AOJ,ICN
2799,5,430.6,AOJ,ICN
2800,5,436.3,AOJ,ICN
2801,5,442.4,AOJ,ICN
2802,5,401.4,AOJ,ICN
2803,5,397.9,AOJ,ICN
2804,5,395.0,AOJ,ICN
2805,5,392.8,AOJ,ICN
2806,5,391.4,AOJ,ICN
2807,5,390.7,AOJ,ICN
2808,5,390.8,AOJ,ICN
2809,5,391.8,AOJ,ICN
2810,5,393.4,AOJ,ICN
2811,5,395.8,AOJ,ICN
2812,5,398.9,AOJ,ICN
2813,5,402.7,AOJ,ICN
2814,5,407.0,AOJ,ICN
2815,5,411.8,AOJ,ICN
2816,5,417.1,AOJ,ICN
2817,5,422.7,AOJ,ICN
2818,5,428.8,AOJ,ICN
2819,5,435.1,AOJ,ICN
2820,5,407.4,AOJ,ICN
2821,5,396.9,AOJ,ICN
2822,5,392.4,AOJ,ICN
2823,5,388.6,AOJ,ICN
2824,5,385.4,AOJ,ICN
2825,5,383.0,AOJ,ICN
2826,5,381.4,AOJ,ICN
2827,5,380.7,AOJ,ICN
2828,5,380.8,AOJ,ICN
2829,5,381.8,AOJ,ICN
2830,5,383.7,AOJ,ICN
2831,5,386.3,AOJ,ICN
2832,5,389.7,AOJ,ICN
2833,5,393.8,AOJ,ICN
2834,5,398.4,AOJ,ICN
2835,5,403.6,AOJ,ICN
2836,5,409.2,AOJ,ICN
2837,5,415.2,AOJ,ICN
2838,5,421.5,AOJ,ICN
2839,5,428.2,AOJ,ICN
2840,5,393.8,AOJ,ICN
2841,5,388.4,AOJ,ICN
2842,5,383.6,AOJ,ICN
2843,5,379.4,AOJ,ICN
2844,5,375.9,AOJ,ICN
2845,5,373.3,AOJ,ICN
2846,5,371.5,AOJ,ICN
2847,5,370.7,AOJ,ICN
2848,5,370.8,AOJ,ICN
2849,5,372.0,AOJ,ICN
2850,5,374.0,AOJ,ICN
2851,5,376.9,AOJ,ICN
2852,5,380.6,AOJ,ICN
2853,5,385.1,AOJ,ICN
2854,5,390.1,AOJ,ICN
2855,5,395.6,AOJ,ICN
2856,5,401.6,AOJ,ICN
2857,5,408.0,AOJ,ICN
2858,5,414.7,AOJ,ICN
2859,5,421.7,AOJ,ICN
2860,5,380.3,AOJ,ICN
2861,5,375.0,AOJ,ICN
2862,5,370.4,AOJ,ICN
2863,5,366.6,AOJ,ICN
2864,5,363.6,AOJ,ICN
2865,5,361.6,AOJ,ICN
2866,5,360.7,AOJ,ICN
2867,5,360.9,AOJ,ICN
2868,5,362.1,AOJ,ICN
2869,5,364.4,AOJ,ICN
2870,5,367.7,AOJ,ICN
2871,5,371.8,AOJ,ICN
2872,5,376.6,AOJ,ICN
2873,5,382.1,AOJ,ICN
2874,5,388.1,AOJ,ICN
2875,5,394.5,AOJ,ICN
2876,5,401.2,AOJ,ICN
2877,5,408.3,AOJ,ICN
2878,5,372.6,AOJ,ICN
2879,5,366.8,AOJ,ICN
2880,5,361.7,AOJ,ICN
2881,5,357.4,AOJ,ICN
2882,5,354.0,AOJ,ICN
2883,5,351.7,AOJ,ICN
2884,5,350.7,AOJ,ICN
2885,5,350.9,AOJ,ICN
2886,5,352.3,AOJ,ICN
2887,5,355.0,AOJ,ICN
2888,5,358.6,AOJ,ICN
2889,5,363.2,AOJ,ICN
2890,5,368.6,AOJ,ICN
2891,5,374.5,AOJ,ICN
2892,5,380.9,AOJ,ICN
2893,5,387.8,AOJ,ICN
2894,5,395.0,AOJ,ICN
2895,5,402.4,AOJ,ICN
2896,5,359.0,AOJ,ICN
2897,5,353.3,AOJ,ICN
2898,5,348.4,AOJ,ICN
2899,5,344.6,AOJ,ICN
2900,5,341.9,AOJ,ICN
2901,5,340.7,AOJ,ICN
2902,5,340.9,AOJ,ICN
2903,5,342.6,AOJ,ICN
2904,5,345.7,AOJ,ICN
2905,5,349.9,AOJ,ICN
2906,5,355.0,AOJ,ICN
2907,5,360.9,AOJ,ICN
2908,5,367.4,AOJ,ICN
2909,5,374.4,AOJ,ICN
2910,5,381.7,AOJ,ICN
2911,5,389.3,AOJ,ICN
2912,5,351.8,AOJ,ICN
2913,5,345.5,AOJ,ICN
2914,5,339.9,AOJ,ICN
2915,5,335.4,AOJ,ICN
2916,5,332.2,AOJ,ICN
2917,5,330.7,AOJ,ICN
2918,5,331.0,AOJ,ICN
2919,5,333.0,AOJ,ICN
2920,5,336.7,AOJ,ICN
2921,5,341.6,AOJ,ICN
2922,5,347.4,AOJ,ICN
2923,5,354.0,AOJ,ICN
2924,5,361.1,AOJ,ICN
2925,5,368.5,AOJ,ICN
2926,5,376.3,AOJ,ICN
2927,5,384.3,AOJ,ICN
2928,5,353.1,AOJ,ICN
2929,5,345.5,AOJ,ICN
2930,5,338.4,AOJ,ICN
2931,5,331.9,AOJ,ICN
2932,5,326.5,AOJ,ICN
2933,5,322.6,AOJ,ICN
2934,5,320.7,AOJ,ICN
2935,5,321.1,AOJ,ICN
2936,5,323.7,AOJ,ICN
2937,5,328.1,AOJ,ICN
2938,5,333.9,AOJ,ICN
2939,5,340.6,AOJ,ICN
2940,5,347.8,AOJ,ICN
2941,5,355.5,AOJ,ICN
2942,5,363.5,AOJ,ICN
2943,5,371.8,AOJ,ICN
2944,5,348.5,AOJ,ICN
2945,5,340.3,AOJ,ICN
2946,5,332.4,AOJ,ICN
2947,5,325.0,AOJ,ICN
2948,5,318.4,AOJ,ICN
2949,5,313.4,AOJ,ICN
2950,5,310.7,AOJ,ICN
2951,5,311.2,AOJ,ICN
2952,5,314.8,AOJ,ICN
2953,5,320.4,AOJ,ICN
2954,5,327.2,AOJ,ICN
2955,5,334.8,AOJ,ICN
2956,5,342.8,AOJ,ICN
2957,5,351.1,AOJ,ICN
2958,5,359.6,AOJ,ICN
2959,5,354.0,AOJ,ICN
2960,5,345.2,AOJ,ICN
2961,5,336.5,AOJ,ICN
2962,5,327.9,AOJ,ICN
2963,5,319.5,AOJ,ICN
2964,5,311.7,AOJ,ICN
2965,5,304.9,AOJ,ICN
2966,5,300.8,AOJ,ICN
2967,5,301.7,AOJ,ICN
2968,5,306.9,AOJ,ICN
2969,5,314.1,AOJ,ICN
2970,5,322.1,AOJ,ICN
2971,5,330.6,AOJ,ICN
2972,5,339.2,AOJ,ICN
2973,5,348.0,AOJ,ICN
2974,5,343.5,AOJ,ICN
2975,5,334.5,AOJ,ICN
2976,5,325.5,AOJ,ICN
2977,5,316.5,AOJ,ICN
2978,5,307.6,AOJ,ICN
2979,5,298.9,AOJ,ICN
2980,5,291.5,AOJ,ICN
2981,5,293.4,AOJ,ICN
2982,5,301.6,AOJ,ICN
2983,5,310.4,AOJ,ICN
2984,5,319.4,AOJ,ICN
2985,5,328.4,AOJ,ICN
2986,5,337.4,AOJ,ICN
2987,5,346.4,AOJ,ICN
2988,5,316.7,AOJ,ICN
2989,5,307.8,AOJ,ICN
2990,5,299.3,AOJ,ICN
2991,5,292.3,AOJ,ICN
2992,5,294.1,AOJ,ICN
2993,5,301.9,AOJ,ICN
2994,5,310.6,AOJ,ICN
2995,5,319.5,AOJ,ICN
2996,5,328.4,AOJ,ICN
2997,5,337.4,AOJ,ICN
2998,5,346.4,AOJ,ICN
2999,5,319.9,AOJ,ICN
3000,5,312.2,AOJ,ICN
3001,5,305.6,AOJ,ICN
3002,5,301.8,AOJ,ICN
3003,5,307.5,AOJ,ICN
3004,5,314.6,AOJ,ICN
3005,5,322.5,AOJ,ICN
3006,5,330.8,AOJ,ICN
3007,5,339.4,AOJ,ICN
3008,5,325.5,AOJ,ICN
3009,5,319.1,AOJ,ICN
3010,5,314.2,AOJ,ICN
3011,5,311.7,AOJ,ICN
3012,5,315.5,AOJ,ICN
3013,5,321.0,AOJ,ICN
3014,5,343.1,AOJ,ICN
3015,5,332.6,AOJ,ICN
3016,5,327.3,AOJ,ICN
3017,5,323.5,AOJ,ICN
3018,5,348.2,AOJ,ICN
3019,5,340.6,AOJ,ICN
3020,5,336.2,AOJ,ICN
3021,5,333.1,AOJ,ICN
3022,5,354.4,AOJ,ICN
3023,5,343.5,AOJ,ICN
3024,5,346.5,AOJ,ICN
3025,5,350.6,AOJ,ICN
3026,5,361.4,AOJ,ICN
3027,5,367.8,AOJ,ICN
3028,5,353.2,AOJ,ICN
3029,5,355.8,AOJ,ICN
3030,5,359.4,AOJ,ICN
3031,5,363.8,AOJ,ICN
3032,5,369.0,AOJ,ICN
3033,5,374.8,AOJ,ICN
3034,5,363.0,AOJ,ICN
3035,5,365.3,AOJ,ICN
3036,5,368.4,AOJ,ICN
3037,5,426.2,AOJ,ICN
3038,5,384.1,AOJ,ICN
3039,5,380.1,AOJ,ICN
3040,5,397.3,AOJ,ICN
3041,5,393.0,AOJ,ICN
3042,5,389.3,AOJ,ICN
3043,5,386.2,AOJ,ICN
3044,5,406.0,AOJ,ICN
3045,5,402.0,AOJ,ICN
3046,5,398.6,AOJ,ICN
3047,5,395.8,AOJ,ICN
3048,5,393.7,AOJ,ICN
3049,5,411.2,AOJ,ICN
3050,5,408.0,AOJ,ICN
3051,5,405.5,AOJ,ICN
3052,5,403.5,AOJ,ICN
3053,5,402.3,AOJ,ICN
3054,5,401.8,AOJ,ICN
3055,5,402.6,AOJ,ICN
3056,5,404.1,AOJ,ICN
3057,5,406.2,AOJ,ICN
3058,5,417.6,AOJ,ICN
3059,5,415.2,AOJ,ICN
3060,5,413.4,AOJ,ICN
3061,5,412.2,AOJ,ICN
3062,5,411.7,AOJ,ICN
3063,5,411.8,AOJ,ICN
3064,5,412.5,AOJ,ICN
3065,5,411.1,CTS,PUS
3066,5,406.9,CTS,PUS
3067,5,427.1,AOJ,ICN
3068,5,424.9,AOJ,ICN
3069,5,423.3,AOJ,ICN
3070,5,422.2,AOJ,ICN
3071,5,418.8,CTS,PUS
3072,5,413.0,CTS,PUS
3073,5,407.5,CTS,PUS
3074,5,449.9,CTS,PUS
3075,5,439.3,AOJ,ICN
3076,5,436.8,AOJ,ICN
3077,5,432.0,CTS,PUS
3078,5,425.0,CTS,PUS
3079,5,418.2,CTS,PUS
3080,5,411.7,CTS,PUS
3081,5,405.4,CTS,PUS
3082,5,436.9,CTS,PUS
3083,5,444.2,CTS,PUS
3084,5,471.9,AOJ,ICN
3085,5,449.2,CTS,PUS
3086,5,441.5,CTS,PUS
3087,5,433.8,CTS,PUS
3088,5,426.3,CTS,PUS
3089,5,419.0,CTS,PUS
3090,5,416.6,CTS,PUS
3091,5,423.9,CTS,PUS
3092,5,431.3,CTS,PUS
3093,5,438.9,CTS,PUS
3094,5,452.9,CTS,PUS
3095,5,444.8,CTS,PUS
3096,5,436.8,CTS,PUS
3097,5,428.9,CTS,PUS
3098,5,421.1,CTS,PUS
3099,5,396.4,CTS,PUS
3100,5,403.6,CTS,PUS
3101,5,411.0,CTS,PUS
3102,5,418.6,CTS,PUS
3103,5,426.4,CTS,PUS
3104,5,434.2,CTS,PUS
3105,5,457.5,CTS,PUS
3106,5,449.2,CTS,PUS
3107,5,440.9,CTS,PUS
3108,5,432.7,CTS,PUS
3109,5,424.6,CTS,PUS
3110,5,371.8,CTS,PUS
3111,5,376.3,CTS,PUS
3112,5,383.4,CTS,PUS
3113,5,390.7,CTS,PUS
3114,5,398.3,CTS,PUS
3115,5,406.0,CTS,PUS
3116,5,413.9,CTS,PUS
3117,5,422.0,CTS,PUS
3118,5,430.1,CTS,PUS
3119,5,446.1,CTS,PUS
3120,5,437.7,CTS,PUS
3121,5,429.3,CTS,PUS
3122,5,420.9,CTS,PUS
3123,5,365.5,CTS,PUS
3124,5,358.5,CTS,PUS
3125,5,356.4,CTS,PUS
3126,5,363.2,CTS,PUS
3127,5,370.5,CTS,PUS
3128,5,378.0,CTS,PUS
3129,5,385.8,CTS,PUS
3130,5,393.7,CTS,PUS
3131,5,401.8,CTS,PUS
3132,5,410.0,CTS,PUS
3133,5,418.2,CTS,PUS
3134,5,426.5,CTS,PUS
3135,5,434.9,CTS,PUS
3136,5,443.6,CTS,PUS
3137,5,435.0,CTS,PUS
3138,5,426.5,CTS,PUS
3139,5,418.0,CTS,PUS
3140,5,409.5,CTS,PUS
3141,5,368.1,CTS,PUS
3142,5,360.3,CTS,PUS
3143,5,352.6,CTS,PUS
3144,5,345.4,CTS,PUS
3145,5,336.7,CTS,PUS
3146,5,343.2,CTS,PUS
3147,5,350.2,CTS,PUS
3148,5,357.7,CTS,PUS
3149,5,365.5,CTS,PUS
3150,5,373.5,CTS,PUS
3151,5,381.7,CTS,PUS
3152,5,390.0,CTS,PUS
3153,5,398.3,CTS,PUS
3154,5,406.7,CTS,PUS
3155,5,415.2,CTS,PUS
3156,5,423.7,CTS,PUS
3157,5,432.2,CTS,PUS
3158,5,440.8,CTS,PUS
3159,5,441.7,CTS,PUS
3160,5,433.1,CTS,PUS
3161,5,424.4,CTS,PUS
3162,5,415.7,CTS,PUS
3163,5,407.1,CTS,PUS
3164,5,398.5,CTS,PUS
3165,5,389.9,CTS,PUS
3166,5,372.9,CTS,PUS
3167,5,364.5,CTS,PUS
3168,5,356.1,CTS,PUS
3169,5,348.0,CTS,PUS
3170,5,340.0,CTS,PUS
3171,5,332.4,CTS,PUS
3172,5,325.5,CTS,PUS
3173,5,323.4,CTS,PUS
3174,5,330.1,CTS,PUS
3175,5,337.5,CTS,PUS
3176,5,345.3,CTS,PUS
3177,5,353.5,CTS,PUS
3178,5,361.7,CTS,PUS
3179,5,370.1,CTS,PUS
3180,5,378.6,CTS,PUS
3181,5,387.1,CTS,PUS
3182,5,395.7,CTS,PUS
3183,5,404.3,CTS,PUS
3184,5,412.9,CTS,PUS
3185,5,421.6,CTS,PUS
3186,5,430.2,CTS,PUS
3187,5,438.9,CTS,PUS
3188,5,440.5,CTS,PUS
3189,5,431.8,CTS,PUS
3190,5,423.1,CTS,PUS
3191,5,414.3,CTS,PUS
3192,5,405.6,CTS,PUS
3193,5,396.9,CTS,PUS
3194,5,388.1,CTS,PUS
3195,5,379.4,CTS,PUS
3196,5,370.8,CTS,PUS
3197,5,362.1,CTS,PUS
3198,5,353.4,CTS,PUS
3199,5,344.9,CTS,PUS
3200,5,336.3,CTS,PUS
3201,5,327.9,CTS,PUS
3202,5,319.8,CTS,PUS
3203,5,312.3,CTS,PUS
3204,5,306.5,CTS,PUS
3205,5,305.4,CTS,PUS
3206,5,310.1,CTS,PUS
3207,5,317.3,CTS,PUS
3208,5,325.3,CTS,PUS
3209,5,333.6,CTS,PUS
3210,5,342.1,CTS,PUS
3211,5,350.6,CTS,PUS
3212,5,359.3,CTS,PUS
3213,5,367.9,CTS,PUS
3214,5,376.6,CTS,PUS
3215,5,385.3,CTS,PUS
3216,5,394.0,CTS,PUS
3217,5,402.7,CTS,PUS
3218,5,411.5,CTS,PUS
3219,5,420.2,CTS,PUS
3220,5,428.9,CTS,PUS
3221,5,437.7,CTS,PUS
3222,5,446.0,AKJ,ICN
3223,5,413.7,CTS,PUS
3224,5,405.0,CTS,PUS
3225,5,396.2,CTS,PUS
3226,5,387.4,CTS,PUS
3227,5,378.7,CTS,PUS
3228,5,369.9,CTS,PUS
3229,5,361.1,CTS,PUS
3230,5,352.4,CTS,PUS
3231,5,343.6,CTS,PUS
3232,5,334.8,CTS,PUS
3233,5,326.1,CTS,PUS
3234,5,317.3,CTS,PUS
3235,5,308.6,CTS,PUS
3236,5,299.9,CTS,PUS
3237,5,297.1,CTS,PUS
3238,5,305.7,CTS,PUS
3239,5,314.5,CTS,PUS
3240,5,323.2,CTS,PUS
3241,5,332.0,CTS,PUS
3242,5,340.8,CTS,PUS
3243,5,349.5,CTS,PUS
3244,5,358.3,CTS,PUS
3245,5,367.0,CTS,PUS
3246,5,375.8,CTS,PUS
3247,5,384.6,CTS,PUS
3248,5,393.3,CTS,PUS
3249,5,402.1,CTS,PUS
3250,5,410.9,CTS,PUS
3251,5,419.6,CTS,PUS
3252,5,427.4,AKJ,ICN
3253,5,432.7,AKJ,ICN
3254,5,438.3,AKJ,ICN
3255,5,444.2,AKJ,ICN
3256,5,396.5,CTS,PUS
3257,5,387.8,CTS,PUS
3258,5,379.1,CTS,PUS
3259,5,370.4,CTS,PUS
3260,5,361.7,CTS,PUS
3261,5,353.0,CTS,PUS
3262,5,344.4,CTS,PUS
3263,5,335.8,CTS,PUS
3264,5,327.3,CTS,PUS
3265,5,318.9,CTS,PUS
3266,5,311.0,CTS,PUS
3267,5,304.6,CTS,PUS
3268,5,303.4,CTS,PUS
3269,5,308.7,CTS,PUS
3270,5,316.3,CTS,PUS
3271,5,324.5,CTS,PUS
3272,5,333.0,CTS,PUS
3273,5,341.6,CTS,PUS
3274,5,350.2,CTS,PUS
3275,5,358.8,CTS,PUS
3276,5,367.5,CTS,PUS
3277,5,376.2,CTS,PUS
3278,5,384.9,CTS,PUS
3279,5,393.7,CTS,PUS
3280,5,402.4,CTS,PUS
3281,5,409.4,AKJ,ICN
3282,5,414.2,AKJ,ICN
3283,5,419.4,AKJ,ICN
3284,5,425.0,AKJ,ICN
3285,5,430.9,AKJ,ICN
3286,5,437.2,AKJ,ICN
3287,5,443.7,AKJ,ICN
3288,5,450.4,AKJ,ICN
3289,5,397.8,CTS,PUS
3290,5,389.2,CTS,PUS
3291,5,380.6,CTS,PUS
3292,5,372.1,CTS,PUS
3293,5,363.7,CTS,PUS
3294,5,355.3,CTS,PUS
3295,5,347.0,CTS,PUS
3296,5,339.0,CTS,PUS
3297,5,331.2,CTS,PUS
3298,5,324.0,CTS,PUS
3299,5,317.9,CTS,PUS
3300,5,313.8,CTS,PUS
3301,5,313.1,CTS,PUS
3302,5,316.2,CTS,PUS
3303,5,321.8,CTS,PUS
3304,5,328.8,CTS,PUS
3305,5,336.4,CTS,PUS
3306,5,344.4,CTS,PUS
3307,5,352.6,CTS,PUS
3308,5,360.9,CTS,PUS
3309,5,369.4,CTS,PUS
3310,5,377.9,CTS,PUS
3311,5,386.4,CTS,PUS
3312,5,392.4,AKJ,ICN
3313,5,396.4,AKJ,ICN
3314,5,401.0,AKJ,ICN
3315,5,406.1,AKJ,ICN
3316,5,411.7,AKJ,ICN
3317,5,417.6,AKJ,ICN
3318,5,423.9,AKJ,ICN
3319,5,430.5,AKJ,ICN
3320,5,437.4,AKJ,ICN
3321,5,444.4,AKJ,ICN
3322,5,451.6,AKJ,ICN
3323,5,505.3,AKJ,ICN
3324,5,391.6,CTS,PUS
3325,5,383.3,CTS,PUS
3326,5,375.1,CTS,PUS
3327,5,367.0,CTS,PUS
3328,5,359.0,CTS,PUS
3329,5,351.3,CTS,PUS
3330,5,344.0,CTS,PUS
3331,5,337.2,CTS,PUS
3332,5,331.1,CTS,PUS
3333,5,326.4,CTS,PUS
3334,5,323.5,CTS,PUS
3335,5,323.1,CTS,PUS
3336,5,325.2,CTS,PUS
3337,5,329.4,CTS,PUS
3338,5,335.1,CTS,PUS
3339,5,341.7,CTS,PUS
3340,5,348.9,CTS,PUS
3341,5,356.5,CTS,PUS
3342,5,364.4,CTS,PUS
3343,5,372.4,CTS,PUS
3344,5,376.9,AKJ,ICN
3345,5,379.7,AKJ,ICN
3346,5,383.4,AKJ,ICN
3347,5,387.8,AKJ,ICN
3348,5,392.8,AKJ,ICN
3349,5,398.4,AKJ,ICN
3350,5,404.4,AKJ,ICN
3351,5,410.7,AKJ,ICN
3352,5,417.4,AKJ,ICN
3353,5,424.4,AKJ,ICN
3354,5,431.5,AKJ,ICN
3355,5,438.8,AKJ,ICN
3356,5,446.3,AKJ,ICN
3357,5,453.9,AKJ,ICN
3358,5,461.6,AKJ,ICN
3359,5,469.4,AKJ,ICN
3360,5,477.3,AKJ,ICN
3361,5,485.3,AKJ,ICN
3362,5,493.3,AKJ,ICN
3363,5,501.4,AKJ,ICN
3364,5,509.5,AKJ,ICN
3365,5,517.7,AKJ,ICN
3366,5,395.0,CTS,PUS
3367,5,387.0,CTS,PUS
3368,5,379.1,CTS,PUS
3369,5,371.5,CTS,PUS
3370,5,364.0,CTS,PUS
3371,5,357.0,CTS,PUS
3372,5,350.4,CTS,PUS
3373,5,344.4,CTS,PUS
3374,5,339.4,CTS,PUS
3375,5,335.6,CTS,PUS
3376,5,333.4,CTS,PUS
3377,5,333.1,CTS,PUS
3378,5,334.7,CTS,PUS
3379,5,338.0,CTS,PUS
3380,5,342.7,CTS,PUS
3381,5,348.3,CTS,PUS
3382,5,354.8,CTS,PUS
3383,5,361.7,CTS,PUS
3384,5,364.2,AKJ,ICN
3385,5,365.2,AKJ,ICN
3386,5,367.3,AKJ,ICN
3387,5,370.5,AKJ,ICN
3388,5,374.7,AKJ,ICN
3389,5,379.6,AKJ,ICN
3390,5,385.1,AKJ,ICN
3391,5,391.1,AKJ,ICN
3392,5,397.6,AKJ,ICN
3393,5,404.4,AKJ,ICN
3394,5,411.4,AKJ,ICN
3395,5,418.7,AKJ,ICN
3396,5,426.2,AKJ,ICN
3397,5,433.8,AKJ,ICN
3398,5,441.5,AKJ,ICN
3399,5,449.4,AKJ,ICN
3400,5,457.3,AKJ,ICN
3401,5,465.3,AKJ,ICN
3402,5,473.4,AKJ,ICN
3403,5,481.5,AKJ,ICN
3404,5,489.7,AKJ,ICN
3405,5,497.9,AKJ,ICN
3406,5,506.2,AKJ,ICN
3407,5,514.5,AKJ,ICN
3408,5,522.8,AKJ,ICN
3409,5,407.0,CTS,PUS
3410,5,399.2,CTS,PUS
3411,5,391.5,CTS,PUS
3412,5,384.1,CTS,PUS
3413,5,370.0,CTS,PUS
3414,5,348.2,CTS,PUS
3415,5,345.1,CTS,PUS
3416,5,343.3,CTS,PUS
3417,5,343.1,CTS,PUS
3418,5,344.3,CTS,PUS
3419,5,347.0,CTS,PUS
3420,5,351.0,CTS,PUS
3421,5,355.9,CTS,PUS
3422,5,356.2,AKJ,ICN
3423,5,354.5,AKJ,ICN
3424,5,354.2,AKJ,ICN
3425,5,355.3,AKJ,ICN
3426,5,357.9,AKJ,ICN
3427,5,361.6,AKJ,ICN
3428,5,366.3,AKJ,ICN
3429,5,371.8,AKJ,ICN
3430,5,377.9,AKJ,ICN
3431,5,384.5,AKJ,ICN
3432,5,391.4,AKJ,ICN
3433,5,398.6,AKJ,ICN
3434,5,406.1,AKJ,ICN
3435,5,413.7,AKJ,ICN
3436,5,421.5,AKJ,ICN
3437,5,429.4,AKJ,ICN
3438,5,437.4,AKJ,ICN
3439,5,445.4,AKJ,ICN
3440,5,453.5,AKJ,ICN
3441,5,461.7,AKJ,ICN
3442,5,470.0,AKJ,ICN
3443,5,478.2,AKJ,ICN
3444,5,486.6,AKJ,ICN
3445,5,494.9,AKJ,ICN
3446,5,503.3,AKJ,ICN
3447,5,511.7,AKJ,ICN
3448,5,520.1,AKJ,ICN
3449,5,528.5,AKJ,ICN
3450,5,537.0,AKJ,ICN
3451,5,545.5,AKJ,ICN
3452,5,553.9,AKJ,ICN
3453,5,562.4,AKJ,ICN
3454,5,411.6,CTS,PUS
3455,5,404.2,CTS,PUS
3456,5,357.4,CTS,PUS
3457,5,354.7,CTS,PUS
3458,5,353.3,CTS,PUS
3459,5,353.1,CTS,PUS
3460,5,354.1,CTS,PUS
3461,5,356.4,CTS,PUS
3462,5,355.3,AKJ,ICN
3463,5,350.4,AKJ,ICN
3464,5,346.7,AKJ,ICN
3465,5,344.6,AKJ,ICN
3466,5,344.2,AKJ,ICN
3467,5,345.6,AKJ,ICN
3468,5,348.7,AKJ,ICN
3469,5,353.1,AKJ,ICN
3470,5,358.6,AKJ,ICN
3471,5,364.7,AKJ,ICN
3472,5,371.5,AKJ,ICN
3473,5,378.6,AKJ,ICN
3474,5,386.0,AKJ,ICN
3475,5,393.7,AKJ,ICN
3476,5,401.5,AKJ,ICN
3477,5,409.4,AKJ,ICN
3478,5,417.5,AKJ,ICN
3479,5,425.6,AKJ,ICN
3480,5,433.8,AKJ,ICN
3481,5,442.1,AKJ,ICN
3482,5,450.4,AKJ,ICN
3483,5,458.7,AKJ,ICN
3484,5,467.1,AKJ,ICN
3485,5,475.5,AKJ,ICN
3486,5,483.9,AKJ,ICN
3487,5,492.4,AKJ,ICN
3488,5,500.8,AKJ,ICN
3489,5,509.3,AKJ,ICN
3490,5,517.8,AKJ,ICN
3491,5,526.3,AKJ,ICN
3492,5,534.9,AKJ,ICN
3493,5,543.4,AKJ,ICN
3494,5,560.5,AKJ,ICN
3495,5,364.5,CTS,PUS
3496,5,363.2,CTS,PUS
3497,5,363.1,CTS,PUS
3498,5,361.6,AKJ,ICN
3499,5,354.5,AKJ,ICN
3500,5,347.8,AKJ,ICN
3501,5,342.0,AKJ,ICN
3502,5,337.5,AKJ,ICN
3503,5,334.7,AKJ,ICN
3504,5,334.2,AKJ,ICN
3505,5,336.1,AKJ,ICN
3506,5,340.0,AKJ,ICN
3507,5,345.3,AKJ,ICN
3508,5,351.6,AKJ,ICN
3509,5,358.6,AKJ,ICN
3510,5,366.0,AKJ,ICN
3511,5,373.6,AKJ,ICN
3512,5,381.5,AKJ,ICN
3513,5,389.6,AKJ,ICN
3514,5,397.7,AKJ,ICN
3515,5,405.9,AKJ,ICN
3516,5,414.2,AKJ,ICN
3517,5,422.6,AKJ,ICN
3518,5,430.9,AKJ,ICN
3519,5,439.4,AKJ,ICN
3520,5,447.8,AKJ,ICN
3521,5,456.3,AKJ,ICN
3522,5,464.8,AKJ,ICN
3523,5,473.3,AKJ,ICN
3524,5,481.8,AKJ,ICN
3525,5,490.3,AKJ,ICN
3526,5,498.9,AKJ,ICN
3527,5,507.4,AKJ,ICN
3528,5,516.0,AKJ,ICN
3529,5,524.6,AKJ,ICN
3530,5,533.1,AKJ,ICN
3531,5,376.4,CTS,PUS
3532,5,374.3,CTS,PUS
3533,5,373.2,CTS,PUS
3534,5,365.1,AKJ,ICN
3535,5,357.0,AKJ,ICN
3536,5,349.1,AKJ,ICN
3537,5,341.6,AKJ,ICN
3538,5,334.7,AKJ,ICN
3539,5,328.8,AKJ,ICN
3540,5,325.0,AKJ,ICN
3541,5,324.2,AKJ,ICN
3542,5,326.9,AKJ,ICN
3543,5,332.1,AKJ,ICN
3544,5,338.6,AKJ,ICN
3545,5,345.9,AKJ,ICN
3546,5,353.7,AKJ,ICN
3547,5,361.7,AKJ,ICN
3548,5,369.8,AKJ,ICN
3549,5,378.1,AKJ,ICN
3550,5,386.5,AKJ,ICN
3551,5,394.9,AKJ,ICN
3552,5,403.3,AKJ,ICN
3553,5,411.8,AKJ,ICN
3554,5,420.3,AKJ,ICN
3555,5,428.8,AKJ,ICN
3556,5,437.4,AKJ,ICN
3557,5,445.9,AKJ,ICN
3558,5,454.5,AKJ,ICN
3559,5,463.1,AKJ,ICN
3560,5,471.6,AKJ,ICN
3561,5,480.2,AKJ,ICN
3562,5,488.8,AKJ,ICN
3563,5,497.4,AKJ,ICN
3564,5,506.0,AKJ,ICN
3565,5,514.6,AKJ,ICN
3566,5,523.2,AKJ,ICN
3567,5,386.0,CTS,PUS
3568,5,379.5,AKJ,ICN
3569,5,371.0,AKJ,ICN
3570,5,362.4,AKJ,ICN
3571,5,354.0,AKJ,ICN
3572,5,345.5,AKJ,ICN
3573,5,337.2,AKJ,ICN
3574,5,329.2,AKJ,ICN
3575,5,321.7,AKJ,ICN
3576,5,315.7,AKJ,ICN
3577,5,314.4,AKJ,ICN
3578,5,318.9,AKJ,ICN
3579,5,325.9,AKJ,ICN
3580,5,333.9,AKJ,ICN
3581,5,342.1,AKJ,ICN
3582,5,350.4,AKJ,ICN
3583,5,358.9,AKJ,ICN
3584,5,367.4,AKJ,ICN
3585,5,375.9,AKJ,ICN
3586,5,384.5,AKJ,ICN
3587,5,393.1,AKJ,ICN
3588,5,401.7,AKJ,ICN
3589,5,410.3,AKJ,ICN
3590,5,418.9,AKJ,ICN
3591,5,427.5,AKJ,ICN
3592,5,436.1,AKJ,ICN
3593,5,444.7,AKJ,ICN
3594,5,453.3,AKJ,ICN
3595,5,462.0,AKJ,ICN
3596,5,470.6,AKJ,ICN
3597,5,479.2,AKJ,ICN
3598,5,487.8,AKJ,ICN
3599,5,496.5,AKJ,ICN
3600,5,505.1,AKJ,ICN
3601,5,513.7,AKJ,ICN
3602,5,522.4,AKJ,ICN
3603,5,387.4,AKJ,ICN
3604,5,378.7,AKJ,ICN
3605,5,370.1,AKJ,ICN
3606,5,361.4,AKJ,ICN
3607,5,352.8,AKJ,ICN
3608,5,344.2,AKJ,ICN
3609,5,335.5,AKJ,ICN
3610,5,326.9,AKJ,ICN
3611,5,318.3,AKJ,ICN
3612,5,309.6,AKJ,ICN
3613,5,306.1,AKJ,ICN
3614,5,314.7,AKJ,ICN
3615,5,323.3,AKJ,ICN
3616,5,331.9,AKJ,ICN
3617,5,340.6,AKJ,ICN
3618,5,349.2,AKJ,ICN
3619,5,357.9,AKJ,ICN
3620,5,366.5,AKJ,ICN
3621,5,375.1,AKJ,ICN
3622,5,383.8,AKJ,ICN
3623,5,392.4,AKJ,ICN
3624,5,401.0,AKJ,ICN
3625,5,409.7,AKJ,ICN
3626,5,418.3,AKJ,ICN
3627,5,426.9,AKJ,ICN
3628,5,435.6,AKJ,ICN
3629,5,444.2,AKJ,ICN
3630,5,452.9,AKJ,ICN
3631,5,461.5,AKJ,ICN
3632,5,470.1,AKJ,ICN
3633,5,478.8,AKJ,ICN
3634,5,487.4,AKJ,ICN
3635,5,496.0,AKJ,ICN
3636,5,504.7,AKJ,ICN
3637,5,513.3,AKJ,ICN
3638,5,387.8,AKJ,ICN
3639,5,379.3,AKJ,ICN
3640,5,370.7,AKJ,ICN
3641,5,362.2,AKJ,ICN
3642,5,353.7,AKJ,ICN
3643,5,345.2,AKJ,ICN
3644,5,336.9,AKJ,ICN
3645,5,328.7,AKJ,ICN
3646,5,321.0,AKJ,ICN
3647,5,314.8,AKJ,ICN
3648,5,313.3,AKJ,ICN
3649,5,318.1,AKJ,ICN
3650,5,325.4,AKJ,ICN
3651,5,333.5,AKJ,ICN
3652,5,341.7,AKJ,ICN
3653,5,350.1,AKJ,ICN
3654,5,358.6,AKJ,ICN
3655,5,367.1,AKJ,ICN
3656,5,375.7,AKJ,ICN
3657,5,384.3,AKJ,ICN
3658,5,392.8,AKJ,ICN
3659,5,401.4,AKJ,ICN
3660,5,410.0,AKJ,ICN
3661,5,418.6,AKJ,ICN
3662,5,427.2,AKJ,ICN
3663,5,435.8,AKJ,ICN
3664,5,444.4,AKJ,ICN
3665,5,453.0,AKJ,ICN
3666,5,461.7,AKJ,ICN
3667,5,470.3,AKJ,ICN
3668,5,478.9,AKJ,ICN
3669,5,487.5,AKJ,ICN
3670,5,496.1,AKJ,ICN
3671,5,504.8,AKJ,ICN
3672,5,513.4,AKJ,ICN
3673,5,547.9,AKJ,ICN
3674,5,381.1,AKJ,ICN
3675,5,372.8,AKJ,ICN
3676,5,364.6,AKJ,ICN
3677,5,356.5,AKJ,ICN
3678,5,348.5,AKJ,ICN
3679,5,341.0,AKJ,ICN
3680,5,333.9,AKJ,ICN
3681,5,327.9,AKJ,ICN
3682,5,323.9,AKJ,ICN
3683,5,323.2,AKJ,ICN
3684,5,326.0,AKJ,ICN
3685,5,331.3,AKJ,ICN
3686,5,337.9,AKJ,ICN
3687,5,345.3,AKJ,ICN
3688,5,353.1,AKJ,ICN
3689,5,361.2,AKJ,ICN
3690,5,369.3,AKJ,ICN
3691,5,377.6,AKJ,ICN
3692,5,386.0,AKJ,ICN
3693,5,394.4,AKJ,ICN
3694,5,402.8,AKJ,ICN
3695,5,411.3,AKJ,ICN
3696,5,419.8,AKJ,ICN
3697,5,428.3,AKJ,ICN
3698,5,436.8,AKJ,ICN
3699,5,445.4,AKJ,ICN
3700,5,453.9,AKJ,ICN
3701,5,462.5,AKJ,ICN
3702,5,471.0,AKJ,ICN
3703,5,479.6,AKJ,ICN
3704,5,488.2,AKJ,ICN
3705,5,496.7,AKJ,ICN
3706,5,505.3,AKJ,ICN
3707,5,513.9,AKJ,ICN
3708,5,548.3,AKJ,ICN
3709,5,368.4,AKJ,ICN
3710,5,360.9,AKJ,ICN
3711,5,353.7,AKJ,ICN
3712,5,347.0,AKJ,ICN
3713,5,341.1,AKJ,ICN
3714,5,336.5,AKJ,ICN
3715,5,333.6,AKJ,ICN
3716,5,333.1,AKJ,ICN
3717,5,335.0,AKJ,ICN
3718,5,339.0,AKJ,ICN
3719,5,344.4,AKJ,ICN
3720,5,350.8,AKJ,ICN
3721,5,357.8,AKJ,ICN
3722,5,365.2,AKJ,ICN
3723,5,372.9,AKJ,ICN
3724,5,380.8,AKJ,ICN
3725,5,388.8,AKJ,ICN
3726,5,397.0,AKJ,ICN
3727,5,405.2,AKJ,ICN
3728,5,413.5,AKJ,ICN
3729,5,421.8,AKJ,ICN
3730,5,430.2,AKJ,ICN
3731,5,438.6,AKJ,ICN
3732,5,447.0,AKJ,ICN
3733,5,455.4,AKJ,ICN
3734,5,463.9,AKJ,ICN
3735,5,497.9,AKJ,ICN
3736,5,506.4,AKJ,ICN
3737,5,514.9,AKJ,ICN
3738,5,557.6,AKJ,ICN
3739,5,566.2,AKJ,ICN
3740,5,373.5,AKJ,ICN
3741,5,366.6,AKJ,ICN
3742,5,360.1,AKJ,ICN
3743,5,354.3,AKJ,ICN
3744,5,349.4,AKJ,ICN
3745,5,345.7,AKJ,ICN
3746,5,343.5,AKJ,ICN
3747,5,343.1,AKJ,ICN
3748,5,344.6,AKJ,ICN
3749,5,347.7,AKJ,ICN
3750,5,352.1,AKJ,ICN
3751,5,357.6,AKJ,ICN
3752,5,363.8,AKJ,ICN
3753,5,370.6,AKJ,ICN
3754,5,377.7,AKJ,ICN
3755,5,385.1,AKJ,ICN
3756,5,392.8,AKJ,ICN
3757,5,400.5,AKJ,ICN
3758,5,408.5,AKJ,ICN
3759,5,416.5,AKJ,ICN
3760,5,424.6,AKJ,ICN
3761,5,432.8,AKJ,ICN
3762,5,441.0,AKJ,ICN
3763,5,449.3,AKJ,ICN
3764,5,507.9,AKJ,ICN
3765,5,516.4,AKJ,ICN
3766,5,524.9,AKJ,ICN
3767,5,567.3,AKJ,ICN
3768,5,575.8,AKJ,ICN
3769,5,379.6,AKJ,ICN
3770,5,373.3,AKJ,ICN
3771,5,367.5,AKJ,ICN
3772,5,362.4,AKJ,ICN
3773,5,358.3,AKJ,ICN
3774,5,355.2,AKJ,ICN
3775,5,353.4,AKJ,ICN
3776,5,353.1,AKJ,ICN
3777,5,354.3,AKJ,ICN
3778,5,356.8,AKJ,ICN
3779,5,360.6,AKJ,ICN
3780,5,365.3,AKJ,ICN
3781,5,370.8,AKJ,ICN
3782,5,376.9,AKJ,ICN
3783,5,383.5,AKJ,ICN
3784,5,390.4,AKJ,ICN
3785,5,397.6,AKJ,ICN
3786,5,405.0,AKJ,ICN
3787,5,412.6,AKJ,ICN
3788,5,420.3,AKJ,ICN
3789,5,428.1,AKJ,ICN
3790,5,436.1,AKJ,ICN
3791,5,444.1,AKJ,ICN
3792,5,518.3,AKJ,ICN
3793,5,526.7,AKJ,ICN
3794,5,577.3,AKJ,ICN
3795,5,386.4,AKJ,ICN
3796,5,380.7,AKJ,ICN
3797,5,375.5,AKJ,ICN
3798,5,371.1,AKJ,ICN
3799,5,367.5,AKJ,ICN
3800,5,364.9,AKJ,ICN
3801,5,363.4,AKJ,ICN
3802,5,363.1,AKJ,ICN
3803,5,364.1,AKJ,ICN
3804,5,366.2,AKJ,ICN
3805,5,369.5,AKJ,ICN
3806,5,373.6,AKJ,ICN
3807,5,378.5,AKJ,ICN
3808,5,384.0,AKJ,ICN
3809,5,390.0,AKJ,ICN
3810,5,396.4,AKJ,ICN
3811,5,403.2,AKJ,ICN
3812,5,410.2,AKJ,ICN
3813,5,417.4,AKJ,ICN
3814,5,537.3,AKJ,ICN
3815,5,587.5,AKJ,ICN
3816,5,595.9,AKJ,ICN
3817,5,393.9,AKJ,ICN
3818,5,388.6,AKJ,ICN
3819,5,384.0,AKJ,ICN
3820,5,380.0,AKJ,ICN
3821,5,376.9,AKJ,ICN
3822,5,374.6,AKJ,ICN
3823,5,373.4,AKJ,ICN
3824,5,373.1,AKJ,ICN
3825,5,374.0,AKJ,ICN
3826,5,375.8,AKJ,ICN
3827,5,378.6,AKJ,ICN
3828,5,382.3,AKJ,ICN
3829,5,386.6,AKJ,ICN
3830,5,391.6,AKJ,ICN
3831,5,397.1,AKJ,ICN
3832,5,403.1,AKJ,ICN
3833,5,409.4,AKJ,ICN
3834,5,597.9,AKJ,ICN
3835,5,606.2,AKJ,ICN
3836,5,614.6,AKJ,ICN
3837,5,401.8,AKJ,ICN
3838,5,397.0,AKJ,ICN
3839,5,392.8,AKJ,ICN
3840,5,389.2,AKJ,ICN
3841,5,386.4,AKJ,ICN
3842,5,384.4,AKJ,ICN
3843,5,383.3,AKJ,ICN
3844,5,383.1,AKJ,ICN
3845,5,383.9,AKJ,ICN
3846,5,385.5,AKJ,ICN
3847,5,388.0,AKJ,ICN
3848,5,391.2,AKJ,ICN
3849,5,395.2,AKJ,ICN
3850,5,399.7,AKJ,ICN
3851,5,404.8,AKJ,ICN
3852,5,600.2,AKJ,ICN
3853,5,608.5,AKJ,ICN
3854,5,616.8,AKJ,ICN
3855,5,625.1,AKJ,ICN
3856,5,633.4,AKJ,ICN
3857,5,405.6,AKJ,ICN
3858,5,401.8,AKJ,ICN
3859,5,398.6,AKJ,ICN
3860,5,396.1,AKJ,ICN
3861,5,394.3,AKJ,ICN
3862,5,393.3,AKJ,ICN
3863,5,393.2,AKJ,ICN
3864,5,393.8,AKJ,ICN
3865,5,395.3,AKJ,ICN
3866,5,397.5,AKJ,ICN
3867,5,400.4,AKJ,ICN
3868,5,404.0,AKJ,ICN
3869,5,408.1,AKJ,ICN
3870,5,611.0,AKJ,ICN
3871,5,414.5,AKJ,ICN
3872,5,411.0,AKJ,ICN
3873,5,408.1,AKJ,ICN
3874,5,405.8,AKJ,ICN
3875,5,404.2,AKJ,ICN
3876,5,403.3,AKJ,ICN
3877,5,403.2,AKJ,ICN
3878,5,403.8,AKJ,ICN
3879,5,405.1,AKJ,ICN
3880,5,407.1,AKJ,ICN
3881,5,409.7,AKJ,ICN
3882,5,423.6,AKJ,ICN
3883,5,420.3,AKJ,ICN
3884,5,417.7,AKJ,ICN
3885,5,415.6,AKJ,ICN
3886,5,414.1,AKJ,ICN
3887,5,413.3,AKJ,ICN
3888,5,413.2,AKJ,ICN
3889,5,413.7,AKJ,ICN
3890,5,414.9,AKJ,ICN
3891,5,416.7,AKJ,ICN
3892,5,432.8,AKJ,ICN
3893,5,429.8,AKJ,ICN
3894,5,427.3,AKJ,ICN
3895,5,425.4,AKJ,ICN
3896,5,424.1,AKJ,ICN
3897,5,423.3,AKJ,ICN
3898,5,423.2,AKJ,ICN
3899,5,423.7,AKJ,ICN
3900,5,424.8,AKJ,ICN
3901,5,442.1,AKJ,ICN
3902,5,439.3,AKJ,ICN
3903,5,437.0,AKJ,ICN
3904,5,435.2,AKJ,ICN
3905,5,434.0,AKJ,ICN
3906,5,433.3,AKJ,ICN
3907,5,433.2,AKJ,ICN
3908,5,433.7,AKJ,ICN
3909,5,454.5,AKJ,ICN
3910,5,451.5,AKJ,ICN
3911,5,448.9,AKJ,ICN
3912,5,446.8,AKJ,ICN
3913,5,445.1,AKJ,ICN
3914,5,444.0,AKJ,ICN
3915,5,443.3,AKJ,ICN
3916,5,443.2,AKJ,ICN
3917,5,463.8,AKJ,ICN
3918,5,461.0,AKJ,ICN
3919,5,458.5,AKJ,ICN
3920,5,456.5,AKJ,ICN
3921,5,455.0,AKJ,ICN
3922,5,453.9,AKJ,ICN
3923,5,453.4,AKJ,ICN
3924,5,453.3,AKJ,ICN
3925,5,476.3,AKJ,ICN
3926,5,473.2,AKJ,ICN
3927,5,470.5,AKJ,ICN
3928,5,468.2,AKJ,ICN
3929,5,466.4,AKJ,ICN
3930,5,464.9,AKJ,ICN
3931,5,463.9,AKJ,ICN
3932,5,463.4,AKJ,ICN
3933,5,500.4,AKJ,ICN
3934,5,496.3,AKJ,ICN
3935,5,485.5,AKJ,ICN
3936,5,482.6,AKJ,ICN
3937,5,480.1,AKJ,ICN
3938,5,477.9,AKJ,ICN
3939,5,476.2,AKJ,ICN
3940,5,474.8,AKJ,ICN
3941,5,473.9,AKJ,ICN
3942,5,494.9,AKJ,ICN
3943,5,492.1,AKJ,ICN
3944,5,489.7,AKJ,ICN
3945,5,487.7,AKJ,ICN
3946,5,486.0,AKJ,ICN
3947,5,484.8,AKJ,ICN
3948,5,501.7,AKJ,ICN
3949,5,499.4,AKJ,ICN
3950,5,497.5,AKJ,ICN
3951,5,495.9,AKJ,ICN
3952,5,507.3,AKJ,ICN
0,6,357.9,ISG,ICN
1,6,347.3,ISG,ICN
2,6,346.0,ISG,ICN
3,6,302.7,ISG,ICN
4,6,316.1,ISG,ICN
5,6,309.4,ISG,ICN
6,6,313.5,SHI,ICN
7,6,323.4,SHI,ICN
8,6,300.4,SHI,ICN
9,6,311.1,SHI,ICN
10,6,276.1,OKA,PUS
11,6,267.4,OKA,PUS
12,6,278.1,OKA,PUS
13,6,281.3,OKA,PUS
14,6,288.8,OKA,PUS
15,6,296.0,OKA,PUS
16,6,304.8,OKA,PUS
17,6,303.2,OKA,PUS
18,6,317.7,OKA,PUS
19,6,325.2,OKA,PUS
20,6,1264.1,FSZ,ICN
21,6,325.7,OKA,PUS
22,6,332.3,OKA,PUS
23,6,339.9,OKA,PUS
24,6,1254.8,FSZ,ICN
25,6,326.5,OKA,PUS
26,6,346.9,OKA,PUS
27,6,354.5,OKA,PUS
28,6,361.5,OKA,PUS
29,6,479.2,OKA,PUS
30,6,487.2,OKA,PUS
31,6,530.2,OKA,PUS
32,6,544.6,OKA,PUS
33,6,546.3,OKA,PUS
34,6,552.5,OKA,PUS
35,6,560.6,OKA,PUS
36,6,566.9,OKA,PUS
37,6,601.6,OKA,PUS
38,6,581.2,OKA,PUS
39,6,587.8,OKA,PUS
40,6,508.0,KOJ,ICN
41,6,463.2,KOJ,ICN
42,6,421.0,KOJ,ICN
43,6,419.8,KOJ,ICN
44,6,411.1,KOJ,ICN
45,6,409.8,KOJ,ICN
46,6,401.2,KOJ,ICN
47,6,399.9,KOJ,ICN
48,6,399.9,KOJ,ICN
49,6,381.5,KOJ,ICN
50,6,371.7,KOJ,ICN
51,6,319.1,KOJ,ICN
52,6,320.5,KOJ,ICN
53,6,310.7,KOJ,ICN
54,6,309.1,KOJ,ICN
55,6,310.8,KOJ,ICN
56,6,313.9,KOJ,ICN
57,6,315.9,KOJ,ICN
58,6,309.7,KOJ,ICN
59,6,304.7,KOJ,ICN
60,6,301.1,KOJ,ICN
61,6,301.1,KOJ,ICN
62,6,304.7,KOJ,ICN
63,6,309.7,KOJ,ICN
64,6,316.3,KOJ,ICN
65,6,301.6,KOJ,ICN
66,6,295.8,KOJ,ICN
67,6,289.2,KOJ,ICN
68,6,291.5,KOJ,ICN
69,6,295.8,KOJ,ICN
70,6,301.0,KMI,ICN
71,6,294.3,KOJ,ICN
72,6,287.5,KOJ,ICN
73,6,279.3,KOJ,ICN
74,6,282.2,KOJ,ICN
75,6,287.5,KOJ,ICN
76,6,294.3,KOJ,ICN
77,6,295.5,KMI,ICN
78,6,291.4,KMI,ICN
79,6,288.1,KOJ,ICN
80,6,280.0,KOJ,ICN
81,6,273.4,KOJ,ICN
82,6,269.4,KOJ,ICN
83,6,273.4,KOJ,ICN
84,6,280.1,KOJ,ICN
85,6,288.1,KOJ,ICN
86,6,287.0,KMI,ICN
87,6,282.0,KMI,ICN
88,6,342.9,KOJ,ICN
89,6,283.5,KOJ,ICN
90,6,274.2,KOJ,ICN
91,6,265.8,KOJ,ICN
92,6,265.8,KOJ,ICN
93,6,274.2,KOJ,ICN
94,6,283.5,KOJ,ICN
95,6,279.6,KMI,ICN
96,6,273.0,KMI,ICN
97,6,269.5,KMI,ICN
98,6,291.3,KOJ,ICN
99,6,281.2,KOJ,ICN
100,6,271.1,KOJ,ICN
101,6,261.1,KOJ,ICN
102,6,251.6,KOJ,ICN
103,6,251.6,KOJ,ICN
104,6,261.2,KOJ,ICN
105,6,271.2,KOJ,ICN
106,6,281.3,KOJ,ICN
107,6,273.8,KMI,ICN
108,6,265.3,KMI,ICN
109,6,259.7,KMI,ICN
110,6,321.9,KOJ,ICN
111,6,291.7,KOJ,ICN
112,6,281.7,KOJ,ICN
113,6,271.8,KOJ,ICN
114,6,262.2,KOJ,ICN
115,6,254.0,KOJ,ICN
116,6,254.0,KOJ,ICN
117,6,262.2,KOJ,ICN
118,6,271.8,KOJ,ICN
119,6,281.3,KMI,ICN
120,6,271.2,KMI,ICN
121,6,261.1,KMI,ICN
122,6,251.2,KMI,ICN
123,6,294.2,KOJ,ICN
124,6,284.8,KOJ,ICN
125,6,276.0,KOJ,ICN
126,6,268.2,KOJ,ICN
127,6,263.1,KOJ,ICN
128,6,263.1,KOJ,ICN
129,6,268.2,KOJ,ICN
130,6,276.0,KOJ,ICN
131,6,282.3,KMI,ICN
132,6,272.7,KMI,ICN
133,6,263.5,KMI,ICN
134,6,256.9,KMI,ICN
135,6,298.5,KOJ,ICN
136,6,290.0,KOJ,ICN
137,6,282.4,KOJ,ICN
138,6,276.4,KOJ,ICN
139,6,272.8,KOJ,ICN
140,6,272.8,KOJ,ICN
141,6,276.4,KOJ,ICN
142,6,282.5,KOJ,ICN
143,6,286.1,KMI,ICN
144,6,277.6,KMI,ICN
145,6,270.6,KMI,ICN
146,6,266.7,KMI,ICN
147,6,312.3,KOJ,ICN
148,6,290.2,KOJ,ICN
149,6,285.4,KOJ,ICN
150,6,282.7,KOJ,ICN
151,6,282.7,KOJ,ICN
152,6,285.4,KOJ,ICN
153,6,290.3,KOJ,ICN
154,6,291.8,KMI,ICN
155,6,284.7,KMI,ICN
156,6,279.3,KMI,ICN
157,6,276.6,KMI,ICN
158,6,277.3,KMI,ICN
159,6,312.3,NGS,ICN
160,6,291.6,KMJ,PUS
161,6,287.2,KMJ,PUS
162,6,284.0,KMJ,PUS
163,6,282.2,KMJ,PUS
164,6,281.8,KMJ,PUS
165,6,282.9,KMJ,PUS
166,6,285.4,KMJ,PUS
167,6,289.1,KMJ,PUS
168,6,288.6,KMI,ICN
169,6,286.6,KMI,ICN
170,6,287.1,KMI,ICN
171,6,302.4,NGS,ICN
172,6,303.1,KMJ,PUS
173,6,288.9,KMJ,PUS
174,6,278.0,KMJ,PUS
175,6,274.4,KMJ,PUS
176,6,272.2,KMJ,PUS
177,6,271.8,KMJ,PUS
178,6,273.0,KMJ,PUS
179,6,275.9,KMJ,PUS
180,6,280.2,KMJ,PUS
181,6,285.7,KMJ,PUS
182,6,292.0,KMJ,PUS
183,6,297.0,KMI,ICN
184,6,292.5,NGS,ICN
185,6,295.1,NGS,ICN
186,6,269.2,KMJ,PUS
187,6,264.9,KMJ,PUS
188,6,262.3,KMJ,PUS
189,6,261.8,KMJ,PUS
190,6,263.3,KMJ,PUS
191,6,266.7,KMJ,PUS
192,6,271.7,KMJ,PUS
193,6,277.9,KMJ,PUS
194,6,284.9,KMJ,PUS
195,6,292.6,KMJ,PUS
196,6,300.8,KMJ,PUS
197,6,285.7,NGS,ICN
198,6,274.8,KMJ,PUS
199,6,260.7,KMJ,PUS
200,6,255.6,KMJ,PUS
201,6,252.5,KMJ,PUS
202,6,251.8,KMJ,PUS
203,6,253.7,KMJ,PUS
204,6,257.8,KMJ,PUS
205,6,263.7,KMJ,PUS
206,6,270.7,KMJ,PUS
207,6,278.6,KMJ,PUS
208,6,286.9,KMJ,PUS
209,6,295.7,KMJ,PUS
210,6,260.7,KMJ,PUS
211,6,246.8,KMJ,PUS
212,6,242.7,KMJ,PUS
213,6,241.8,KMJ,PUS
214,6,244.3,KMJ,PUS
215,6,249.6,KMJ,PUS
216,6,256.6,KMJ,PUS
217,6,264.6,KMJ,PUS
218,6,273.2,KMJ,PUS
219,6,282.3,KMJ,PUS
220,6,291.5,KMJ,PUS
221,6,348.4,NGS,ICN
222,6,338.6,NGS,ICN
223,6,274.2,KMJ,PUS
224,6,264.7,KMJ,PUS
225,6,246.7,KMJ,PUS
226,6,238.9,KMJ,PUS
227,6,233.2,KMJ,PUS
228,6,231.8,KMJ,PUS
229,6,235.5,KMJ,PUS
230,6,242.4,KMJ,PUS
231,6,250.8,KMJ,PUS
232,6,259.8,KMJ,PUS
233,6,269.2,KMJ,PUS
234,6,278.8,KMJ,PUS
235,6,288.5,KMJ,PUS
236,6,298.3,KMJ,PUS
237,6,254.3,NGS,ICN
238,6,251.6,NGS,ICN
239,6,254.3,NGS,ICN
240,6,269.2,NGS,ICN
241,6,262.1,KMJ,PUS
242,6,233.0,KMJ,PUS
243,6,224.7,KMJ,PUS
244,6,222.0,KMJ,PUS
245,6,228.4,KMJ,PUS
246,6,237.4,KMJ,PUS
247,6,247.1,KMJ,PUS
248,6,256.9,KMJ,PUS
249,6,266.8,KMJ,PUS
250,6,276.7,KMJ,PUS
251,6,286.7,KMJ,PUS
252,6,296.7,KMJ,PUS
253,6,306.6,KMJ,PUS
254,6,336.7,MYJ,PUS
255,6,325.2,NGS,ICN
256,6,315.2,NGS,ICN
257,6,255.9,NGS,ICN
258,6,246.9,NGS,ICN
259,6,241.6,NGS,ICN
260,6,246.8,NGS,ICN
261,6,255.9,NGS,ICN
262,6,265.5,NGS,ICN
263,6,241.4,KMJ,PUS
264,6,231.4,KMJ,PUS
265,6,221.5,KMJ,PUS
266,6,216.7,KMJ,PUS
267,6,226.2,KMJ,PUS
268,6,236.1,KMJ,PUS
269,6,246.1,KMJ,PUS
270,6,256.1,KMJ,PUS
271,6,266.2,KMJ,PUS
272,6,276.2,KMJ,PUS
273,6,286.2,KMJ,PUS
274,6,296.2,KMJ,PUS
275,6,306.3,KMJ,PUS
276,6,311.2,OIT,ICN
277,6,326.3,MYJ,PUS
278,6,326.8,MYJ,PUS
279,6,328.2,MYJ,PUS
280,6,315.0,NGS,ICN
281,6,255.0,NGS,ICN
282,6,245.2,NGS,ICN
283,6,245.2,NGS,ICN
284,6,255.0,NGS,ICN
285,6,253.2,KMJ,PUS
286,6,243.8,KMJ,PUS
287,6,235.0,KMJ,PUS
288,6,227.8,KMJ,PUS
289,6,225.8,KMJ,PUS
290,6,230.9,KMJ,PUS
291,6,239.0,KMJ,PUS
292,6,248.2,KMJ,PUS
293,6,257.7,KMJ,PUS
294,6,267.5,KMJ,PUS
295,6,277.3,KMJ,PUS
296,6,287.1,KMJ,PUS
297,6,297.0,KMJ,PUS
298,6,299.2,OIT,ICN
299,6,301.7,OIT,ICN
300,6,305.6,OIT,ICN
301,6,316.7,MYJ,PUS
302,6,316.2,MYJ,PUS
303,6,316.8,MYJ,PUS
304,6,318.4,MYJ,PUS
305,6,315.9,NGS,ICN
306,6,267.5,NGS,ICN
307,6,258.7,NGS,ICN
308,6,247.9,NGS,ICN
309,6,251.2,NGS,ICN
310,6,255.1,HSG,ICN
311,6,253.3,HSG,ICN
312,6,249.0,KMJ,PUS
313,6,241.8,KMJ,PUS
314,6,236.9,KMJ,PUS
315,6,235.8,KMJ,PUS
316,6,238.9,KMJ,PUS
317,6,245.0,KMJ,PUS
318,6,252.8,KMJ,PUS
319,6,261.4,KMJ,PUS
320,6,270.5,KMJ,PUS
321,6,279.9,KMJ,PUS
322,6,289.3,OIT,ICN
323,6,288.3,OIT,ICN
324,6,289.4,OIT,ICN
325,6,308.3,MYJ,PUS
326,6,306.7,MYJ,PUS
327,6,306.2,MYJ,PUS
328,6,306.8,MYJ,PUS
329,6,308.6,MYJ,PUS
330,6,311.3,MYJ,PUS
331,6,265.3,NGS,ICN
332,6,260.0,NGS,ICN
333,6,257.9,NGS,ICN
334,6,259.9,NGS,ICN
335,6,248.6,HSG,ICN
336,6,256.0,KMJ,PUS
337,6,250.2,KMJ,PUS
338,6,246.5,KMJ,PUS
339,6,245.7,KMJ,PUS
340,6,248.0,KMJ,PUS
341,6,252.7,KMJ,PUS
342,6,259.2,KMJ,PUS
343,6,266.8,KMJ,PUS
344,6,275.1,KMJ,PUS
345,6,283.0,OIT,ICN
346,6,279.5,OIT,ICN
347,6,278.3,OIT,ICN
348,6,296.8,MYJ,PUS
349,6,296.2,MYJ,PUS
350,6,296.9,MYJ,PUS
351,6,298.8,MYJ,PUS
352,6,301.9,MYJ,PUS
353,6,306.0,MYJ,PUS
354,6,503.4,FSZ,ICN
355,6,509.4,FSZ,ICN
356,6,321.4,NGS,ICN
357,6,279.5,NGS,ICN
358,6,273.5,NGS,ICN
359,6,269.4,NGS,ICN
360,6,267.9,NGS,ICN
361,6,261.7,HSG,ICN
362,6,252.3,HSG,ICN
363,6,244.1,HSG,ICN
364,6,242.8,HSG,ICN
365,6,248.1,FUK,PUS
366,6,249.2,FUK,PUS
367,6,252.6,FUK,PUS
368,6,256.4,KMJ,PUS
369,6,255.7,KMJ,PUS
370,6,257.4,KMJ,PUS
371,6,261.2,KMJ,PUS
372,6,266.7,KMJ,PUS
373,6,273.3,KMJ,PUS
374,6,280.7,OIT,ICN
375,6,274.3,OIT,ICN
376,6,269.9,OIT,ICN
377,6,268.3,OIT,ICN
378,6,270.0,OIT,ICN
379,6,286.8,MYJ,PUS
380,6,286.2,MYJ,PUS
381,6,287.0,MYJ,PUS
382,6,289.2,MYJ,PUS
383,6,292.7,MYJ,PUS
384,6,297.3,MYJ,PUS
385,6,293.6,NGS,ICN
386,6,287.3,NGS,ICN
387,6,282.3,NGS,ICN
388,6,274.3,FUK,PUS
389,6,265.7,FUK,PUS
390,6,257.5,FUK,PUS
391,6,250.1,FUK,PUS
392,6,243.9,FUK,PUS
393,6,239.6,FUK,PUS
394,6,238.0,FUK,PUS
395,6,239.6,FUK,PUS
396,6,243.9,FUK,PUS
397,6,250.0,FUK,PUS
398,6,257.5,FUK,PUS
399,6,265.6,FUK,PUS
400,6,270.3,KMJ,PUS
401,6,274.9,KMJ,PUS
402,6,280.7,KMJ,PUS
403,6,274.4,OIT,ICN
404,6,276.9,MYJ,PUS
405,6,276.2,MYJ,PUS
406,6,277.1,MYJ,PUS
407,6,279.7,MYJ,PUS
408,6,283.7,MYJ,PUS
409,6,288.8,MYJ,PUS
410,6,294.9,MYJ,PUS
411,6,261.0,FUK,PUS
412,6,252.0,FUK,PUS
413,6,243.5,FUK,PUS
414,6,236.0,FUK,PUS
415,6,230.3,FUK,PUS
416,6,228.0,FUK,PUS
417,6,230.2,FUK,PUS
418,6,235.9,FUK,PUS
419,6,243.5,FUK,PUS
420,6,252.0,FUK,PUS
421,6,261.0,FUK,PUS
422,6,270.2,FUK,PUS
423,6,279.7,FUK,PUS
424,6,279.6,OIT,ICN
425,6,270.0,OIT,ICN
426,6,260.7,OIT,ICN
427,6,252.4,OIT,ICN
428,6,269.9,MYJ,PUS
429,6,267.1,MYJ,PUS
430,6,266.2,MYJ,PUS
431,6,267.3,MYJ,PUS
432,6,270.3,MYJ,PUS
433,6,275.0,MYJ,PUS
434,6,280.8,MYJ,PUS
435,6,287.7,MYJ,PUS
436,6,339.3,TAK,ICN
437,6,340.7,TAK,ICN
438,6,257.9,FUK,PUS
439,6,238.8,FUK,PUS
440,6,229.7,FUK,PUS
441,6,221.8,FUK,PUS
442,6,218.0,FUK,PUS
443,6,221.8,FUK,PUS
444,6,229.7,FUK,PUS
445,6,238.7,FUK,PUS
446,6,248.2,FUK,PUS
447,6,257.9,FUK,PUS
448,6,267.6,FUK,PUS
449,6,276.3,KKJ,ICN
450,6,278.6,OIT,ICN
451,6,268.6,OIT,ICN
452,6,258.6,OIT,ICN
453,6,248.7,OIT,ICN
454,6,266.1,MYJ,PUS
455,6,260.8,MYJ,PUS
456,6,257.3,MYJ,PUS
457,6,256.1,MYJ,PUS
458,6,257.6,MYJ,PUS
459,6,261.3,MYJ,PUS
460,6,266.8,MYJ,PUS
461,6,273.5,MYJ,PUS
462,6,281.2,MYJ,PUS
463,6,289.3,MYJ,PUS
464,6,297.9,MYJ,PUS
465,6,329.0,TAK,ICN
466,6,329.3,TAK,ICN
467,6,330.9,TAK,ICN
468,6,346.9,KIX,PUS
469,6,236.8,FUK,PUS
470,6,226.8,FUK,PUS
471,6,216.9,FUK,PUS
472,6,208.0,FUK,PUS
473,6,216.9,FUK,PUS
474,6,226.8,FUK,PUS
475,6,236.7,FUK,PUS
476,6,246.7,FUK,PUS
477,6,256.6,FUK,PUS
478,6,263.9,KKJ,ICN
479,6,267.1,KKJ,ICN
480,6,272.7,KKJ,ICN
481,6,261.4,OIT,ICN
482,6,253.4,OIT,ICN
483,6,252.2,MYJ,PUS
484,6,247.7,MYJ,PUS
485,6,246.1,MYJ,PUS
486,6,248.0,MYJ,PUS
487,6,252.8,MYJ,PUS
488,6,259.4,MYJ,PUS
489,6,267.2,MYJ,PUS
490,6,275.7,MYJ,PUS
491,6,284.5,MYJ,PUS
492,6,293.6,MYJ,PUS
493,6,302.9,MYJ,PUS
494,6,312.4,MYJ,PUS
495,6,321.9,MYJ,PUS
496,6,319.9,TAK,ICN
497,6,319.0,TAK,ICN
498,6,319.4,TAK,ICN
499,6,321.1,TAK,ICN
500,6,331.2,KIX,PUS
501,6,334.0,KIX,PUS
502,6,337.7,KIX,PUS
503,6,342.2,KIX,PUS
504,6,215.8,FUK,PUS
505,6,220.2,FUK,PUS
506,6,228.6,FUK,PUS
507,6,238.0,FUK,PUS
508,6,247.6,FUK,PUS
509,6,253.8,KKJ,ICN
510,6,267.5,OIT,ICN
511,6,261.8,OIT,ICN
512,6,236.1,MYJ,PUS
513,6,238.9,MYJ,PUS
514,6,245.3,MYJ,PUS
515,6,253.4,MYJ,PUS
516,6,262.3,MYJ,PUS
517,6,271.5,MYJ,PUS
518,6,280.9,MYJ,PUS
519,6,290.5,MYJ,PUS
520,6,300.2,MYJ,PUS
521,6,309.9,MYJ,PUS
522,6,312.7,TAK,ICN
523,6,310.0,TAK,ICN
524,6,308.9,TAK,ICN
525,6,309.4,TAK,ICN
526,6,311.5,TAK,ICN
527,6,310.2,TKS,ICN
528,6,306.3,TKS,ICN
529,6,319.4,KIX,PUS
530,6,321.5,KIX,PUS
531,6,324.6,KIX,PUS
532,6,328.7,KIX,PUS
533,6,333.6,KIX,PUS
534,6,339.1,KIX,PUS
535,6,279.0,FUK,PUS
536,6,228.2,FUK,PUS
537,6,234.3,FUK,PUS
538,6,242.2,FUK,PUS
539,6,250.8,KKJ,ICN
540,6,244.2,KKJ,ICN
541,6,226.1,MYJ,PUS
542,6,231.3,MYJ,PUS
543,6,240.1,MYJ,PUS
544,6,249.5,MYJ,PUS
545,6,259.2,MYJ,PUS
546,6,269.0,MYJ,PUS
547,6,278.8,MYJ,PUS
548,6,288.7,MYJ,PUS
549,6,298.5,MYJ,PUS
550,6,307.9,TAK,ICN
551,6,303.3,TAK,ICN
552,6,300.2,TAK,ICN
553,6,298.9,TAK,ICN
554,6,299.5,TAK,ICN
555,6,301.9,TAK,ICN
556,6,301.5,TKS,ICN
557,6,296.9,TKS,ICN
558,6,294.2,TKS,ICN
559,6,309.5,KIX,PUS
560,6,311.8,KIX,PUS
561,6,315.3,KIX,PUS
562,6,319.8,KIX,PUS
563,6,325.2,KIX,PUS
564,6,331.3,KIX,PUS
565,6,282.2,FUK,PUS
566,6,237.5,FUK,PUS
567,6,242.0,FUK,PUS
568,6,248.4,FUK,PUS
569,6,247.6,KKJ,ICN
570,6,220.4,MYJ,PUS
571,6,228.9,MYJ,PUS
572,6,238.7,MYJ,PUS
573,6,248.6,MYJ,PUS
574,6,258.5,MYJ,PUS
575,6,268.4,MYJ,PUS
576,6,278.3,MYJ,PUS
577,6,288.2,MYJ,PUS
578,6,298.1,MYJ,PUS
579,6,299.6,TAK,ICN
580,6,294.3,TAK,ICN
581,6,290.5,TAK,ICN
582,6,288.9,TAK,ICN
583,6,289.6,TAK,ICN
584,6,292.6,TAK,ICN
585,6,293.4,TKS,ICN
586,6,287.8,TKS,ICN
587,6,284.4,TKS,ICN
588,6,283.7,TKS,ICN
589,6,298.6,KIX,PUS
590,6,298.3,KIX,PUS
591,6,299.6,KIX,PUS
592,6,302.3,KIX,PUS
593,6,306.3,KIX,PUS
594,6,311.3,KIX,PUS
595,6,317.2,KIX,PUS
596,6,323.8,KIX,PUS
597,6,331.0,KIX,PUS
598,6,244.3,KKJ,ICN
599,6,278.4,MYJ,PUS
600,6,259.2,MYJ,PUS
601,6,234.2,MYJ,PUS
602,6,241.9,MYJ,PUS
603,6,250.8,MYJ,PUS
604,6,269.8,MYJ,PUS
605,6,279.4,MYJ,PUS
606,6,289.2,MYJ,PUS
607,6,299.0,MYJ,PUS
608,6,292.1,TAK,ICN
609,6,285.7,TAK,ICN
610,6,281.0,TAK,ICN
611,6,278.9,TAK,ICN
612,6,279.9,TAK,ICN
613,6,283.6,TAK,ICN
614,6,286.3,TKS,ICN
615,6,279.4,TKS,ICN
616,6,274.7,TKS,ICN
617,6,273.8,TKS,ICN
618,6,288.6,KIX,PUS
619,6,288.3,KIX,PUS
620,6,289.9,KIX,PUS
621,6,293.0,KIX,PUS
622,6,297.6,KIX,PUS
623,6,303.2,KIX,PUS
624,6,309.7,KIX,PUS
625,6,316.9,KIX,PUS
626,6,324.6,KIX,PUS
627,6,332.7,KIX,PUS
628,6,253.9,KKJ,ICN
629,6,258.6,KKJ,ICN
630,6,265.7,KKJ,ICN
631,6,273.9,KKJ,ICN
632,6,282.7,KKJ,ICN
633,6,299.7,OIT,ICN
634,6,300.0,MYJ,PUS
635,6,290.5,MYJ,PUS
636,6,281.2,MYJ,PUS
637,6,272.0,MYJ,PUS
638,6,248.3,MYJ,PUS
639,6,255.7,MYJ,PUS
640,6,285.8,TAK,ICN
641,6,278.0,TAK,ICN
642,6,271.9,TAK,ICN
643,6,268.9,TAK,ICN
644,6,270.3,TAK,ICN
645,6,275.4,TAK,ICN
646,6,281.1,TKS,ICN
647,6,272.4,TKS,ICN
648,6,265.5,TKS,ICN
649,6,278.6,KIX,PUS
650,6,278.4,KIX,PUS
651,6,280.2,KIX,PUS
652,6,284.0,KIX,PUS
653,6,289.2,KIX,PUS
654,6,295.6,KIX,PUS
655,6,302.9,KIX,PUS
656,6,310.7,KIX,PUS
657,6,318.9,KIX,PUS
658,6,327.5,KIX,PUS
659,6,336.3,KIX,PUS
660,6,266.6,KKJ,ICN
661,6,263.7,KKJ,ICN
662,6,263.9,KKJ,ICN
663,6,267.1,KKJ,ICN
664,6,272.7,KKJ,ICN
665,6,279.7,KKJ,ICN
666,6,287.6,KKJ,ICN
667,6,296.1,KKJ,ICN
668,6,304.9,KKJ,ICN
669,6,303.2,MYJ,PUS
670,6,294.2,MYJ,PUS
671,6,285.3,MYJ,PUS
672,6,276.8,MYJ,PUS
673,6,255.7,MYJ,PUS
674,6,256.3,MYJ,PUS
675,6,262.4,MYJ,PUS
676,6,281.3,TAK,ICN
677,6,272.2,TAK,ICN
678,6,264.0,TAK,ICN
679,6,259.0,TAK,ICN
680,6,261.4,TAK,ICN
681,6,268.8,TAK,ICN
682,6,277.7,TAK,ICN
683,6,268.8,TKS,ICN
684,6,259.0,TKS,ICN
685,6,268.8,KIX,PUS
686,6,268.4,KIX,PUS
687,6,270.7,KIX,PUS
688,6,275.3,KIX,PUS
689,6,281.6,KIX,PUS
690,6,288.9,KIX,PUS
691,6,296.9,KIX,PUS
692,6,305.3,KIX,PUS
693,6,314.1,KIX,PUS
694,6,323.1,KIX,PUS
695,6,332.3,KIX,PUS
696,6,335.9,FUK,PUS
697,6,273.7,KKJ,ICN
698,6,273.8,KKJ,ICN
699,6,276.3,KKJ,ICN
700,6,280.8,KKJ,ICN
701,6,286.7,KKJ,ICN
702,6,293.7,KKJ,ICN
703,6,301.4,KKJ,ICN
704,6,309.6,KKJ,ICN
705,6,307.5,MYJ,PUS
706,6,298.9,MYJ,PUS
707,6,290.6,MYJ,PUS
708,6,282.8,MYJ,PUS
709,6,279.4,TAK,ICN
710,6,269.6,TAK,ICN
711,6,259.7,TAK,ICN
712,6,250.0,TAK,ICN
713,6,255.9,TAK,ICN
714,6,265.7,TAK,ICN
715,6,275.6,TAK,ICN
716,6,270.6,TKS,ICN
717,6,262.6,TKS,ICN
718,6,266.9,TKS,ICN
719,6,259.0,KIX,PUS
720,6,258.4,KIX,PUS
721,6,261.6,KIX,PUS
722,6,267.5,KIX,PUS
723,6,274.9,KIX,PUS
724,6,283.2,KIX,PUS
725,6,292.0,KIX,PUS
726,6,301.0,KIX,PUS
727,6,310.3,KIX,PUS
728,6,319.7,KIX,PUS
729,6,329.2,KIX,PUS
730,6,327.1,NGO,PUS
731,6,381.6,FSZ,ICN
732,6,341.5,FUK,PUS
733,6,333.6,FUK,PUS
734,6,283.6,KKJ,ICN
735,6,283.7,KKJ,ICN
736,6,285.8,KKJ,ICN
737,6,289.5,KKJ,ICN
738,6,294.6,KKJ,ICN
739,6,300.7,KKJ,ICN
740,6,307.7,KKJ,ICN
741,6,315.3,KKJ,ICN
742,6,312.6,MYJ,PUS
743,6,304.5,MYJ,PUS
744,6,296.9,MYJ,PUS
745,6,289.8,MYJ,PUS
746,6,283.4,MYJ,PUS
747,6,271.3,MYJ,PUS
748,6,265.4,HIJ,ICN
749,6,265.6,HIJ,ICN
750,6,271.4,TAK,ICN
751,6,262.7,TAK,ICN
752,6,257.1,TAK,ICN
753,6,259.9,TAK,ICN
754,6,267.9,TAK,ICN
755,6,274.0,TKS,ICN
756,6,272.3,KIX,PUS
757,6,249.4,KIX,PUS
758,6,248.6,KIX,PUS
759,6,253.4,KIX,PUS
760,6,261.1,KIX,PUS
761,6,269.8,KIX,PUS
762,6,279.0,KIX,PUS
763,6,288.5,KIX,PUS
764,6,298.0,KIX,PUS
765,6,307.7,KIX,PUS
766,6,317.4,KIX,PUS
767,6,324.3,NGO,PUS
768,6,318.5,NGO,PUS
769,6,313.6,NGO,PUS
770,6,309.8,NGO,PUS
771,6,306.3,NGO,PUS
772,6,347.6,FUK,PUS
773,6,293.7,KKJ,ICN
774,6,295.4,KKJ,ICN
775,6,298.6,KKJ,ICN
776,6,303.0,KKJ,ICN
777,6,308.5,KKJ,ICN
778,6,314.8,KKJ,ICN
779,6,321.8,KKJ,ICN
780,6,318.4,MYJ,PUS
781,6,310.9,MYJ,PUS
782,6,303.8,MYJ,PUS
783,6,297.4,MYJ,PUS
784,6,291.7,MYJ,PUS
785,6,286.9,MYJ,PUS
786,6,280.1,HIJ,ICN
787,6,270.4,HIJ,ICN
788,6,260.7,HIJ,ICN
789,6,251.6,HIJ,ICN
790,6,245.9,HIJ,ICN
791,6,251.9,HIJ,ICN
792,6,261.0,HIJ,ICN
793,6,280.4,HIJ,ICN
794,6,276.7,TAK,ICN
795,6,269.7,KIX,PUS
796,6,239.4,KIX,PUS
797,6,247.8,KIX,PUS
798,6,257.4,KIX,PUS
799,6,267.1,KIX,PUS
800,6,276.9,KIX,PUS
801,6,286.7,KIX,PUS
802,6,296.5,KIX,PUS
803,6,306.3,KIX,PUS
804,6,316.2,KIX,PUS
805,6,316.8,NGO,PUS
806,6,310.3,NGO,PUS
807,6,304.8,NGO,PUS
808,6,300.4,NGO,PUS
809,6,297.5,NGO,PUS
810,6,296.3,NGO,PUS
811,6,379.7,FSZ,ICN
812,6,346.9,FUK,PUS
813,6,316.7,KKJ,ICN
814,6,322.4,KKJ,ICN
815,6,328.8,KKJ,ICN
816,6,324.9,MYJ,PUS
817,6,317.9,MYJ,PUS
818,6,311.3,MYJ,PUS
819,6,305.4,MYJ,PUS
820,6,299.5,HIJ,ICN
821,6,289.7,HIJ,ICN
822,6,279.9,HIJ,ICN
823,6,270.2,HIJ,ICN
824,6,260.5,HIJ,ICN
825,6,251.1,HIJ,ICN
826,6,245.0,HIJ,ICN
827,6,251.4,HIJ,ICN
828,6,260.8,HIJ,ICN
829,6,270.5,HIJ,ICN
830,6,280.2,HIJ,ICN
831,6,290.0,HIJ,ICN
832,6,285.7,OKJ,ICN
833,6,276.6,OKJ,ICN
834,6,276.0,OKJ,ICN
835,6,277.0,TAK,ICN
836,6,288.0,TAK,ICN
837,6,269.8,KIX,PUS
838,6,248.2,KIX,PUS
839,6,257.6,KIX,PUS
840,6,267.2,KIX,PUS
841,6,277.0,KIX,PUS
842,6,286.7,KIX,PUS
843,6,296.5,KIX,PUS
844,6,306.4,KIX,PUS
845,6,316.2,KIX,PUS
846,6,310.0,NGO,PUS
847,6,302.8,NGO,PUS
848,6,296.4,NGO,PUS
849,6,291.3,NGO,PUS
850,6,287.7,NGO,PUS
851,6,286.2,NGO,PUS
852,6,354.1,FUK,PUS
853,6,330.5,KKJ,ICN
854,6,336.4,KKJ,ICN
855,6,331.9,MYJ,PUS
856,6,325.3,MYJ,PUS
857,6,319.3,MYJ,PUS
858,6,310.7,HIJ,ICN
859,6,301.1,HIJ,ICN
860,6,291.6,HIJ,ICN
861,6,282.3,HIJ,ICN
862,6,273.2,HIJ,ICN
863,6,264.8,HIJ,ICN
864,6,257.9,HIJ,ICN
865,6,255.0,HIJ,ICN
866,6,258.1,HIJ,ICN
867,6,265.0,HIJ,ICN
868,6,273.5,HIJ,ICN
869,6,282.6,HIJ,ICN
870,6,286.8,OKJ,ICN
871,6,278.7,OKJ,ICN
872,6,271.7,OKJ,ICN
873,6,267.0,OKJ,ICN
874,6,266.1,OKJ,ICN
875,6,269.4,OKJ,ICN
876,6,263.8,KIX,PUS
877,6,261.6,KIX,PUS
878,6,270.2,KIX,PUS
879,6,279.3,KIX,PUS
880,6,288.7,KIX,PUS
881,6,298.2,KIX,PUS
882,6,307.8,KIX,PUS
883,6,312.5,NGO,PUS
884,6,304.0,NGO,PUS
885,6,296.0,NGO,PUS
886,6,288.7,NGO,PUS
887,6,282.6,NGO,PUS
888,6,338.9,KKJ,ICN
889,6,344.3,KKJ,ICN
890,6,339.3,MYJ,PUS
891,6,332.2,HIJ,ICN
892,6,322.7,HIJ,ICN
893,6,313.4,HIJ,ICN
894,6,304.2,HIJ,ICN
895,6,295.3,HIJ,ICN
896,6,286.7,HIJ,ICN
897,6,278.7,HIJ,ICN
898,6,271.8,HIJ,ICN
899,6,266.8,HIJ,ICN
900,6,265.0,HIJ,ICN
901,6,267.0,HIJ,ICN
902,6,272.0,HIJ,ICN
903,6,279.0,HIJ,ICN
904,6,287.0,HIJ,ICN
905,6,282.7,OKJ,ICN
906,6,273.5,OKJ,ICN
907,6,264.8,OKJ,ICN
908,6,257.8,OKJ,ICN
909,6,256.2,OKJ,ICN
910,6,261.7,OKJ,ICN
911,6,269.9,OKJ,ICN
912,6,270.0,KIX,PUS
913,6,263.8,KIX,PUS
914,6,258.8,UKB,ICN
915,6,262.5,KIX,PUS
916,6,268.2,KIX,PUS
917,6,275.4,KIX,PUS
918,6,283.6,KIX,PUS
919,6,292.3,KIX,PUS
920,6,301.2,KIX,PUS
921,6,310.4,KIX,PUS
922,6,308.3,NGO,PUS
923,6,299.2,NGO,PUS
924,6,290.4,NGO,PUS
925,6,282.1,NGO,PUS
926,6,287.5,NGO,PUS
927,6,296.2,NGO,PUS
928,6,314.9,FSZ,ICN
929,6,290.7,FSZ,ICN
930,6,287.5,FSZ,ICN
931,6,332.2,FSZ,ICN
932,6,335.3,HIJ,ICN
933,6,326.2,HIJ,ICN
934,6,317.3,HIJ,ICN
935,6,308.7,HIJ,ICN
936,6,300.4,HIJ,ICN
937,6,292.7,HIJ,ICN
938,6,285.8,HIJ,ICN
939,6,280.1,HIJ,ICN
940,6,276.3,HIJ,ICN
941,6,275.0,HIJ,ICN
942,6,276.4,HIJ,ICN
943,6,280.3,HIJ,ICN
944,6,286.0,HIJ,ICN
945,6,290.9,OKJ,ICN
946,6,281.1,OKJ,ICN
947,6,271.3,OKJ,ICN
948,6,261.5,OKJ,ICN
949,6,251.7,OKJ,ICN
950,6,247.9,OKJ,ICN
951,6,257.5,OKJ,ICN
952,6,267.3,OKJ,ICN
953,6,277.1,OKJ,ICN
954,6,286.9,OKJ,ICN
955,6,296.8,OKJ,ICN
956,6,284.0,KIX,PUS
957,6,277.6,KIX,PUS
958,6,272.6,KIX,PUS
959,6,267.1,UKB,ICN
960,6,267.5,UKB,ICN
961,6,271.6,KIX,PUS
962,6,276.1,KIX,PUS
963,6,282.2,KIX,PUS
964,6,289.4,KIX,PUS
965,6,297.2,KIX,PUS
966,6,305.6,KIX,PUS
967,6,314.3,KIX,PUS
968,6,305.5,NGO,PUS
969,6,296.0,NGO,PUS
970,6,286.5,NGO,PUS
971,6,277.2,NGO,PUS
972,6,258.6,NGO,PUS
973,6,292.7,NGO,PUS
974,6,302.3,NGO,PUS
975,6,311.9,NGO,PUS
976,6,321.5,NGO,PUS
977,6,312.4,FSZ,ICN
978,6,302.7,FSZ,ICN
979,6,293.2,FSZ,ICN
980,6,283.9,FSZ,ICN
981,6,277.5,FSZ,ICN
982,6,330.4,FSZ,ICN
983,6,340.2,FSZ,ICN
984,6,375.8,HND,GMP
985,6,330.7,HIJ,ICN
986,6,322.3,HIJ,ICN
987,6,314.2,HIJ,ICN
988,6,306.7,HIJ,ICN
989,6,299.8,HIJ,ICN
990,6,293.8,HIJ,ICN
991,6,289.1,HIJ,ICN
992,6,286.1,HIJ,ICN
993,6,285.0,HIJ,ICN
994,6,286.1,HIJ,ICN
995,6,289.2,HIJ,ICN
996,6,294.0,HIJ,ICN
997,6,291.7,OKJ,ICN
998,6,282.1,OKJ,ICN
999,6,272.7,OKJ,ICN
1000,6,263.7,OKJ,ICN
1001,6,256.0,OKJ,ICN
1002,6,254.1,OKJ,ICN
1003,6,260.3,OKJ,ICN
1004,6,269.0,OKJ,ICN
1005,6,278.3,OKJ,ICN
1006,6,287.8,OKJ,ICN
1007,6,297.5,OKJ,ICN
1008,6,307.2,OKJ,ICN
1009,6,305.3,KIX,PUS
1010,6,298.1,KIX,PUS
1011,6,291.5,KIX,PUS
1012,6,286.0,KIX,PUS
1013,6,280.5,UKB,ICN
1014,6,276.8,UKB,ICN
1015,6,277.0,UKB,ICN
1016,6,281.0,UKB,ICN
1017,6,284.8,KIX,PUS
1018,6,289.9,KIX,PUS
1019,6,296.2,KIX,PUS
1020,6,303.3,KIX,PUS
1021,6,311.0,KIX,PUS
1022,6,314.1,NGO,PUS
1023,6,304.3,NGO,PUS
1024,6,294.5,NGO,PUS
1025,6,284.7,NGO,PUS
1026,6,274.9,NGO,PUS
1027,6,265.2,NGO,PUS
1028,6,252.2,NGO,PUS
1029,6,261.9,NGO,PUS
1030,6,271.6,NGO,PUS
1031,6,281.4,NGO,PUS
1032,6,291.2,NGO,PUS
1033,6,301.0,NGO,PUS
1034,6,310.8,NGO,PUS
1035,6,320.5,NGO,PUS
1036,6,312.3,FSZ,ICN
1037,6,302.6,FSZ,ICN
1038,6,293.0,FSZ,ICN
1039,6,283.6,FSZ,ICN
1040,6,276.8,FSZ,ICN
1041,6,282.3,FSZ,ICN
1042,6,330.4,FSZ,ICN
1043,6,340.1,FSZ,ICN
1044,6,349.9,FSZ,ICN
1045,6,328.1,HIJ,ICN
1046,6,320.7,HIJ,ICN
1047,6,313.8,HIJ,ICN
1048,6,307.6,HIJ,ICN
1049,6,302.4,HIJ,ICN
1050,6,298.4,HIJ,ICN
1051,6,295.9,HIJ,ICN
1052,6,295.1,HIJ,ICN
1053,6,296.0,HIJ,ICN
1054,6,298.5,HIJ,ICN
1055,6,301.2,YGJ,ICN
1056,6,294.6,OKJ,ICN
1057,6,285.7,OKJ,ICN
1058,6,277.3,OKJ,ICN
1059,6,270.0,OKJ,ICN
1060,6,264.9,OKJ,ICN
1061,6,263.9,OKJ,ICN
1062,6,267.6,OKJ,ICN
1063,6,274.2,OKJ,ICN
1064,6,282.2,OKJ,ICN
1065,6,291.0,OKJ,ICN
1066,6,300.0,OKJ,ICN
1067,6,309.3,OKJ,ICN
1068,6,312.1,KIX,PUS
1069,6,305.5,KIX,PUS
1070,6,299.7,KIX,PUS
1071,6,294.3,UKB,ICN
1072,6,289.4,UKB,ICN
1073,6,286.7,UKB,ICN
1074,6,286.9,UKB,ICN
1075,6,289.8,UKB,ICN
1076,6,293.9,KIX,PUS
1077,6,298.3,KIX,PUS
1078,6,303.8,KIX,PUS
1079,6,310.2,KIX,PUS
1080,6,317.3,KIX,PUS
1081,6,314.4,NGO,PUS
1082,6,304.7,NGO,PUS
1083,6,295.0,NGO,PUS
1084,6,285.3,NGO,PUS
1085,6,275.8,NGO,PUS
1086,6,266.4,NGO,PUS
1087,6,254.9,NGO,PUS
1088,6,263.3,NGO,PUS
1089,6,272.5,NGO,PUS
1090,6,282.1,NGO,PUS
1091,6,291.7,NGO,PUS
1092,6,301.4,NGO,PUS
1093,6,311.1,NGO,PUS
1094,6,320.9,NGO,PUS
1095,6,314.7,FSZ,ICN
1096,6,305.6,FSZ,ICN
1097,6,297.2,FSZ,ICN
1098,6,290.2,FSZ,ICN
1099,6,286.8,FSZ,ICN
1100,6,289.4,FSZ,ICN
1101,6,332.0,FSZ,ICN
1102,6,341.5,FSZ,ICN
1103,6,351.1,FSZ,ICN
1104,6,348.6,HND,GMP
1105,6,327.8,HIJ,ICN
1106,6,321.5,HIJ,ICN
1107,6,316.0,HIJ,ICN
1108,6,311.4,HIJ,ICN
1109,6,307.9,HIJ,ICN
1110,6,303.7,YGJ,ICN
1111,6,298.4,YGJ,ICN
1112,6,294.5,YGJ,ICN
1113,6,292.0,YGJ,ICN
1114,6,291.2,YGJ,ICN
1115,6,292.2,YGJ,ICN
1116,6,291.1,OKJ,ICN
1117,6,284.0,OKJ,ICN
1118,6,278.2,OKJ,ICN
1119,6,274.5,OKJ,ICN
1120,6,273.9,OKJ,ICN
1121,6,276.4,OKJ,ICN
1122,6,281.4,OKJ,ICN
1123,6,288.1,OKJ,ICN
1124,6,295.9,OKJ,ICN
1125,6,304.2,OKJ,ICN
1126,6,312.9,OKJ,ICN
1127,6,319.4,KIX,PUS
1128,6,313.5,KIX,PUS
1129,6,308.2,UKB,ICN
1130,6,302.7,UKB,ICN
1131,6,298.7,UKB,ICN
1132,6,296.7,UKB,ICN
1133,6,296.8,UKB,ICN
1134,6,299.1,UKB,ICN
1135,6,303.2,UKB,ICN
1136,6,307.1,KIX,PUS
1137,6,312.0,KIX,PUS
1138,6,317.8,KIX,PUS
1139,6,324.2,KIX,PUS
1140,6,316.2,NGO,PUS
1141,6,306.7,NGO,PUS
1142,6,297.4,NGO,PUS
1143,6,288.3,NGO,PUS
1144,6,279.5,NGO,PUS
1145,6,271.4,NGO,PUS
1146,6,264.8,NGO,PUS
1147,6,263.2,NGO,PUS
1148,6,268.9,NGO,PUS
1149,6,276.6,NGO,PUS
1150,6,285.2,NGO,PUS
1151,6,294.3,NGO,PUS
1152,6,303.5,NGO,PUS
1153,6,312.9,NGO,PUS
1154,6,322.4,NGO,PUS
1155,6,319.0,FSZ,ICN
1156,6,311.1,FSZ,ICN
1157,6,304.1,FSZ,ICN
1158,6,299.0,FSZ,ICN
1159,6,296.8,FSZ,ICN
1160,6,298.4,FSZ,ICN
1161,6,303.2,FSZ,ICN
1162,6,335.2,FSZ,ICN
1163,6,344.3,FSZ,ICN
1164,6,353.5,FSZ,ICN
1165,6,338.7,HND,GMP
1166,6,326.8,YGJ,ICN
1167,6,318.4,YGJ,ICN
1168,6,310.3,YGJ,ICN
1169,6,302.8,YGJ,ICN
1170,6,295.8,YGJ,ICN
1171,6,289.8,YGJ,ICN
1172,6,285.1,YGJ,ICN
1173,6,282.1,YGJ,ICN
1174,6,281.2,YGJ,ICN
1175,6,282.4,YGJ,ICN
1176,6,285.7,YGJ,ICN
1177,6,290.6,YGJ,ICN
1178,6,287.1,OKJ,ICN
1179,6,284.3,OKJ,ICN
1180,6,283.8,OKJ,ICN
1181,6,285.7,OKJ,ICN
1182,6,289.8,OKJ,ICN
1183,6,295.4,OKJ,ICN
1184,6,302.1,OKJ,ICN
1185,6,309.6,OKJ,ICN
1186,6,317.7,OKJ,ICN
1187,6,326.1,OKJ,ICN
1188,6,321.9,KIX,PUS
1189,6,316.3,UKB,ICN
1190,6,311.6,UKB,ICN
1191,6,308.3,UKB,ICN
1192,6,306.6,UKB,ICN
1193,6,306.7,UKB,ICN
1194,6,308.6,UKB,ICN
1195,6,312.1,UKB,ICN
1196,6,316.1,KIX,PUS
1197,6,320.5,KIX,PUS
1198,6,325.8,KIX,PUS
1199,6,328.4,NGO,PUS
1200,6,319.2,NGO,PUS
1201,6,310.2,NGO,PUS
1202,6,301.5,NGO,PUS
1203,6,293.1,NGO,PUS
1204,6,285.4,NGO,PUS
1205,6,278.7,NGO,PUS
1206,6,273.7,NGO,PUS
1207,6,271.5,NGO,PUS
1208,6,272.6,NGO,PUS
1209,6,276.8,NGO,PUS
1210,6,282.9,NGO,PUS
1211,6,290.4,NGO,PUS
1212,6,298.6,NGO,PUS
1213,6,307.2,NGO,PUS
1214,6,316.1,NGO,PUS
1215,6,325.2,NGO,PUS
1216,6,325.0,FSZ,ICN
1217,6,318.1,FSZ,ICN
1218,6,312.3,FSZ,ICN
1219,6,308.4,FSZ,ICN
1220,6,306.8,FSZ,ICN
1221,6,308.0,FSZ,ICN
1222,6,311.6,FSZ,ICN
1223,6,317.1,FSZ,ICN
1224,6,339.7,FSZ,ICN
1225,6,348.2,FSZ,ICN
1226,6,357.1,FSZ,ICN
1227,6,328.8,HND,GMP
1228,6,331.7,HND,GMP
1229,6,313.5,YGJ,ICN
1230,6,304.8,YGJ,ICN
1231,6,296.6,YGJ,ICN
1232,6,288.8,YGJ,ICN
1233,6,281.9,YGJ,ICN
1234,6,276.2,YGJ,ICN
1235,6,272.4,YGJ,ICN
1236,6,271.2,YGJ,ICN
1237,6,272.7,YGJ,ICN
1238,6,276.8,YGJ,ICN
1239,6,282.7,YGJ,ICN
1240,6,289.8,YGJ,ICN
1241,6,294.2,OKJ,ICN
1242,6,293.8,OKJ,ICN
1243,6,295.4,OKJ,ICN
1244,6,298.7,OKJ,ICN
1245,6,303.4,OKJ,ICN
1246,6,309.3,OKJ,ICN
1247,6,316.1,OKJ,ICN
1248,6,323.5,OKJ,ICN
1249,6,331.4,OKJ,ICN
1250,6,330.1,UKB,ICN
1251,6,325.0,UKB,ICN
1252,6,320.9,UKB,ICN
1253,6,318.0,UKB,ICN
1254,6,316.6,UKB,ICN
1255,6,316.7,UKB,ICN
1256,6,318.3,UKB,ICN
1257,6,321.3,UKB,ICN
1258,6,325.4,KIX,PUS
1259,6,329.4,KIX,PUS
1260,6,334.1,KIX,PUS
1261,6,332.1,NGO,PUS
1262,6,323.4,NGO,PUS
1263,6,314.9,NGO,PUS
1264,6,306.9,NGO,PUS
1265,6,299.3,NGO,PUS
1266,6,292.6,NGO,PUS
1267,6,287.1,NGO,PUS
1268,6,283.2,NGO,PUS
1269,6,281.5,NGO,PUS
1270,6,282.4,NGO,PUS
1271,6,285.5,NGO,PUS
1272,6,290.6,NGO,PUS
1273,6,296.9,NGO,PUS
1274,6,304.2,NGO,PUS
1275,6,312.1,NGO,PUS
1276,6,320.5,NGO,PUS
1277,6,329.1,NGO,PUS
1278,6,332.0,FSZ,ICN
1279,6,326.0,FSZ,ICN
1280,6,321.2,FSZ,ICN
1281,6,318.1,FSZ,ICN
1282,6,316.9,FSZ,ICN
1283,6,317.8,FSZ,ICN
1284,6,320.6,FSZ,ICN
1285,6,325.2,FSZ,ICN
1286,6,331.1,FSZ,ICN
1287,6,337.8,FSZ,ICN
1288,6,345.3,FSZ,ICN
1289,6,353.3,FSZ,ICN
1290,6,356.7,HND,GMP
1291,6,319.1,HND,GMP
1292,6,322.6,HND,GMP
1293,6,327.8,HND,GMP
1294,6,333.1,NRT,PUS
1295,6,331.6,NRT,PUS
1296,6,291.5,YGJ,ICN
1297,6,282.9,YGJ,ICN
1298,6,274.9,YGJ,ICN
1299,6,267.9,YGJ,ICN
1300,6,262.9,YGJ,ICN
1301,6,261.1,YGJ,ICN
1302,6,263.4,YGJ,ICN
1303,6,268.7,YGJ,ICN
1304,6,275.9,YGJ,ICN
1305,6,284.0,YGJ,ICN
1306,6,292.7,YGJ,ICN
1307,6,301.6,YGJ,ICN
1308,6,305.1,OKJ,ICN
1309,6,307.9,OKJ,ICN
1310,6,312.0,OKJ,ICN
1311,6,317.2,OKJ,ICN
1312,6,323.3,OKJ,ICN
1313,6,330.1,OKJ,ICN
1314,6,337.4,OKJ,ICN
1315,6,338.5,UKB,ICN
1316,6,333.9,UKB,ICN
1317,6,330.3,UKB,ICN
1318,6,327.9,UKB,ICN
1319,6,326.6,UKB,ICN
1320,6,326.7,UKB,ICN
1321,6,328.1,UKB,ICN
1322,6,330.6,UKB,ICN
1323,6,334.4,UKB,ICN
1324,6,338.4,KIX,PUS
1325,6,342.8,KIX,PUS
1326,6,336.8,NGO,PUS
1327,6,328.6,NGO,PUS
1328,6,320.7,NGO,PUS
1329,6,313.3,NGO,PUS
1330,6,306.5,NGO,PUS
1331,6,300.7,NGO,PUS
1332,6,296.0,NGO,PUS
1333,6,292.9,NGO,PUS
1334,6,291.5,NGO,PUS
1335,6,292.2,NGO,PUS
1336,6,294.7,NGO,PUS
1337,6,298.9,NGO,PUS
1338,6,304.4,NGO,PUS
1339,6,310.9,NGO,PUS
1340,6,318.1,NGO,PUS
1341,6,325.8,NGO,PUS
1342,6,334.0,NGO,PUS
1343,6,339.8,FSZ,ICN
1344,6,334.6,FSZ,ICN
1345,6,330.5,FSZ,ICN
1346,6,327.9,FSZ,ICN
1347,6,326.9,FSZ,ICN
1348,6,327.6,FSZ,ICN
1349,6,330.0,FSZ,ICN
1350,6,333.9,FSZ,ICN
1351,6,339.0,FSZ,ICN
1352,6,345.0,FSZ,ICN
1353,6,351.8,FSZ,ICN
1354,6,359.2,FSZ,ICN
1355,6,352.1,HND,GMP
1356,6,343.3,HND,GMP
1357,6,313.3,HND,GMP
1358,6,309.5,HND,GMP
1359,6,314.0,HND,GMP
1360,6,320.3,HND,GMP
1361,6,323.4,NRT,PUS
1362,6,321.6,NRT,PUS
1363,6,288.1,YGJ,ICN
1364,6,278.7,YGJ,ICN
1365,6,269.7,YGJ,ICN
1366,6,261.1,YGJ,ICN
1367,6,254.0,YGJ,ICN
1368,6,251.1,YGJ,ICN
1369,6,254.8,YGJ,ICN
1370,6,262.2,YGJ,ICN
1371,6,270.8,YGJ,ICN
1372,6,279.9,YGJ,ICN
1373,6,289.3,YGJ,ICN
1374,6,298.7,YGJ,ICN
1375,6,308.3,YGJ,ICN
1376,6,317.3,OKJ,ICN
1377,6,320.9,OKJ,ICN
1378,6,325.6,OKJ,ICN
1379,6,331.1,OKJ,ICN
1380,6,337.2,OKJ,ICN
1381,6,344.0,OKJ,ICN
1382,6,347.2,UKB,ICN
1383,6,343.1,UKB,ICN
1384,6,339.9,UKB,ICN
1385,6,337.7,UKB,ICN
1386,6,336.6,UKB,ICN
1387,6,336.7,UKB,ICN
1388,6,337.9,UKB,ICN
1389,6,340.2,UKB,ICN
1390,6,343.5,UKB,ICN
1391,6,347.6,KIX,PUS
1392,6,350.4,NGO,PUS
1393,6,342.3,NGO,PUS
1394,6,334.6,NGO,PUS
1395,6,327.2,NGO,PUS
1396,6,320.5,NGO,PUS
1397,6,314.4,NGO,PUS
1398,6,309.3,NGO,PUS
1399,6,305.3,NGO,PUS
1400,6,302.6,NGO,PUS
1401,6,301.6,NGO,PUS
1402,6,302.1,NGO,PUS
1403,6,304.2,NGO,PUS
1404,6,307.8,NGO,PUS
1405,6,312.6,NGO,PUS
1406,6,318.3,NGO,PUS
1407,6,324.9,NGO,PUS
1408,6,332.0,NGO,PUS
1409,6,339.6,NGO,PUS
1410,6,347.6,NGO,PUS
1411,6,343.5,FSZ,ICN
1412,6,340.0,FSZ,ICN
1413,6,337.7,FSZ,ICN
1414,6,336.9,FSZ,ICN
1415,6,337.5,FSZ,ICN
1416,6,339.6,FSZ,ICN
1417,6,342.9,FSZ,ICN
1418,6,347.4,FSZ,ICN
1419,6,352.8,FSZ,ICN
1420,6,359.0,FSZ,ICN
1421,6,358.1,HND,GMP
1422,6,348.7,HND,GMP
1423,6,339.4,HND,GMP
1424,6,330.3,HND,GMP
1425,6,321.4,HND,GMP
1426,6,313.0,HND,GMP
1427,6,305.4,HND,GMP
1428,6,306.3,HND,GMP
1429,6,314.0,HND,GMP
1430,6,313.9,NRT,PUS
1431,6,311.7,NRT,PUS
1432,6,276.7,YGJ,ICN
1433,6,267.1,YGJ,ICN
1434,6,257.4,YGJ,ICN
1435,6,247.9,YGJ,ICN
1436,6,241.2,YGJ,ICN
1437,6,258.6,YGJ,ICN
1438,6,268.3,YGJ,ICN
1439,6,278.0,YGJ,ICN
1440,6,287.7,YGJ,ICN
1441,6,297.4,YGJ,ICN
1442,6,307.1,YGJ,ICN
1443,6,316.8,YGJ,ICN
1444,6,326.6,YGJ,ICN
1445,6,334.3,OKJ,ICN
1446,6,339.2,OKJ,ICN
1447,6,344.9,OKJ,ICN
1448,6,351.2,OKJ,ICN
1449,6,356.2,UKB,ICN
1450,6,352.4,UKB,ICN
1451,6,349.6,UKB,ICN
1452,6,347.6,UKB,ICN
1453,6,346.6,UKB,ICN
1454,6,346.7,UKB,ICN
1455,6,347.8,UKB,ICN
1456,6,349.8,UKB,ICN
1457,6,352.8,UKB,ICN
1458,6,356.6,UKB,ICN
1459,6,356.1,NGO,PUS
1460,6,348.4,NGO,PUS
1461,6,341.2,NGO,PUS
1462,6,334.4,NGO,PUS
1463,6,328.3,NGO,PUS
1464,6,322.8,NGO,PUS
1465,6,318.3,NGO,PUS
1466,6,314.8,NGO,PUS
1467,6,312.5,NGO,PUS
1468,6,311.6,NGO,PUS
1469,6,312.0,NGO,PUS
1470,6,313.9,NGO,PUS
1471,6,317.0,NGO,PUS
1472,6,321.2,NGO,PUS
1473,6,326.3,NGO,PUS
1474,6,332.3,NGO,PUS
1475,6,338.8,NGO,PUS
1476,6,345.9,NGO,PUS
1477,6,353.4,NGO,PUS
1478,6,352.7,FSZ,ICN
1479,6,349.6,FSZ,ICN
1480,6,347.6,FSZ,ICN
1481,6,346.9,FSZ,ICN
1482,6,347.4,FSZ,ICN
1483,6,349.2,FSZ,ICN
1484,6,352.2,FSZ,ICN
1485,6,356.1,FSZ,ICN
1486,6,361.0,FSZ,ICN
1487,6,365.9,HND,GMP
1488,6,356.3,HND,GMP
1489,6,346.6,HND,GMP
1490,6,337.0,HND,GMP
1491,6,327.4,HND,GMP
1492,6,317.9,HND,GMP
1493,6,308.6,HND,GMP
1494,6,299.5,HND,GMP
1495,6,291.5,HND,GMP
1496,6,300.6,HND,GMP
1497,6,309.4,NRT,PUS
1498,6,304.5,NRT,PUS
1499,6,301.7,NRT,PUS
1500,6,250.0,YGJ,ICN
1501,6,245.7,YGJ,ICN
1502,6,336.5,YGJ,ICN
1503,6,346.1,YGJ,ICN
1504,6,353.0,OKJ,ICN
1505,6,358.8,OKJ,ICN
1506,6,365.2,OKJ,ICN
1507,6,361.9,UKB,ICN
1508,6,359.3,UKB,ICN
1509,6,357.5,UKB,ICN
1510,6,356.6,UKB,ICN
1511,6,365.7,UKB,ICN
1512,6,362.3,NGO,PUS
1513,6,355.2,NGO,PUS
1514,6,348.4,NGO,PUS
1515,6,342.1,NGO,PUS
1516,6,336.5,NGO,PUS
1517,6,331.6,NGO,PUS
1518,6,327.5,NGO,PUS
1519,6,324.4,NGO,PUS
1520,6,322.4,NGO,PUS
1521,6,321.6,NGO,PUS
1522,6,322.0,NGO,PUS
1523,6,323.6,NGO,PUS
1524,6,326.3,NGO,PUS
1525,6,330.1,NGO,PUS
1526,6,334.7,NGO,PUS
1527,6,340.1,NGO,PUS
1528,6,346.2,NGO,PUS
1529,6,352.8,NGO,PUS
1530,6,359.8,NGO,PUS
1531,6,362.1,FSZ,ICN
1532,6,359.3,FSZ,ICN
1533,6,357.6,FSZ,ICN
1534,6,356.9,FSZ,ICN
1535,6,357.4,FSZ,ICN
1536,6,359.0,FSZ,ICN
1537,6,361.6,FSZ,ICN
1538,6,365.2,FSZ,ICN
1539,6,369.6,FSZ,ICN
1540,6,365.4,HND,GMP
1541,6,355.7,HND,GMP
1542,6,346.0,HND,GMP
1543,6,336.3,HND,GMP
1544,6,326.6,HND,GMP
1545,6,316.9,HND,GMP
1546,6,307.1,HND,GMP
1547,6,297.4,HND,GMP
1548,6,287.7,HND,GMP
1549,6,279.7,HND,GMP
1550,6,301.9,NRT,PUS
1551,6,295.7,NRT,PUS
1552,6,291.9,NRT,PUS
1553,6,291.7,NRT,PUS
1554,6,356.8,YGJ,ICN
1555,6,366.4,YGJ,ICN
1556,6,372.7,OKJ,ICN
1557,6,371.5,UKB,ICN
1558,6,369.1,UKB,ICN
1559,6,367.4,UKB,ICN
1560,6,366.6,UKB,ICN
1561,6,346.3,KMQ,ICN
1562,6,343.2,KMQ,ICN
1563,6,341.0,KMQ,ICN
1564,6,340.0,KMQ,ICN
1565,6,336.9,NGO,PUS
1566,6,334.1,NGO,PUS
1567,6,332.3,NGO,PUS
1568,6,331.6,NGO,PUS
1569,6,332.0,NGO,PUS
1570,6,333.4,NGO,PUS
1571,6,335.8,NGO,PUS
1572,6,339.2,NGO,PUS
1573,6,343.4,NGO,PUS
1574,6,348.4,NGO,PUS
1575,6,354.0,NGO,PUS
1576,6,360.1,NGO,PUS
1577,6,366.8,NGO,PUS
1578,6,371.6,FSZ,ICN
1579,6,369.1,FSZ,ICN
1580,6,367.5,FSZ,ICN
1581,6,366.9,FSZ,ICN
1582,6,367.4,FSZ,ICN
1583,6,368.8,FSZ,ICN
1584,6,371.1,FSZ,ICN
1585,6,374.4,FSZ,ICN
1586,6,375.7,HND,GMP
1587,6,366.1,HND,GMP
1588,6,356.4,HND,GMP
1589,6,346.8,HND,GMP
1590,6,337.3,HND,GMP
1591,6,327.8,HND,GMP
1592,6,318.4,HND,GMP
1593,6,309.1,HND,GMP
1594,6,300.3,HND,GMP
1595,6,292.8,HND,GMP
1596,6,289.5,HND,GMP
1597,6,293.6,HND,GMP
1598,6,295.9,NRT,PUS
1599,6,288.0,NRT,PUS
1600,6,282.3,NRT,PUS
1601,6,282.0,NRT,PUS
1602,6,287.4,NRT,PUS
1603,6,376.6,UKB,ICN
1604,6,333.6,KMQ,ICN
1605,6,331.2,KMQ,ICN
1606,6,329.9,KMQ,ICN
1607,6,330.0,KMQ,ICN
1608,6,331.3,KMQ,ICN
1609,6,333.8,KMQ,ICN
1610,6,337.4,KMQ,ICN
1611,6,341.9,NGO,PUS
1612,6,343.2,NGO,PUS
1613,6,345.4,NGO,PUS
1614,6,348.5,NGO,PUS
1615,6,352.3,NGO,PUS
1616,6,356.9,NGO,PUS
1617,6,362.1,NGO,PUS
1618,6,367.8,NGO,PUS
1619,6,374.1,NGO,PUS
1620,6,380.7,NGO,PUS
1621,6,378.9,FSZ,ICN
1622,6,377.5,FSZ,ICN
1623,6,377.0,FSZ,ICN
1624,6,377.3,FSZ,ICN
1625,6,378.6,FSZ,ICN
1626,6,380.8,FSZ,ICN
1627,6,383.7,FSZ,ICN
1628,6,377.3,HND,GMP
1629,6,367.8,HND,GMP
1630,6,358.4,HND,GMP
1631,6,349.1,HND,GMP
1632,6,339.9,HND,GMP
1633,6,330.9,HND,GMP
1634,6,322.2,HND,GMP
1635,6,314.0,HND,GMP
1636,6,306.7,HND,GMP
1637,6,301.4,HND,GMP
1638,6,299.5,HND,GMP
1639,6,301.9,HND,GMP
1640,6,302.4,NRT,PUS
1641,6,292.7,NRT,PUS
1642,6,283.2,NRT,PUS
1643,6,274.1,NRT,PUS
1644,6,273.5,NRT,PUS
1645,6,282.4,NRT,PUS
1646,6,291.9,NRT,PUS
1647,6,301.6,NRT,PUS
1648,6,324.1,KMQ,ICN
1649,6,321.4,KMQ,ICN
1650,6,320.0,KMQ,ICN
1651,6,320.0,KMQ,ICN
1652,6,321.5,KMQ,ICN
1653,6,324.4,KMQ,ICN
1654,6,328.5,KMQ,ICN
1655,6,333.5,KMQ,ICN
1656,6,339.4,KMQ,ICN
1657,6,346.0,KMQ,ICN
1658,6,353.0,KMQ,ICN
1659,6,360.5,KMQ,ICN
1660,6,365.7,NGO,PUS
1661,6,370.5,NGO,PUS
1662,6,375.9,NGO,PUS
1663,6,381.7,NGO,PUS
1664,6,388.0,NGO,PUS
1665,6,388.7,FSZ,ICN
1666,6,387.5,FSZ,ICN
1667,6,387.0,FSZ,ICN
1668,6,387.3,FSZ,ICN
1669,6,388.5,FSZ,ICN
1670,6,390.5,FSZ,ICN
1671,6,389.1,HND,GMP
1672,6,379.8,HND,GMP
1673,6,370.6,HND,GMP
1674,6,361.6,HND,GMP
1675,6,352.7,HND,GMP
1676,6,344.0,HND,GMP
1677,6,335.6,HND,GMP
1678,6,327.8,HND,GMP
1679,6,320.7,HND,GMP
1680,6,314.8,HND,GMP
1681,6,310.9,HND,GMP
1682,6,309.6,HND,GMP
1683,6,311.2,HND,GMP
1684,6,302.8,NRT,PUS
1685,6,293.4,NRT,PUS
1686,6,284.2,NRT,PUS
1687,6,276.3,NRT,PUS
1688,6,275.9,NRT,PUS
1689,6,283.5,NRT,PUS
1690,6,292.6,NRT,PUS
1691,6,302.0,NRT,PUS
1692,6,319.4,KMQ,ICN
1693,6,314.9,KMQ,ICN
1694,6,311.6,KMQ,ICN
1695,6,310.0,KMQ,ICN
1696,6,310.0,KMQ,ICN
1697,6,311.8,KMQ,ICN
1698,6,315.2,KMQ,ICN
1699,6,319.8,KMQ,ICN
1700,6,325.5,KMQ,ICN
1701,6,332.0,KMQ,ICN
1702,6,339.2,KMQ,ICN
1703,6,346.8,KMQ,ICN
1704,6,354.7,KMQ,ICN
1705,6,363.0,KMQ,ICN
1706,6,371.4,KMQ,ICN
1707,6,380.1,KMQ,ICN
1708,6,388.9,KMQ,ICN
1709,6,395.6,NGO,PUS
1710,6,398.6,FSZ,ICN
1711,6,397.4,FSZ,ICN
1712,6,397.0,FSZ,ICN
1713,6,397.3,FSZ,ICN
1714,6,398.4,FSZ,ICN
1715,6,400.2,FSZ,ICN
1716,6,392.3,HND,GMP
1717,6,383.3,HND,GMP
1718,6,374.4,HND,GMP
1719,6,365.8,HND,GMP
1720,6,357.3,HND,GMP
1721,6,349.2,HND,GMP
1722,6,341.6,HND,GMP
1723,6,334.6,HND,GMP
1724,6,328.5,HND,GMP
1725,6,323.7,HND,GMP
1726,6,320.6,HND,GMP
1727,6,319.6,HND,GMP
1728,6,314.9,NRT,PUS
1729,6,306.0,NRT,PUS
1730,6,297.6,NRT,PUS
1731,6,290.2,NRT,PUS
1732,6,285.3,NRT,PUS
1733,6,285.1,NRT,PUS
1734,6,289.7,NRT,PUS
1735,6,296.9,NRT,PUS
1736,6,298.8,YGJ,ICN
1737,6,311.2,KMQ,ICN
1738,6,305.9,KMQ,ICN
1739,6,302.0,KMQ,ICN
1740,6,300.0,KMQ,ICN
1741,6,300.1,KMQ,ICN
1742,6,302.2,KMQ,ICN
1743,6,306.2,KMQ,ICN
1744,6,311.7,KMQ,ICN
1745,6,318.1,KMQ,ICN
1746,6,325.3,KMQ,ICN
1747,6,333.1,KMQ,ICN
1748,6,341.2,KMQ,ICN
1749,6,349.7,KMQ,ICN
1750,6,358.3,KMQ,ICN
1751,6,367.1,KMQ,ICN
1752,6,376.1,KMQ,ICN
1753,6,385.1,KMQ,ICN
1754,6,394.2,KMQ,ICN
1755,6,403.4,KMQ,ICN
1756,6,407.4,FSZ,ICN
1757,6,407.0,FSZ,ICN
1758,6,407.3,FSZ,ICN
1759,6,408.3,FSZ,ICN
1760,6,405.0,HND,GMP
1761,6,396.2,HND,GMP
1762,6,387.5,HND,GMP
1763,6,379.1,HND,GMP
1764,6,370.9,HND,GMP
1765,6,363.0,HND,GMP
1766,6,355.5,HND,GMP
1767,6,348.5,HND,GMP
1768,6,342.3,HND,GMP
1769,6,337.0,HND,GMP
1770,6,332.9,HND,GMP
1771,6,330.4,HND,GMP
1772,6,327.8,NRT,PUS
1773,6,319.3,NRT,PUS
1774,6,311.3,NRT,PUS
1775,6,304.1,NRT,PUS
1776,6,298.4,NRT,PUS
1777,6,295.0,NRT,PUS
1778,6,294.9,NRT,PUS
1779,6,298.0,NRT,PUS
1780,6,308.3,YGJ,ICN
1781,6,303.7,KMQ,ICN
1782,6,297.4,KMQ,ICN
1783,6,292.6,KMQ,ICN
1784,6,290.0,KMQ,ICN
1785,6,290.1,KMQ,ICN
1786,6,292.9,KMQ,ICN
1787,6,297.8,KMQ,ICN
1788,6,304.2,KMQ,ICN
1789,6,311.6,KMQ,ICN
1790,6,319.5,KMQ,ICN
1791,6,327.9,KMQ,ICN
1792,6,336.6,KMQ,ICN
1793,6,345.5,KMQ,ICN
1794,6,354.5,KMQ,ICN
1795,6,363.6,KMQ,ICN
1796,6,372.8,KMQ,ICN
1797,6,382.0,KMQ,ICN
1798,6,391.4,KMQ,ICN
1799,6,400.7,KMQ,ICN
1800,6,410.1,KMQ,ICN
1801,6,417.0,FSZ,ICN
1802,6,417.3,FSZ,ICN
1803,6,417.9,HND,GMP
1804,6,409.3,HND,GMP
1805,6,400.8,HND,GMP
1806,6,392.5,HND,GMP
1807,6,384.5,HND,GMP
1808,6,376.7,HND,GMP
1809,6,369.3,HND,GMP
1810,6,362.4,HND,GMP
1811,6,356.1,HND,GMP
1812,6,350.5,HND,GMP
1813,6,345.9,HND,GMP
1814,6,342.4,HND,GMP
1815,6,340.3,HND,GMP
1816,6,332.8,NRT,PUS
1817,6,325.1,NRT,PUS
1818,6,318.1,NRT,PUS
1819,6,312.0,NRT,PUS
1820,6,307.5,NRT,PUS
1821,6,304.9,NRT,PUS
1822,6,304.8,NRT,PUS
1823,6,307.2,NRT,PUS
1824,6,289.8,KMQ,ICN
1825,6,283.7,KMQ,ICN
1826,6,280.2,KMQ,ICN
1827,6,280.3,KMQ,ICN
1828,6,284.1,KMQ,ICN
1829,6,290.3,KMQ,ICN
1830,6,297.9,KMQ,ICN
1831,6,306.2,KMQ,ICN
1832,6,314.9,KMQ,ICN
1833,6,323.9,KMQ,ICN
1834,6,333.0,KMQ,ICN
1835,6,342.2,KMQ,ICN
1836,6,351.5,KMQ,ICN
1837,6,360.9,KMQ,ICN
1838,6,370.3,KMQ,ICN
1839,6,379.7,KMQ,ICN
1840,6,389.2,KMQ,ICN
1841,6,398.7,KMQ,ICN
1842,6,408.2,KMQ,ICN
1843,6,417.7,KMQ,ICN
1844,6,427.3,KMQ,ICN
1845,6,422.5,HND,GMP
1846,6,414.2,HND,GMP
1847,6,406.1,HND,GMP
1848,6,398.1,HND,GMP
1849,6,390.5,HND,GMP
1850,6,383.2,HND,GMP
1851,6,376.3,HND,GMP
1852,6,369.9,HND,GMP
1853,6,364.2,HND,GMP
1854,6,359.2,HND,GMP
1855,6,355.1,HND,GMP
1856,6,352.1,HND,GMP
1857,6,346.5,NRT,PUS
1858,6,338.9,NRT,PUS
1859,6,332.0,NRT,PUS
1860,6,325.8,NRT,PUS
1861,6,320.6,NRT,PUS
1862,6,316.9,NRT,PUS
1863,6,314.9,NRT,PUS
1864,6,314.8,NRT,PUS
1865,6,316.7,NRT,PUS
1866,6,325.8,YGJ,ICN
1867,6,326.4,YGJ,ICN
1868,6,275.9,KMQ,ICN
1869,6,270.5,KMQ,ICN
1870,6,270.7,KMQ,ICN
1871,6,276.5,KMQ,ICN
1872,6,284.5,KMQ,ICN
1873,6,293.3,KMQ,ICN
1874,6,302.4,KMQ,ICN
1875,6,311.7,KMQ,ICN
1876,6,321.1,KMQ,ICN
1877,6,330.6,KMQ,ICN
1878,6,340.0,KMQ,ICN
1879,6,349.6,KMQ,ICN
1880,6,359.1,KMQ,ICN
1881,6,368.6,KMQ,ICN
1882,6,378.2,KMQ,ICN
1883,6,387.8,KMQ,ICN
1884,6,397.4,KMQ,ICN
1885,6,406.9,KMQ,ICN
1886,6,416.5,KMQ,ICN
1887,6,426.1,KMQ,ICN
1888,6,427.7,HND,GMP
1889,6,419.6,HND,GMP
1890,6,411.8,HND,GMP
1891,6,404.3,HND,GMP
1892,6,397.1,HND,GMP
1893,6,390.2,HND,GMP
1894,6,383.8,HND,GMP
1895,6,377.9,HND,GMP
1896,6,372.7,HND,GMP
1897,6,368.1,HND,GMP
1898,6,364.5,HND,GMP
1899,6,360.2,NRT,PUS
1900,6,352.8,NRT,PUS
1901,6,345.9,NRT,PUS
1902,6,339.6,NRT,PUS
1903,6,334.1,NRT,PUS
1904,6,329.7,NRT,PUS
1905,6,326.5,NRT,PUS
1906,6,324.8,NRT,PUS
1907,6,324.8,NRT,PUS
1908,6,326.3,NRT,PUS
1909,6,262.2,KMQ,ICN
1910,6,262.8,KMQ,ICN
1911,6,272.0,KMQ,ICN
1912,6,281.5,KMQ,ICN
1913,6,291.1,KMQ,ICN
1914,6,300.6,KMQ,ICN
1915,6,310.2,KMQ,ICN
1916,6,319.8,KMQ,ICN
1917,6,329.4,KMQ,ICN
1918,6,339.1,KMQ,ICN
1919,6,348.7,KMQ,ICN
1920,6,358.3,KMQ,ICN
1921,6,367.9,KMQ,ICN
1922,6,377.5,KMQ,ICN
1923,6,387.1,KMQ,ICN
1924,6,396.7,KMQ,ICN
1925,6,406.3,KMQ,ICN
1926,6,415.9,KMQ,ICN
1927,6,425.6,KMQ,ICN
1928,6,433.3,HND,GMP
1929,6,425.6,HND,GMP
1930,6,418.1,HND,GMP
1931,6,410.9,HND,GMP
1932,6,404.1,HND,GMP
1933,6,397.7,HND,GMP
1934,6,391.7,HND,GMP
1935,6,386.2,HND,GMP
1936,6,381.4,HND,GMP
1937,6,377.3,HND,GMP
1938,6,373.9,NRT,PUS
1939,6,366.6,NRT,PUS
1940,6,359.7,NRT,PUS
1941,6,353.4,NRT,PUS
1942,6,347.7,NRT,PUS
1943,6,342.9,NRT,PUS
1944,6,339.0,NRT,PUS
1945,6,336.2,NRT,PUS
1946,6,334.8,NRT,PUS
1947,6,334.8,NRT,PUS
1948,6,336.1,NRT,PUS
1949,6,265.9,KMQ,ICN
1950,6,273.4,KMQ,ICN
1951,6,282.4,KMQ,ICN
1952,6,291.7,KMQ,ICN
1953,6,301.1,KMQ,ICN
1954,6,310.6,KMQ,ICN
1955,6,320.2,KMQ,ICN
1956,6,329.7,KMQ,ICN
1957,6,339.3,KMQ,ICN
1958,6,348.9,KMQ,ICN
1959,6,358.4,KMQ,ICN
1960,6,368.0,KMQ,ICN
1961,6,377.6,KMQ,ICN
1962,6,387.2,KMQ,ICN
1963,6,396.8,KMQ,ICN
1964,6,406.4,KMQ,ICN
1965,6,416.0,KMQ,ICN
1966,6,425.6,KMQ,ICN
1967,6,435.2,KMQ,ICN
1968,6,431.9,HND,GMP
1969,6,424.8,HND,GMP
1970,6,418.0,HND,GMP
1971,6,411.5,HND,GMP
1972,6,405.5,HND,GMP
1973,6,399.9,HND,GMP
1974,6,394.8,HND,GMP
1975,6,390.4,HND,GMP
1976,6,386.6,HND,GMP
1977,6,380.5,NRT,PUS
1978,6,373.6,NRT,PUS
1979,6,367.2,NRT,PUS
1980,6,361.4,NRT,PUS
1981,6,356.3,NRT,PUS
1982,6,351.9,NRT,PUS
1983,6,348.4,NRT,PUS
1984,6,346.1,NRT,PUS
1985,6,344.8,NRT,PUS
1986,6,344.8,NRT,PUS
1987,6,345.9,NRT,PUS
1988,6,279.7,KMQ,ICN
1989,6,286.8,KMQ,ICN
1990,6,295.0,KMQ,ICN
1991,6,303.8,KMQ,ICN
1992,6,312.8,KMQ,ICN
1993,6,322.0,KMQ,ICN
1994,6,331.3,KMQ,ICN
1995,6,340.7,KMQ,ICN
1996,6,350.1,KMQ,ICN
1997,6,359.6,KMQ,ICN
1998,6,369.1,KMQ,ICN
1999,6,378.6,KMQ,ICN
2000,6,388.1,KMQ,ICN
2001,6,397.6,KMQ,ICN
2002,6,407.1,KMQ,ICN
2003,6,416.7,KMQ,ICN
2004,6,426.2,KMQ,ICN
2005,6,435.8,KMQ,ICN
2006,6,438.7,HND,GMP
2007,6,431.9,HND,GMP
2008,6,425.4,HND,GMP
2009,6,419.3,HND,GMP
2010,6,413.6,HND,GMP
2011,6,408.3,HND,GMP
2012,6,403.6,HND,GMP
2013,6,399.5,HND,GMP
2014,6,394.3,NRT,PUS
2015,6,387.5,NRT,PUS
2016,6,381.1,NRT,PUS
2017,6,375.1,NRT,PUS
2018,6,369.8,NRT,PUS
2019,6,365.1,NRT,PUS
2020,6,361.1,NRT,PUS
2021,6,358.0,NRT,PUS
2022,6,355.9,NRT,PUS
2023,6,354.8,NRT,PUS
2024,6,354.8,NRT,PUS
2025,6,355.8,NRT,PUS
2026,6,293.5,KMQ,ICN
2027,6,300.5,KMQ,ICN
2028,6,308.3,KMQ,ICN
2029,6,316.7,KMQ,ICN
2030,6,325.4,KMQ,ICN
2031,6,334.3,KMQ,ICN
2032,6,343.3,KMQ,ICN
2033,6,352.4,KMQ,ICN
2034,6,361.7,KMQ,ICN
2035,6,371.0,KMQ,ICN
2036,6,380.3,KMQ,ICN
2037,6,389.7,KMQ,ICN
2038,6,399.1,KMQ,ICN
2039,6,408.5,KMQ,ICN
2040,6,418.0,KMQ,ICN
2041,6,427.4,KMQ,ICN
2042,6,432.9,KIJ,ICN
2043,6,429.4,KIJ,ICN
2044,6,426.3,KIJ,ICN
2045,6,423.9,KIJ,ICN
2046,6,422.0,KIJ,ICN
2047,6,420.7,KIJ,ICN
2048,6,417.0,HND,GMP
2049,6,412.6,HND,GMP
2050,6,408.2,NRT,PUS
2051,6,401.4,NRT,PUS
2052,6,394.9,NRT,PUS
2053,6,388.9,NRT,PUS
2054,6,383.4,NRT,PUS
2055,6,378.4,NRT,PUS
2056,6,374.1,NRT,PUS
2057,6,370.5,NRT,PUS
2058,6,367.7,NRT,PUS
2059,6,365.8,NRT,PUS
2060,6,364.8,NRT,PUS
2061,6,364.8,NRT,PUS
2062,6,365.7,NRT,PUS
2063,6,367.5,NRT,PUS
2064,6,307.4,KMQ,ICN
2065,6,314.3,KMQ,ICN
2066,6,321.8,KMQ,ICN
2067,6,329.9,KMQ,ICN
2068,6,338.3,KMQ,ICN
2069,6,346.9,KMQ,ICN
2070,6,355.7,KMQ,ICN
2071,6,364.7,KMQ,ICN
2072,6,373.7,KMQ,ICN
2073,6,382.8,KMQ,ICN
2074,6,392.0,KMQ,ICN
2075,6,401.3,KMQ,ICN
2076,6,410.6,KMQ,ICN
2077,6,419.9,KMQ,ICN
2078,6,428.0,KIJ,ICN
2079,6,423.7,KIJ,ICN
2080,6,420.0,KIJ,ICN
2081,6,416.8,KIJ,ICN
2082,6,414.1,KIJ,ICN
2083,6,412.1,KIJ,ICN
2084,6,410.7,KIJ,ICN
2085,6,409.9,KIJ,ICN
2086,6,409.8,KIJ,ICN
2087,6,410.4,KIJ,ICN
2088,6,408.8,NRT,PUS
2089,6,402.7,NRT,PUS
2090,6,397.0,NRT,PUS
2091,6,391.9,NRT,PUS
2092,6,387.3,NRT,PUS
2093,6,383.3,NRT,PUS
2094,6,380.0,NRT,PUS
2095,6,377.4,NRT,PUS
2096,6,375.7,NRT,PUS
2097,6,374.8,NRT,PUS
2098,6,374.8,NRT,PUS
2099,6,375.6,NRT,PUS
2100,6,377.3,NRT,PUS
2101,6,315.2,KMQ,ICN
2102,6,321.2,KMQ,ICN
2103,6,328.1,KMQ,ICN
2104,6,359.9,KMQ,ICN
2105,6,368.5,KMQ,ICN
2106,6,377.2,KMQ,ICN
2107,6,386.1,KMQ,ICN
2108,6,395.1,KMQ,ICN
2109,6,404.1,KMQ,ICN
2110,6,413.2,KMQ,ICN
2111,6,422.4,KMQ,ICN
2112,6,419.2,KIJ,ICN
2113,6,414.7,KIJ,ICN
2114,6,410.7,KIJ,ICN
2115,6,407.3,KIJ,ICN
2116,6,404.5,KIJ,ICN
2117,6,402.3,KIJ,ICN
2118,6,400.7,KIJ,ICN
2119,6,399.9,KIJ,ICN
2120,6,399.8,KIJ,ICN
2121,6,400.4,KIJ,ICN
2122,6,401.7,KIJ,ICN
2123,6,403.7,KIJ,ICN
2124,6,405.4,NRT,PUS
2125,6,400.6,NRT,PUS
2126,6,396.3,NRT,PUS
2127,6,392.6,NRT,PUS
2128,6,389.6,NRT,PUS
2129,6,387.2,NRT,PUS
2130,6,385.6,NRT,PUS
2131,6,384.8,NRT,PUS
2132,6,384.8,NRT,PUS
2133,6,385.5,NRT,PUS
2134,6,387.1,NRT,PUS
2135,6,389.3,NRT,PUS
2136,6,323.6,KMQ,ICN
2137,6,328.9,KMQ,ICN
2138,6,335.1,KMQ,ICN
2139,6,364.8,KMQ,ICN
2140,6,373.0,KMQ,ICN
2141,6,381.5,KMQ,ICN
2142,6,390.0,KMQ,ICN
2143,6,398.7,KMQ,ICN
2144,6,407.6,KMQ,ICN
2145,6,416.5,KMQ,ICN
2146,6,415.8,KIJ,ICN
2147,6,410.6,KIJ,ICN
2148,6,405.8,KIJ,ICN
2149,6,401.5,KIJ,ICN
2150,6,397.9,KIJ,ICN
2151,6,394.8,KIJ,ICN
2152,6,392.5,KIJ,ICN
2153,6,390.8,KIJ,ICN
2154,6,389.9,KIJ,ICN
2155,6,389.8,KIJ,ICN
2156,6,390.5,KIJ,ICN
2157,6,391.9,KIJ,ICN
2158,6,394.0,KIJ,ICN
2159,6,396.8,KIJ,ICN
2160,6,400.3,KIJ,ICN
2161,6,404.4,KIJ,ICN
2162,6,402.0,NRT,PUS
2163,6,399.2,NRT,PUS
2164,6,397.0,NRT,PUS
2165,6,395.6,NRT,PUS
2166,6,394.8,NRT,PUS
2167,6,394.8,NRT,PUS
2168,6,395.5,NRT,PUS
2169,6,396.9,NRT,PUS
2170,6,399.0,NRT,PUS
2171,6,332.3,KMQ,ICN
2172,6,337.1,KMQ,ICN
2173,6,342.7,KMQ,ICN
2174,6,394.6,KMQ,ICN
2175,6,403.0,KMQ,ICN
2176,6,411.6,KMQ,ICN
2177,6,413.7,KIJ,ICN
2178,6,407.7,KIJ,ICN
2179,6,402.2,KIJ,ICN
2180,6,397.1,KIJ,ICN
2181,6,392.5,KIJ,ICN
2182,6,388.5,KIJ,ICN
2183,6,385.2,KIJ,ICN
2184,6,382.7,KIJ,ICN
2185,6,380.9,KIJ,ICN
2186,6,379.9,KIJ,ICN
2187,6,379.8,KIJ,ICN
2188,6,380.5,KIJ,ICN
2189,6,382.0,KIJ,ICN
2190,6,384.4,KIJ,ICN
2191,6,387.4,KIJ,ICN
2192,6,391.2,KIJ,ICN
2193,6,395.6,KIJ,ICN
2194,6,400.5,KIJ,ICN
2195,6,406.0,KIJ,ICN
2196,6,406.9,NRT,PUS
2197,6,405.5,NRT,PUS
2198,6,404.8,NRT,PUS
2199,6,404.8,NRT,PUS
2200,6,405.4,NRT,PUS
2201,6,406.8,NRT,PUS
2202,6,408.7,NRT,PUS
2203,6,411.3,NRT,PUS
2204,6,412.3,SDJ,ICN
2205,6,341.4,KMQ,ICN
2206,6,412.9,KIJ,ICN
2207,6,406.3,KIJ,ICN
2208,6,399.9,KIJ,ICN
2209,6,394.0,KIJ,ICN
2210,6,388.5,KIJ,ICN
2211,6,383.6,KIJ,ICN
2212,6,379.3,KIJ,ICN
2213,6,375.8,KIJ,ICN
2214,6,373.0,KIJ,ICN
2215,6,371.0,KIJ,ICN
2216,6,369.9,KIJ,ICN
2217,6,369.8,KIJ,ICN
2218,6,370.6,KIJ,ICN
2219,6,372.3,KIJ,ICN
2220,6,374.8,KIJ,ICN
2221,6,378.2,KIJ,ICN
2222,6,382.2,KIJ,ICN
2223,6,387.0,KIJ,ICN
2224,6,392.2,KIJ,ICN
2225,6,398.0,KIJ,ICN
2226,6,404.3,KIJ,ICN
2227,6,410.8,KIJ,ICN
2228,6,413.1,SDJ,ICN
2229,6,409.6,SDJ,ICN
2230,6,406.7,SDJ,ICN
2231,6,404.5,SDJ,ICN
2232,6,403.0,SDJ,ICN
2233,6,402.3,SDJ,ICN
2234,6,402.3,SDJ,ICN
2235,6,347.7,KMQ,ICN
2236,6,350.7,KMQ,ICN
2237,6,354.5,KMQ,ICN
2238,6,386.1,KIJ,ICN
2239,6,380.3,KIJ,ICN
2240,6,375.0,KIJ,ICN
2241,6,370.3,KIJ,ICN
2242,6,366.4,KIJ,ICN
2243,6,363.3,KIJ,ICN
2244,6,361.1,KIJ,ICN
2245,6,359.9,KIJ,ICN
2246,6,359.8,KIJ,ICN
2247,6,360.6,KIJ,ICN
2248,6,362.5,KIJ,ICN
2249,6,365.3,KIJ,ICN
2250,6,369.0,KIJ,ICN
2251,6,373.5,KIJ,ICN
2252,6,378.6,KIJ,ICN
2253,6,384.3,KIJ,ICN
2254,6,390.4,KIJ,ICN
2255,6,397.0,KIJ,ICN
2256,6,404.0,KIJ,ICN
2257,6,404.0,SDJ,ICN
2258,6,400.2,SDJ,ICN
2259,6,397.1,SDJ,ICN
2260,6,394.7,SDJ,ICN
2261,6,393.0,SDJ,ICN
2262,6,392.2,SDJ,ICN
2263,6,392.3,SDJ,ICN
2264,6,360.1,KMQ,ICN
2265,6,363.6,KMQ,ICN
2266,6,367.8,KMQ,ICN
2267,6,372.3,KIJ,ICN
2268,6,366.6,KIJ,ICN
2269,6,361.5,KIJ,ICN
2270,6,357.2,KIJ,ICN
2271,6,353.7,KIJ,ICN
2272,6,351.3,KIJ,ICN
2273,6,349.9,KIJ,ICN
2274,6,349.8,KIJ,ICN
2275,6,350.7,KIJ,ICN
2276,6,352.9,KIJ,ICN
2277,6,356.0,KIJ,ICN
2278,6,360.1,KIJ,ICN
2279,6,364.9,KIJ,ICN
2280,6,370.5,KIJ,ICN
2281,6,376.6,KIJ,ICN
2282,6,383.2,KIJ,ICN
2283,6,390.2,KIJ,ICN
2284,6,397.5,KIJ,ICN
2285,6,395.0,SDJ,ICN
2286,6,390.9,SDJ,ICN
2287,6,387.5,SDJ,ICN
2288,6,384.9,SDJ,ICN
2289,6,383.1,SDJ,ICN
2290,6,382.2,SDJ,ICN
2291,6,382.3,SDJ,ICN
2292,6,369.6,KMQ,ICN
2293,6,372.8,KMQ,ICN
2294,6,376.7,KMQ,ICN
2295,6,381.2,KMQ,ICN
2296,6,386.3,KMQ,ICN
2297,6,353.0,KIJ,ICN
2298,6,348.2,KIJ,ICN
2299,6,344.3,KIJ,ICN
2300,6,341.5,KIJ,ICN
2301,6,340.0,KIJ,ICN
2302,6,339.7,KIJ,ICN
2303,6,340.9,KIJ,ICN
2304,6,343.3,KIJ,ICN
2305,6,346.8,KIJ,ICN
2306,6,351.4,KIJ,ICN
2307,6,356.8,KIJ,ICN
2308,6,362.8,KIJ,ICN
2309,6,369.4,KIJ,ICN
2310,6,376.5,KIJ,ICN
2311,6,383.9,KIJ,ICN
2312,6,391.4,SDJ,ICN
2313,6,386.3,SDJ,ICN
2314,6,381.8,SDJ,ICN
2315,6,378.1,SDJ,ICN
2316,6,375.2,SDJ,ICN
2317,6,373.2,SDJ,ICN
2318,6,372.2,SDJ,ICN
2319,6,372.3,SDJ,ICN
2320,6,389.9,KMQ,ICN
2321,6,394.7,KMQ,ICN
2322,6,399.9,KMQ,ICN
2323,6,344.8,KIJ,ICN
2324,6,339.4,KIJ,ICN
2325,6,335.0,KIJ,ICN
2326,6,331.8,KIJ,ICN
2327,6,330.0,KIJ,ICN
2328,6,329.7,KIJ,ICN
2329,6,331.1,KIJ,ICN
2330,6,333.9,KIJ,ICN
2331,6,337.9,KIJ,ICN
2332,6,343.1,KIJ,ICN
2333,6,349.0,KIJ,ICN
2334,6,355.7,KIJ,ICN
2335,6,362.8,KIJ,ICN
2336,6,370.3,KIJ,ICN
2337,6,378.2,KIJ,ICN
2338,6,383.4,SDJ,ICN
2339,6,377.8,SDJ,ICN
2340,6,372.9,SDJ,ICN
2341,6,368.8,SDJ,ICN
2342,6,365.5,SDJ,ICN
2343,6,363.3,SDJ,ICN
2344,6,362.2,SDJ,ICN
2345,6,362.3,SDJ,ICN
2346,6,331.1,KIJ,ICN
2347,6,326.0,KIJ,ICN
2348,6,322.2,KIJ,ICN
2349,6,320.0,KIJ,ICN
2350,6,319.7,KIJ,ICN
2351,6,321.4,KIJ,ICN
2352,6,324.7,KIJ,ICN
2353,6,329.4,KIJ,ICN
2354,6,335.3,KIJ,ICN
2355,6,341.9,KIJ,ICN
2356,6,349.1,KIJ,ICN
2357,6,356.8,KIJ,ICN
2358,6,364.8,KIJ,ICN
2359,6,373.1,KIJ,ICN
2360,6,375.7,SDJ,ICN
2361,6,369.7,SDJ,ICN
2362,6,364.2,SDJ,ICN
2363,6,359.6,SDJ,ICN
2364,6,356.0,SDJ,ICN
2365,6,353.5,SDJ,ICN
2366,6,352.2,SDJ,ICN
2367,6,352.3,SDJ,ICN
2368,6,317.5,KIJ,ICN
2369,6,312.9,KIJ,ICN
2370,6,310.1,KIJ,ICN
2371,6,309.8,KIJ,ICN
2372,6,311.8,KIJ,ICN
2373,6,315.9,KIJ,ICN
2374,6,321.5,KIJ,ICN
2375,6,328.2,KIJ,ICN
2376,6,335.6,KIJ,ICN
2377,6,343.5,KIJ,ICN
2378,6,351.7,KIJ,ICN
2379,6,360.2,KIJ,ICN
2380,6,368.8,KIJ,ICN
2381,6,368.6,SDJ,ICN
2382,6,361.9,SDJ,ICN
2383,6,356.0,SDJ,ICN
2384,6,350.8,SDJ,ICN
2385,6,346.6,SDJ,ICN
2386,6,343.7,SDJ,ICN
2387,6,342.2,SDJ,ICN
2388,6,342.3,SDJ,ICN
2389,6,309.7,KIJ,ICN
2390,6,303.9,KIJ,ICN
2391,6,300.3,KIJ,ICN
2392,6,299.8,KIJ,ICN
2393,6,302.5,KIJ,ICN
2394,6,307.7,KIJ,ICN
2395,6,314.5,KIJ,ICN
2396,6,322.1,KIJ,ICN
2397,6,330.3,KIJ,ICN
2398,6,338.8,KIJ,ICN
2399,6,347.6,KIJ,ICN
2400,6,356.5,KIJ,ICN
2401,6,365.5,KIJ,ICN
2402,6,362.1,SDJ,ICN
2403,6,354.8,SDJ,ICN
2404,6,348.2,SDJ,ICN
2405,6,342.3,SDJ,ICN
2406,6,337.5,SDJ,ICN
2407,6,334.0,SDJ,ICN
2408,6,332.3,SDJ,ICN
2409,6,332.3,SDJ,ICN
2410,6,295.9,KIJ,ICN
2411,6,290.7,KIJ,ICN
2412,6,289.9,KIJ,ICN
2413,6,294.0,KIJ,ICN
2414,6,300.9,KIJ,ICN
2415,6,308.9,KIJ,ICN
2416,6,317.5,KIJ,ICN
2417,6,326.4,KIJ,ICN
2418,6,335.5,KIJ,ICN
2419,6,344.6,KIJ,ICN
2420,6,353.8,KIJ,ICN
2421,6,363.1,KIJ,ICN
2422,6,356.4,SDJ,ICN
2423,6,348.5,SDJ,ICN
2424,6,341.1,SDJ,ICN
2425,6,334.4,SDJ,ICN
2426,6,328.7,SDJ,ICN
2427,6,324.5,SDJ,ICN
2428,6,322.3,SDJ,ICN
2429,6,322.4,SDJ,ICN
2430,6,345.9,KIJ,ICN
2431,6,336.5,KIJ,ICN
2432,6,282.2,KIJ,ICN
2433,6,280.4,KIJ,ICN
2434,6,287.6,KIJ,ICN
2435,6,296.5,KIJ,ICN
2436,6,305.6,KIJ,ICN
2437,6,314.9,KIJ,ICN
2438,6,324.3,KIJ,ICN
2439,6,333.6,KIJ,ICN
2440,6,343.0,KIJ,ICN
2441,6,352.4,KIJ,ICN
2442,6,360.5,SDJ,ICN
2443,6,351.7,SDJ,ICN
2444,6,343.3,SDJ,ICN
2445,6,335.1,SDJ,ICN
2446,6,327.4,SDJ,ICN
2447,6,320.7,SDJ,ICN
2448,6,315.4,SDJ,ICN
2449,6,312.4,SDJ,ICN
2450,6,336.3,KIJ,ICN
2451,6,326.9,KIJ,ICN
2452,6,286.9,KIJ,ICN
2453,6,296.0,KIJ,ICN
2454,6,305.3,KIJ,ICN
2455,6,314.7,KIJ,ICN
2456,6,324.0,KIJ,ICN
2457,6,333.4,KIJ,ICN
2458,6,342.8,KIJ,ICN
2459,6,352.2,KIJ,ICN
2460,6,357.5,SDJ,ICN
2461,6,348.4,SDJ,ICN
2462,6,339.3,SDJ,ICN
2463,6,330.5,SDJ,ICN
2464,6,321.9,SDJ,ICN
2465,6,313.9,SDJ,ICN
2466,6,306.9,SDJ,ICN
2467,6,302.6,SDJ,ICN
2468,6,346.9,KIJ,ICN
2469,6,337.7,KIJ,ICN
2470,6,299.7,KIJ,ICN
2471,6,308.0,KIJ,ICN
2472,6,316.8,KIJ,ICN
2473,6,325.8,KIJ,ICN
2474,6,334.9,KIJ,ICN
2475,6,344.1,KIJ,ICN
2476,6,353.3,KIJ,ICN
2477,6,355.8,SDJ,ICN
2478,6,346.4,SDJ,ICN
2479,6,337.1,SDJ,ICN
2480,6,327.8,SDJ,ICN
2481,6,318.6,SDJ,ICN
2482,6,309.4,SDJ,ICN
2483,6,300.6,SDJ,ICN
2484,6,293.3,SDJ,ICN
2485,6,340.6,KIJ,ICN
2486,6,313.2,KIJ,ICN
2487,6,321.0,KIJ,ICN
2488,6,329.3,KIJ,ICN
2489,6,337.9,KIJ,ICN
2490,6,346.7,KIJ,ICN
2491,6,355.6,KIJ,ICN
2492,6,355.5,SDJ,ICN
2493,6,346.2,SDJ,ICN
2494,6,336.8,SDJ,ICN
2495,6,327.4,SDJ,ICN
2496,6,318.1,SDJ,ICN
2497,6,308.7,SDJ,ICN
2498,6,299.5,SDJ,ICN
2499,6,290.9,SDJ,ICN
2500,6,336.7,KIJ,ICN
2501,6,319.9,KIJ,ICN
2502,6,326.7,KIJ,ICN
2503,6,334.3,KIJ,ICN
2504,6,342.2,KIJ,ICN
2505,6,350.5,KIJ,ICN
2506,6,359.1,KIJ,ICN
2507,6,356.7,SDJ,ICN
2508,6,347.5,SDJ,ICN
2509,6,338.4,SDJ,ICN
2510,6,329.4,SDJ,ICN
2511,6,320.5,SDJ,ICN
2512,6,312.1,SDJ,ICN
2513,6,304.6,SDJ,ICN
2514,6,299.5,SDJ,ICN
2515,6,299.7,SDJ,ICN
2516,6,327.7,KIJ,ICN
2517,6,333.6,KIJ,ICN
2518,6,340.4,KIJ,ICN
2519,6,347.7,KIJ,ICN
2520,6,355.4,KIJ,ICN
2521,6,363.5,KIJ,ICN
2522,6,359.2,SDJ,ICN
2523,6,350.4,SDJ,ICN
2524,6,341.7,SDJ,ICN
2525,6,333.4,SDJ,ICN
2526,6,325.4,SDJ,ICN
2527,6,318.3,SDJ,ICN
2528,6,312.6,SDJ,ICN
2529,6,309.2,SDJ,ICN
2530,6,309.4,SDJ,ICN
2531,6,342.4,SDJ,ICN
2532,6,341.3,KIJ,ICN
2533,6,347.3,KIJ,ICN
2534,6,354.0,KIJ,ICN
2535,6,361.2,KIJ,ICN
2536,6,368.8,KIJ,ICN
2537,6,362.9,SDJ,ICN
2538,6,354.6,SDJ,ICN
2539,6,346.5,SDJ,ICN
2540,6,338.9,SDJ,ICN
2541,6,332.0,SDJ,ICN
2542,6,326.0,SDJ,ICN
2543,6,321.6,SDJ,ICN
2544,6,319.1,SDJ,ICN
2545,6,319.2,SDJ,ICN
2546,6,321.8,SDJ,ICN
2547,6,326.5,SDJ,ICN
2548,6,332.5,SDJ,ICN
2549,6,339.5,SDJ,ICN
2550,6,349.5,KIJ,ICN
2551,6,355.0,KIJ,ICN
2552,6,361.0,KIJ,ICN
2553,6,367.7,KIJ,ICN
2554,6,374.7,KIJ,ICN
2555,6,367.7,SDJ,ICN
2556,6,359.9,SDJ,ICN
2557,6,352.5,SDJ,ICN
2558,6,345.7,SDJ,ICN
2559,6,339.6,SDJ,ICN
2560,6,334.6,SDJ,ICN
2561,6,331.0,SDJ,ICN
2562,6,329.1,SDJ,ICN
2563,6,329.2,SDJ,ICN
2564,6,331.2,SDJ,ICN
2565,6,335.0,SDJ,ICN
2566,6,340.1,SDJ,ICN
2567,6,346.2,SDJ,ICN
2568,6,353.1,SDJ,ICN
2569,6,363.0,KIJ,ICN
2570,6,368.6,KIJ,ICN
2571,6,374.7,KIJ,ICN
2572,6,381.0,SDJ,ICN
2573,6,373.4,SDJ,ICN
2574,6,366.1,SDJ,ICN
2575,6,359.4,SDJ,ICN
2576,6,353.3,SDJ,ICN
2577,6,347.9,SDJ,ICN
2578,6,343.6,SDJ,ICN
2579,6,340.6,SDJ,ICN
2580,6,339.1,SDJ,ICN
2581,6,339.1,SDJ,ICN
2582,6,340.8,SDJ,ICN
2583,6,343.9,SDJ,ICN
2584,6,348.3,SDJ,ICN
2585,6,353.7,SDJ,ICN
2586,6,359.9,SDJ,ICN
2587,6,371.5,KIJ,ICN
2588,6,376.6,KIJ,ICN
2589,6,382.3,KIJ,ICN
2590,6,386.9,SDJ,ICN
2591,6,379.8,SDJ,ICN
2592,6,373.1,SDJ,ICN
2593,6,366.9,SDJ,ICN
2594,6,361.4,SDJ,ICN
2595,6,356.7,SDJ,ICN
2596,6,353.0,SDJ,ICN
2597,6,350.4,SDJ,ICN
2598,6,349.1,SDJ,ICN
2599,6,349.1,SDJ,ICN
2600,6,350.5,SDJ,ICN
2601,6,353.2,SDJ,ICN
2602,6,357.0,SDJ,ICN
2603,6,361.8,SDJ,ICN
2604,6,367.4,SDJ,ICN
2605,6,384.9,KIJ,ICN
2606,6,390.2,KIJ,ICN
2607,6,393.4,SDJ,ICN
2608,6,386.7,SDJ,ICN
2609,6,380.6,SDJ,ICN
2610,6,374.9,SDJ,ICN
2611,6,369.9,SDJ,ICN
2612,6,365.7,SDJ,ICN
2613,6,362.4,SDJ,ICN
2614,6,360.2,SDJ,ICN
2615,6,359.1,SDJ,ICN
2616,6,359.1,SDJ,ICN
2617,6,360.3,SDJ,ICN
2618,6,362.7,SDJ,ICN
2619,6,366.0,SDJ,ICN
2620,6,370.3,SDJ,ICN
2621,6,375.3,SDJ,ICN
2622,6,398.4,KIJ,ICN
2623,6,400.4,SDJ,ICN
2624,6,394.2,SDJ,ICN
2625,6,388.5,SDJ,ICN
2626,6,383.3,SDJ,ICN
2627,6,378.8,SDJ,ICN
2628,6,375.0,SDJ,ICN
2629,6,372.1,SDJ,ICN
2630,6,370.1,SDJ,ICN
2631,6,369.1,SDJ,ICN
2632,6,369.1,SDJ,ICN
2633,6,370.2,SDJ,ICN
2634,6,372.3,SDJ,ICN
2635,6,375.3,SDJ,ICN
2636,6,379.1,SDJ,ICN
2637,6,383.7,SDJ,ICN
2638,6,388.9,SDJ,ICN
2639,6,406.8,KIJ,ICN
2640,6,407.9,SDJ,ICN
2641,6,402.1,SDJ,ICN
2642,6,396.7,SDJ,ICN
2643,6,392.0,SDJ,ICN
2644,6,387.8,SDJ,ICN
2645,6,384.4,SDJ,ICN
2646,6,381.7,SDJ,ICN
2647,6,380.0,SDJ,ICN
2648,6,379.1,SDJ,ICN
2649,6,379.1,SDJ,ICN
2650,6,380.1,SDJ,ICN
2651,6,381.9,SDJ,ICN
2652,6,384.6,SDJ,ICN
2653,6,388.1,SDJ,ICN
2654,6,392.3,SDJ,ICN
2655,6,397.1,SDJ,ICN
2656,6,415.5,KIJ,ICN
2657,6,415.6,SDJ,ICN
2658,6,410.2,SDJ,ICN
2659,6,405.3,SDJ,ICN
2660,6,400.8,SDJ,ICN
2661,6,397.0,SDJ,ICN
2662,6,393.9,SDJ,ICN
2663,6,391.5,SDJ,ICN
2664,6,389.9,SDJ,ICN
2665,6,389.1,SDJ,ICN
2666,6,389.1,SDJ,ICN
2667,6,390.0,SDJ,ICN
2668,6,391.7,SDJ,ICN
2669,6,394.1,SDJ,ICN
2670,6,397.3,SDJ,ICN
2671,6,401.2,SDJ,ICN
2672,6,405.6,SDJ,ICN
2673,6,410.6,SDJ,ICN
2674,6,416.1,SDJ,ICN
2675,6,424.3,KIJ,ICN
2676,6,423.7,SDJ,ICN
2677,6,418.6,SDJ,ICN
2678,6,414.0,SDJ,ICN
2679,6,409.9,SDJ,ICN
2680,6,406.4,SDJ,ICN
2681,6,403.5,SDJ,ICN
2682,6,401.3,SDJ,ICN
2683,6,399.8,SDJ,ICN
2684,6,399.1,SDJ,ICN
2685,6,399.1,SDJ,ICN
2686,6,399.9,SDJ,ICN
2687,6,401.4,SDJ,ICN
2688,6,403.7,SDJ,ICN
2689,6,406.6,SDJ,ICN
2690,6,410.2,SDJ,ICN
2691,6,414.3,SDJ,ICN
2692,6,419.0,SDJ,ICN
2693,6,424.1,SDJ,ICN
2694,6,432.0,SDJ,ICN
2695,6,427.2,SDJ,ICN
2696,6,422.9,SDJ,ICN
2697,6,419.1,SDJ,ICN
2698,6,415.8,SDJ,ICN
2699,6,413.2,SDJ,ICN
2700,6,411.1,SDJ,ICN
2701,6,409.8,SDJ,ICN
2702,6,409.1,SDJ,ICN
2703,6,409.1,SDJ,ICN
2704,6,409.8,SDJ,ICN
2705,6,411.3,SDJ,ICN
2706,6,413.3,SDJ,ICN
2707,6,416.1,SDJ,ICN
2708,6,419.4,SDJ,ICN
2709,6,423.2,SDJ,ICN
2710,6,427.6,SDJ,ICN
2711,6,432.4,SDJ,ICN
2712,6,440.5,SDJ,ICN
2713,6,436.0,SDJ,ICN
2714,6,432.0,SDJ,ICN
2715,6,428.4,SDJ,ICN
2716,6,425.3,SDJ,ICN
2717,6,422.9,SDJ,ICN
2718,6,421.0,SDJ,ICN
2719,6,419.7,SDJ,ICN
2720,6,419.1,SDJ,ICN
2721,6,419.1,SDJ,ICN
2722,6,419.8,SDJ,ICN
2723,6,421.1,SDJ,ICN
2724,6,423.0,SDJ,ICN
2725,6,425.6,SDJ,ICN
2726,6,428.6,SDJ,ICN
2727,6,432.3,SDJ,ICN
2728,6,436.4,SDJ,ICN
2729,6,440.9,SDJ,ICN
2730,6,438.7,AOJ,ICN
2731,6,436.1,AOJ,ICN
2732,6,433.9,AOJ,ICN
2733,6,432.3,AOJ,ICN
2734,6,431.3,AOJ,ICN
2735,6,430.8,AOJ,ICN
2736,6,429.7,SDJ,ICN
2737,6,429.1,SDJ,ICN
2738,6,429.1,SDJ,ICN
2739,6,429.8,SDJ,ICN
2740,6,431.0,SDJ,ICN
2741,6,432.8,SDJ,ICN
2742,6,435.1,SDJ,ICN
2743,6,438.0,SDJ,ICN
2744,6,441.4,SDJ,ICN
2745,6,445.3,SDJ,ICN
2746,6,449.6,SDJ,ICN
2747,6,454.3,SDJ,ICN
2748,6,429.3,AOJ,ICN
2749,6,426.4,AOJ,ICN
2750,6,424.1,AOJ,ICN
2751,6,422.4,AOJ,ICN
2752,6,421.3,AOJ,ICN
2753,6,420.8,AOJ,ICN
2754,6,420.9,AOJ,ICN
2755,6,421.6,AOJ,ICN
2756,6,422.9,AOJ,ICN
2757,6,424.8,AOJ,ICN
2758,6,427.3,AOJ,ICN
2759,6,430.3,AOJ,ICN
2760,6,433.8,AOJ,ICN
2761,6,437.8,AOJ,ICN
2762,6,442.2,AOJ,ICN
2763,6,447.0,AOJ,ICN
2764,6,452.2,AOJ,ICN
2765,6,457.7,AOJ,ICN
2766,6,419.9,AOJ,ICN
2767,6,416.8,AOJ,ICN
2768,6,414.4,AOJ,ICN
2769,6,412.5,AOJ,ICN
2770,6,411.3,AOJ,ICN
2771,6,410.7,AOJ,ICN
2772,6,410.8,AOJ,ICN
2773,6,411.6,AOJ,ICN
2774,6,413.0,AOJ,ICN
2775,6,415.1,AOJ,ICN
2776,6,417.7,AOJ,ICN
2777,6,421.0,AOJ,ICN
2778,6,424.7,AOJ,ICN
2779,6,428.9,AOJ,ICN
2780,6,433.6,AOJ,ICN
2781,6,438.7,AOJ,ICN
2782,6,444.1,AOJ,ICN
2783,6,449.9,AOJ,ICN
2784,6,410.6,AOJ,ICN
2785,6,407.3,AOJ,ICN
2786,6,404.7,AOJ,ICN
2787,6,402.7,AOJ,ICN
2788,6,401.3,AOJ,ICN
2789,6,400.7,AOJ,ICN
2790,6,400.8,AOJ,ICN
2791,6,401.7,AOJ,ICN
2792,6,403.2,AOJ,ICN
2793,6,405.4,AOJ,ICN
2794,6,408.3,AOJ,ICN
2795,6,411.8,AOJ,ICN
2796,6,415.8,AOJ,ICN
2797,6,420.3,AOJ,ICN
2798,6,425.2,AOJ,ICN
2799,6,430.6,AOJ,ICN
2800,6,436.3,AOJ,ICN
2801,6,442.4,AOJ,ICN
2802,6,401.4,AOJ,ICN
2803,6,397.9,AOJ,ICN
2804,6,395.0,AOJ,ICN
2805,6,392.8,AOJ,ICN
2806,6,391.4,AOJ,ICN
2807,6,390.7,AOJ,ICN
2808,6,390.8,AOJ,ICN
2809,6,391.8,AOJ,ICN
2810,6,393.4,AOJ,ICN
2811,6,395.8,AOJ,ICN
2812,6,398.9,AOJ,ICN
2813,6,402.7,AOJ,ICN
2814,6,407.0,AOJ,ICN
2815,6,411.8,AOJ,ICN
2816,6,417.1,AOJ,ICN
2817,6,422.7,AOJ,ICN
2818,6,428.8,AOJ,ICN
2819,6,435.1,AOJ,ICN
2820,6,407.4,AOJ,ICN
2821,6,396.9,AOJ,ICN
2822,6,392.4,AOJ,ICN
2823,6,388.6,AOJ,ICN
2824,6,385.4,AOJ,ICN
2825,6,383.0,AOJ,ICN
2826,6,381.4,AOJ,ICN
2827,6,380.7,AOJ,ICN
2828,6,380.8,AOJ,ICN
2829,6,381.8,AOJ,ICN
2830,6,383.7,AOJ,ICN
2831,6,386.3,AOJ,ICN
2832,6,389.7,AOJ,ICN
2833,6,393.8,AOJ,ICN
2834,6,398.4,AOJ,ICN
2835,6,403.6,AOJ,ICN
2836,6,409.2,AOJ,ICN
2837,6,415.2,AOJ,ICN
2838,6,421.5,AOJ,ICN
2839,6,428.2,AOJ,ICN
2840,6,393.8,AOJ,ICN
2841,6,388.4,AOJ,ICN
2842,6,383.6,AOJ,ICN
2843,6,379.4,AOJ,ICN
2844,6,375.9,AOJ,ICN
2845,6,373.3,AOJ,ICN
2846,6,371.5,AOJ,ICN
2847,6,370.7,AOJ,ICN
2848,6,370.8,AOJ,ICN
2849,6,372.0,AOJ,ICN
2850,6,374.0,AOJ,ICN
2851,6,376.9,AOJ,ICN
2852,6,380.6,AOJ,ICN
2853,6,385.1,AOJ,ICN
2854,6,390.1,AOJ,ICN
2855,6,395.6,AOJ,ICN
2856,6,401.6,AOJ,ICN
2857,6,408.0,AOJ,ICN
2858,6,414.7,AOJ,ICN
2859,6,421.7,AOJ,ICN
2860,6,380.3,AOJ,ICN
2861,6,375.0,AOJ,ICN
2862,6,370.4,AOJ,ICN
2863,6,366.6,AOJ,ICN
2864,6,363.6,AOJ,ICN
2865,6,361.6,AOJ,ICN
2866,6,360.7,AOJ,ICN
2867,6,360.9,AOJ,ICN
2868,6,362.1,AOJ,ICN
2869,6,364.4,AOJ,ICN
2870,6,367.7,AOJ,ICN
2871,6,371.8,AOJ,ICN
2872,6,376.6,AOJ,ICN
2873,6,382.1,AOJ,ICN
2874,6,388.1,AOJ,ICN
2875,6,394.5,AOJ,ICN
2876,6,401.2,AOJ,ICN
2877,6,408.3,AOJ,ICN
2878,6,372.6,AOJ,ICN
2879,6,366.8,AOJ,ICN
2880,6,361.7,AOJ,ICN
2881,6,357.4,AOJ,ICN
2882,6,354.0,AOJ,ICN
2883,6,351.7,AOJ,ICN
2884,6,350.7,AOJ,ICN
2885,6,350.9,AOJ,ICN
2886,6,352.3,AOJ,ICN
2887,6,355.0,AOJ,ICN
2888,6,358.6,AOJ,ICN
2889,6,363.2,AOJ,ICN
2890,6,368.6,AOJ,ICN
2891,6,374.5,AOJ,ICN
2892,6,380.9,AOJ,ICN
2893,6,387.8,AOJ,ICN
2894,6,395.0,AOJ,ICN
2895,6,402.4,AOJ,ICN
2896,6,359.0,AOJ,ICN
2897,6,353.3,AOJ,ICN
2898,6,348.4,AOJ,ICN
2899,6,344.6,AOJ,ICN
2900,6,341.9,AOJ,ICN
2901,6,340.7,AOJ,ICN
2902,6,340.9,AOJ,ICN
2903,6,342.6,AOJ,ICN
2904,6,345.7,AOJ,ICN
2905,6,349.9,AOJ,ICN
2906,6,355.0,AOJ,ICN
2907,6,360.9,AOJ,ICN
2908,6,367.4,AOJ,ICN
2909,6,374.4,AOJ,ICN
2910,6,381.7,AOJ,ICN
2911,6,389.3,AOJ,ICN
2912,6,351.8,AOJ,ICN
2913,6,345.5,AOJ,ICN
2914,6,339.9,AOJ,ICN
2915,6,335.4,AOJ,ICN
2916,6,332.2,AOJ,ICN
2917,6,330.7,AOJ,ICN
2918,6,331.0,AOJ,ICN
2919,6,333.0,AOJ,ICN
2920,6,336.7,AOJ,ICN
2921,6,341.6,AOJ,ICN
2922,6,347.4,AOJ,ICN
2923,6,354.0,AOJ,ICN
2924,6,361.1,AOJ,ICN
2925,6,368.5,AOJ,ICN
2926,6,376.3,AOJ,ICN
2927,6,384.3,AOJ,ICN
2928,6,353.1,AOJ,ICN
2929,6,345.5,AOJ,ICN
2930,6,338.4,AOJ,ICN
2931,6,331.9,AOJ,ICN
2932,6,326.5,AOJ,ICN
2933,6,322.6,AOJ,ICN
2934,6,320.7,AOJ,ICN
2935,6,321.1,AOJ,ICN
2936,6,323.7,AOJ,ICN
2937,6,328.1,AOJ,ICN
2938,6,333.9,AOJ,ICN
2939,6,340.6,AOJ,ICN
2940,6,347.8,AOJ,ICN
2941,6,355.5,AOJ,ICN
2942,6,363.5,AOJ,ICN
2943,6,371.8,AOJ,ICN
2944,6,348.5,AOJ,ICN
2945,6,340.3,AOJ,ICN
2946,6,332.4,AOJ,ICN
2947,6,325.0,AOJ,ICN
2948,6,318.4,AOJ,ICN
2949,6,313.4,AOJ,ICN
2950,6,310.7,AOJ,ICN
2951,6,311.2,AOJ,ICN
2952,6,314.8,AOJ,ICN
2953,6,320.4,AOJ,ICN
2954,6,327.2,AOJ,ICN
2955,6,334.8,AOJ,ICN
2956,6,342.8,AOJ,ICN
2957,6,351.1,AOJ,ICN
2958,6,359.6,AOJ,ICN
2959,6,354.0,AOJ,ICN
2960,6,345.2,AOJ,ICN
2961,6,336.5,AOJ,ICN
2962,6,327.9,AOJ,ICN
2963,6,319.5,AOJ,ICN
2964,6,311.7,AOJ,ICN
2965,6,304.9,AOJ,ICN
2966,6,300.8,AOJ,ICN
2967,6,301.7,AOJ,ICN
2968,6,306.9,AOJ,ICN
2969,6,314.1,AOJ,ICN
2970,6,322.1,AOJ,ICN
2971,6,330.6,AOJ,ICN
2972,6,339.2,AOJ,ICN
2973,6,348.0,AOJ,ICN
2974,6,343.5,AOJ,ICN
2975,6,334.5,AOJ,ICN
2976,6,325.5,AOJ,ICN
2977,6,316.5,AOJ,ICN
2978,6,307.6,AOJ,ICN
2979,6,298.9,AOJ,ICN
2980,6,291.5,AOJ,ICN
2981,6,293.4,AOJ,ICN
2982,6,301.6,AOJ,ICN
2983,6,310.4,AOJ,ICN
2984,6,319.4,AOJ,ICN
2985,6,328.4,AOJ,ICN
2986,6,337.4,AOJ,ICN
2987,6,346.4,AOJ,ICN
2988,6,316.7,AOJ,ICN
2989,6,307.8,AOJ,ICN
2990,6,299.3,AOJ,ICN
2991,6,292.3,AOJ,ICN
2992,6,294.1,AOJ,ICN
2993,6,301.9,AOJ,ICN
2994,6,310.6,AOJ,ICN
2995,6,319.5,AOJ,ICN
2996,6,328.4,AOJ,ICN
2997,6,337.4,AOJ,ICN
2998,6,346.4,AOJ,ICN
2999,6,319.9,AOJ,ICN
3000,6,312.2,AOJ,ICN
3001,6,305.6,AOJ,ICN
3002,6,301.8,AOJ,ICN
3003,6,307.5,AOJ,ICN
3004,6,314.6,AOJ,ICN
3005,6,322.5,AOJ,ICN
3006,6,330.8,AOJ,ICN
3007,6,339.4,AOJ,ICN
3008,6,325.5,AOJ,ICN
3009,6,319.1,AOJ,ICN
3010,6,314.2,AOJ,ICN
3011,6,311.7,AOJ,ICN
3012,6,315.5,AOJ,ICN
3013,6,321.0,AOJ,ICN
3014,6,343.1,AOJ,ICN
3015,6,332.6,AOJ,ICN
3016,6,327.3,AOJ,ICN
3017,6,323.5,AOJ,ICN
3018,6,348.2,AOJ,ICN
3019,6,340.6,AOJ,ICN
3020,6,336.2,AOJ,ICN
3021,6,333.1,AOJ,ICN
3022,6,354.4,AOJ,ICN
3023,6,343.5,AOJ,ICN
3024,6,346.5,AOJ,ICN
3025,6,350.6,AOJ,ICN
3026,6,360.5,HKD,ICN
3027,6,365.8,HKD,ICN
3028,6,338.7,HKD,ICN
3029,6,340.1,HKD,ICN
3030,6,343.0,HKD,ICN
3031,6,347.2,HKD,ICN
3032,6,352.3,HKD,ICN
3033,6,358.3,HKD,ICN
3034,6,328.7,HKD,ICN
3035,6,330.5,HKD,ICN
3036,6,334.0,HKD,ICN
3037,6,413.6,HKD,ICN
3038,6,354.6,HKD,ICN
3039,6,346.8,HKD,ICN
3040,6,359.2,HKD,ICN
3041,6,350.7,HKD,ICN
3042,6,342.3,HKD,ICN
3043,6,334.2,HKD,ICN
3044,6,357.1,HKD,ICN
3045,6,348.3,HKD,ICN
3046,6,339.5,HKD,ICN
3047,6,330.8,HKD,ICN
3048,6,322.2,HKD,ICN
3049,6,347.5,HKD,ICN
3050,6,338.6,HKD,ICN
3051,6,329.6,HKD,ICN
3052,6,320.7,HKD,ICN
3053,6,311.8,HKD,ICN
3054,6,294.0,HKD,ICN
3055,6,292.7,HKD,ICN
3056,6,301.6,HKD,ICN
3057,6,310.5,HKD,ICN
3058,6,339.6,HKD,ICN
3059,6,330.9,HKD,ICN
3060,6,322.4,HKD,ICN
3061,6,314.1,HKD,ICN
3062,6,306.4,HKD,ICN
3063,6,300.5,HKD,ICN
3064,6,300.0,HKD,ICN
3065,6,305.3,HKD,ICN
3066,6,312.9,HKD,ICN
3067,6,342.5,HKD,ICN
3068,6,334.5,HKD,ICN
3069,6,326.7,HKD,ICN
3070,6,319.6,HKD,ICN
3071,6,313.7,HKD,ICN
3072,6,310.0,HKD,ICN
3073,6,309.7,HKD,ICN
3074,6,449.9,CTS,PUS
3075,6,354.8,HKD,ICN
3076,6,347.1,HKD,ICN
3077,6,339.7,HKD,ICN
3078,6,332.9,HKD,ICN
3079,6,327.0,HKD,ICN
3080,6,322.5,HKD,ICN
3081,6,319.8,HKD,ICN
3082,6,436.9,CTS,PUS
3083,6,444.2,CTS,PUS
3084,6,407.7,HKD,ICN
3085,6,367.4,HKD,ICN
3086,6,360.0,HKD,ICN
3087,6,352.9,HKD,ICN
3088,6,346.3,HKD,ICN
3089,6,340.4,HKD,ICN
3090,6,416.6,CTS,PUS
3091,6,423.9,CTS,PUS
3092,6,431.3,CTS,PUS
3093,6,438.9,CTS,PUS
3094,6,380.3,HKD,ICN
3095,6,373.0,HKD,ICN
3096,6,366.1,HKD,ICN
3097,6,359.6,HKD,ICN
3098,6,353.7,HKD,ICN
3099,6,396.4,CTS,PUS
3100,6,403.6,CTS,PUS
3101,6,411.0,CTS,PUS
3102,6,418.6,CTS,PUS
3103,6,426.4,CTS,PUS
3104,6,434.2,CTS,PUS
3105,6,393.2,HKD,ICN
3106,6,386.1,HKD,ICN
3107,6,379.3,HKD,ICN
3108,6,373.0,HKD,ICN
3109,6,367.1,HKD,ICN
3110,6,350.8,HKD,ICN
3111,6,376.3,CTS,PUS
3112,6,383.4,CTS,PUS
3113,6,390.7,CTS,PUS
3114,6,398.3,CTS,PUS
3115,6,406.0,CTS,PUS
3116,6,413.9,CTS,PUS
3117,6,422.0,CTS,PUS
3118,6,430.1,CTS,PUS
3119,6,392.6,HKD,ICN
3120,6,386.3,HKD,ICN
3121,6,380.4,HKD,ICN
3122,6,375.0,HKD,ICN
3123,6,360.6,HKD,ICN
3124,6,358.5,CTS,PUS
3125,6,356.4,CTS,PUS
3126,6,363.2,CTS,PUS
3127,6,370.5,CTS,PUS
3128,6,378.0,CTS,PUS
3129,6,385.8,CTS,PUS
3130,6,393.7,CTS,PUS
3131,6,401.8,CTS,PUS
3132,6,410.0,CTS,PUS
3133,6,418.2,CTS,PUS
3134,6,426.5,CTS,PUS
3135,6,434.9,CTS,PUS
3136,6,399.6,HKD,ICN
3137,6,393.8,HKD,ICN
3138,6,388.3,HKD,ICN
3139,6,383.4,HKD,ICN
3140,6,379.1,HKD,ICN
3141,6,368.1,CTS,PUS
3142,6,360.3,CTS,PUS
3143,6,352.6,CTS,PUS
3144,6,345.4,CTS,PUS
3145,6,336.7,CTS,PUS
3146,6,343.2,CTS,PUS
3147,6,350.2,CTS,PUS
3148,6,357.7,CTS,PUS
3149,6,365.5,CTS,PUS
3150,6,373.5,CTS,PUS
3151,6,381.7,CTS,PUS
3152,6,390.0,CTS,PUS
3153,6,398.3,CTS,PUS
3154,6,406.7,CTS,PUS
3155,6,415.2,CTS,PUS
3156,6,423.7,CTS,PUS
3157,6,432.2,CTS,PUS
3158,6,440.8,CTS,PUS
3159,6,407.1,HKD,ICN
3160,6,401.6,HKD,ICN
3161,6,396.6,HKD,ICN
3162,6,392.1,HKD,ICN
3163,6,388.1,HKD,ICN
3164,6,384.9,HKD,ICN
3165,6,382.3,HKD,ICN
3166,6,372.9,CTS,PUS
3167,6,364.5,CTS,PUS
3168,6,356.1,CTS,PUS
3169,6,348.0,CTS,PUS
3170,6,340.0,CTS,PUS
3171,6,332.4,CTS,PUS
3172,6,325.5,CTS,PUS
3173,6,323.4,CTS,PUS
3174,6,330.1,CTS,PUS
3175,6,337.5,CTS,PUS
3176,6,345.3,CTS,PUS
3177,6,353.5,CTS,PUS
3178,6,361.7,CTS,PUS
3179,6,370.1,CTS,PUS
3180,6,378.6,CTS,PUS
3181,6,387.1,CTS,PUS
3182,6,395.7,CTS,PUS
3183,6,404.3,CTS,PUS
3184,6,412.9,CTS,PUS
3185,6,421.6,CTS,PUS
3186,6,430.2,CTS,PUS
3187,6,438.9,CTS,PUS
3188,6,414.9,HKD,ICN
3189,6,409.8,HKD,ICN
3190,6,405.1,HKD,ICN
3191,6,401.0,HKD,ICN
3192,6,397.4,HKD,ICN
3193,6,394.4,HKD,ICN
3194,6,388.1,CTS,PUS
3195,6,379.4,CTS,PUS
3196,6,370.8,CTS,PUS
3197,6,362.1,CTS,PUS
3198,6,353.4,CTS,PUS
3199,6,344.9,CTS,PUS
3200,6,336.3,CTS,PUS
3201,6,327.9,CTS,PUS
3202,6,319.8,CTS,PUS
3203,6,312.3,CTS,PUS
3204,6,306.5,CTS,PUS
3205,6,305.4,CTS,PUS
3206,6,310.1,CTS,PUS
3207,6,317.3,CTS,PUS
3208,6,325.3,CTS,PUS
3209,6,333.6,CTS,PUS
3210,6,342.1,CTS,PUS
3211,6,350.6,CTS,PUS
3212,6,359.3,CTS,PUS
3213,6,367.9,CTS,PUS
3214,6,376.6,CTS,PUS
3215,6,385.3,CTS,PUS
3216,6,394.0,CTS,PUS
3217,6,402.7,CTS,PUS
3218,6,411.5,CTS,PUS
3219,6,420.2,CTS,PUS
3220,6,428.9,CTS,PUS
3221,6,437.7,CTS,PUS
3222,6,446.0,AKJ,ICN
3223,6,410.0,HKD,ICN
3224,6,405.0,CTS,PUS
3225,6,396.2,CTS,PUS
3226,6,387.4,CTS,PUS
3227,6,378.7,CTS,PUS
3228,6,369.9,CTS,PUS
3229,6,361.1,CTS,PUS
3230,6,352.4,CTS,PUS
3231,6,343.6,CTS,PUS
3232,6,334.8,CTS,PUS
3233,6,326.1,CTS,PUS
3234,6,317.3,CTS,PUS
3235,6,308.6,CTS,PUS
3236,6,299.9,CTS,PUS
3237,6,297.1,CTS,PUS
3238,6,305.7,CTS,PUS
3239,6,314.5,CTS,PUS
3240,6,323.2,CTS,PUS
3241,6,332.0,CTS,PUS
3242,6,340.8,CTS,PUS
3243,6,349.5,CTS,PUS
3244,6,358.3,CTS,PUS
3245,6,367.0,CTS,PUS
3246,6,375.8,CTS,PUS
3247,6,384.6,CTS,PUS
3248,6,393.3,CTS,PUS
3249,6,402.1,CTS,PUS
3250,6,410.9,CTS,PUS
3251,6,419.6,CTS,PUS
3252,6,427.4,AKJ,ICN
3253,6,432.7,AKJ,ICN
3254,6,438.3,AKJ,ICN
3255,6,444.2,AKJ,ICN
3256,6,396.5,CTS,PUS
3257,6,387.8,CTS,PUS
3258,6,379.1,CTS,PUS
3259,6,370.4,CTS,PUS
3260,6,361.7,CTS,PUS
3261,6,353.0,CTS,PUS
3262,6,344.4,CTS,PUS
3263,6,335.8,CTS,PUS
3264,6,327.3,CTS,PUS
3265,6,318.9,CTS,PUS
3266,6,311.0,CTS,PUS
3267,6,304.6,CTS,PUS
3268,6,303.4,CTS,PUS
3269,6,308.7,CTS,PUS
3270,6,316.3,CTS,PUS
3271,6,324.5,CTS,PUS
3272,6,333.0,CTS,PUS
3273,6,341.6,CTS,PUS
3274,6,350.2,CTS,PUS
3275,6,358.8,CTS,PUS
3276,6,367.5,CTS,PUS
3277,6,376.2,CTS,PUS
3278,6,384.9,CTS,PUS
3279,6,393.7,CTS,PUS
3280,6,402.4,CTS,PUS
3281,6,409.4,AKJ,ICN
3282,6,414.2,AKJ,ICN
3283,6,419.4,AKJ,ICN
3284,6,425.0,AKJ,ICN
3285,6,430.9,AKJ,ICN
3286,6,437.2,AKJ,ICN
3287,6,443.7,AKJ,ICN
3288,6,450.4,AKJ,ICN
3289,6,397.8,CTS,PUS
3290,6,389.2,CTS,PUS
3291,6,380.6,CTS,PUS
3292,6,372.1,CTS,PUS
3293,6,363.7,CTS,PUS
3294,6,355.3,CTS,PUS
3295,6,347.0,CTS,PUS
3296,6,339.0,CTS,PUS
3297,6,331.2,CTS,PUS
3298,6,324.0,CTS,PUS
3299,6,317.9,CTS,PUS
3300,6,313.8,CTS,PUS
3301,6,313.1,CTS,PUS
3302,6,316.2,CTS,PUS
3303,6,321.8,CTS,PUS
3304,6,328.8,CTS,PUS
3305,6,336.4,CTS,PUS
3306,6,344.4,CTS,PUS
3307,6,352.6,CTS,PUS
3308,6,360.9,CTS,PUS
3309,6,369.4,CTS,PUS
3310,6,377.9,CTS,PUS
3311,6,386.4,CTS,PUS
3312,6,392.4,AKJ,ICN
3313,6,396.4,AKJ,ICN
3314,6,401.0,AKJ,ICN
3315,6,406.1,AKJ,ICN
3316,6,411.7,AKJ,ICN
3317,6,417.6,AKJ,ICN
3318,6,423.9,AKJ,ICN
3319,6,430.5,AKJ,ICN
3320,6,437.4,AKJ,ICN
3321,6,444.4,AKJ,ICN
3322,6,451.6,AKJ,ICN
3323,6,505.3,AKJ,ICN
3324,6,391.6,CTS,PUS
3325,6,383.3,CTS,PUS
3326,6,375.1,CTS,PUS
3327,6,367.0,CTS,PUS
3328,6,359.0,CTS,PUS
3329,6,351.3,CTS,PUS
3330,6,344.0,CTS,PUS
3331,6,337.2,CTS,PUS
3332,6,331.1,CTS,PUS
3333,6,326.4,CTS,PUS
3334,6,323.5,CTS,PUS
3335,6,323.1,CTS,PUS
3336,6,325.2,CTS,PUS
3337,6,329.4,CTS,PUS
3338,6,335.1,CTS,PUS
3339,6,341.7,CTS,PUS
3340,6,348.9,CTS,PUS
3341,6,356.5,CTS,PUS
3342,6,364.4,CTS,PUS
3343,6,372.4,CTS,PUS
3344,6,376.9,AKJ,ICN
3345,6,379.7,AKJ,ICN
3346,6,383.4,AKJ,ICN
3347,6,387.8,AKJ,ICN
3348,6,392.8,AKJ,ICN
3349,6,398.4,AKJ,ICN
3350,6,404.4,AKJ,ICN
3351,6,410.7,AKJ,ICN
3352,6,417.4,AKJ,ICN
3353,6,424.4,AKJ,ICN
3354,6,431.5,AKJ,ICN
3355,6,438.8,AKJ,ICN
3356,6,446.3,AKJ,ICN
3357,6,453.9,AKJ,ICN
3358,6,461.6,AKJ,ICN
3359,6,469.4,AKJ,ICN
3360,6,477.3,AKJ,ICN
3361,6,485.3,AKJ,ICN
3362,6,493.3,AKJ,ICN
3363,6,501.4,AKJ,ICN
3364,6,509.5,AKJ,ICN
3365,6,517.7,AKJ,ICN
3366,6,395.0,CTS,PUS
3367,6,387.0,CTS,PUS
3368,6,379.1,CTS,PUS
3369,6,371.5,CTS,PUS
3370,6,364.0,CTS,PUS
3371,6,357.0,CTS,PUS
3372,6,350.4,CTS,PUS
3373,6,344.4,CTS,PUS
3374,6,339.4,CTS,PUS
3375,6,335.6,CTS,PUS
3376,6,333.4,CTS,PUS
3377,6,333.1,CTS,PUS
3378,6,334.7,CTS,PUS
3379,6,338.0,CTS,PUS
3380,6,342.7,CTS,PUS
3381,6,348.3,CTS,PUS
3382,6,354.8,CTS,PUS
3383,6,361.7,CTS,PUS
3384,6,364.2,AKJ,ICN
3385,6,365.2,AKJ,ICN
3386,6,367.3,AKJ,ICN
3387,6,370.5,AKJ,ICN
3388,6,374.7,AKJ,ICN
3389,6,379.6,AKJ,ICN
3390,6,385.1,AKJ,ICN
3391,6,391.1,AKJ,ICN
3392,6,397.6,AKJ,ICN
3393,6,404.4,AKJ,ICN
3394,6,411.4,AKJ,ICN
3395,6,418.7,AKJ,ICN
3396,6,426.2,AKJ,ICN
3397,6,433.8,AKJ,ICN
3398,6,441.5,AKJ,ICN
3399,6,449.4,AKJ,ICN
3400,6,457.3,AKJ,ICN
3401,6,465.3,AKJ,ICN
3402,6,473.4,AKJ,ICN
3403,6,481.5,AKJ,ICN
3404,6,489.7,AKJ,ICN
3405,6,497.9,AKJ,ICN
3406,6,506.2,AKJ,ICN
3407,6,514.5,AKJ,ICN
3408,6,522.8,AKJ,ICN
3409,6,407.0,CTS,PUS
3410,6,399.2,CTS,PUS
3411,6,391.5,CTS,PUS
3412,6,384.1,CTS,PUS
3413,6,370.0,CTS,PUS
3414,6,348.2,CTS,PUS
3415,6,345.1,CTS,PUS
3416,6,343.3,CTS,PUS
3417,6,343.1,CTS,PUS
3418,6,344.3,CTS,PUS
3419,6,347.0,CTS,PUS
3420,6,351.0,CTS,PUS
3421,6,355.9,CTS,PUS
3422,6,356.2,AKJ,ICN
3423,6,354.5,AKJ,ICN
3424,6,354.2,AKJ,ICN
3425,6,355.3,AKJ,ICN
3426,6,357.9,AKJ,ICN
3427,6,361.6,AKJ,ICN
3428,6,366.3,AKJ,ICN
3429,6,371.8,AKJ,ICN
3430,6,377.9,AKJ,ICN
3431,6,384.5,AKJ,ICN
3432,6,391.4,AKJ,ICN
3433,6,398.6,AKJ,ICN
3434,6,406.1,AKJ,ICN
3435,6,413.7,AKJ,ICN
3436,6,421.5,AKJ,ICN
3437,6,429.4,AKJ,ICN
3438,6,437.4,AKJ,ICN
3439,6,445.4,AKJ,ICN
3440,6,453.5,AKJ,ICN
3441,6,461.7,AKJ,ICN
3442,6,470.0,AKJ,ICN
3443,6,478.2,AKJ,ICN
3444,6,486.6,AKJ,ICN
3445,6,494.9,AKJ,ICN
3446,6,503.3,AKJ,ICN
3447,6,511.7,AKJ,ICN
3448,6,520.1,AKJ,ICN
3449,6,528.5,AKJ,ICN
3450,6,537.0,AKJ,ICN
3451,6,545.5,AKJ,ICN
3452,6,553.9,AKJ,ICN
3453,6,562.4,AKJ,ICN
3454,6,411.6,CTS,PUS
3455,6,404.2,CTS,PUS
3456,6,357.4,CTS,PUS
3457,6,354.7,CTS,PUS
3458,6,353.3,CTS,PUS
3459,6,353.1,CTS,PUS
3460,6,354.1,CTS,PUS
3461,6,356.4,CTS,PUS
3462,6,355.3,AKJ,ICN
3463,6,350.4,AKJ,ICN
3464,6,346.7,AKJ,ICN
3465,6,344.6,AKJ,ICN
3466,6,344.2,AKJ,ICN
3467,6,345.6,AKJ,ICN
3468,6,348.7,AKJ,ICN
3469,6,353.1,AKJ,ICN
3470,6,358.6,AKJ,ICN
3471,6,364.7,AKJ,ICN
3472,6,371.5,AKJ,ICN
3473,6,378.6,AKJ,ICN
3474,6,386.0,AKJ,ICN
3475,6,393.7,AKJ,ICN
3476,6,401.5,AKJ,ICN
3477,6,409.4,AKJ,ICN
3478,6,417.5,AKJ,ICN
3479,6,425.6,AKJ,ICN
3480,6,433.8,AKJ,ICN
3481,6,442.1,AKJ,ICN
3482,6,450.4,AKJ,ICN
3483,6,458.7,AKJ,ICN
3484,6,467.1,AKJ,ICN
3485,6,475.5,AKJ,ICN
3486,6,483.9,AKJ,ICN
3487,6,492.4,AKJ,ICN
3488,6,500.8,AKJ,ICN
3489,6,509.3,AKJ,ICN
3490,6,517.8,AKJ,ICN
3491,6,526.3,AKJ,ICN
3492,6,534.9,AKJ,ICN
3493,6,543.4,AKJ,ICN
3494,6,560.5,AKJ,ICN
3495,6,364.5,CTS,PUS
3496,6,363.2,CTS,PUS
3497,6,363.1,CTS,PUS
3498,6,361.6,AKJ,ICN
3499,6,354.5,AKJ,ICN
3500,6,347.8,AKJ,ICN
3501,6,342.0,AKJ,ICN
3502,6,337.5,AKJ,ICN
3503,6,334.7,AKJ,ICN
3504,6,334.2,AKJ,ICN
3505,6,336.1,AKJ,ICN
3506,6,340.0,AKJ,ICN
3507,6,345.3,AKJ,ICN
3508,6,351.6,AKJ,ICN
3509,6,358.6,AKJ,ICN
3510,6,366.0,AKJ,ICN
3511,6,373.6,AKJ,ICN
3512,6,381.5,AKJ,ICN
3513,6,389.6,AKJ,ICN
3514,6,397.7,AKJ,ICN
3515,6,405.9,AKJ,ICN
3516,6,414.2,AKJ,ICN
3517,6,422.6,AKJ,ICN
3518,6,430.9,AKJ,ICN
3519,6,439.4,AKJ,ICN
3520,6,447.8,AKJ,ICN
3521,6,456.3,AKJ,ICN
3522,6,464.8,AKJ,ICN
3523,6,473.3,AKJ,ICN
3524,6,481.8,AKJ,ICN
3525,6,490.3,AKJ,ICN
3526,6,498.9,AKJ,ICN
3527,6,507.4,AKJ,ICN
3528,6,516.0,AKJ,ICN
3529,6,524.6,AKJ,ICN
3530,6,533.1,AKJ,ICN
3531,6,376.4,CTS,PUS
3532,6,374.3,CTS,PUS
3533,6,373.2,CTS,PUS
3534,6,365.1,AKJ,ICN
3535,6,357.0,AKJ,ICN
3536,6,349.1,AKJ,ICN
3537,6,341.6,AKJ,ICN
3538,6,334.7,AKJ,ICN
3539,6,328.8,AKJ,ICN
3540,6,325.0,AKJ,ICN
3541,6,324.2,AKJ,ICN
3542,6,326.9,AKJ,ICN
3543,6,332.1,AKJ,ICN
3544,6,338.6,AKJ,ICN
3545,6,345.9,AKJ,ICN
3546,6,353.7,AKJ,ICN
3547,6,361.7,AKJ,ICN
3548,6,369.8,AKJ,ICN
3549,6,378.1,AKJ,ICN
3550,6,386.5,AKJ,ICN
3551,6,394.9,AKJ,ICN
3552,6,403.3,AKJ,ICN
3553,6,411.8,AKJ,ICN
3554,6,420.3,AKJ,ICN
3555,6,428.8,AKJ,ICN
3556,6,437.4,AKJ,ICN
3557,6,445.9,AKJ,ICN
3558,6,454.5,AKJ,ICN
3559,6,463.1,AKJ,ICN
3560,6,471.6,AKJ,ICN
3561,6,480.2,AKJ,ICN
3562,6,488.8,AKJ,ICN
3563,6,497.4,AKJ,ICN
3564,6,506.0,AKJ,ICN
3565,6,514.6,AKJ,ICN
3566,6,523.2,AKJ,ICN
3567,6,386.0,CTS,PUS
3568,6,379.5,AKJ,ICN
3569,6,371.0,AKJ,ICN
3570,6,362.4,AKJ,ICN
3571,6,354.0,AKJ,ICN
3572,6,345.5,AKJ,ICN
3573,6,337.2,AKJ,ICN
3574,6,329.2,AKJ,ICN
3575,6,321.7,AKJ,ICN
3576,6,315.7,AKJ,ICN
3577,6,314.4,AKJ,ICN
3578,6,318.9,AKJ,ICN
3579,6,325.9,AKJ,ICN
3580,6,333.9,AKJ,ICN
3581,6,342.1,AKJ,ICN
3582,6,350.4,AKJ,ICN
3583,6,358.9,AKJ,ICN
3584,6,367.4,AKJ,ICN
3585,6,375.9,AKJ,ICN
3586,6,384.5,AKJ,ICN
3587,6,393.1,AKJ,ICN
3588,6,401.7,AKJ,ICN
3589,6,410.3,AKJ,ICN
3590,6,418.9,AKJ,ICN
3591,6,427.5,AKJ,ICN
3592,6,436.1,AKJ,ICN
3593,6,444.7,AKJ,ICN
3594,6,453.3,AKJ,ICN
3595,6,462.0,AKJ,ICN
3596,6,470.6,AKJ,ICN
3597,6,479.2,AKJ,ICN
3598,6,487.8,AKJ,ICN
3599,6,496.5,AKJ,ICN
3600,6,505.1,AKJ,ICN
3601,6,513.7,AKJ,ICN
3602,6,522.4,AKJ,ICN
3603,6,387.4,AKJ,ICN
3604,6,378.7,AKJ,ICN
3605,6,370.1,AKJ,ICN
3606,6,361.4,AKJ,ICN
3607,6,352.8,AKJ,ICN
3608,6,344.2,AKJ,ICN
3609,6,335.5,AKJ,ICN
3610,6,326.9,AKJ,ICN
3611,6,318.3,AKJ,ICN
3612,6,309.6,AKJ,ICN
3613,6,306.1,AKJ,ICN
3614,6,314.7,AKJ,ICN
3615,6,323.3,AKJ,ICN
3616,6,331.9,AKJ,ICN
3617,6,340.6,AKJ,ICN
3618,6,349.2,AKJ,ICN
3619,6,357.9,AKJ,ICN
3620,6,366.5,AKJ,ICN
3621,6,375.1,AKJ,ICN
3622,6,383.8,AKJ,ICN
3623,6,392.4,AKJ,ICN
3624,6,401.0,AKJ,ICN
3625,6,409.7,AKJ,ICN
3626,6,418.3,AKJ,ICN
3627,6,426.9,AKJ,ICN
3628,6,435.6,AKJ,ICN
3629,6,444.2,AKJ,ICN
3630,6,452.9,AKJ,ICN
3631,6,461.5,AKJ,ICN
3632,6,470.1,AKJ,ICN
3633,6,478.8,AKJ,ICN
3634,6,487.4,AKJ,ICN
3635,6,496.0,AKJ,ICN
3636,6,504.7,AKJ,ICN
3637,6,513.3,AKJ,ICN
3638,6,387.8,AKJ,ICN
3639,6,379.3,AKJ,ICN
3640,6,370.7,AKJ,ICN
3641,6,362.2,AKJ,ICN
3642,6,353.7,AKJ,ICN
3643,6,345.2,AKJ,ICN
3644,6,336.9,AKJ,ICN
3645,6,328.7,AKJ,ICN
3646,6,321.0,AKJ,ICN
3647,6,314.8,AKJ,ICN
3648,6,313.3,AKJ,ICN
3649,6,318.1,AKJ,ICN
3650,6,325.4,AKJ,ICN
3651,6,333.5,AKJ,ICN
3652,6,341.7,AKJ,ICN
3653,6,350.1,AKJ,ICN
3654,6,358.6,AKJ,ICN
3655,6,367.1,AKJ,ICN
3656,6,375.7,AKJ,ICN
3657,6,384.3,AKJ,ICN
3658,6,392.8,AKJ,ICN
3659,6,401.4,AKJ,ICN
3660,6,410.0,AKJ,ICN
3661,6,418.6,AKJ,ICN
3662,6,427.2,AKJ,ICN
3663,6,435.8,AKJ,ICN
3664,6,444.4,AKJ,ICN
3665,6,453.0,AKJ,ICN
3666,6,461.7,AKJ,ICN
3667,6,470.3,AKJ,ICN
3668,6,478.9,AKJ,ICN
3669,6,487.5,AKJ,ICN
3670,6,496.1,AKJ,ICN
3671,6,504.8,AKJ,ICN
3672,6,513.4,AKJ,ICN
3673,6,547.9,AKJ,ICN
3674,6,381.1,AKJ,ICN
3675,6,372.8,AKJ,ICN
3676,6,364.6,AKJ,ICN
3677,6,356.5,AKJ,ICN
3678,6,348.5,AKJ,ICN
3679,6,341.0,AKJ,ICN
3680,6,333.9,AKJ,ICN
3681,6,327.9,AKJ,ICN
3682,6,323.9,AKJ,ICN
3683,6,323.2,AKJ,ICN
3684,6,326.0,AKJ,ICN
3685,6,331.3,AKJ,ICN
3686,6,337.9,AKJ,ICN
3687,6,345.3,AKJ,ICN
3688,6,353.1,AKJ,ICN
3689,6,361.2,AKJ,ICN
3690,6,369.3,AKJ,ICN
3691,6,377.6,AKJ,ICN
3692,6,386.0,AKJ,ICN
3693,6,394.4,AKJ,ICN
3694,6,402.8,AKJ,ICN
3695,6,411.3,AKJ,ICN
3696,6,419.8,AKJ,ICN
3697,6,428.3,AKJ,ICN
3698,6,436.8,AKJ,ICN
3699,6,445.4,AKJ,ICN
3700,6,453.9,AKJ,ICN
3701,6,462.5,AKJ,ICN
3702,6,471.0,AKJ,ICN
3703,6,479.6,AKJ,ICN
3704,6,488.2,AKJ,ICN
3705,6,496.7,AKJ,ICN
3706,6,505.3,AKJ,ICN
3707,6,513.9,AKJ,ICN
3708,6,548.3,AKJ,ICN
3709,6,368.4,AKJ,ICN
3710,6,360.9,AKJ,ICN
3711,6,353.7,AKJ,ICN
3712,6,347.0,AKJ,ICN
3713,6,341.1,AKJ,ICN
3714,6,336.5,AKJ,ICN
3715,6,333.6,AKJ,ICN
3716,6,333.1,AKJ,ICN
3717,6,335.0,AKJ,ICN
3718,6,339.0,AKJ,ICN
3719,6,344.4,AKJ,ICN
3720,6,350.8,AKJ,ICN
3721,6,357.8,AKJ,ICN
3722,6,365.2,AKJ,ICN
3723,6,372.9,AKJ,ICN
3724,6,380.8,AKJ,ICN
3725,6,388.8,AKJ,ICN
3726,6,397.0,AKJ,ICN
3727,6,405.2,AKJ,ICN
3728,6,413.5,AKJ,ICN
3729,6,421.8,AKJ,ICN
3730,6,430.2,AKJ,ICN
3731,6,438.6,AKJ,ICN
3732,6,447.0,AKJ,ICN
3733,6,455.4,AKJ,ICN
3734,6,463.9,AKJ,ICN
3735,6,497.9,AKJ,ICN
3736,6,506.4,AKJ,ICN
3737,6,514.9,AKJ,ICN
3738,6,557.6,AKJ,ICN
3739,6,566.2,AKJ,ICN
3740,6,373.5,AKJ,ICN
3741,6,366.6,AKJ,ICN
3742,6,360.1,AKJ,ICN
3743,6,354.3,AKJ,ICN
3744,6,349.4,AKJ,ICN
3745,6,345.7,AKJ,ICN
3746,6,343.5,AKJ,ICN
3747,6,343.1,AKJ,ICN
3748,6,344.6,AKJ,ICN
3749,6,347.7,AKJ,ICN
3750,6,352.1,AKJ,ICN
3751,6,357.6,AKJ,ICN
3752,6,363.8,AKJ,ICN
3753,6,370.6,AKJ,ICN
3754,6,377.7,AKJ,ICN
3755,6,385.1,AKJ,ICN
3756,6,392.8,AKJ,ICN
3757,6,400.5,AKJ,ICN
3758,6,408.5,AKJ,ICN
3759,6,416.5,AKJ,ICN
3760,6,424.6,AKJ,ICN
3761,6,432.8,AKJ,ICN
3762,6,441.0,AKJ,ICN
3763,6,449.3,AKJ,ICN
3764,6,507.9,AKJ,ICN
3765,6,516.4,AKJ,ICN
3766,6,524.9,AKJ,ICN
3767,6,567.3,AKJ,ICN
3768,6,575.8,AKJ,ICN
3769,6,379.6,AKJ,ICN
3770,6,373.3,AKJ,ICN
3771,6,367.5,AKJ,ICN
3772,6,362.4,AKJ,ICN
3773,6,358.3,AKJ,ICN
3774,6,355.2,AKJ,ICN
3775,6,353.4,AKJ,ICN
3776,6,353.1,AKJ,ICN
3777,6,354.3,AKJ,ICN
3778,6,356.8,AKJ,ICN
3779,6,360.6,AKJ,ICN
3780,6,365.3,AKJ,ICN
3781,6,370.8,AKJ,ICN
3782,6,376.9,AKJ,ICN
3783,6,383.5,AKJ,ICN
3784,6,390.4,AKJ,ICN
3785,6,397.6,AKJ,ICN
3786,6,405.0,AKJ,ICN
3787,6,412.6,AKJ,ICN
3788,6,420.3,AKJ,ICN
3789,6,428.1,AKJ,ICN
3790,6,436.1,AKJ,ICN
3791,6,444.1,AKJ,ICN
3792,6,518.3,AKJ,ICN
3793,6,526.7,AKJ,ICN
3794,6,577.3,AKJ,ICN
3795,6,386.4,AKJ,ICN
3796,6,380.7,AKJ,ICN
3797,6,375.5,AKJ,ICN
3798,6,371.1,AKJ,ICN
3799,6,367.5,AKJ,ICN
3800,6,364.9,AKJ,ICN
3801,6,363.4,AKJ,ICN
3802,6,363.1,AKJ,ICN
3803,6,364.1,AKJ,ICN
3804,6,366.2,AKJ,ICN
3805,6,369.5,AKJ,ICN
3806,6,373.6,AKJ,ICN
3807,6,378.5,AKJ,ICN
3808,6,384.0,AKJ,ICN
3809,6,390.0,AKJ,ICN
3810,6,396.4,AKJ,ICN
3811,6,403.2,AKJ,ICN
3812,6,410.2,AKJ,ICN
3813,6,417.4,AKJ,ICN
3814,6,537.3,AKJ,ICN
3815,6,587.5,AKJ,ICN
3816,6,595.9,AKJ,ICN
3817,6,393.9,AKJ,ICN
3818,6,388.6,AKJ,ICN
3819,6,384.0,AKJ,ICN
3820,6,380.0,AKJ,ICN
3821,6,376.9,AKJ,ICN
3822,6,374.6,AKJ,ICN
3823,6,373.4,AKJ,ICN
3824,6,373.1,AKJ,ICN
3825,6,374.0,AKJ,ICN
3826,6,375.8,AKJ,ICN
3827,6,378.6,AKJ,ICN
3828,6,382.3,AKJ,ICN
3829,6,386.6,AKJ,ICN
3830,6,391.6,AKJ,ICN
3831,6,397.1,AKJ,ICN
3832,6,403.1,AKJ,ICN
3833,6,409.4,AKJ,ICN
3834,6,597.9,AKJ,ICN
3835,6,606.2,AKJ,ICN
3836,6,614.6,AKJ,ICN
3837,6,401.8,AKJ,ICN
3838,6,397.0,AKJ,ICN
3839,6,392.8,AKJ,ICN
3840,6,389.2,AKJ,ICN
3841,6,386.4,AKJ,ICN
3842,6,384.4,AKJ,ICN
3843,6,383.3,AKJ,ICN
3844,6,383.1,AKJ,ICN
3845,6,383.9,AKJ,ICN
3846,6,385.5,AKJ,ICN
3847,6,388.0,AKJ,ICN
3848,6,391.2,AKJ,ICN
3849,6,395.2,AKJ,ICN
3850,6,399.7,AKJ,ICN
3851,6,404.8,AKJ,ICN
3852,6,600.2,AKJ,ICN
3853,6,608.5,AKJ,ICN
3854,6,616.8,AKJ,ICN
3855,6,625.1,AKJ,ICN
3856,6,633.4,AKJ,ICN
3857,6,405.6,AKJ,ICN
3858,6,401.8,AKJ,ICN
3859,6,398.6,AKJ,ICN
3860,6,396.1,AKJ,ICN
3861,6,394.3,AKJ,ICN
3862,6,393.3,AKJ,ICN
3863,6,393.2,AKJ,ICN
3864,6,393.8,AKJ,ICN
3865,6,395.3,AKJ,ICN
3866,6,397.5,AKJ,ICN
3867,6,400.4,AKJ,ICN
3868,6,404.0,AKJ,ICN
3869,6,408.1,AKJ,ICN
3870,6,611.0,AKJ,ICN
3871,6,414.5,AKJ,ICN
3872,6,411.0,AKJ,ICN
3873,6,408.1,AKJ,ICN
3874,6,405.8,AKJ,ICN
3875,6,404.2,AKJ,ICN
3876,6,403.3,AKJ,ICN
3877,6,403.2,AKJ,ICN
3878,6,403.8,AKJ,ICN
3879,6,405.1,AKJ,ICN
3880,6,407.1,AKJ,ICN
3881,6,409.7,AKJ,ICN
3882,6,423.6,AKJ,ICN
3883,6,420.3,AKJ,ICN
3884,6,417.7,AKJ,ICN
3885,6,415.6,AKJ,ICN
3886,6,414.1,AKJ,ICN
3887,6,413.3,AKJ,ICN
3888,6,413.2,AKJ,ICN
3889,6,413.7,AKJ,ICN
3890,6,414.9,AKJ,ICN
3891,6,416.7,AKJ,ICN
3892,6,432.8,AKJ,ICN
3893,6,429.8,AKJ,ICN
3894,6,427.3,AKJ,ICN
3895,6,425.4,AKJ,ICN
3896,6,424.1,AKJ,ICN
3897,6,423.3,AKJ,ICN
3898,6,423.2,AKJ,ICN
3899,6,423.7,AKJ,ICN
3900,6,424.8,AKJ,ICN
3901,6,442.1,AKJ,ICN
3902,6,439.3,AKJ,ICN
3903,6,437.0,AKJ,ICN
3904,6,435.2,AKJ,ICN
3905,6,434.0,AKJ,ICN
3906,6,433.3,AKJ,ICN
3907,6,433.2,AKJ,ICN
3908,6,433.7,AKJ,ICN
3909,6,454.5,AKJ,ICN
3910,6,451.5,AKJ,ICN
3911,6,448.9,AKJ,ICN
3912,6,446.8,AKJ,ICN
3913,6,445.1,AKJ,ICN
3914,6,444.0,AKJ,ICN
3915,6,443.3,AKJ,ICN
3916,6,443.2,AKJ,ICN
3917,6,463.8,AKJ,ICN
3918,6,461.0,AKJ,ICN
3919,6,458.5,AKJ,ICN
3920,6,456.5,AKJ,ICN
3921,6,455.0,AKJ,ICN
3922,6,453.9,AKJ,ICN
3923,6,453.4,AKJ,ICN
3924,6,453.3,AKJ,ICN
3925,6,476.3,AKJ,ICN
3926,6,473.2,AKJ,ICN
3927,6,470.5,AKJ,ICN
3928,6,468.2,AKJ,ICN
3929,6,466.4,AKJ,ICN
3930,6,464.9,AKJ,ICN
3931,6,463.9,AKJ,ICN
3932,6,463.4,AKJ,ICN
3933,6,500.4,AKJ,ICN
3934,6,496.3,AKJ,ICN
3935,6,485.5,AKJ,ICN
3936,6,482.6,AKJ,ICN
3937,6,480.1,AKJ,ICN
3938,6,477.9,AKJ,ICN
3939,6,476.2,AKJ,ICN
3940,6,474.8,AKJ,ICN
3941,6,473.9,AKJ,ICN
3942,6,494.9,AKJ,ICN
3943,6,492.1,AKJ,ICN
3944,6,489.7,AKJ,ICN
3945,6,487.7,AKJ,ICN
3946,6,486.0,AKJ,ICN
3947,6,484.8,AKJ,ICN
3948,6,501.7,AKJ,ICN
3949,6,499.4,AKJ,ICN
3950,6,497.5,AKJ,ICN
3951,6,495.9,AKJ,ICN
3952,6,507.3,AKJ,ICN
0,7,357.9,ISG,ICN
1,7,347.3,ISG,ICN
2,7,346.0,ISG,ICN
3,7,302.7,ISG,ICN
4,7,316.1,ISG,ICN
5,7,309.4,ISG,ICN
6,7,313.5,SHI,ICN
7,7,323.4,SHI,ICN
8,7,300.4,SHI,ICN
9,7,311.1,SHI,ICN
10,7,276.1,OKA,PUS
11,7,267.4,OKA,PUS
12,7,278.1,OKA,PUS
13,7,281.3,OKA,PUS
14,7,288.8,OKA,PUS
15,7,296.0,OKA,PUS
16,7,304.8,OKA,PUS
17,7,303.2,OKA,PUS
18,7,317.7,OKA,PUS
19,7,325.2,OKA,PUS
20,7,1264.1,FSZ,ICN
21,7,325.7,OKA,PUS
22,7,332.3,OKA,PUS
23,7,339.9,OKA,PUS
24,7,1254.8,FSZ,ICN
25,7,326.5,OKA,PUS
26,7,346.9,OKA,PUS
27,7,354.5,OKA,PUS
28,7,361.5,OKA,PUS
29,7,479.2,OKA,PUS
30,7,487.2,OKA,PUS
31,7,530.2,OKA,PUS
32,7,544.6,OKA,PUS
33,7,546.3,OKA,PUS
34,7,552.5,OKA,PUS
35,7,560.6,OKA,PUS
36,7,566.9,OKA,PUS
37,7,601.6,OKA,PUS
38,7,581.2,OKA,PUS
39,7,587.8,OKA,PUS
40,7,508.0,KOJ,ICN
41,7,463.2,KOJ,ICN
42,7,421.0,KOJ,ICN
43,7,419.8,KOJ,ICN
44,7,411.1,KOJ,ICN
45,7,409.8,KOJ,ICN
46,7,401.2,KOJ,ICN
47,7,399.9,KOJ,ICN
48,7,399.9,KOJ,ICN
49,7,381.5,KOJ,ICN
50,7,371.7,KOJ,ICN
51,7,319.1,KOJ,ICN
52,7,320.5,KOJ,ICN
53,7,310.7,KOJ,ICN
54,7,309.1,KOJ,ICN
55,7,310.8,KOJ,ICN
56,7,313.9,KOJ,ICN
57,7,315.9,KOJ,ICN
58,7,309.7,KOJ,ICN
59,7,304.7,KOJ,ICN
60,7,301.1,KOJ,ICN
61,7,301.1,KOJ,ICN
62,7,304.7,KOJ,ICN
63,7,309.7,KOJ,ICN
64,7,316.3,KOJ,ICN
65,7,301.6,KOJ,ICN
66,7,295.8,KOJ,ICN
67,7,289.2,KOJ,ICN
68,7,291.5,KOJ,ICN
69,7,295.8,KOJ,ICN
70,7,301.0,KMI,ICN
71,7,294.3,KOJ,ICN
72,7,287.5,KOJ,ICN
73,7,279.3,KOJ,ICN
74,7,282.2,KOJ,ICN
75,7,287.5,KOJ,ICN
76,7,294.3,KOJ,ICN
77,7,295.5,KMI,ICN
78,7,291.4,KMI,ICN
79,7,288.1,KOJ,ICN
80,7,280.0,KOJ,ICN
81,7,273.4,KOJ,ICN
82,7,269.4,KOJ,ICN
83,7,273.4,KOJ,ICN
84,7,280.1,KOJ,ICN
85,7,288.1,KOJ,ICN
86,7,287.0,KMI,ICN
87,7,282.0,KMI,ICN
88,7,342.9,KOJ,ICN
89,7,283.5,KOJ,ICN
90,7,274.2,KOJ,ICN
91,7,265.8,KOJ,ICN
92,7,265.8,KOJ,ICN
93,7,274.2,KOJ,ICN
94,7,283.5,KOJ,ICN
95,7,279.6,KMI,ICN
96,7,273.0,KMI,ICN
97,7,269.5,KMI,ICN
98,7,291.3,KOJ,ICN
99,7,281.2,KOJ,ICN
100,7,271.1,KOJ,ICN
101,7,261.1,KOJ,ICN
102,7,251.6,KOJ,ICN
103,7,251.6,KOJ,ICN
104,7,261.2,KOJ,ICN
105,7,271.2,KOJ,ICN
106,7,281.3,KOJ,ICN
107,7,273.8,KMI,ICN
108,7,265.3,KMI,ICN
109,7,259.7,KMI,ICN
110,7,321.9,KOJ,ICN
111,7,291.7,KOJ,ICN
112,7,281.7,KOJ,ICN
113,7,271.8,KOJ,ICN
114,7,262.2,KOJ,ICN
115,7,254.0,KOJ,ICN
116,7,254.0,KOJ,ICN
117,7,262.2,KOJ,ICN
118,7,271.8,KOJ,ICN
119,7,281.3,KMI,ICN
120,7,271.2,KMI,ICN
121,7,261.1,KMI,ICN
122,7,251.2,KMI,ICN
123,7,294.2,KOJ,ICN
124,7,284.8,KOJ,ICN
125,7,276.0,KOJ,ICN
126,7,268.2,KOJ,ICN
127,7,263.1,KOJ,ICN
128,7,263.1,KOJ,ICN
129,7,268.2,KOJ,ICN
130,7,276.0,KOJ,ICN
131,7,282.3,KMI,ICN
132,7,272.7,KMI,ICN
133,7,263.5,KMI,ICN
134,7,256.9,KMI,ICN
135,7,298.5,KOJ,ICN
136,7,290.0,KOJ,ICN
137,7,282.4,KOJ,ICN
138,7,276.4,KOJ,ICN
139,7,272.8,KOJ,ICN
140,7,272.8,KOJ,ICN
141,7,276.4,KOJ,ICN
142,7,282.5,KOJ,ICN
143,7,286.1,KMI,ICN
144,7,277.6,KMI,ICN
145,7,270.6,KMI,ICN
146,7,266.7,KMI,ICN
147,7,312.3,KOJ,ICN
148,7,290.2,KOJ,ICN
149,7,285.4,KOJ,ICN
150,7,282.7,KOJ,ICN
151,7,282.7,KOJ,ICN
152,7,285.4,KOJ,ICN
153,7,290.3,KOJ,ICN
154,7,291.8,KMI,ICN
155,7,284.7,KMI,ICN
156,7,279.3,KMI,ICN
157,7,276.6,KMI,ICN
158,7,277.3,KMI,ICN
159,7,312.3,NGS,ICN
160,7,291.6,KMJ,PUS
161,7,287.2,KMJ,PUS
162,7,284.0,KMJ,PUS
163,7,282.2,KMJ,PUS
164,7,281.8,KMJ,PUS
165,7,282.9,KMJ,PUS
166,7,285.4,KMJ,PUS
167,7,289.1,KMJ,PUS
168,7,288.6,KMI,ICN
169,7,286.6,KMI,ICN
170,7,287.1,KMI,ICN
171,7,302.4,NGS,ICN
172,7,303.1,KMJ,PUS
173,7,288.9,KMJ,PUS
174,7,278.0,KMJ,PUS
175,7,274.4,KMJ,PUS
176,7,272.2,KMJ,PUS
177,7,271.8,KMJ,PUS
178,7,273.0,KMJ,PUS
179,7,275.9,KMJ,PUS
180,7,280.2,KMJ,PUS
181,7,285.7,KMJ,PUS
182,7,292.0,KMJ,PUS
183,7,297.0,KMI,ICN
184,7,292.5,NGS,ICN
185,7,295.1,NGS,ICN
186,7,269.2,KMJ,PUS
187,7,264.9,KMJ,PUS
188,7,262.3,KMJ,PUS
189,7,261.8,KMJ,PUS
190,7,263.3,KMJ,PUS
191,7,266.7,KMJ,PUS
192,7,271.7,KMJ,PUS
193,7,277.9,KMJ,PUS
194,7,284.9,KMJ,PUS
195,7,292.6,KMJ,PUS
196,7,300.8,KMJ,PUS
197,7,285.7,NGS,ICN
198,7,274.8,KMJ,PUS
199,7,260.7,KMJ,PUS
200,7,255.6,KMJ,PUS
201,7,252.5,KMJ,PUS
202,7,251.8,KMJ,PUS
203,7,253.7,KMJ,PUS
204,7,257.8,KMJ,PUS
205,7,263.7,KMJ,PUS
206,7,270.7,KMJ,PUS
207,7,278.6,KMJ,PUS
208,7,286.9,KMJ,PUS
209,7,295.7,KMJ,PUS
210,7,260.7,KMJ,PUS
211,7,246.8,KMJ,PUS
212,7,242.7,KMJ,PUS
213,7,241.8,KMJ,PUS
214,7,244.3,KMJ,PUS
215,7,249.6,KMJ,PUS
216,7,256.6,KMJ,PUS
217,7,264.6,KMJ,PUS
218,7,273.2,KMJ,PUS
219,7,282.3,KMJ,PUS
220,7,291.5,KMJ,PUS
221,7,348.4,NGS,ICN
222,7,338.6,NGS,ICN
223,7,274.2,KMJ,PUS
224,7,264.7,KMJ,PUS
225,7,246.7,KMJ,PUS
226,7,238.9,KMJ,PUS
227,7,233.2,KMJ,PUS
228,7,231.8,KMJ,PUS
229,7,235.5,KMJ,PUS
230,7,242.4,KMJ,PUS
231,7,250.8,KMJ,PUS
232,7,259.8,KMJ,PUS
233,7,269.2,KMJ,PUS
234,7,278.8,KMJ,PUS
235,7,288.5,KMJ,PUS
236,7,298.3,KMJ,PUS
237,7,254.3,NGS,ICN
238,7,251.6,NGS,ICN
239,7,254.3,NGS,ICN
240,7,269.2,NGS,ICN
241,7,262.1,KMJ,PUS
242,7,233.0,KMJ,PUS
243,7,224.7,KMJ,PUS
244,7,222.0,KMJ,PUS
245,7,228.4,KMJ,PUS
246,7,237.4,KMJ,PUS
247,7,247.1,KMJ,PUS
248,7,256.9,KMJ,PUS
249,7,266.8,KMJ,PUS
250,7,276.7,KMJ,PUS
251,7,286.7,KMJ,PUS
252,7,296.7,KMJ,PUS
253,7,306.6,KMJ,PUS
254,7,336.7,MYJ,PUS
255,7,325.2,NGS,ICN
256,7,315.2,NGS,ICN
257,7,255.9,NGS,ICN
258,7,246.9,NGS,ICN
259,7,241.6,NGS,ICN
260,7,246.8,NGS,ICN
261,7,255.9,NGS,ICN
262,7,265.5,NGS,ICN
263,7,241.4,KMJ,PUS
264,7,231.4,KMJ,PUS
265,7,221.5,KMJ,PUS
266,7,216.7,KMJ,PUS
267,7,226.2,KMJ,PUS
268,7,236.1,KMJ,PUS
269,7,246.1,KMJ,PUS
270,7,256.1,KMJ,PUS
271,7,266.2,KMJ,PUS
272,7,276.2,KMJ,PUS
273,7,286.2,KMJ,PUS
274,7,296.2,KMJ,PUS
275,7,306.3,KMJ,PUS
276,7,311.2,OIT,ICN
277,7,326.3,MYJ,PUS
278,7,326.8,MYJ,PUS
279,7,328.2,MYJ,PUS
280,7,315.0,NGS,ICN
281,7,255.0,NGS,ICN
282,7,245.2,NGS,ICN
283,7,245.2,NGS,ICN
284,7,255.0,NGS,ICN
285,7,253.2,KMJ,PUS
286,7,243.8,KMJ,PUS
287,7,235.0,KMJ,PUS
288,7,227.8,KMJ,PUS
289,7,225.8,KMJ,PUS
290,7,230.9,KMJ,PUS
291,7,239.0,KMJ,PUS
292,7,248.2,KMJ,PUS
293,7,257.7,KMJ,PUS
294,7,267.5,KMJ,PUS
295,7,277.3,KMJ,PUS
296,7,287.1,KMJ,PUS
297,7,297.0,KMJ,PUS
298,7,299.2,OIT,ICN
299,7,301.7,OIT,ICN
300,7,305.6,OIT,ICN
301,7,316.7,MYJ,PUS
302,7,316.2,MYJ,PUS
303,7,316.8,MYJ,PUS
304,7,318.4,MYJ,PUS
305,7,315.9,NGS,ICN
306,7,267.5,NGS,ICN
307,7,258.7,NGS,ICN
308,7,247.9,NGS,ICN
309,7,251.2,NGS,ICN
310,7,255.1,HSG,ICN
311,7,253.3,HSG,ICN
312,7,249.0,KMJ,PUS
313,7,241.8,KMJ,PUS
314,7,236.9,KMJ,PUS
315,7,235.8,KMJ,PUS
316,7,238.9,KMJ,PUS
317,7,245.0,KMJ,PUS
318,7,252.8,KMJ,PUS
319,7,261.4,KMJ,PUS
320,7,270.5,KMJ,PUS
321,7,279.9,KMJ,PUS
322,7,289.3,OIT,ICN
323,7,288.3,OIT,ICN
324,7,289.4,OIT,ICN
325,7,308.3,MYJ,PUS
326,7,306.7,MYJ,PUS
327,7,306.2,MYJ,PUS
328,7,306.8,MYJ,PUS
329,7,308.6,MYJ,PUS
330,7,311.3,MYJ,PUS
331,7,265.3,NGS,ICN
332,7,260.0,NGS,ICN
333,7,257.9,NGS,ICN
334,7,259.9,NGS,ICN
335,7,248.6,HSG,ICN
336,7,256.0,KMJ,PUS
337,7,250.2,KMJ,PUS
338,7,246.5,KMJ,PUS
339,7,245.7,KMJ,PUS
340,7,248.0,KMJ,PUS
341,7,252.7,KMJ,PUS
342,7,259.2,KMJ,PUS
343,7,266.8,KMJ,PUS
344,7,275.1,KMJ,PUS
345,7,283.0,OIT,ICN
346,7,279.5,OIT,ICN
347,7,278.3,OIT,ICN
348,7,296.8,MYJ,PUS
349,7,296.2,MYJ,PUS
350,7,296.9,MYJ,PUS
351,7,298.8,MYJ,PUS
352,7,301.9,MYJ,PUS
353,7,306.0,MYJ,PUS
354,7,503.4,FSZ,ICN
355,7,509.4,FSZ,ICN
356,7,321.4,NGS,ICN
357,7,279.5,NGS,ICN
358,7,273.5,NGS,ICN
359,7,269.4,NGS,ICN
360,7,267.9,NGS,ICN
361,7,261.7,HSG,ICN
362,7,252.3,HSG,ICN
363,7,244.1,HSG,ICN
364,7,242.8,HSG,ICN
365,7,248.1,FUK,PUS
366,7,249.2,FUK,PUS
367,7,252.6,FUK,PUS
368,7,256.4,KMJ,PUS
369,7,255.7,KMJ,PUS
370,7,257.4,KMJ,PUS
371,7,261.2,KMJ,PUS
372,7,266.7,KMJ,PUS
373,7,273.3,KMJ,PUS
374,7,280.7,OIT,ICN
375,7,274.3,OIT,ICN
376,7,269.9,OIT,ICN
377,7,268.3,OIT,ICN
378,7,270.0,OIT,ICN
379,7,286.8,MYJ,PUS
380,7,286.2,MYJ,PUS
381,7,287.0,MYJ,PUS
382,7,289.2,MYJ,PUS
383,7,292.7,MYJ,PUS
384,7,297.3,MYJ,PUS
385,7,293.6,NGS,ICN
386,7,287.3,NGS,ICN
387,7,282.3,NGS,ICN
388,7,274.3,FUK,PUS
389,7,265.7,FUK,PUS
390,7,257.5,FUK,PUS
391,7,250.1,FUK,PUS
392,7,243.9,FUK,PUS
393,7,239.6,FUK,PUS
394,7,238.0,FUK,PUS
395,7,239.6,FUK,PUS
396,7,243.9,FUK,PUS
397,7,250.0,FUK,PUS
398,7,257.5,FUK,PUS
399,7,265.6,FUK,PUS
400,7,270.3,KMJ,PUS
401,7,274.9,KMJ,PUS
402,7,280.7,KMJ,PUS
403,7,274.4,OIT,ICN
404,7,276.9,MYJ,PUS
405,7,276.2,MYJ,PUS
406,7,277.1,MYJ,PUS
407,7,279.7,MYJ,PUS
408,7,283.7,MYJ,PUS
409,7,288.8,MYJ,PUS
410,7,294.9,MYJ,PUS
411,7,261.0,FUK,PUS
412,7,252.0,FUK,PUS
413,7,243.5,FUK,PUS
414,7,236.0,FUK,PUS
415,7,230.3,FUK,PUS
416,7,228.0,FUK,PUS
417,7,230.2,FUK,PUS
418,7,235.9,FUK,PUS
419,7,243.5,FUK,PUS
420,7,252.0,FUK,PUS
421,7,261.0,FUK,PUS
422,7,270.2,FUK,PUS
423,7,279.7,FUK,PUS
424,7,279.6,OIT,ICN
425,7,270.0,OIT,ICN
426,7,260.7,OIT,ICN
427,7,252.4,OIT,ICN
428,7,269.9,MYJ,PUS
429,7,267.1,MYJ,PUS
430,7,266.2,MYJ,PUS
431,7,267.3,MYJ,PUS
432,7,270.3,MYJ,PUS
433,7,275.0,MYJ,PUS
434,7,280.8,MYJ,PUS
435,7,287.7,MYJ,PUS
436,7,339.3,TAK,ICN
437,7,340.7,TAK,ICN
438,7,257.9,FUK,PUS
439,7,238.8,FUK,PUS
440,7,229.7,FUK,PUS
441,7,221.8,FUK,PUS
442,7,218.0,FUK,PUS
443,7,221.8,FUK,PUS
444,7,229.7,FUK,PUS
445,7,238.7,FUK,PUS
446,7,248.2,FUK,PUS
447,7,257.9,FUK,PUS
448,7,267.6,FUK,PUS
449,7,276.3,KKJ,ICN
450,7,278.6,OIT,ICN
451,7,268.6,OIT,ICN
452,7,258.6,OIT,ICN
453,7,248.7,OIT,ICN
454,7,266.1,MYJ,PUS
455,7,260.8,MYJ,PUS
456,7,257.3,MYJ,PUS
457,7,256.1,MYJ,PUS
458,7,257.6,MYJ,PUS
459,7,261.3,MYJ,PUS
460,7,266.8,MYJ,PUS
461,7,273.5,MYJ,PUS
462,7,281.2,MYJ,PUS
463,7,289.3,MYJ,PUS
464,7,297.9,MYJ,PUS
465,7,329.0,TAK,ICN
466,7,329.3,TAK,ICN
467,7,330.9,TAK,ICN
468,7,346.9,KIX,PUS
469,7,236.8,FUK,PUS
470,7,226.8,FUK,PUS
471,7,216.9,FUK,PUS
472,7,208.0,FUK,PUS
473,7,216.9,FUK,PUS
474,7,226.8,FUK,PUS
475,7,236.7,FUK,PUS
476,7,246.7,FUK,PUS
477,7,256.6,FUK,PUS
478,7,263.9,KKJ,ICN
479,7,267.1,KKJ,ICN
480,7,272.7,KKJ,ICN
481,7,261.4,OIT,ICN
482,7,253.4,OIT,ICN
483,7,252.2,MYJ,PUS
484,7,247.7,MYJ,PUS
485,7,246.1,MYJ,PUS
486,7,248.0,MYJ,PUS
487,7,252.8,MYJ,PUS
488,7,259.4,MYJ,PUS
489,7,267.2,MYJ,PUS
490,7,275.7,MYJ,PUS
491,7,284.5,MYJ,PUS
492,7,293.6,MYJ,PUS
493,7,302.9,MYJ,PUS
494,7,312.4,MYJ,PUS
495,7,321.9,MYJ,PUS
496,7,319.9,TAK,ICN
497,7,319.0,TAK,ICN
498,7,319.4,TAK,ICN
499,7,321.1,TAK,ICN
500,7,331.2,KIX,PUS
501,7,334.0,KIX,PUS
502,7,337.7,KIX,PUS
503,7,342.2,KIX,PUS
504,7,215.8,FUK,PUS
505,7,220.2,FUK,PUS
506,7,228.6,FUK,PUS
507,7,238.0,FUK,PUS
508,7,247.6,FUK,PUS
509,7,253.8,KKJ,ICN
510,7,267.5,OIT,ICN
511,7,261.8,OIT,ICN
512,7,236.1,MYJ,PUS
513,7,238.9,MYJ,PUS
514,7,245.3,MYJ,PUS
515,7,253.4,MYJ,PUS
516,7,262.3,MYJ,PUS
517,7,271.5,MYJ,PUS
518,7,280.9,MYJ,PUS
519,7,290.5,MYJ,PUS
520,7,300.2,MYJ,PUS
521,7,309.9,MYJ,PUS
522,7,312.7,TAK,ICN
523,7,310.0,TAK,ICN
524,7,308.9,TAK,ICN
525,7,309.4,TAK,ICN
526,7,311.5,TAK,ICN
527,7,310.2,TKS,ICN
528,7,306.3,TKS,ICN
529,7,319.4,KIX,PUS
530,7,321.5,KIX,PUS
531,7,324.6,KIX,PUS
532,7,328.7,KIX,PUS
533,7,333.6,KIX,PUS
534,7,339.1,KIX,PUS
535,7,279.0,FUK,PUS
536,7,228.2,FUK,PUS
537,7,234.3,FUK,PUS
538,7,242.2,FUK,PUS
539,7,250.8,KKJ,ICN
540,7,244.2,KKJ,ICN
541,7,226.1,MYJ,PUS
542,7,231.3,MYJ,PUS
543,7,240.1,MYJ,PUS
544,7,249.5,MYJ,PUS
545,7,259.2,MYJ,PUS
546,7,269.0,MYJ,PUS
547,7,278.8,MYJ,PUS
548,7,288.7,MYJ,PUS
549,7,298.5,MYJ,PUS
550,7,307.9,TAK,ICN
551,7,303.3,TAK,ICN
552,7,300.2,TAK,ICN
553,7,298.9,TAK,ICN
554,7,299.5,TAK,ICN
555,7,301.9,TAK,ICN
556,7,301.5,TKS,ICN
557,7,296.9,TKS,ICN
558,7,294.2,TKS,ICN
559,7,309.5,KIX,PUS
560,7,311.8,KIX,PUS
561,7,315.3,KIX,PUS
562,7,319.8,KIX,PUS
563,7,325.2,KIX,PUS
564,7,331.3,KIX,PUS
565,7,282.2,FUK,PUS
566,7,237.5,FUK,PUS
567,7,242.0,FUK,PUS
568,7,248.4,FUK,PUS
569,7,247.6,KKJ,ICN
570,7,220.4,MYJ,PUS
571,7,228.9,MYJ,PUS
572,7,238.7,MYJ,PUS
573,7,248.6,MYJ,PUS
574,7,258.5,MYJ,PUS
575,7,268.4,MYJ,PUS
576,7,278.3,MYJ,PUS
577,7,288.2,MYJ,PUS
578,7,298.1,MYJ,PUS
579,7,299.6,TAK,ICN
580,7,294.3,TAK,ICN
581,7,290.5,TAK,ICN
582,7,288.9,TAK,ICN
583,7,289.6,TAK,ICN
584,7,292.6,TAK,ICN
585,7,293.4,TKS,ICN
586,7,287.8,TKS,ICN
587,7,284.4,TKS,ICN
588,7,283.7,TKS,ICN
589,7,298.6,KIX,PUS
590,7,298.3,KIX,PUS
591,7,299.6,KIX,PUS
592,7,302.3,KIX,PUS
593,7,306.3,KIX,PUS
594,7,311.3,KIX,PUS
595,7,317.2,KIX,PUS
596,7,323.8,KIX,PUS
597,7,331.0,KIX,PUS
598,7,244.3,KKJ,ICN
599,7,278.4,MYJ,PUS
600,7,259.2,MYJ,PUS
601,7,234.2,MYJ,PUS
602,7,241.9,MYJ,PUS
603,7,250.8,MYJ,PUS
604,7,269.8,MYJ,PUS
605,7,279.4,MYJ,PUS
606,7,289.2,MYJ,PUS
607,7,299.0,MYJ,PUS
608,7,292.1,TAK,ICN
609,7,285.7,TAK,ICN
610,7,281.0,TAK,ICN
611,7,278.9,TAK,ICN
612,7,279.9,TAK,ICN
613,7,283.6,TAK,ICN
614,7,286.3,TKS,ICN
615,7,279.4,TKS,ICN
616,7,274.7,TKS,ICN
617,7,273.8,TKS,ICN
618,7,288.6,KIX,PUS
619,7,288.3,KIX,PUS
620,7,289.9,KIX,PUS
621,7,293.0,KIX,PUS
622,7,297.6,KIX,PUS
623,7,303.2,KIX,PUS
624,7,309.7,KIX,PUS
625,7,316.9,KIX,PUS
626,7,324.6,KIX,PUS
627,7,332.7,KIX,PUS
628,7,253.9,KKJ,ICN
629,7,246.9,UBJ,ICN
630,7,245.1,UBJ,ICN
631,7,250.7,UBJ,ICN
632,7,259.1,UBJ,ICN
633,7,277.8,UBJ,ICN
634,7,287.5,UBJ,ICN
635,7,290.5,MYJ,PUS
636,7,281.2,MYJ,PUS
637,7,272.0,MYJ,PUS
638,7,248.3,MYJ,PUS
639,7,255.7,MYJ,PUS
640,7,285.8,TAK,ICN
641,7,278.0,TAK,ICN
642,7,271.9,TAK,ICN
643,7,268.9,TAK,ICN
644,7,270.3,TAK,ICN
645,7,275.4,TAK,ICN
646,7,281.1,TKS,ICN
647,7,272.4,TKS,ICN
648,7,265.5,TKS,ICN
649,7,278.6,KIX,PUS
650,7,278.4,KIX,PUS
651,7,280.2,KIX,PUS
652,7,284.0,KIX,PUS
653,7,289.2,KIX,PUS
654,7,295.6,KIX,PUS
655,7,302.9,KIX,PUS
656,7,310.7,KIX,PUS
657,7,318.9,KIX,PUS
658,7,327.5,KIX,PUS
659,7,336.3,KIX,PUS
660,7,266.6,KKJ,ICN
661,7,263.7,KKJ,ICN
662,7,260.8,UBJ,ICN
663,7,255.9,UBJ,ICN
664,7,255.0,UBJ,ICN
665,7,258.4,UBJ,ICN
666,7,264.7,UBJ,ICN
667,7,272.6,UBJ,ICN
668,7,281.3,UBJ,ICN
669,7,290.3,UBJ,ICN
670,7,294.2,MYJ,PUS
671,7,285.3,MYJ,PUS
672,7,276.8,MYJ,PUS
673,7,255.7,MYJ,PUS
674,7,256.3,MYJ,PUS
675,7,262.4,MYJ,PUS
676,7,281.3,TAK,ICN
677,7,272.2,TAK,ICN
678,7,264.0,TAK,ICN
679,7,259.0,TAK,ICN
680,7,261.4,TAK,ICN
681,7,268.8,TAK,ICN
682,7,277.7,TAK,ICN
683,7,268.8,TKS,ICN
684,7,259.0,TKS,ICN
685,7,268.8,KIX,PUS
686,7,268.4,KIX,PUS
687,7,270.7,KIX,PUS
688,7,275.3,KIX,PUS
689,7,281.6,KIX,PUS
690,7,288.9,KIX,PUS
691,7,296.9,KIX,PUS
692,7,305.3,KIX,PUS
693,7,314.1,KIX,PUS
694,7,323.1,KIX,PUS
695,7,332.3,KIX,PUS
696,7,335.9,FUK,PUS
697,7,273.7,KKJ,ICN
698,7,269.1,UBJ,ICN
699,7,265.6,UBJ,ICN
700,7,264.9,UBJ,ICN
701,7,267.3,UBJ,ICN
702,7,272.2,UBJ,ICN
703,7,278.8,UBJ,ICN
704,7,286.4,UBJ,ICN
705,7,294.7,UBJ,ICN
706,7,298.9,MYJ,PUS
707,7,290.6,MYJ,PUS
708,7,282.8,MYJ,PUS
709,7,279.4,TAK,ICN
710,7,269.6,TAK,ICN
711,7,259.7,TAK,ICN
712,7,250.0,TAK,ICN
713,7,255.9,TAK,ICN
714,7,265.7,TAK,ICN
715,7,275.6,TAK,ICN
716,7,270.6,TKS,ICN
717,7,262.6,TKS,ICN
718,7,266.9,TKS,ICN
719,7,259.0,KIX,PUS
720,7,258.4,KIX,PUS
721,7,261.6,KIX,PUS
722,7,267.5,KIX,PUS
723,7,274.9,KIX,PUS
724,7,283.2,KIX,PUS
725,7,292.0,KIX,PUS
726,7,301.0,KIX,PUS
727,7,310.3,KIX,PUS
728,7,319.7,KIX,PUS
729,7,329.2,KIX,PUS
730,7,327.1,NGO,PUS
731,7,381.6,FSZ,ICN
732,7,341.5,FUK,PUS
733,7,333.6,FUK,PUS
734,7,282.8,UBJ,ICN
735,7,278.2,UBJ,ICN
736,7,275.4,UBJ,ICN
737,7,274.9,UBJ,ICN
738,7,276.7,UBJ,ICN
739,7,280.7,UBJ,ICN
740,7,286.2,UBJ,ICN
741,7,292.8,UBJ,ICN
742,7,300.3,UBJ,ICN
743,7,304.5,MYJ,PUS
744,7,296.9,MYJ,PUS
745,7,289.8,MYJ,PUS
746,7,283.4,MYJ,PUS
747,7,271.3,MYJ,PUS
748,7,265.4,HIJ,ICN
749,7,265.6,HIJ,ICN
750,7,271.4,TAK,ICN
751,7,262.7,TAK,ICN
752,7,257.1,TAK,ICN
753,7,259.9,TAK,ICN
754,7,267.9,TAK,ICN
755,7,274.0,TKS,ICN
756,7,272.3,KIX,PUS
757,7,249.4,KIX,PUS
758,7,248.6,KIX,PUS
759,7,253.4,KIX,PUS
760,7,261.1,KIX,PUS
761,7,269.8,KIX,PUS
762,7,279.0,KIX,PUS
763,7,288.5,KIX,PUS
764,7,298.0,KIX,PUS
765,7,307.7,KIX,PUS
766,7,317.4,KIX,PUS
767,7,324.3,NGO,PUS
768,7,318.5,NGO,PUS
769,7,313.6,NGO,PUS
770,7,309.8,NGO,PUS
771,7,306.3,NGO,PUS
772,7,347.6,FUK,PUS
773,7,287.6,UBJ,ICN
774,7,285.3,UBJ,ICN
775,7,284.9,UBJ,ICN
776,7,286.4,UBJ,ICN
777,7,289.6,UBJ,ICN
778,7,294.3,UBJ,ICN
779,7,300.2,UBJ,ICN
780,7,306.9,UBJ,ICN
781,7,310.9,MYJ,PUS
782,7,303.8,MYJ,PUS
783,7,297.4,MYJ,PUS
784,7,291.7,MYJ,PUS
785,7,286.9,MYJ,PUS
786,7,280.1,HIJ,ICN
787,7,270.4,HIJ,ICN
788,7,260.7,HIJ,ICN
789,7,251.6,HIJ,ICN
790,7,245.9,HIJ,ICN
791,7,251.9,HIJ,ICN
792,7,261.0,HIJ,ICN
793,7,280.4,HIJ,ICN
794,7,276.7,TAK,ICN
795,7,269.7,KIX,PUS
796,7,239.4,KIX,PUS
797,7,247.8,KIX,PUS
798,7,257.4,KIX,PUS
799,7,267.1,KIX,PUS
800,7,276.9,KIX,PUS
801,7,286.7,KIX,PUS
802,7,296.5,KIX,PUS
803,7,306.3,KIX,PUS
804,7,316.2,KIX,PUS
805,7,316.8,NGO,PUS
806,7,310.3,NGO,PUS
807,7,304.8,NGO,PUS
808,7,300.4,NGO,PUS
809,7,297.5,NGO,PUS
810,7,296.3,NGO,PUS
811,7,379.7,FSZ,ICN
812,7,346.9,FUK,PUS
813,7,298.9,UBJ,ICN
814,7,303.0,UBJ,ICN
815,7,308.1,UBJ,ICN
816,7,314.2,UBJ,ICN
817,7,317.9,MYJ,PUS
818,7,311.3,MYJ,PUS
819,7,305.4,MYJ,PUS
820,7,299.5,HIJ,ICN
821,7,289.7,HIJ,ICN
822,7,279.9,HIJ,ICN
823,7,270.2,HIJ,ICN
824,7,260.5,HIJ,ICN
825,7,251.1,HIJ,ICN
826,7,245.0,HIJ,ICN
827,7,251.4,HIJ,ICN
828,7,260.8,HIJ,ICN
829,7,270.5,HIJ,ICN
830,7,280.2,HIJ,ICN
831,7,290.0,HIJ,ICN
832,7,285.7,OKJ,ICN
833,7,276.6,OKJ,ICN
834,7,276.0,OKJ,ICN
835,7,277.0,TAK,ICN
836,7,288.0,TAK,ICN
837,7,269.8,KIX,PUS
838,7,248.2,KIX,PUS
839,7,257.6,KIX,PUS
840,7,267.2,KIX,PUS
841,7,277.0,KIX,PUS
842,7,286.7,KIX,PUS
843,7,296.5,KIX,PUS
844,7,306.4,KIX,PUS
845,7,316.2,KIX,PUS
846,7,310.0,NGO,PUS
847,7,302.8,NGO,PUS
848,7,296.4,NGO,PUS
849,7,291.3,NGO,PUS
850,7,287.7,NGO,PUS
851,7,286.2,NGO,PUS
852,7,354.1,FUK,PUS
853,7,311.9,UBJ,ICN
854,7,316.5,UBJ,ICN
855,7,322.0,UBJ,ICN
856,7,325.3,MYJ,PUS
857,7,319.3,MYJ,PUS
858,7,310.7,HIJ,ICN
859,7,301.1,HIJ,ICN
860,7,291.6,HIJ,ICN
861,7,282.3,HIJ,ICN
862,7,273.2,HIJ,ICN
863,7,264.8,HIJ,ICN
864,7,257.9,HIJ,ICN
865,7,255.0,HIJ,ICN
866,7,258.1,HIJ,ICN
867,7,265.0,HIJ,ICN
868,7,273.5,HIJ,ICN
869,7,282.6,HIJ,ICN
870,7,286.8,OKJ,ICN
871,7,278.7,OKJ,ICN
872,7,271.7,OKJ,ICN
873,7,267.0,OKJ,ICN
874,7,266.1,OKJ,ICN
875,7,269.4,OKJ,ICN
876,7,263.8,KIX,PUS
877,7,261.6,KIX,PUS
878,7,270.2,KIX,PUS
879,7,279.3,KIX,PUS
880,7,288.7,KIX,PUS
881,7,298.2,KIX,PUS
882,7,307.8,KIX,PUS
883,7,312.5,NGO,PUS
884,7,304.0,NGO,PUS
885,7,296.0,NGO,PUS
886,7,288.7,NGO,PUS
887,7,282.6,NGO,PUS
888,7,321.1,UBJ,ICN
889,7,325.3,UBJ,ICN
890,7,330.2,UBJ,ICN
891,7,332.2,HIJ,ICN
892,7,322.7,HIJ,ICN
893,7,313.4,HIJ,ICN
894,7,304.2,HIJ,ICN
895,7,295.3,HIJ,ICN
896,7,286.7,HIJ,ICN
897,7,278.7,HIJ,ICN
898,7,271.8,HIJ,ICN
899,7,266.8,HIJ,ICN
900,7,265.0,HIJ,ICN
901,7,267.0,HIJ,ICN
902,7,272.0,HIJ,ICN
903,7,279.0,HIJ,ICN
904,7,287.0,HIJ,ICN
905,7,282.7,OKJ,ICN
906,7,273.5,OKJ,ICN
907,7,264.8,OKJ,ICN
908,7,257.8,OKJ,ICN
909,7,256.2,OKJ,ICN
910,7,261.7,OKJ,ICN
911,7,269.9,OKJ,ICN
912,7,270.0,KIX,PUS
913,7,263.8,KIX,PUS
914,7,258.8,UKB,ICN
915,7,262.5,KIX,PUS
916,7,268.2,KIX,PUS
917,7,275.4,KIX,PUS
918,7,283.6,KIX,PUS
919,7,292.3,KIX,PUS
920,7,301.2,KIX,PUS
921,7,310.4,KIX,PUS
922,7,308.3,NGO,PUS
923,7,299.2,NGO,PUS
924,7,290.4,NGO,PUS
925,7,282.1,NGO,PUS
926,7,287.5,NGO,PUS
927,7,296.2,NGO,PUS
928,7,314.9,FSZ,ICN
929,7,290.7,FSZ,ICN
930,7,287.5,FSZ,ICN
931,7,332.2,FSZ,ICN
932,7,335.3,HIJ,ICN
933,7,326.2,HIJ,ICN
934,7,317.3,HIJ,ICN
935,7,308.7,HIJ,ICN
936,7,300.4,HIJ,ICN
937,7,292.7,HIJ,ICN
938,7,285.8,HIJ,ICN
939,7,280.1,HIJ,ICN
940,7,276.3,HIJ,ICN
941,7,275.0,HIJ,ICN
942,7,276.4,HIJ,ICN
943,7,280.3,HIJ,ICN
944,7,286.0,HIJ,ICN
945,7,290.9,OKJ,ICN
946,7,281.1,OKJ,ICN
947,7,271.3,OKJ,ICN
948,7,261.5,OKJ,ICN
949,7,251.7,OKJ,ICN
950,7,247.9,OKJ,ICN
951,7,257.5,OKJ,ICN
952,7,267.3,OKJ,ICN
953,7,277.1,OKJ,ICN
954,7,286.9,OKJ,ICN
955,7,296.8,OKJ,ICN
956,7,284.0,KIX,PUS
957,7,277.6,KIX,PUS
958,7,272.6,KIX,PUS
959,7,267.1,UKB,ICN
960,7,267.5,UKB,ICN
961,7,271.6,KIX,PUS
962,7,276.1,KIX,PUS
963,7,282.2,KIX,PUS
964,7,289.4,KIX,PUS
965,7,297.2,KIX,PUS
966,7,305.6,KIX,PUS
967,7,314.3,KIX,PUS
968,7,305.5,NGO,PUS
969,7,296.0,NGO,PUS
970,7,286.5,NGO,PUS
971,7,277.2,NGO,PUS
972,7,258.6,NGO,PUS
973,7,292.7,NGO,PUS
974,7,302.3,NGO,PUS
975,7,311.9,NGO,PUS
976,7,321.5,NGO,PUS
977,7,312.4,FSZ,ICN
978,7,302.7,FSZ,ICN
979,7,293.2,FSZ,ICN
980,7,283.9,FSZ,ICN
981,7,277.5,FSZ,ICN
982,7,330.4,FSZ,ICN
983,7,340.2,FSZ,ICN
984,7,375.8,HND,GMP
985,7,330.7,HIJ,ICN
986,7,322.3,HIJ,ICN
987,7,314.2,HIJ,ICN
988,7,306.7,HIJ,ICN
989,7,299.8,HIJ,ICN
990,7,293.8,HIJ,ICN
991,7,289.1,HIJ,ICN
992,7,286.1,HIJ,ICN
993,7,285.0,HIJ,ICN
994,7,286.1,HIJ,ICN
995,7,289.2,HIJ,ICN
996,7,294.0,HIJ,ICN
997,7,291.7,OKJ,ICN
998,7,282.1,OKJ,ICN
999,7,272.7,OKJ,ICN
1000,7,263.7,OKJ,ICN
1001,7,256.0,OKJ,ICN
1002,7,254.1,OKJ,ICN
1003,7,260.3,OKJ,ICN
1004,7,269.0,OKJ,ICN
1005,7,278.3,OKJ,ICN
1006,7,287.8,OKJ,ICN
1007,7,297.5,OKJ,ICN
1008,7,307.2,OKJ,ICN
1009,7,305.3,KIX,PUS
1010,7,298.1,KIX,PUS
1011,7,291.5,KIX,PUS
1012,7,286.0,KIX,PUS
1013,7,280.5,UKB,ICN
1014,7,276.8,UKB,ICN
1015,7,277.0,UKB,ICN
1016,7,281.0,UKB,ICN
1017,7,284.8,KIX,PUS
1018,7,289.9,KIX,PUS
1019,7,296.2,KIX,PUS
1020,7,303.3,KIX,PUS
1021,7,311.0,KIX,PUS
1022,7,314.1,NGO,PUS
1023,7,304.3,NGO,PUS
1024,7,294.5,NGO,PUS
1025,7,284.7,NGO,PUS
1026,7,274.9,NGO,PUS
1027,7,265.2,NGO,PUS
1028,7,252.2,NGO,PUS
1029,7,261.9,NGO,PUS
1030,7,271.6,NGO,PUS
1031,7,281.4,NGO,PUS
1032,7,291.2,NGO,PUS
1033,7,301.0,NGO,PUS
1034,7,310.8,NGO,PUS
1035,7,320.5,NGO,PUS
1036,7,312.3,FSZ,ICN
1037,7,302.6,FSZ,ICN
1038,7,293.0,FSZ,ICN
1039,7,283.6,FSZ,ICN
1040,7,276.8,FSZ,ICN
1041,7,282.3,FSZ,ICN
1042,7,330.4,FSZ,ICN
1043,7,340.1,FSZ,ICN
1044,7,349.9,FSZ,ICN
1045,7,328.1,HIJ,ICN
1046,7,320.7,HIJ,ICN
1047,7,313.8,HIJ,ICN
1048,7,307.6,HIJ,ICN
1049,7,302.4,HIJ,ICN
1050,7,298.4,HIJ,ICN
1051,7,295.9,HIJ,ICN
1052,7,295.1,HIJ,ICN
1053,7,296.0,HIJ,ICN
1054,7,298.5,HIJ,ICN
1055,7,301.2,YGJ,ICN
1056,7,294.6,OKJ,ICN
1057,7,285.7,OKJ,ICN
1058,7,277.3,OKJ,ICN
1059,7,270.0,OKJ,ICN
1060,7,264.9,OKJ,ICN
1061,7,263.9,OKJ,ICN
1062,7,267.6,OKJ,ICN
1063,7,274.2,OKJ,ICN
1064,7,282.2,OKJ,ICN
1065,7,291.0,OKJ,ICN
1066,7,300.0,OKJ,ICN
1067,7,309.3,OKJ,ICN
1068,7,312.1,KIX,PUS
1069,7,305.5,KIX,PUS
1070,7,299.7,KIX,PUS
1071,7,294.3,UKB,ICN
1072,7,289.4,UKB,ICN
1073,7,286.7,UKB,ICN
1074,7,286.9,UKB,ICN
1075,7,289.8,UKB,ICN
1076,7,293.9,KIX,PUS
1077,7,298.3,KIX,PUS
1078,7,303.8,KIX,PUS
1079,7,310.2,KIX,PUS
1080,7,317.3,KIX,PUS
1081,7,314.4,NGO,PUS
1082,7,304.7,NGO,PUS
1083,7,295.0,NGO,PUS
1084,7,285.3,NGO,PUS
1085,7,275.8,NGO,PUS
1086,7,266.4,NGO,PUS
1087,7,254.9,NGO,PUS
1088,7,263.3,NGO,PUS
1089,7,272.5,NGO,PUS
1090,7,282.1,NGO,PUS
1091,7,291.7,NGO,PUS
1092,7,301.4,NGO,PUS
1093,7,311.1,NGO,PUS
1094,7,320.9,NGO,PUS
1095,7,314.7,FSZ,ICN
1096,7,305.6,FSZ,ICN
1097,7,297.2,FSZ,ICN
1098,7,290.2,FSZ,ICN
1099,7,286.8,FSZ,ICN
1100,7,289.4,FSZ,ICN
1101,7,332.0,FSZ,ICN
1102,7,341.5,FSZ,ICN
1103,7,351.1,FSZ,ICN
1104,7,348.6,HND,GMP
1105,7,327.8,HIJ,ICN
1106,7,321.5,HIJ,ICN
1107,7,316.0,HIJ,ICN
1108,7,311.4,HIJ,ICN
1109,7,307.9,HIJ,ICN
1110,7,303.7,YGJ,ICN
1111,7,298.4,YGJ,ICN
1112,7,294.5,YGJ,ICN
1113,7,292.0,YGJ,ICN
1114,7,291.2,YGJ,ICN
1115,7,292.2,YGJ,ICN
1116,7,291.1,OKJ,ICN
1117,7,284.0,OKJ,ICN
1118,7,278.2,OKJ,ICN
1119,7,274.5,OKJ,ICN
1120,7,273.9,OKJ,ICN
1121,7,276.4,OKJ,ICN
1122,7,281.4,OKJ,ICN
1123,7,288.1,OKJ,ICN
1124,7,295.9,OKJ,ICN
1125,7,304.2,OKJ,ICN
1126,7,312.9,OKJ,ICN
1127,7,319.4,KIX,PUS
1128,7,313.5,KIX,PUS
1129,7,308.2,UKB,ICN
1130,7,302.7,UKB,ICN
1131,7,298.7,UKB,ICN
1132,7,296.7,UKB,ICN
1133,7,296.8,UKB,ICN
1134,7,299.1,UKB,ICN
1135,7,303.2,UKB,ICN
1136,7,307.1,KIX,PUS
1137,7,312.0,KIX,PUS
1138,7,317.8,KIX,PUS
1139,7,324.2,KIX,PUS
1140,7,316.2,NGO,PUS
1141,7,306.7,NGO,PUS
1142,7,297.4,NGO,PUS
1143,7,288.3,NGO,PUS
1144,7,279.5,NGO,PUS
1145,7,271.4,NGO,PUS
1146,7,264.8,NGO,PUS
1147,7,263.2,NGO,PUS
1148,7,268.9,NGO,PUS
1149,7,276.6,NGO,PUS
1150,7,285.2,NGO,PUS
1151,7,294.3,NGO,PUS
1152,7,303.5,NGO,PUS
1153,7,312.9,NGO,PUS
1154,7,322.4,NGO,PUS
1155,7,319.0,FSZ,ICN
1156,7,311.1,FSZ,ICN
1157,7,304.1,FSZ,ICN
1158,7,299.0,FSZ,ICN
1159,7,296.8,FSZ,ICN
1160,7,298.4,FSZ,ICN
1161,7,303.2,FSZ,ICN
1162,7,335.2,FSZ,ICN
1163,7,344.3,FSZ,ICN
1164,7,353.5,FSZ,ICN
1165,7,338.7,HND,GMP
1166,7,326.8,YGJ,ICN
1167,7,318.4,YGJ,ICN
1168,7,310.3,YGJ,ICN
1169,7,302.8,YGJ,ICN
1170,7,295.8,YGJ,ICN
1171,7,289.8,YGJ,ICN
1172,7,285.1,YGJ,ICN
1173,7,282.1,YGJ,ICN
1174,7,281.2,YGJ,ICN
1175,7,282.4,YGJ,ICN
1176,7,285.7,YGJ,ICN
1177,7,290.6,YGJ,ICN
1178,7,287.1,OKJ,ICN
1179,7,284.3,OKJ,ICN
1180,7,283.8,OKJ,ICN
1181,7,285.7,OKJ,ICN
1182,7,289.8,OKJ,ICN
1183,7,295.4,OKJ,ICN
1184,7,302.1,OKJ,ICN
1185,7,309.6,OKJ,ICN
1186,7,317.7,OKJ,ICN
1187,7,326.1,OKJ,ICN
1188,7,321.9,KIX,PUS
1189,7,316.3,UKB,ICN
1190,7,311.6,UKB,ICN
1191,7,308.3,UKB,ICN
1192,7,306.6,UKB,ICN
1193,7,306.7,UKB,ICN
1194,7,308.6,UKB,ICN
1195,7,312.1,UKB,ICN
1196,7,316.1,KIX,PUS
1197,7,320.5,KIX,PUS
1198,7,325.8,KIX,PUS
1199,7,328.4,NGO,PUS
1200,7,319.2,NGO,PUS
1201,7,310.2,NGO,PUS
1202,7,301.5,NGO,PUS
1203,7,293.1,NGO,PUS
1204,7,285.4,NGO,PUS
1205,7,278.7,NGO,PUS
1206,7,273.7,NGO,PUS
1207,7,271.5,NGO,PUS
1208,7,272.6,NGO,PUS
1209,7,276.8,NGO,PUS
1210,7,282.9,NGO,PUS
1211,7,290.4,NGO,PUS
1212,7,298.6,NGO,PUS
1213,7,307.2,NGO,PUS
1214,7,316.1,NGO,PUS
1215,7,325.2,NGO,PUS
1216,7,325.0,FSZ,ICN
1217,7,318.1,FSZ,ICN
1218,7,312.3,FSZ,ICN
1219,7,308.4,FSZ,ICN
1220,7,306.8,FSZ,ICN
1221,7,308.0,FSZ,ICN
1222,7,311.6,FSZ,ICN
1223,7,317.1,FSZ,ICN
1224,7,339.7,FSZ,ICN
1225,7,348.2,FSZ,ICN
1226,7,357.1,FSZ,ICN
1227,7,328.8,HND,GMP
1228,7,331.7,HND,GMP
1229,7,313.5,YGJ,ICN
1230,7,304.8,YGJ,ICN
1231,7,296.6,YGJ,ICN
1232,7,288.8,YGJ,ICN
1233,7,281.9,YGJ,ICN
1234,7,276.2,YGJ,ICN
1235,7,272.4,YGJ,ICN
1236,7,271.2,YGJ,ICN
1237,7,272.7,YGJ,ICN
1238,7,276.8,YGJ,ICN
1239,7,282.7,YGJ,ICN
1240,7,289.8,YGJ,ICN
1241,7,294.2,OKJ,ICN
1242,7,293.8,OKJ,ICN
1243,7,295.4,OKJ,ICN
1244,7,298.7,OKJ,ICN
1245,7,303.4,OKJ,ICN
1246,7,309.3,OKJ,ICN
1247,7,316.1,OKJ,ICN
1248,7,323.5,OKJ,ICN
1249,7,331.4,OKJ,ICN
1250,7,330.1,UKB,ICN
1251,7,325.0,UKB,ICN
1252,7,320.9,UKB,ICN
1253,7,318.0,UKB,ICN
1254,7,316.6,UKB,ICN
1255,7,316.7,UKB,ICN
1256,7,318.3,UKB,ICN
1257,7,321.3,UKB,ICN
1258,7,325.4,KIX,PUS
1259,7,329.4,KIX,PUS
1260,7,334.1,KIX,PUS
1261,7,332.1,NGO,PUS
1262,7,323.4,NGO,PUS
1263,7,314.9,NGO,PUS
1264,7,306.9,NGO,PUS
1265,7,299.3,NGO,PUS
1266,7,292.6,NGO,PUS
1267,7,287.1,NGO,PUS
1268,7,283.2,NGO,PUS
1269,7,281.5,NGO,PUS
1270,7,282.4,NGO,PUS
1271,7,285.5,NGO,PUS
1272,7,290.6,NGO,PUS
1273,7,296.9,NGO,PUS
1274,7,304.2,NGO,PUS
1275,7,312.1,NGO,PUS
1276,7,320.5,NGO,PUS
1277,7,329.1,NGO,PUS
1278,7,332.0,FSZ,ICN
1279,7,326.0,FSZ,ICN
1280,7,321.2,FSZ,ICN
1281,7,318.1,FSZ,ICN
1282,7,316.9,FSZ,ICN
1283,7,317.8,FSZ,ICN
1284,7,320.6,FSZ,ICN
1285,7,325.2,FSZ,ICN
1286,7,331.1,FSZ,ICN
1287,7,337.8,FSZ,ICN
1288,7,345.3,FSZ,ICN
1289,7,353.3,FSZ,ICN
1290,7,356.7,HND,GMP
1291,7,319.1,HND,GMP
1292,7,322.6,HND,GMP
1293,7,327.8,HND,GMP
1294,7,333.1,NRT,PUS
1295,7,331.6,NRT,PUS
1296,7,291.5,YGJ,ICN
1297,7,282.9,YGJ,ICN
1298,7,274.9,YGJ,ICN
1299,7,267.9,YGJ,ICN
1300,7,262.9,YGJ,ICN
1301,7,261.1,YGJ,ICN
1302,7,263.4,YGJ,ICN
1303,7,268.7,YGJ,ICN
1304,7,275.9,YGJ,ICN
1305,7,284.0,YGJ,ICN
1306,7,292.7,YGJ,ICN
1307,7,301.6,YGJ,ICN
1308,7,305.1,OKJ,ICN
1309,7,307.9,OKJ,ICN
1310,7,312.0,OKJ,ICN
1311,7,317.2,OKJ,ICN
1312,7,323.3,OKJ,ICN
1313,7,330.1,OKJ,ICN
1314,7,337.4,OKJ,ICN
1315,7,338.5,UKB,ICN
1316,7,333.9,UKB,ICN
1317,7,330.3,UKB,ICN
1318,7,327.9,UKB,ICN
1319,7,326.6,UKB,ICN
1320,7,326.7,UKB,ICN
1321,7,328.1,UKB,ICN
1322,7,330.6,UKB,ICN
1323,7,334.4,UKB,ICN
1324,7,338.4,KIX,PUS
1325,7,342.8,KIX,PUS
1326,7,336.8,NGO,PUS
1327,7,328.6,NGO,PUS
1328,7,320.7,NGO,PUS
1329,7,313.3,NGO,PUS
1330,7,306.5,NGO,PUS
1331,7,300.7,NGO,PUS
1332,7,296.0,NGO,PUS
1333,7,292.9,NGO,PUS
1334,7,291.5,NGO,PUS
1335,7,292.2,NGO,PUS
1336,7,294.7,NGO,PUS
1337,7,298.9,NGO,PUS
1338,7,304.4,NGO,PUS
1339,7,310.9,NGO,PUS
1340,7,318.1,NGO,PUS
1341,7,325.8,NGO,PUS
1342,7,334.0,NGO,PUS
1343,7,339.8,FSZ,ICN
1344,7,334.6,FSZ,ICN
1345,7,330.5,FSZ,ICN
1346,7,327.9,FSZ,ICN
1347,7,326.9,FSZ,ICN
1348,7,327.6,FSZ,ICN
1349,7,330.0,FSZ,ICN
1350,7,333.9,FSZ,ICN
1351,7,339.0,FSZ,ICN
1352,7,345.0,FSZ,ICN
1353,7,351.8,FSZ,ICN
1354,7,359.2,FSZ,ICN
1355,7,352.1,HND,GMP
1356,7,343.3,HND,GMP
1357,7,313.3,HND,GMP
1358,7,309.5,HND,GMP
1359,7,314.0,HND,GMP
1360,7,320.3,HND,GMP
1361,7,323.4,NRT,PUS
1362,7,321.6,NRT,PUS
1363,7,288.1,YGJ,ICN
1364,7,278.7,YGJ,ICN
1365,7,269.7,YGJ,ICN
1366,7,261.1,YGJ,ICN
1367,7,254.0,YGJ,ICN
1368,7,251.1,YGJ,ICN
1369,7,254.8,YGJ,ICN
1370,7,262.2,YGJ,ICN
1371,7,270.8,YGJ,ICN
1372,7,279.9,YGJ,ICN
1373,7,289.3,YGJ,ICN
1374,7,298.7,YGJ,ICN
1375,7,308.3,YGJ,ICN
1376,7,317.3,OKJ,ICN
1377,7,320.9,OKJ,ICN
1378,7,325.6,OKJ,ICN
1379,7,331.1,OKJ,ICN
1380,7,337.2,OKJ,ICN
1381,7,344.0,OKJ,ICN
1382,7,347.2,UKB,ICN
1383,7,343.1,UKB,ICN
1384,7,339.9,UKB,ICN
1385,7,337.7,UKB,ICN
1386,7,336.6,UKB,ICN
1387,7,336.7,UKB,ICN
1388,7,337.9,UKB,ICN
1389,7,340.2,UKB,ICN
1390,7,343.5,UKB,ICN
1391,7,347.6,KIX,PUS
1392,7,350.4,NGO,PUS
1393,7,342.3,NGO,PUS
1394,7,334.6,NGO,PUS
1395,7,327.2,NGO,PUS
1396,7,320.5,NGO,PUS
1397,7,314.4,NGO,PUS
1398,7,309.3,NGO,PUS
1399,7,305.3,NGO,PUS
1400,7,302.6,NGO,PUS
1401,7,301.6,NGO,PUS
1402,7,302.1,NGO,PUS
1403,7,304.2,NGO,PUS
1404,7,307.8,NGO,PUS
1405,7,312.6,NGO,PUS
1406,7,318.3,NGO,PUS
1407,7,324.9,NGO,PUS
1408,7,332.0,NGO,PUS
1409,7,339.6,NGO,PUS
1410,7,347.6,NGO,PUS
1411,7,343.5,FSZ,ICN
1412,7,340.0,FSZ,ICN
1413,7,337.7,FSZ,ICN
1414,7,336.9,FSZ,ICN
1415,7,337.5,FSZ,ICN
1416,7,339.6,FSZ,ICN
1417,7,342.9,FSZ,ICN
1418,7,347.4,FSZ,ICN
1419,7,352.8,FSZ,ICN
1420,7,359.0,FSZ,ICN
1421,7,358.1,HND,GMP
1422,7,348.7,HND,GMP
1423,7,339.4,HND,GMP
1424,7,330.3,HND,GMP
1425,7,321.4,HND,GMP
1426,7,313.0,HND,GMP
1427,7,305.4,HND,GMP
1428,7,306.3,HND,GMP
1429,7,314.0,HND,GMP
1430,7,313.9,NRT,PUS
1431,7,311.7,NRT,PUS
1432,7,276.7,YGJ,ICN
1433,7,267.1,YGJ,ICN
1434,7,257.4,YGJ,ICN
1435,7,247.9,YGJ,ICN
1436,7,241.2,YGJ,ICN
1437,7,258.6,YGJ,ICN
1438,7,268.3,YGJ,ICN
1439,7,278.0,YGJ,ICN
1440,7,287.7,YGJ,ICN
1441,7,297.4,YGJ,ICN
1442,7,307.1,YGJ,ICN
1443,7,316.8,YGJ,ICN
1444,7,326.6,YGJ,ICN
1445,7,334.3,OKJ,ICN
1446,7,339.2,OKJ,ICN
1447,7,344.9,OKJ,ICN
1448,7,351.2,OKJ,ICN
1449,7,356.2,UKB,ICN
1450,7,352.4,UKB,ICN
1451,7,349.6,UKB,ICN
1452,7,347.6,UKB,ICN
1453,7,346.6,UKB,ICN
1454,7,346.7,UKB,ICN
1455,7,347.8,UKB,ICN
1456,7,349.8,UKB,ICN
1457,7,352.8,UKB,ICN
1458,7,356.6,UKB,ICN
1459,7,356.1,NGO,PUS
1460,7,348.4,NGO,PUS
1461,7,341.2,NGO,PUS
1462,7,334.4,NGO,PUS
1463,7,328.3,NGO,PUS
1464,7,322.8,NGO,PUS
1465,7,318.3,NGO,PUS
1466,7,314.8,NGO,PUS
1467,7,312.5,NGO,PUS
1468,7,311.6,NGO,PUS
1469,7,312.0,NGO,PUS
1470,7,313.9,NGO,PUS
1471,7,317.0,NGO,PUS
1472,7,321.2,NGO,PUS
1473,7,326.3,NGO,PUS
1474,7,332.3,NGO,PUS
1475,7,338.8,NGO,PUS
1476,7,345.9,NGO,PUS
1477,7,353.4,NGO,PUS
1478,7,352.7,FSZ,ICN
1479,7,349.6,FSZ,ICN
1480,7,347.6,FSZ,ICN
1481,7,346.9,FSZ,ICN
1482,7,347.4,FSZ,ICN
1483,7,349.2,FSZ,ICN
1484,7,352.2,FSZ,ICN
1485,7,356.1,FSZ,ICN
1486,7,361.0,FSZ,ICN
1487,7,365.9,HND,GMP
1488,7,356.3,HND,GMP
1489,7,346.6,HND,GMP
1490,7,337.0,HND,GMP
1491,7,327.4,HND,GMP
1492,7,317.9,HND,GMP
1493,7,308.6,HND,GMP
1494,7,299.5,HND,GMP
1495,7,291.5,HND,GMP
1496,7,300.6,HND,GMP
1497,7,309.4,NRT,PUS
1498,7,304.5,NRT,PUS
1499,7,301.7,NRT,PUS
1500,7,250.0,YGJ,ICN
1501,7,245.7,YGJ,ICN
1502,7,336.5,YGJ,ICN
1503,7,346.1,YGJ,ICN
1504,7,353.0,OKJ,ICN
1505,7,358.8,OKJ,ICN
1506,7,365.2,OKJ,ICN
1507,7,361.9,UKB,ICN
1508,7,359.3,UKB,ICN
1509,7,357.5,UKB,ICN
1510,7,356.6,UKB,ICN
1511,7,365.7,UKB,ICN
1512,7,362.3,NGO,PUS
1513,7,355.2,NGO,PUS
1514,7,348.4,NGO,PUS
1515,7,342.1,NGO,PUS
1516,7,336.5,NGO,PUS
1517,7,331.6,NGO,PUS
1518,7,327.5,NGO,PUS
1519,7,324.4,NGO,PUS
1520,7,322.4,NGO,PUS
1521,7,321.6,NGO,PUS
1522,7,322.0,NGO,PUS
1523,7,323.6,NGO,PUS
1524,7,326.3,NGO,PUS
1525,7,330.1,NGO,PUS
1526,7,334.7,NGO,PUS
1527,7,340.1,NGO,PUS
1528,7,346.2,NGO,PUS
1529,7,352.8,NGO,PUS
1530,7,359.8,NGO,PUS
1531,7,362.1,FSZ,ICN
1532,7,359.3,FSZ,ICN
1533,7,357.6,FSZ,ICN
1534,7,356.9,FSZ,ICN
1535,7,357.4,FSZ,ICN
1536,7,359.0,FSZ,ICN
1537,7,361.6,FSZ,ICN
1538,7,365.2,FSZ,ICN
1539,7,369.6,FSZ,ICN
1540,7,365.4,HND,GMP
1541,7,355.7,HND,GMP
1542,7,346.0,HND,GMP
1543,7,336.3,HND,GMP
1544,7,326.6,HND,GMP
1545,7,316.9,HND,GMP
1546,7,307.1,HND,GMP
1547,7,297.4,HND,GMP
1548,7,287.7,HND,GMP
1549,7,279.7,HND,GMP
1550,7,301.9,NRT,PUS
1551,7,295.7,NRT,PUS
1552,7,291.9,NRT,PUS
1553,7,291.7,NRT,PUS
1554,7,356.8,YGJ,ICN
1555,7,366.4,YGJ,ICN
1556,7,372.7,OKJ,ICN
1557,7,371.5,UKB,ICN
1558,7,369.1,UKB,ICN
1559,7,367.4,UKB,ICN
1560,7,366.6,UKB,ICN
1561,7,346.3,KMQ,ICN
1562,7,343.2,KMQ,ICN
1563,7,341.0,KMQ,ICN
1564,7,340.0,KMQ,ICN
1565,7,336.9,NGO,PUS
1566,7,334.1,NGO,PUS
1567,7,332.3,NGO,PUS
1568,7,331.6,NGO,PUS
1569,7,332.0,NGO,PUS
1570,7,333.4,NGO,PUS
1571,7,335.8,NGO,PUS
1572,7,339.2,NGO,PUS
1573,7,343.4,NGO,PUS
1574,7,348.4,NGO,PUS
1575,7,354.0,NGO,PUS
1576,7,360.1,NGO,PUS
1577,7,366.8,NGO,PUS
1578,7,371.6,FSZ,ICN
1579,7,369.1,FSZ,ICN
1580,7,367.5,FSZ,ICN
1581,7,366.9,FSZ,ICN
1582,7,367.4,FSZ,ICN
1583,7,368.8,FSZ,ICN
1584,7,371.1,FSZ,ICN
1585,7,374.4,FSZ,ICN
1586,7,375.7,HND,GMP
1587,7,366.1,HND,GMP
1588,7,356.4,HND,GMP
1589,7,346.8,HND,GMP
1590,7,337.3,HND,GMP
1591,7,327.8,HND,GMP
1592,7,318.4,HND,GMP
1593,7,309.1,HND,GMP
1594,7,300.3,HND,GMP
1595,7,292.8,HND,GMP
1596,7,289.5,HND,GMP
1597,7,293.6,HND,GMP
1598,7,295.9,NRT,PUS
1599,7,288.0,NRT,PUS
1600,7,282.3,NRT,PUS
1601,7,282.0,NRT,PUS
1602,7,287.4,NRT,PUS
1603,7,376.6,UKB,ICN
1604,7,333.6,KMQ,ICN
1605,7,331.2,KMQ,ICN
1606,7,329.9,KMQ,ICN
1607,7,330.0,KMQ,ICN
1608,7,331.3,KMQ,ICN
1609,7,333.8,KMQ,ICN
1610,7,337.4,KMQ,ICN
1611,7,341.9,NGO,PUS
1612,7,343.2,NGO,PUS
1613,7,345.4,NGO,PUS
1614,7,348.5,NGO,PUS
1615,7,352.3,NGO,PUS
1616,7,356.9,NGO,PUS
1617,7,362.1,NGO,PUS
1618,7,367.8,NGO,PUS
1619,7,374.1,NGO,PUS
1620,7,380.7,NGO,PUS
1621,7,378.9,FSZ,ICN
1622,7,377.5,FSZ,ICN
1623,7,377.0,FSZ,ICN
1624,7,377.3,FSZ,ICN
1625,7,378.6,FSZ,ICN
1626,7,380.8,FSZ,ICN
1627,7,383.7,FSZ,ICN
1628,7,377.3,HND,GMP
1629,7,367.8,HND,GMP
1630,7,358.4,HND,GMP
1631,7,349.1,HND,GMP
1632,7,339.9,HND,GMP
1633,7,330.9,HND,GMP
1634,7,322.2,HND,GMP
1635,7,314.0,HND,GMP
1636,7,306.7,HND,GMP
1637,7,301.4,HND,GMP
1638,7,299.5,HND,GMP
1639,7,301.9,HND,GMP
1640,7,302.4,NRT,PUS
1641,7,292.7,NRT,PUS
1642,7,283.2,NRT,PUS
1643,7,274.1,NRT,PUS
1644,7,273.5,NRT,PUS
1645,7,282.4,NRT,PUS
1646,7,291.9,NRT,PUS
1647,7,301.6,NRT,PUS
1648,7,324.1,KMQ,ICN
1649,7,321.4,KMQ,ICN
1650,7,320.0,KMQ,ICN
1651,7,320.0,KMQ,ICN
1652,7,321.5,KMQ,ICN
1653,7,324.4,KMQ,ICN
1654,7,328.5,KMQ,ICN
1655,7,333.5,KMQ,ICN
1656,7,339.4,KMQ,ICN
1657,7,346.0,KMQ,ICN
1658,7,353.0,KMQ,ICN
1659,7,360.5,KMQ,ICN
1660,7,365.7,NGO,PUS
1661,7,370.5,NGO,PUS
1662,7,375.9,NGO,PUS
1663,7,381.7,NGO,PUS
1664,7,388.0,NGO,PUS
1665,7,388.7,FSZ,ICN
1666,7,387.5,FSZ,ICN
1667,7,387.0,FSZ,ICN
1668,7,387.3,FSZ,ICN
1669,7,388.5,FSZ,ICN
1670,7,390.5,FSZ,ICN
1671,7,389.1,HND,GMP
1672,7,379.8,HND,GMP
1673,7,370.6,HND,GMP
1674,7,361.6,HND,GMP
1675,7,352.7,HND,GMP
1676,7,344.0,HND,GMP
1677,7,335.6,HND,GMP
1678,7,327.8,HND,GMP
1679,7,320.7,HND,GMP
1680,7,314.8,HND,GMP
1681,7,310.9,HND,GMP
1682,7,309.6,HND,GMP
1683,7,311.2,HND,GMP
1684,7,302.8,NRT,PUS
1685,7,293.4,NRT,PUS
1686,7,284.2,NRT,PUS
1687,7,276.3,NRT,PUS
1688,7,275.9,NRT,PUS
1689,7,283.5,NRT,PUS
1690,7,292.6,NRT,PUS
1691,7,302.0,NRT,PUS
1692,7,319.4,KMQ,ICN
1693,7,314.9,KMQ,ICN
1694,7,311.6,KMQ,ICN
1695,7,310.0,KMQ,ICN
1696,7,310.0,KMQ,ICN
1697,7,311.8,KMQ,ICN
1698,7,315.2,KMQ,ICN
1699,7,319.8,KMQ,ICN
1700,7,325.5,KMQ,ICN
1701,7,332.0,KMQ,ICN
1702,7,339.2,KMQ,ICN
1703,7,346.8,KMQ,ICN
1704,7,354.7,KMQ,ICN
1705,7,363.0,KMQ,ICN
1706,7,371.4,KMQ,ICN
1707,7,380.1,KMQ,ICN
1708,7,388.9,KMQ,ICN
1709,7,395.6,NGO,PUS
1710,7,398.6,FSZ,ICN
1711,7,397.4,FSZ,ICN
1712,7,397.0,FSZ,ICN
1713,7,397.3,FSZ,ICN
1714,7,398.4,FSZ,ICN
1715,7,400.2,FSZ,ICN
1716,7,392.3,HND,GMP
1717,7,383.3,HND,GMP
1718,7,374.4,HND,GMP
1719,7,365.8,HND,GMP
1720,7,357.3,HND,GMP
1721,7,349.2,HND,GMP
1722,7,341.6,HND,GMP
1723,7,334.6,HND,GMP
1724,7,328.5,HND,GMP
1725,7,323.7,HND,GMP
1726,7,320.6,HND,GMP
1727,7,319.6,HND,GMP
1728,7,314.9,NRT,PUS
1729,7,306.0,NRT,PUS
1730,7,297.6,NRT,PUS
1731,7,290.2,NRT,PUS
1732,7,285.3,NRT,PUS
1733,7,285.1,NRT,PUS
1734,7,289.7,NRT,PUS
1735,7,296.9,NRT,PUS
1736,7,298.8,YGJ,ICN
1737,7,311.2,KMQ,ICN
1738,7,305.9,KMQ,ICN
1739,7,302.0,KMQ,ICN
1740,7,300.0,KMQ,ICN
1741,7,300.1,KMQ,ICN
1742,7,302.2,KMQ,ICN
1743,7,306.2,KMQ,ICN
1744,7,311.7,KMQ,ICN
1745,7,318.1,KMQ,ICN
1746,7,325.3,KMQ,ICN
1747,7,333.1,KMQ,ICN
1748,7,341.2,KMQ,ICN
1749,7,349.7,KMQ,ICN
1750,7,358.3,KMQ,ICN
1751,7,367.1,KMQ,ICN
1752,7,376.1,KMQ,ICN
1753,7,385.1,KMQ,ICN
1754,7,394.2,KMQ,ICN
1755,7,403.4,KMQ,ICN
1756,7,407.4,FSZ,ICN
1757,7,407.0,FSZ,ICN
1758,7,407.3,FSZ,ICN
1759,7,408.3,FSZ,ICN
1760,7,405.0,HND,GMP
1761,7,396.2,HND,GMP
1762,7,387.5,HND,GMP
1763,7,379.1,HND,GMP
1764,7,370.9,HND,GMP
1765,7,363.0,HND,GMP
1766,7,355.5,HND,GMP
1767,7,348.5,HND,GMP
1768,7,342.3,HND,GMP
1769,7,337.0,HND,GMP
1770,7,332.9,HND,GMP
1771,7,330.4,HND,GMP
1772,7,327.8,NRT,PUS
1773,7,319.3,NRT,PUS
1774,7,311.3,NRT,PUS
1775,7,304.1,NRT,PUS
1776,7,298.4,NRT,PUS
1777,7,295.0,NRT,PUS
1778,7,294.9,NRT,PUS
1779,7,298.0,NRT,PUS
1780,7,308.3,YGJ,ICN
1781,7,303.7,KMQ,ICN
1782,7,297.4,KMQ,ICN
1783,7,292.6,KMQ,ICN
1784,7,290.0,KMQ,ICN
1785,7,290.1,KMQ,ICN
1786,7,292.9,KMQ,ICN
1787,7,297.8,KMQ,ICN
1788,7,304.2,KMQ,ICN
1789,7,311.6,KMQ,ICN
1790,7,319.5,KMQ,ICN
1791,7,327.9,KMQ,ICN
1792,7,336.6,KMQ,ICN
1793,7,345.5,KMQ,ICN
1794,7,354.5,KMQ,ICN
1795,7,363.6,KMQ,ICN
1796,7,372.8,KMQ,ICN
1797,7,382.0,KMQ,ICN
1798,7,391.4,KMQ,ICN
1799,7,400.7,KMQ,ICN
1800,7,410.1,KMQ,ICN
1801,7,417.0,FSZ,ICN
1802,7,417.3,FSZ,ICN
1803,7,417.9,HND,GMP
1804,7,409.3,HND,GMP
1805,7,400.8,HND,GMP
1806,7,392.5,HND,GMP
1807,7,384.5,HND,GMP
1808,7,376.7,HND,GMP
1809,7,369.3,HND,GMP
1810,7,362.4,HND,GMP
1811,7,356.1,HND,GMP
1812,7,350.5,HND,GMP
1813,7,345.9,HND,GMP
1814,7,342.4,HND,GMP
1815,7,340.3,HND,GMP
1816,7,332.8,NRT,PUS
1817,7,325.1,NRT,PUS
1818,7,318.1,NRT,PUS
1819,7,312.0,NRT,PUS
1820,7,307.5,NRT,PUS
1821,7,304.9,NRT,PUS
1822,7,304.8,NRT,PUS
1823,7,307.2,NRT,PUS
1824,7,289.8,KMQ,ICN
1825,7,283.7,KMQ,ICN
1826,7,280.2,KMQ,ICN
1827,7,280.3,KMQ,ICN
1828,7,284.1,KMQ,ICN
1829,7,290.3,KMQ,ICN
1830,7,297.9,KMQ,ICN
1831,7,306.2,KMQ,ICN
1832,7,314.9,KMQ,ICN
1833,7,323.9,KMQ,ICN
1834,7,333.0,KMQ,ICN
1835,7,342.2,KMQ,ICN
1836,7,351.5,KMQ,ICN
1837,7,360.9,KMQ,ICN
1838,7,370.3,KMQ,ICN
1839,7,379.7,KMQ,ICN
1840,7,389.2,KMQ,ICN
1841,7,398.7,KMQ,ICN
1842,7,408.2,KMQ,ICN
1843,7,417.7,KMQ,ICN
1844,7,427.3,KMQ,ICN
1845,7,422.5,HND,GMP
1846,7,414.2,HND,GMP
1847,7,406.1,HND,GMP
1848,7,398.1,HND,GMP
1849,7,390.5,HND,GMP
1850,7,383.2,HND,GMP
1851,7,376.3,HND,GMP
1852,7,369.9,HND,GMP
1853,7,364.2,HND,GMP
1854,7,359.2,HND,GMP
1855,7,355.1,HND,GMP
1856,7,352.1,HND,GMP
1857,7,346.5,NRT,PUS
1858,7,338.9,NRT,PUS
1859,7,332.0,NRT,PUS
1860,7,325.8,NRT,PUS
1861,7,320.6,NRT,PUS
1862,7,316.9,NRT,PUS
1863,7,314.9,NRT,PUS
1864,7,314.8,NRT,PUS
1865,7,316.7,NRT,PUS
1866,7,325.8,YGJ,ICN
1867,7,326.4,YGJ,ICN
1868,7,275.9,KMQ,ICN
1869,7,270.5,KMQ,ICN
1870,7,270.7,KMQ,ICN
1871,7,276.5,KMQ,ICN
1872,7,284.5,KMQ,ICN
1873,7,293.3,KMQ,ICN
1874,7,302.4,KMQ,ICN
1875,7,311.7,KMQ,ICN
1876,7,321.1,KMQ,ICN
1877,7,330.6,KMQ,ICN
1878,7,340.0,KMQ,ICN
1879,7,349.6,KMQ,ICN
1880,7,359.1,KMQ,ICN
1881,7,368.6,KMQ,ICN
1882,7,378.2,KMQ,ICN
1883,7,387.8,KMQ,ICN
1884,7,397.4,KMQ,ICN
1885,7,406.9,KMQ,ICN
1886,7,416.5,KMQ,ICN
1887,7,426.1,KMQ,ICN
1888,7,427.7,HND,GMP
1889,7,419.6,HND,GMP
1890,7,411.8,HND,GMP
1891,7,404.3,HND,GMP
1892,7,397.1,HND,GMP
1893,7,390.2,HND,GMP
1894,7,383.8,HND,GMP
1895,7,377.9,HND,GMP
1896,7,372.7,HND,GMP
1897,7,368.1,HND,GMP
1898,7,364.5,HND,GMP
1899,7,360.2,NRT,PUS
1900,7,352.8,NRT,PUS
1901,7,345.9,NRT,PUS
1902,7,339.6,NRT,PUS
1903,7,334.1,NRT,PUS
1904,7,329.7,NRT,PUS
1905,7,326.5,NRT,PUS
1906,7,324.8,NRT,PUS
1907,7,324.8,NRT,PUS
1908,7,326.3,NRT,PUS
1909,7,262.2,KMQ,ICN
1910,7,262.8,KMQ,ICN
1911,7,272.0,KMQ,ICN
1912,7,281.5,KMQ,ICN
1913,7,291.1,KMQ,ICN
1914,7,300.6,KMQ,ICN
1915,7,310.2,KMQ,ICN
1916,7,319.8,KMQ,ICN
1917,7,329.4,KMQ,ICN
1918,7,339.1,KMQ,ICN
1919,7,348.7,KMQ,ICN
1920,7,358.3,KMQ,ICN
1921,7,367.9,KMQ,ICN
1922,7,377.5,KMQ,ICN
1923,7,387.1,KMQ,ICN
1924,7,396.7,KMQ,ICN
1925,7,406.3,KMQ,ICN
1926,7,415.9,KMQ,ICN
1927,7,425.6,KMQ,ICN
1928,7,433.3,HND,GMP
1929,7,425.6,HND,GMP
1930,7,418.1,HND,GMP
1931,7,410.9,HND,GMP
1932,7,404.1,HND,GMP
1933,7,397.7,HND,GMP
1934,7,391.7,HND,GMP
1935,7,386.2,HND,GMP
1936,7,381.4,HND,GMP
1937,7,377.3,HND,GMP
1938,7,373.9,NRT,PUS
1939,7,366.6,NRT,PUS
1940,7,359.7,NRT,PUS
1941,7,353.4,NRT,PUS
1942,7,347.7,NRT,PUS
1943,7,342.9,NRT,PUS
1944,7,339.0,NRT,PUS
1945,7,336.2,NRT,PUS
1946,7,334.8,NRT,PUS
1947,7,334.8,NRT,PUS
1948,7,336.1,NRT,PUS
1949,7,265.9,KMQ,ICN
1950,7,273.4,KMQ,ICN
1951,7,282.4,KMQ,ICN
1952,7,291.7,KMQ,ICN
1953,7,301.1,KMQ,ICN
1954,7,310.6,KMQ,ICN
1955,7,320.2,KMQ,ICN
1956,7,329.7,KMQ,ICN
1957,7,339.3,KMQ,ICN
1958,7,348.9,KMQ,ICN
1959,7,358.4,KMQ,ICN
1960,7,368.0,KMQ,ICN
1961,7,377.6,KMQ,ICN
1962,7,387.2,KMQ,ICN
1963,7,396.8,KMQ,ICN
1964,7,406.4,KMQ,ICN
1965,7,416.0,KMQ,ICN
1966,7,425.6,KMQ,ICN
1967,7,435.2,KMQ,ICN
1968,7,431.9,HND,GMP
1969,7,424.8,HND,GMP
1970,7,418.0,HND,GMP
1971,7,411.5,HND,GMP
1972,7,405.5,HND,GMP
1973,7,399.9,HND,GMP
1974,7,394.8,HND,GMP
1975,7,390.4,HND,GMP
1976,7,386.6,HND,GMP
1977,7,380.5,NRT,PUS
1978,7,373.6,NRT,PUS
1979,7,367.2,NRT,PUS
1980,7,361.4,NRT,PUS
1981,7,356.3,NRT,PUS
1982,7,351.9,NRT,PUS
1983,7,348.4,NRT,PUS
1984,7,346.1,NRT,PUS
1985,7,344.8,NRT,PUS
1986,7,344.8,NRT,PUS
1987,7,345.9,NRT,PUS
1988,7,279.7,KMQ,ICN
1989,7,286.8,KMQ,ICN
1990,7,295.0,KMQ,ICN
1991,7,303.8,KMQ,ICN
1992,7,312.8,KMQ,ICN
1993,7,322.0,KMQ,ICN
1994,7,331.3,KMQ,ICN
1995,7,340.7,KMQ,ICN
1996,7,350.1,KMQ,ICN
1997,7,359.6,KMQ,ICN
1998,7,369.1,KMQ,ICN
1999,7,378.6,KMQ,ICN
2000,7,388.1,KMQ,ICN
2001,7,397.6,KMQ,ICN
2002,7,407.1,KMQ,ICN
2003,7,416.7,KMQ,ICN
2004,7,426.2,KMQ,ICN
2005,7,435.8,KMQ,ICN
2006,7,438.7,HND,GMP
2007,7,431.9,HND,GMP
2008,7,425.4,HND,GMP
2009,7,419.3,HND,GMP
2010,7,413.6,HND,GMP
2011,7,408.3,HND,GMP
2012,7,403.6,HND,GMP
2013,7,399.5,HND,GMP
2014,7,394.3,NRT,PUS
2015,7,387.5,NRT,PUS
2016,7,381.1,NRT,PUS
2017,7,375.1,NRT,PUS
2018,7,369.8,NRT,PUS
2019,7,365.1,NRT,PUS
2020,7,361.1,NRT,PUS
2021,7,358.0,NRT,PUS
2022,7,355.9,NRT,PUS
2023,7,354.8,NRT,PUS
2024,7,354.8,NRT,PUS
2025,7,355.8,NRT,PUS
2026,7,293.5,KMQ,ICN
2027,7,300.5,KMQ,ICN
2028,7,308.3,KMQ,ICN
2029,7,316.7,KMQ,ICN
2030,7,325.4,KMQ,ICN
2031,7,334.3,KMQ,ICN
2032,7,343.3,KMQ,ICN
2033,7,352.4,KMQ,ICN
2034,7,361.7,KMQ,ICN
2035,7,371.0,KMQ,ICN
2036,7,380.3,KMQ,ICN
2037,7,389.7,KMQ,ICN
2038,7,399.1,KMQ,ICN
2039,7,408.5,KMQ,ICN
2040,7,418.0,KMQ,ICN
2041,7,427.4,KMQ,ICN
2042,7,432.9,KIJ,ICN
2043,7,429.4,KIJ,ICN
2044,7,426.3,KIJ,ICN
2045,7,423.9,KIJ,ICN
2046,7,422.0,KIJ,ICN
2047,7,420.7,KIJ,ICN
2048,7,417.0,HND,GMP
2049,7,412.6,HND,GMP
2050,7,408.2,NRT,PUS
2051,7,401.4,NRT,PUS
2052,7,394.9,NRT,PUS
2053,7,388.9,NRT,PUS
2054,7,383.4,NRT,PUS
2055,7,378.4,NRT,PUS
2056,7,374.1,NRT,PUS
2057,7,370.5,NRT,PUS
2058,7,367.7,NRT,PUS
2059,7,365.8,NRT,PUS
2060,7,364.8,NRT,PUS
2061,7,364.8,NRT,PUS
2062,7,365.7,NRT,PUS
2063,7,367.5,NRT,PUS
2064,7,307.4,KMQ,ICN
2065,7,314.3,KMQ,ICN
2066,7,321.8,KMQ,ICN
2067,7,329.9,KMQ,ICN
2068,7,338.3,KMQ,ICN
2069,7,346.9,KMQ,ICN
2070,7,355.7,KMQ,ICN
2071,7,364.7,KMQ,ICN
2072,7,373.7,KMQ,ICN
2073,7,382.8,KMQ,ICN
2074,7,392.0,KMQ,ICN
2075,7,401.3,KMQ,ICN
2076,7,410.6,KMQ,ICN
2077,7,419.9,KMQ,ICN
2078,7,428.0,KIJ,ICN
2079,7,423.7,KIJ,ICN
2080,7,420.0,KIJ,ICN
2081,7,416.8,KIJ,ICN
2082,7,414.1,KIJ,ICN
2083,7,412.1,KIJ,ICN
2084,7,410.7,KIJ,ICN
2085,7,409.9,KIJ,ICN
2086,7,409.8,KIJ,ICN
2087,7,410.4,KIJ,ICN
2088,7,408.8,NRT,PUS
2089,7,402.7,NRT,PUS
2090,7,397.0,NRT,PUS
2091,7,391.9,NRT,PUS
2092,7,387.3,NRT,PUS
2093,7,383.3,NRT,PUS
2094,7,380.0,NRT,PUS
2095,7,377.4,NRT,PUS
2096,7,375.7,NRT,PUS
2097,7,374.8,NRT,PUS
2098,7,374.8,NRT,PUS
2099,7,375.6,NRT,PUS
2100,7,377.3,NRT,PUS
2101,7,315.2,KMQ,ICN
2102,7,321.2,KMQ,ICN
2103,7,328.1,KMQ,ICN
2104,7,359.9,KMQ,ICN
2105,7,368.5,KMQ,ICN
2106,7,377.2,KMQ,ICN
2107,7,386.1,KMQ,ICN
2108,7,395.1,KMQ,ICN
2109,7,404.1,KMQ,ICN
2110,7,413.2,KMQ,ICN
2111,7,422.4,KMQ,ICN
2112,7,419.2,KIJ,ICN
2113,7,414.7,KIJ,ICN
2114,7,410.7,KIJ,ICN
2115,7,407.3,KIJ,ICN
2116,7,404.5,KIJ,ICN
2117,7,402.3,KIJ,ICN
2118,7,400.7,KIJ,ICN
2119,7,399.9,KIJ,ICN
2120,7,399.8,KIJ,ICN
2121,7,400.4,KIJ,ICN
2122,7,401.7,KIJ,ICN
2123,7,403.7,KIJ,ICN
2124,7,405.4,NRT,PUS
2125,7,400.6,NRT,PUS
2126,7,396.3,NRT,PUS
2127,7,392.6,NRT,PUS
2128,7,389.6,NRT,PUS
2129,7,387.2,NRT,PUS
2130,7,385.6,NRT,PUS
2131,7,384.8,NRT,PUS
2132,7,384.8,NRT,PUS
2133,7,385.5,NRT,PUS
2134,7,387.1,NRT,PUS
2135,7,389.3,NRT,PUS
2136,7,323.6,KMQ,ICN
2137,7,328.9,KMQ,ICN
2138,7,335.1,KMQ,ICN
2139,7,364.8,KMQ,ICN
2140,7,373.0,KMQ,ICN
2141,7,381.5,KMQ,ICN
2142,7,390.0,KMQ,ICN
2143,7,398.7,KMQ,ICN
2144,7,407.6,KMQ,ICN
2145,7,416.5,KMQ,ICN
2146,7,415.8,KIJ,ICN
2147,7,410.6,KIJ,ICN
2148,7,405.8,KIJ,ICN
2149,7,401.5,KIJ,ICN
2150,7,397.9,KIJ,ICN
2151,7,394.8,KIJ,ICN
2152,7,392.5,KIJ,ICN
2153,7,390.8,KIJ,ICN
2154,7,389.9,KIJ,ICN
2155,7,389.8,KIJ,ICN
2156,7,390.5,KIJ,ICN
2157,7,391.9,KIJ,ICN
2158,7,394.0,KIJ,ICN
2159,7,396.8,KIJ,ICN
2160,7,400.3,KIJ,ICN
2161,7,404.4,KIJ,ICN
2162,7,402.0,NRT,PUS
2163,7,399.2,NRT,PUS
2164,7,397.0,NRT,PUS
2165,7,395.6,NRT,PUS
2166,7,394.8,NRT,PUS
2167,7,394.8,NRT,PUS
2168,7,395.5,NRT,PUS
2169,7,396.9,NRT,PUS
2170,7,399.0,NRT,PUS
2171,7,332.3,KMQ,ICN
2172,7,337.1,KMQ,ICN
2173,7,342.7,KMQ,ICN
2174,7,394.6,KMQ,ICN
2175,7,403.0,KMQ,ICN
2176,7,411.6,KMQ,ICN
2177,7,413.7,KIJ,ICN
2178,7,407.7,KIJ,ICN
2179,7,402.2,KIJ,ICN
2180,7,397.1,KIJ,ICN
2181,7,392.5,KIJ,ICN
2182,7,388.5,KIJ,ICN
2183,7,385.2,KIJ,ICN
2184,7,382.7,KIJ,ICN
2185,7,380.9,KIJ,ICN
2186,7,379.9,KIJ,ICN
2187,7,379.8,KIJ,ICN
2188,7,380.5,KIJ,ICN
2189,7,382.0,KIJ,ICN
2190,7,384.4,KIJ,ICN
2191,7,387.4,KIJ,ICN
2192,7,391.2,KIJ,ICN
2193,7,395.6,KIJ,ICN
2194,7,400.5,KIJ,ICN
2195,7,406.0,KIJ,ICN
2196,7,406.9,NRT,PUS
2197,7,405.5,NRT,PUS
2198,7,404.8,NRT,PUS
2199,7,404.8,NRT,PUS
2200,7,405.4,NRT,PUS
2201,7,406.8,NRT,PUS
2202,7,408.7,NRT,PUS
2203,7,411.3,NRT,PUS
2204,7,412.3,SDJ,ICN
2205,7,341.4,KMQ,ICN
2206,7,412.9,KIJ,ICN
2207,7,406.3,KIJ,ICN
2208,7,399.9,KIJ,ICN
2209,7,394.0,KIJ,ICN
2210,7,388.5,KIJ,ICN
2211,7,383.6,KIJ,ICN
2212,7,379.3,KIJ,ICN
2213,7,375.8,KIJ,ICN
2214,7,373.0,KIJ,ICN
2215,7,371.0,KIJ,ICN
2216,7,369.9,KIJ,ICN
2217,7,369.8,KIJ,ICN
2218,7,370.6,KIJ,ICN
2219,7,372.3,KIJ,ICN
2220,7,374.8,KIJ,ICN
2221,7,378.2,KIJ,ICN
2222,7,382.2,KIJ,ICN
2223,7,387.0,KIJ,ICN
2224,7,392.2,KIJ,ICN
2225,7,398.0,KIJ,ICN
2226,7,404.3,KIJ,ICN
2227,7,410.8,KIJ,ICN
2228,7,413.1,SDJ,ICN
2229,7,409.6,SDJ,ICN
2230,7,406.7,SDJ,ICN
2231,7,404.5,SDJ,ICN
2232,7,403.0,SDJ,ICN
2233,7,402.3,SDJ,ICN
2234,7,402.3,SDJ,ICN
2235,7,347.7,KMQ,ICN
2236,7,350.7,KMQ,ICN
2237,7,354.5,KMQ,ICN
2238,7,386.1,KIJ,ICN
2239,7,380.3,KIJ,ICN
2240,7,375.0,KIJ,ICN
2241,7,370.3,KIJ,ICN
2242,7,366.4,KIJ,ICN
2243,7,363.3,KIJ,ICN
2244,7,361.1,KIJ,ICN
2245,7,359.9,KIJ,ICN
2246,7,359.8,KIJ,ICN
2247,7,360.6,KIJ,ICN
2248,7,362.5,KIJ,ICN
2249,7,365.3,KIJ,ICN
2250,7,369.0,KIJ,ICN
2251,7,373.5,KIJ,ICN
2252,7,378.6,KIJ,ICN
2253,7,384.3,KIJ,ICN
2254,7,390.4,KIJ,ICN
2255,7,397.0,KIJ,ICN
2256,7,404.0,KIJ,ICN
2257,7,404.0,SDJ,ICN
2258,7,400.2,SDJ,ICN
2259,7,397.1,SDJ,ICN
2260,7,394.7,SDJ,ICN
2261,7,393.0,SDJ,ICN
2262,7,392.2,SDJ,ICN
2263,7,392.3,SDJ,ICN
2264,7,360.1,KMQ,ICN
2265,7,363.6,KMQ,ICN
2266,7,367.8,KMQ,ICN
2267,7,372.3,KIJ,ICN
2268,7,366.6,KIJ,ICN
2269,7,361.5,KIJ,ICN
2270,7,357.2,KIJ,ICN
2271,7,353.7,KIJ,ICN
2272,7,351.3,KIJ,ICN
2273,7,349.9,KIJ,ICN
2274,7,349.8,KIJ,ICN
2275,7,350.7,KIJ,ICN
2276,7,352.9,KIJ,ICN
2277,7,356.0,KIJ,ICN
2278,7,360.1,KIJ,ICN
2279,7,364.9,KIJ,ICN
2280,7,370.5,KIJ,ICN
2281,7,376.6,KIJ,ICN
2282,7,383.2,KIJ,ICN
2283,7,390.2,KIJ,ICN
2284,7,397.5,KIJ,ICN
2285,7,395.0,SDJ,ICN
2286,7,390.9,SDJ,ICN
2287,7,387.5,SDJ,ICN
2288,7,384.9,SDJ,ICN
2289,7,383.1,SDJ,ICN
2290,7,382.2,SDJ,ICN
2291,7,382.3,SDJ,ICN
2292,7,369.6,KMQ,ICN
2293,7,372.8,KMQ,ICN
2294,7,376.7,KMQ,ICN
2295,7,381.2,KMQ,ICN
2296,7,386.3,KMQ,ICN
2297,7,353.0,KIJ,ICN
2298,7,348.2,KIJ,ICN
2299,7,344.3,KIJ,ICN
2300,7,341.5,KIJ,ICN
2301,7,340.0,KIJ,ICN
2302,7,339.7,KIJ,ICN
2303,7,340.9,KIJ,ICN
2304,7,343.3,KIJ,ICN
2305,7,346.8,KIJ,ICN
2306,7,351.4,KIJ,ICN
2307,7,356.8,KIJ,ICN
2308,7,362.8,KIJ,ICN
2309,7,369.4,KIJ,ICN
2310,7,376.5,KIJ,ICN
2311,7,383.9,KIJ,ICN
2312,7,391.4,SDJ,ICN
2313,7,386.3,SDJ,ICN
2314,7,381.8,SDJ,ICN
2315,7,378.1,SDJ,ICN
2316,7,375.2,SDJ,ICN
2317,7,373.2,SDJ,ICN
2318,7,372.2,SDJ,ICN
2319,7,372.3,SDJ,ICN
2320,7,389.9,KMQ,ICN
2321,7,394.7,KMQ,ICN
2322,7,399.9,KMQ,ICN
2323,7,344.8,KIJ,ICN
2324,7,339.4,KIJ,ICN
2325,7,335.0,KIJ,ICN
2326,7,331.8,KIJ,ICN
2327,7,330.0,KIJ,ICN
2328,7,329.7,KIJ,ICN
2329,7,331.1,KIJ,ICN
2330,7,333.9,KIJ,ICN
2331,7,337.9,KIJ,ICN
2332,7,343.1,KIJ,ICN
2333,7,349.0,KIJ,ICN
2334,7,355.7,KIJ,ICN
2335,7,362.8,KIJ,ICN
2336,7,370.3,KIJ,ICN
2337,7,378.2,KIJ,ICN
2338,7,383.4,SDJ,ICN
2339,7,377.8,SDJ,ICN
2340,7,372.9,SDJ,ICN
2341,7,368.8,SDJ,ICN
2342,7,365.5,SDJ,ICN
2343,7,363.3,SDJ,ICN
2344,7,362.2,SDJ,ICN
2345,7,362.3,SDJ,ICN
2346,7,331.1,KIJ,ICN
2347,7,326.0,KIJ,ICN
2348,7,322.2,KIJ,ICN
2349,7,320.0,KIJ,ICN
2350,7,319.7,KIJ,ICN
2351,7,321.4,KIJ,ICN
2352,7,324.7,KIJ,ICN
2353,7,329.4,KIJ,ICN
2354,7,335.3,KIJ,ICN
2355,7,341.9,KIJ,ICN
2356,7,349.1,KIJ,ICN
2357,7,356.8,KIJ,ICN
2358,7,364.8,KIJ,ICN
2359,7,373.1,KIJ,ICN
2360,7,375.7,SDJ,ICN
2361,7,369.7,SDJ,ICN
2362,7,364.2,SDJ,ICN
2363,7,359.6,SDJ,ICN
2364,7,356.0,SDJ,ICN
2365,7,353.5,SDJ,ICN
2366,7,352.2,SDJ,ICN
2367,7,352.3,SDJ,ICN
2368,7,317.5,KIJ,ICN
2369,7,312.9,KIJ,ICN
2370,7,310.1,KIJ,ICN
2371,7,309.8,KIJ,ICN
2372,7,311.8,KIJ,ICN
2373,7,315.9,KIJ,ICN
2374,7,321.5,KIJ,ICN
2375,7,328.2,KIJ,ICN
2376,7,335.6,KIJ,ICN
2377,7,343.5,KIJ,ICN
2378,7,351.7,KIJ,ICN
2379,7,360.2,KIJ,ICN
2380,7,368.8,KIJ,ICN
2381,7,368.6,SDJ,ICN
2382,7,361.9,SDJ,ICN
2383,7,356.0,SDJ,ICN
2384,7,350.8,SDJ,ICN
2385,7,346.6,SDJ,ICN
2386,7,343.7,SDJ,ICN
2387,7,342.2,SDJ,ICN
2388,7,342.3,SDJ,ICN
2389,7,309.7,KIJ,ICN
2390,7,303.9,KIJ,ICN
2391,7,300.3,KIJ,ICN
2392,7,299.8,KIJ,ICN
2393,7,302.5,KIJ,ICN
2394,7,307.7,KIJ,ICN
2395,7,314.5,KIJ,ICN
2396,7,322.1,KIJ,ICN
2397,7,330.3,KIJ,ICN
2398,7,338.8,KIJ,ICN
2399,7,347.6,KIJ,ICN
2400,7,356.5,KIJ,ICN
2401,7,365.5,KIJ,ICN
2402,7,362.1,SDJ,ICN
2403,7,354.8,SDJ,ICN
2404,7,348.2,SDJ,ICN
2405,7,342.3,SDJ,ICN
2406,7,337.5,SDJ,ICN
2407,7,334.0,SDJ,ICN
2408,7,332.3,SDJ,ICN
2409,7,332.3,SDJ,ICN
2410,7,295.9,KIJ,ICN
2411,7,290.7,KIJ,ICN
2412,7,289.9,KIJ,ICN
2413,7,294.0,KIJ,ICN
2414,7,300.9,KIJ,ICN
2415,7,308.9,KIJ,ICN
2416,7,317.5,KIJ,ICN
2417,7,326.4,KIJ,ICN
2418,7,335.5,KIJ,ICN
2419,7,344.6,KIJ,ICN
2420,7,353.8,KIJ,ICN
2421,7,363.1,KIJ,ICN
2422,7,356.4,SDJ,ICN
2423,7,348.5,SDJ,ICN
2424,7,341.1,SDJ,ICN
2425,7,334.4,SDJ,ICN
2426,7,328.7,SDJ,ICN
2427,7,324.5,SDJ,ICN
2428,7,322.3,SDJ,ICN
2429,7,322.4,SDJ,ICN
2430,7,345.9,KIJ,ICN
2431,7,336.5,KIJ,ICN
2432,7,282.2,KIJ,ICN
2433,7,280.4,KIJ,ICN
2434,7,287.6,KIJ,ICN
2435,7,296.5,KIJ,ICN
2436,7,305.6,KIJ,ICN
2437,7,314.9,KIJ,ICN
2438,7,324.3,KIJ,ICN
2439,7,333.6,KIJ,ICN
2440,7,343.0,KIJ,ICN
2441,7,352.4,KIJ,ICN
2442,7,360.5,SDJ,ICN
2443,7,351.7,SDJ,ICN
2444,7,343.3,SDJ,ICN
2445,7,335.1,SDJ,ICN
2446,7,327.4,SDJ,ICN
2447,7,320.7,SDJ,ICN
2448,7,315.4,SDJ,ICN
2449,7,312.4,SDJ,ICN
2450,7,336.3,KIJ,ICN
2451,7,326.9,KIJ,ICN
2452,7,286.9,KIJ,ICN
2453,7,296.0,KIJ,ICN
2454,7,305.3,KIJ,ICN
2455,7,314.7,KIJ,ICN
2456,7,324.0,KIJ,ICN
2457,7,333.4,KIJ,ICN
2458,7,342.8,KIJ,ICN
2459,7,352.2,KIJ,ICN
2460,7,357.5,SDJ,ICN
2461,7,348.4,SDJ,ICN
2462,7,339.3,SDJ,ICN
2463,7,330.5,SDJ,ICN
2464,7,321.9,SDJ,ICN
2465,7,313.9,SDJ,ICN
2466,7,306.9,SDJ,ICN
2467,7,302.6,SDJ,ICN
2468,7,346.9,KIJ,ICN
2469,7,337.7,KIJ,ICN
2470,7,299.7,KIJ,ICN
2471,7,308.0,KIJ,ICN
2472,7,316.8,KIJ,ICN
2473,7,325.8,KIJ,ICN
2474,7,334.9,KIJ,ICN
2475,7,344.1,KIJ,ICN
2476,7,353.3,KIJ,ICN
2477,7,355.8,SDJ,ICN
2478,7,346.4,SDJ,ICN
2479,7,337.1,SDJ,ICN
2480,7,327.8,SDJ,ICN
2481,7,318.6,SDJ,ICN
2482,7,309.4,SDJ,ICN
2483,7,300.6,SDJ,ICN
2484,7,293.3,SDJ,ICN
2485,7,340.6,KIJ,ICN
2486,7,313.2,KIJ,ICN
2487,7,321.0,KIJ,ICN
2488,7,329.3,KIJ,ICN
2489,7,337.9,KIJ,ICN
2490,7,346.7,KIJ,ICN
2491,7,355.6,KIJ,ICN
2492,7,355.5,SDJ,ICN
2493,7,346.2,SDJ,ICN
2494,7,336.8,SDJ,ICN
2495,7,327.4,SDJ,ICN
2496,7,318.1,SDJ,ICN
2497,7,308.7,SDJ,ICN
2498,7,299.5,SDJ,ICN
2499,7,290.9,SDJ,ICN
2500,7,336.7,KIJ,ICN
2501,7,319.9,KIJ,ICN
2502,7,326.7,KIJ,ICN
2503,7,334.3,KIJ,ICN
2504,7,342.2,KIJ,ICN
2505,7,350.5,KIJ,ICN
2506,7,359.1,KIJ,ICN
2507,7,356.7,SDJ,ICN
2508,7,347.5,SDJ,ICN
2509,7,338.4,SDJ,ICN
2510,7,329.4,SDJ,ICN
2511,7,320.5,SDJ,ICN
2512,7,312.1,SDJ,ICN
2513,7,304.6,SDJ,ICN
2514,7,299.5,SDJ,ICN
2515,7,299.7,SDJ,ICN
2516,7,327.7,KIJ,ICN
2517,7,333.6,KIJ,ICN
2518,7,340.4,KIJ,ICN
2519,7,347.7,KIJ,ICN
2520,7,355.4,KIJ,ICN
2521,7,363.5,KIJ,ICN
2522,7,359.2,SDJ,ICN
2523,7,350.4,SDJ,ICN
2524,7,341.7,SDJ,ICN
2525,7,333.4,SDJ,ICN
2526,7,325.4,SDJ,ICN
2527,7,318.3,SDJ,ICN
2528,7,312.6,SDJ,ICN
2529,7,309.2,SDJ,ICN
2530,7,309.4,SDJ,ICN
2531,7,342.4,SDJ,ICN
2532,7,341.3,KIJ,ICN
2533,7,347.3,KIJ,ICN
2534,7,354.0,KIJ,ICN
2535,7,361.2,KIJ,ICN
2536,7,368.8,KIJ,ICN
2537,7,362.9,SDJ,ICN
2538,7,354.6,SDJ,ICN
2539,7,346.5,SDJ,ICN
2540,7,338.9,SDJ,ICN
2541,7,332.0,SDJ,ICN
2542,7,326.0,SDJ,ICN
2543,7,321.6,SDJ,ICN
2544,7,319.1,SDJ,ICN
2545,7,319.2,SDJ,ICN
2546,7,321.8,SDJ,ICN
2547,7,326.5,SDJ,ICN
2548,7,332.5,SDJ,ICN
2549,7,339.5,SDJ,ICN
2550,7,349.5,KIJ,ICN
2551,7,355.0,KIJ,ICN
2552,7,361.0,KIJ,ICN
2553,7,367.7,KIJ,ICN
2554,7,374.7,KIJ,ICN
2555,7,367.7,SDJ,ICN
2556,7,359.9,SDJ,ICN
2557,7,352.5,SDJ,ICN
2558,7,345.7,SDJ,ICN
2559,7,339.6,SDJ,ICN
2560,7,334.6,SDJ,ICN
2561,7,331.0,SDJ,ICN
2562,7,329.1,SDJ,ICN
2563,7,329.2,SDJ,ICN
2564,7,331.2,SDJ,ICN
2565,7,335.0,SDJ,ICN
2566,7,340.1,SDJ,ICN
2567,7,346.2,SDJ,ICN
2568,7,353.1,SDJ,ICN
2569,7,363.0,KIJ,ICN
2570,7,368.6,KIJ,ICN
2571,7,374.7,KIJ,ICN
2572,7,381.0,SDJ,ICN
2573,7,373.4,SDJ,ICN
2574,7,366.1,SDJ,ICN
2575,7,359.4,SDJ,ICN
2576,7,353.3,SDJ,ICN
2577,7,347.9,SDJ,ICN
2578,7,343.6,SDJ,ICN
2579,7,340.6,SDJ,ICN
2580,7,339.1,SDJ,ICN
2581,7,339.1,SDJ,ICN
2582,7,340.8,SDJ,ICN
2583,7,343.9,SDJ,ICN
2584,7,348.3,SDJ,ICN
2585,7,353.7,SDJ,ICN
2586,7,359.9,SDJ,ICN
2587,7,371.5,KIJ,ICN
2588,7,376.6,KIJ,ICN
2589,7,382.3,KIJ,ICN
2590,7,386.9,SDJ,ICN
2591,7,379.8,SDJ,ICN
2592,7,373.1,SDJ,ICN
2593,7,366.9,SDJ,ICN
2594,7,361.4,SDJ,ICN
2595,7,356.7,SDJ,ICN
2596,7,353.0,SDJ,ICN
2597,7,350.4,SDJ,ICN
2598,7,349.1,SDJ,ICN
2599,7,349.1,SDJ,ICN
2600,7,350.5,SDJ,ICN
2601,7,353.2,SDJ,ICN
2602,7,357.0,SDJ,ICN
2603,7,361.8,SDJ,ICN
2604,7,367.4,SDJ,ICN
2605,7,384.9,KIJ,ICN
2606,7,390.2,KIJ,ICN
2607,7,393.4,SDJ,ICN
2608,7,386.7,SDJ,ICN
2609,7,380.6,SDJ,ICN
2610,7,374.9,SDJ,ICN
2611,7,369.9,SDJ,ICN
2612,7,365.7,SDJ,ICN
2613,7,362.4,SDJ,ICN
2614,7,360.2,SDJ,ICN
2615,7,359.1,SDJ,ICN
2616,7,359.1,SDJ,ICN
2617,7,360.3,SDJ,ICN
2618,7,362.7,SDJ,ICN
2619,7,366.0,SDJ,ICN
2620,7,370.3,SDJ,ICN
2621,7,375.3,SDJ,ICN
2622,7,398.4,KIJ,ICN
2623,7,400.4,SDJ,ICN
2624,7,394.2,SDJ,ICN
2625,7,388.5,SDJ,ICN
2626,7,383.3,SDJ,ICN
2627,7,378.8,SDJ,ICN
2628,7,375.0,SDJ,ICN
2629,7,372.1,SDJ,ICN
2630,7,370.1,SDJ,ICN
2631,7,369.1,SDJ,ICN
2632,7,369.1,SDJ,ICN
2633,7,370.2,SDJ,ICN
2634,7,372.3,SDJ,ICN
2635,7,375.3,SDJ,ICN
2636,7,379.1,SDJ,ICN
2637,7,383.7,SDJ,ICN
2638,7,388.9,SDJ,ICN
2639,7,406.8,KIJ,ICN
2640,7,407.9,SDJ,ICN
2641,7,402.1,SDJ,ICN
2642,7,396.7,SDJ,ICN
2643,7,392.0,SDJ,ICN
2644,7,387.8,SDJ,ICN
2645,7,384.4,SDJ,ICN
2646,7,381.7,SDJ,ICN
2647,7,380.0,SDJ,ICN
2648,7,379.1,SDJ,ICN
2649,7,379.1,SDJ,ICN
2650,7,380.1,SDJ,ICN
2651,7,381.9,SDJ,ICN
2652,7,384.6,SDJ,ICN
2653,7,388.1,SDJ,ICN
2654,7,392.3,SDJ,ICN
2655,7,397.1,SDJ,ICN
2656,7,415.5,KIJ,ICN
2657,7,415.6,SDJ,ICN
2658,7,410.2,SDJ,ICN
2659,7,405.3,SDJ,ICN
2660,7,400.8,SDJ,ICN
2661,7,397.0,SDJ,ICN
2662,7,393.9,SDJ,ICN
2663,7,391.5,SDJ,ICN
2664,7,389.9,SDJ,ICN
2665,7,389.1,SDJ,ICN
2666,7,389.1,SDJ,ICN
2667,7,390.0,SDJ,ICN
2668,7,391.7,SDJ,ICN
2669,7,394.1,SDJ,ICN
2670,7,397.3,SDJ,ICN
2671,7,401.2,SDJ,ICN
2672,7,405.6,SDJ,ICN
2673,7,410.6,SDJ,ICN
2674,7,416.1,SDJ,ICN
2675,7,424.3,KIJ,ICN
2676,7,423.7,SDJ,ICN
2677,7,418.6,SDJ,ICN
2678,7,414.0,SDJ,ICN
2679,7,409.9,SDJ,ICN
2680,7,406.4,SDJ,ICN
2681,7,403.5,SDJ,ICN
2682,7,401.3,SDJ,ICN
2683,7,399.8,SDJ,ICN
2684,7,399.1,SDJ,ICN
2685,7,399.1,SDJ,ICN
2686,7,399.9,SDJ,ICN
2687,7,401.4,SDJ,ICN
2688,7,403.7,SDJ,ICN
2689,7,406.6,SDJ,ICN
2690,7,410.2,SDJ,ICN
2691,7,414.3,SDJ,ICN
2692,7,419.0,SDJ,ICN
2693,7,424.1,SDJ,ICN
2694,7,432.0,SDJ,ICN
2695,7,427.2,SDJ,ICN
2696,7,422.9,SDJ,ICN
2697,7,419.1,SDJ,ICN
2698,7,415.8,SDJ,ICN
2699,7,413.2,SDJ,ICN
2700,7,411.1,SDJ,ICN
2701,7,409.8,SDJ,ICN
2702,7,409.1,SDJ,ICN
2703,7,409.1,SDJ,ICN
2704,7,409.8,SDJ,ICN
2705,7,411.3,SDJ,ICN
2706,7,413.3,SDJ,ICN
2707,7,416.1,SDJ,ICN
2708,7,419.4,SDJ,ICN
2709,7,423.2,SDJ,ICN
2710,7,427.6,SDJ,ICN
2711,7,432.4,SDJ,ICN
2712,7,440.5,SDJ,ICN
2713,7,436.0,SDJ,ICN
2714,7,432.0,SDJ,ICN
2715,7,428.4,SDJ,ICN
2716,7,425.3,SDJ,ICN
2717,7,422.9,SDJ,ICN
2718,7,421.0,SDJ,ICN
2719,7,419.7,SDJ,ICN
2720,7,419.1,SDJ,ICN
2721,7,419.1,SDJ,ICN
2722,7,419.8,SDJ,ICN
2723,7,421.1,SDJ,ICN
2724,7,423.0,SDJ,ICN
2725,7,425.6,SDJ,ICN
2726,7,428.6,SDJ,ICN
2727,7,432.3,SDJ,ICN
2728,7,436.4,SDJ,ICN
2729,7,440.9,SDJ,ICN
2730,7,438.7,AOJ,ICN
2731,7,436.1,AOJ,ICN
2732,7,433.9,AOJ,ICN
2733,7,432.3,AOJ,ICN
2734,7,431.3,AOJ,ICN
2735,7,430.8,AOJ,ICN
2736,7,429.7,SDJ,ICN
2737,7,429.1,SDJ,ICN
2738,7,429.1,SDJ,ICN
2739,7,429.8,SDJ,ICN
2740,7,431.0,SDJ,ICN
2741,7,432.8,SDJ,ICN
2742,7,435.1,SDJ,ICN
2743,7,438.0,SDJ,ICN
2744,7,441.4,SDJ,ICN
2745,7,445.3,SDJ,ICN
2746,7,449.6,SDJ,ICN
2747,7,454.3,SDJ,ICN
2748,7,429.3,AOJ,ICN
2749,7,426.4,AOJ,ICN
2750,7,424.1,AOJ,ICN
2751,7,422.4,AOJ,ICN
2752,7,421.3,AOJ,ICN
2753,7,420.8,AOJ,ICN
2754,7,420.9,AOJ,ICN
2755,7,421.6,AOJ,ICN
2756,7,422.9,AOJ,ICN
2757,7,424.8,AOJ,ICN
2758,7,427.3,AOJ,ICN
2759,7,430.3,AOJ,ICN
2760,7,433.8,AOJ,ICN
2761,7,437.8,AOJ,ICN
2762,7,442.2,AOJ,ICN
2763,7,447.0,AOJ,ICN
2764,7,452.2,AOJ,ICN
2765,7,457.7,AOJ,ICN
2766,7,419.9,AOJ,ICN
2767,7,416.8,AOJ,ICN
2768,7,414.4,AOJ,ICN
2769,7,412.5,AOJ,ICN
2770,7,411.3,AOJ,ICN
2771,7,410.7,AOJ,ICN
2772,7,410.8,AOJ,ICN
2773,7,411.6,AOJ,ICN
2774,7,413.0,AOJ,ICN
2775,7,415.1,AOJ,ICN
2776,7,417.7,AOJ,ICN
2777,7,421.0,AOJ,ICN
2778,7,424.7,AOJ,ICN
2779,7,428.9,AOJ,ICN
2780,7,433.6,AOJ,ICN
2781,7,438.7,AOJ,ICN
2782,7,444.1,AOJ,ICN
2783,7,449.9,AOJ,ICN
2784,7,410.6,AOJ,ICN
2785,7,407.3,AOJ,ICN
2786,7,404.7,AOJ,ICN
2787,7,402.7,AOJ,ICN
2788,7,401.3,AOJ,ICN
2789,7,400.7,AOJ,ICN
2790,7,400.8,AOJ,ICN
2791,7,401.7,AOJ,ICN
2792,7,403.2,AOJ,ICN
2793,7,405.4,AOJ,ICN
2794,7,408.3,AOJ,ICN
2795,7,411.8,AOJ,ICN
2796,7,415.8,AOJ,ICN
2797,7,420.3,AOJ,ICN
2798,7,425.2,AOJ,ICN
2799,7,430.6,AOJ,ICN
2800,7,436.3,AOJ,ICN
2801,7,442.4,AOJ,ICN
2802,7,401.4,AOJ,ICN
2803,7,397.9,AOJ,ICN
2804,7,395.0,AOJ,ICN
2805,7,392.8,AOJ,ICN
2806,7,391.4,AOJ,ICN
2807,7,390.7,AOJ,ICN
2808,7,390.8,AOJ,ICN
2809,7,391.8,AOJ,ICN
2810,7,393.4,AOJ,ICN
2811,7,395.8,AOJ,ICN
2812,7,398.9,AOJ,ICN
2813,7,402.7,AOJ,ICN
2814,7,407.0,AOJ,ICN
2815,7,411.8,AOJ,ICN
2816,7,417.1,AOJ,ICN
2817,7,422.7,AOJ,ICN
2818,7,428.8,AOJ,ICN
2819,7,435.1,AOJ,ICN
2820,7,407.4,AOJ,ICN
2821,7,396.9,AOJ,ICN
2822,7,392.4,AOJ,ICN
2823,7,388.6,AOJ,ICN
2824,7,385.4,AOJ,ICN
2825,7,383.0,AOJ,ICN
2826,7,381.4,AOJ,ICN
2827,7,380.7,AOJ,ICN
2828,7,380.8,AOJ,ICN
2829,7,381.8,AOJ,ICN
2830,7,383.7,AOJ,ICN
2831,7,386.3,AOJ,ICN
2832,7,389.7,AOJ,ICN
2833,7,393.8,AOJ,ICN
2834,7,398.4,AOJ,ICN
2835,7,403.6,AOJ,ICN
2836,7,409.2,AOJ,ICN
2837,7,415.2,AOJ,ICN
2838,7,421.5,AOJ,ICN
2839,7,428.2,AOJ,ICN
2840,7,393.8,AOJ,ICN
2841,7,388.4,AOJ,ICN
2842,7,383.6,AOJ,ICN
2843,7,379.4,AOJ,ICN
2844,7,375.9,AOJ,ICN
2845,7,373.3,AOJ,ICN
2846,7,371.5,AOJ,ICN
2847,7,370.7,AOJ,ICN
2848,7,370.8,AOJ,ICN
2849,7,372.0,AOJ,ICN
2850,7,374.0,AOJ,ICN
2851,7,376.9,AOJ,ICN
2852,7,380.6,AOJ,ICN
2853,7,385.1,AOJ,ICN
2854,7,390.1,AOJ,ICN
2855,7,395.6,AOJ,ICN
2856,7,401.6,AOJ,ICN
2857,7,408.0,AOJ,ICN
2858,7,414.7,AOJ,ICN
2859,7,421.7,AOJ,ICN
2860,7,380.3,AOJ,ICN
2861,7,375.0,AOJ,ICN
2862,7,370.4,AOJ,ICN
2863,7,366.6,AOJ,ICN
2864,7,363.6,AOJ,ICN
2865,7,361.6,AOJ,ICN
2866,7,360.7,AOJ,ICN
2867,7,360.9,AOJ,ICN
2868,7,362.1,AOJ,ICN
2869,7,364.4,AOJ,ICN
2870,7,367.7,AOJ,ICN
2871,7,371.8,AOJ,ICN
2872,7,376.6,AOJ,ICN
2873,7,382.1,AOJ,ICN
2874,7,388.1,AOJ,ICN
2875,7,394.5,AOJ,ICN
2876,7,401.2,AOJ,ICN
2877,7,408.3,AOJ,ICN
2878,7,372.6,AOJ,ICN
2879,7,366.8,AOJ,ICN
2880,7,361.7,AOJ,ICN
2881,7,357.4,AOJ,ICN
2882,7,354.0,AOJ,ICN
2883,7,351.7,AOJ,ICN
2884,7,350.7,AOJ,ICN
2885,7,350.9,AOJ,ICN
2886,7,352.3,AOJ,ICN
2887,7,355.0,AOJ,ICN
2888,7,358.6,AOJ,ICN
2889,7,363.2,AOJ,ICN
2890,7,368.6,AOJ,ICN
2891,7,374.5,AOJ,ICN
2892,7,380.9,AOJ,ICN
2893,7,387.8,AOJ,ICN
2894,7,395.0,AOJ,ICN
2895,7,402.4,AOJ,ICN
2896,7,359.0,AOJ,ICN
2897,7,353.3,AOJ,ICN
2898,7,348.4,AOJ,ICN
2899,7,344.6,AOJ,ICN
2900,7,341.9,AOJ,ICN
2901,7,340.7,AOJ,ICN
2902,7,340.9,AOJ,ICN
2903,7,342.6,AOJ,ICN
2904,7,345.7,AOJ,ICN
2905,7,349.9,AOJ,ICN
2906,7,355.0,AOJ,ICN
2907,7,360.9,AOJ,ICN
2908,7,367.4,AOJ,ICN
2909,7,374.4,AOJ,ICN
2910,7,381.7,AOJ,ICN
2911,7,389.3,AOJ,ICN
2912,7,351.8,AOJ,ICN
2913,7,345.5,AOJ,ICN
2914,7,339.9,AOJ,ICN
2915,7,335.4,AOJ,ICN
2916,7,332.2,AOJ,ICN
2917,7,330.7,AOJ,ICN
2918,7,331.0,AOJ,ICN
2919,7,333.0,AOJ,ICN
2920,7,336.7,AOJ,ICN
2921,7,341.6,AOJ,ICN
2922,7,347.4,AOJ,ICN
2923,7,354.0,AOJ,ICN
2924,7,361.1,AOJ,ICN
2925,7,368.5,AOJ,ICN
2926,7,376.3,AOJ,ICN
2927,7,384.3,AOJ,ICN
2928,7,353.1,AOJ,ICN
2929,7,345.5,AOJ,ICN
2930,7,338.4,AOJ,ICN
2931,7,331.9,AOJ,ICN
2932,7,326.5,AOJ,ICN
2933,7,322.6,AOJ,ICN
2934,7,320.7,AOJ,ICN
2935,7,321.1,AOJ,ICN
2936,7,323.7,AOJ,ICN
2937,7,328.1,AOJ,ICN
2938,7,333.9,AOJ,ICN
2939,7,340.6,AOJ,ICN
2940,7,347.8,AOJ,ICN
2941,7,355.5,AOJ,ICN
2942,7,363.5,AOJ,ICN
2943,7,371.8,AOJ,ICN
2944,7,348.5,AOJ,ICN
2945,7,340.3,AOJ,ICN
2946,7,332.4,AOJ,ICN
2947,7,325.0,AOJ,ICN
2948,7,318.4,AOJ,ICN
2949,7,313.4,AOJ,ICN
2950,7,310.7,AOJ,ICN
2951,7,311.2,AOJ,ICN
2952,7,314.8,AOJ,ICN
2953,7,320.4,AOJ,ICN
2954,7,327.2,AOJ,ICN
2955,7,334.8,AOJ,ICN
2956,7,342.8,AOJ,ICN
2957,7,351.1,AOJ,ICN
2958,7,359.6,AOJ,ICN
2959,7,354.0,AOJ,ICN
2960,7,345.2,AOJ,ICN
2961,7,336.5,AOJ,ICN
2962,7,327.9,AOJ,ICN
2963,7,319.5,AOJ,ICN
2964,7,311.7,AOJ,ICN
2965,7,304.9,AOJ,ICN
2966,7,300.8,AOJ,ICN
2967,7,301.7,AOJ,ICN
2968,7,306.9,AOJ,ICN
2969,7,314.1,AOJ,ICN
2970,7,322.1,AOJ,ICN
2971,7,330.6,AOJ,ICN
2972,7,339.2,AOJ,ICN
2973,7,348.0,AOJ,ICN
2974,7,343.5,AOJ,ICN
2975,7,334.5,AOJ,ICN
2976,7,325.5,AOJ,ICN
2977,7,316.5,AOJ,ICN
2978,7,307.6,AOJ,ICN
2979,7,298.9,AOJ,ICN
2980,7,291.5,AOJ,ICN
2981,7,293.4,AOJ,ICN
2982,7,301.6,AOJ,ICN
2983,7,310.4,AOJ,ICN
2984,7,319.4,AOJ,ICN
2985,7,328.4,AOJ,ICN
2986,7,337.4,AOJ,ICN
2987,7,346.4,AOJ,ICN
2988,7,316.7,AOJ,ICN
2989,7,307.8,AOJ,ICN
2990,7,299.3,AOJ,ICN
2991,7,292.3,AOJ,ICN
2992,7,294.1,AOJ,ICN
2993,7,301.9,AOJ,ICN
2994,7,310.6,AOJ,ICN
2995,7,319.5,AOJ,ICN
2996,7,328.4,AOJ,ICN
2997,7,337.4,AOJ,ICN
2998,7,346.4,AOJ,ICN
2999,7,319.9,AOJ,ICN
3000,7,312.2,AOJ,ICN
3001,7,305.6,AOJ,ICN
3002,7,301.8,AOJ,ICN
3003,7,307.5,AOJ,ICN
3004,7,314.6,AOJ,ICN
3005,7,322.5,AOJ,ICN
3006,7,330.8,AOJ,ICN
3007,7,339.4,AOJ,ICN
3008,7,325.5,AOJ,ICN
3009,7,319.1,AOJ,ICN
3010,7,314.2,AOJ,ICN
3011,7,311.7,AOJ,ICN
3012,7,315.5,AOJ,ICN
3013,7,321.0,AOJ,ICN
3014,7,343.1,AOJ,ICN
3015,7,332.6,AOJ,ICN
3016,7,327.3,AOJ,ICN
3017,7,323.5,AOJ,ICN
3018,7,348.2,AOJ,ICN
3019,7,340.6,AOJ,ICN
3020,7,336.2,AOJ,ICN
3021,7,333.1,AOJ,ICN
3022,7,354.4,AOJ,ICN
3023,7,343.5,AOJ,ICN
3024,7,346.5,AOJ,ICN
3025,7,350.6,AOJ,ICN
3026,7,360.5,HKD,ICN
3027,7,365.8,HKD,ICN
3028,7,338.7,HKD,ICN
3029,7,340.1,HKD,ICN
3030,7,343.0,HKD,ICN
3031,7,347.2,HKD,ICN
3032,7,352.3,HKD,ICN
3033,7,358.3,HKD,ICN
3034,7,328.7,HKD,ICN
3035,7,330.5,HKD,ICN
3036,7,334.0,HKD,ICN
3037,7,413.6,HKD,ICN
3038,7,354.6,HKD,ICN
3039,7,346.8,HKD,ICN
3040,7,359.2,HKD,ICN
3041,7,350.7,HKD,ICN
3042,7,342.3,HKD,ICN
3043,7,334.2,HKD,ICN
3044,7,357.1,HKD,ICN
3045,7,348.3,HKD,ICN
3046,7,339.5,HKD,ICN
3047,7,330.8,HKD,ICN
3048,7,322.2,HKD,ICN
3049,7,347.5,HKD,ICN
3050,7,338.6,HKD,ICN
3051,7,329.6,HKD,ICN
3052,7,320.7,HKD,ICN
3053,7,311.8,HKD,ICN
3054,7,294.0,HKD,ICN
3055,7,292.7,HKD,ICN
3056,7,301.6,HKD,ICN
3057,7,310.5,HKD,ICN
3058,7,339.6,HKD,ICN
3059,7,330.9,HKD,ICN
3060,7,322.4,HKD,ICN
3061,7,314.1,HKD,ICN
3062,7,306.4,HKD,ICN
3063,7,300.5,HKD,ICN
3064,7,300.0,HKD,ICN
3065,7,305.3,HKD,ICN
3066,7,312.9,HKD,ICN
3067,7,342.5,HKD,ICN
3068,7,334.5,HKD,ICN
3069,7,326.7,HKD,ICN
3070,7,319.6,HKD,ICN
3071,7,313.7,HKD,ICN
3072,7,310.0,HKD,ICN
3073,7,309.7,HKD,ICN
3074,7,449.9,CTS,PUS
3075,7,354.8,HKD,ICN
3076,7,347.1,HKD,ICN
3077,7,339.7,HKD,ICN
3078,7,332.9,HKD,ICN
3079,7,327.0,HKD,ICN
3080,7,322.5,HKD,ICN
3081,7,319.8,HKD,ICN
3082,7,436.9,CTS,PUS
3083,7,444.2,CTS,PUS
3084,7,407.7,HKD,ICN
3085,7,367.4,HKD,ICN
3086,7,360.0,HKD,ICN
3087,7,352.9,HKD,ICN
3088,7,346.3,HKD,ICN
3089,7,340.4,HKD,ICN
3090,7,416.6,CTS,PUS
3091,7,423.9,CTS,PUS
3092,7,431.3,CTS,PUS
3093,7,438.9,CTS,PUS
3094,7,380.3,HKD,ICN
3095,7,373.0,HKD,ICN
3096,7,366.1,HKD,ICN
3097,7,359.6,HKD,ICN
3098,7,353.7,HKD,ICN
3099,7,396.4,CTS,PUS
3100,7,403.6,CTS,PUS
3101,7,411.0,CTS,PUS
3102,7,418.6,CTS,PUS
3103,7,426.4,CTS,PUS
3104,7,434.2,CTS,PUS
3105,7,393.2,HKD,ICN
3106,7,386.1,HKD,ICN
3107,7,379.3,HKD,ICN
3108,7,373.0,HKD,ICN
3109,7,367.1,HKD,ICN
3110,7,350.8,HKD,ICN
3111,7,376.3,CTS,PUS
3112,7,383.4,CTS,PUS
3113,7,390.7,CTS,PUS
3114,7,398.3,CTS,PUS
3115,7,406.0,CTS,PUS
3116,7,413.9,CTS,PUS
3117,7,422.0,CTS,PUS
3118,7,430.1,CTS,PUS
3119,7,392.6,HKD,ICN
3120,7,386.3,HKD,ICN
3121,7,380.4,HKD,ICN
3122,7,375.0,HKD,ICN
3123,7,360.6,HKD,ICN
3124,7,358.5,CTS,PUS
3125,7,356.4,CTS,PUS
3126,7,363.2,CTS,PUS
3127,7,370.5,CTS,PUS
3128,7,378.0,CTS,PUS
3129,7,385.8,CTS,PUS
3130,7,393.7,CTS,PUS
3131,7,401.8,CTS,PUS
3132,7,410.0,CTS,PUS
3133,7,418.2,CTS,PUS
3134,7,426.5,CTS,PUS
3135,7,434.9,CTS,PUS
3136,7,399.6,HKD,ICN
3137,7,393.8,HKD,ICN
3138,7,388.3,HKD,ICN
3139,7,383.4,HKD,ICN
3140,7,379.1,HKD,ICN
3141,7,368.1,CTS,PUS
3142,7,360.3,CTS,PUS
3143,7,352.6,CTS,PUS
3144,7,345.4,CTS,PUS
3145,7,336.7,CTS,PUS
3146,7,343.2,CTS,PUS
3147,7,350.2,CTS,PUS
3148,7,357.7,CTS,PUS
3149,7,365.5,CTS,PUS
3150,7,373.5,CTS,PUS
3151,7,381.7,CTS,PUS
3152,7,390.0,CTS,PUS
3153,7,398.3,CTS,PUS
3154,7,406.7,CTS,PUS
3155,7,415.2,CTS,PUS
3156,7,423.7,CTS,PUS
3157,7,432.2,CTS,PUS
3158,7,440.8,CTS,PUS
3159,7,407.1,HKD,ICN
3160,7,401.6,HKD,ICN
3161,7,396.6,HKD,ICN
3162,7,392.1,HKD,ICN
3163,7,388.1,HKD,ICN
3164,7,384.9,HKD,ICN
3165,7,382.3,HKD,ICN
3166,7,372.9,CTS,PUS
3167,7,364.5,CTS,PUS
3168,7,356.1,CTS,PUS
3169,7,348.0,CTS,PUS
3170,7,340.0,CTS,PUS
3171,7,332.4,CTS,PUS
3172,7,325.5,CTS,PUS
3173,7,323.4,CTS,PUS
3174,7,330.1,CTS,PUS
3175,7,337.5,CTS,PUS
3176,7,345.3,CTS,PUS
3177,7,353.5,CTS,PUS
3178,7,361.7,CTS,PUS
3179,7,370.1,CTS,PUS
3180,7,378.6,CTS,PUS
3181,7,387.1,CTS,PUS
3182,7,395.7,CTS,PUS
3183,7,404.3,CTS,PUS
3184,7,412.9,CTS,PUS
3185,7,421.6,CTS,PUS
3186,7,430.2,CTS,PUS
3187,7,438.9,CTS,PUS
3188,7,414.9,HKD,ICN
3189,7,409.8,HKD,ICN
3190,7,405.1,HKD,ICN
3191,7,401.0,HKD,ICN
3192,7,397.4,HKD,ICN
3193,7,394.4,HKD,ICN
3194,7,388.1,CTS,PUS
3195,7,379.4,CTS,PUS
3196,7,370.8,CTS,PUS
3197,7,362.1,CTS,PUS
3198,7,353.4,CTS,PUS
3199,7,344.9,CTS,PUS
3200,7,336.3,CTS,PUS
3201,7,327.9,CTS,PUS
3202,7,319.8,CTS,PUS
3203,7,312.3,CTS,PUS
3204,7,306.5,CTS,PUS
3205,7,305.4,CTS,PUS
3206,7,310.1,CTS,PUS
3207,7,317.3,CTS,PUS
3208,7,325.3,CTS,PUS
3209,7,333.6,CTS,PUS
3210,7,342.1,CTS,PUS
3211,7,350.6,CTS,PUS
3212,7,359.3,CTS,PUS
3213,7,367.9,CTS,PUS
3214,7,376.6,CTS,PUS
3215,7,385.3,CTS,PUS
3216,7,394.0,CTS,PUS
3217,7,402.7,CTS,PUS
3218,7,411.5,CTS,PUS
3219,7,420.2,CTS,PUS
3220,7,428.9,CTS,PUS
3221,7,437.7,CTS,PUS
3222,7,446.0,AKJ,ICN
3223,7,410.0,HKD,ICN
3224,7,405.0,CTS,PUS
3225,7,396.2,CTS,PUS
3226,7,387.4,CTS,PUS
3227,7,378.7,CTS,PUS
3228,7,369.9,CTS,PUS
3229,7,361.1,CTS,PUS
3230,7,352.4,CTS,PUS
3231,7,343.6,CTS,PUS
3232,7,334.8,CTS,PUS
3233,7,326.1,CTS,PUS
3234,7,317.3,CTS,PUS
3235,7,308.6,CTS,PUS
3236,7,299.9,CTS,PUS
3237,7,297.1,CTS,PUS
3238,7,305.7,CTS,PUS
3239,7,314.5,CTS,PUS
3240,7,323.2,CTS,PUS
3241,7,332.0,CTS,PUS
3242,7,340.8,CTS,PUS
3243,7,349.5,CTS,PUS
3244,7,358.3,CTS,PUS
3245,7,367.0,CTS,PUS
3246,7,375.8,CTS,PUS
3247,7,384.6,CTS,PUS
3248,7,393.3,CTS,PUS
3249,7,402.1,CTS,PUS
3250,7,410.9,CTS,PUS
3251,7,419.6,CTS,PUS
3252,7,427.4,AKJ,ICN
3253,7,432.7,AKJ,ICN
3254,7,438.3,AKJ,ICN
3255,7,444.2,AKJ,ICN
3256,7,396.5,CTS,PUS
3257,7,387.8,CTS,PUS
3258,7,379.1,CTS,PUS
3259,7,370.4,CTS,PUS
3260,7,361.7,CTS,PUS
3261,7,353.0,CTS,PUS
3262,7,344.4,CTS,PUS
3263,7,335.8,CTS,PUS
3264,7,327.3,CTS,PUS
3265,7,318.9,CTS,PUS
3266,7,311.0,CTS,PUS
3267,7,304.6,CTS,PUS
3268,7,303.4,CTS,PUS
3269,7,308.7,CTS,PUS
3270,7,316.3,CTS,PUS
3271,7,324.5,CTS,PUS
3272,7,333.0,CTS,PUS
3273,7,341.6,CTS,PUS
3274,7,350.2,CTS,PUS
3275,7,358.8,CTS,PUS
3276,7,367.5,CTS,PUS
3277,7,376.2,CTS,PUS
3278,7,384.9,CTS,PUS
3279,7,393.7,CTS,PUS
3280,7,402.4,CTS,PUS
3281,7,409.4,AKJ,ICN
3282,7,414.2,AKJ,ICN
3283,7,419.4,AKJ,ICN
3284,7,425.0,AKJ,ICN
3285,7,430.9,AKJ,ICN
3286,7,437.2,AKJ,ICN
3287,7,443.7,AKJ,ICN
3288,7,450.4,AKJ,ICN
3289,7,397.8,CTS,PUS
3290,7,389.2,CTS,PUS
3291,7,380.6,CTS,PUS
3292,7,372.1,CTS,PUS
3293,7,363.7,CTS,PUS
3294,7,355.3,CTS,PUS
3295,7,347.0,CTS,PUS
3296,7,339.0,CTS,PUS
3297,7,331.2,CTS,PUS
3298,7,324.0,CTS,PUS
3299,7,317.9,CTS,PUS
3300,7,313.8,CTS,PUS
3301,7,313.1,CTS,PUS
3302,7,316.2,CTS,PUS
3303,7,321.8,CTS,PUS
3304,7,328.8,CTS,PUS
3305,7,336.4,CTS,PUS
3306,7,344.4,CTS,PUS
3307,7,352.6,CTS,PUS
3308,7,360.9,CTS,PUS
3309,7,369.4,CTS,PUS
3310,7,377.9,CTS,PUS
3311,7,386.4,CTS,PUS
3312,7,392.4,AKJ,ICN
3313,7,396.4,AKJ,ICN
3314,7,401.0,AKJ,ICN
3315,7,406.1,AKJ,ICN
3316,7,411.7,AKJ,ICN
3317,7,417.6,AKJ,ICN
3318,7,423.9,AKJ,ICN
3319,7,430.5,AKJ,ICN
3320,7,437.4,AKJ,ICN
3321,7,444.4,AKJ,ICN
3322,7,451.6,AKJ,ICN
3323,7,505.3,AKJ,ICN
3324,7,391.6,CTS,PUS
3325,7,383.3,CTS,PUS
3326,7,375.1,CTS,PUS
3327,7,367.0,CTS,PUS
3328,7,359.0,CTS,PUS
3329,7,351.3,CTS,PUS
3330,7,344.0,CTS,PUS
3331,7,337.2,CTS,PUS
3332,7,331.1,CTS,PUS
3333,7,326.4,CTS,PUS
3334,7,323.5,CTS,PUS
3335,7,323.1,CTS,PUS
3336,7,325.2,CTS,PUS
3337,7,329.4,CTS,PUS
3338,7,335.1,CTS,PUS
3339,7,341.7,CTS,PUS
3340,7,348.9,CTS,PUS
3341,7,356.5,CTS,PUS
3342,7,364.4,CTS,PUS
3343,7,372.4,CTS,PUS
3344,7,376.9,AKJ,ICN
3345,7,379.7,AKJ,ICN
3346,7,383.4,AKJ,ICN
3347,7,387.8,AKJ,ICN
3348,7,392.8,AKJ,ICN
3349,7,398.4,AKJ,ICN
3350,7,404.4,AKJ,ICN
3351,7,410.7,AKJ,ICN
3352,7,417.4,AKJ,ICN
3353,7,424.4,AKJ,ICN
3354,7,431.5,AKJ,ICN
3355,7,438.8,AKJ,ICN
3356,7,446.3,AKJ,ICN
3357,7,453.9,AKJ,ICN
3358,7,461.6,AKJ,ICN
3359,7,469.4,AKJ,ICN
3360,7,477.3,AKJ,ICN
3361,7,485.3,AKJ,ICN
3362,7,493.3,AKJ,ICN
3363,7,501.4,AKJ,ICN
3364,7,509.5,AKJ,ICN
3365,7,517.7,AKJ,ICN
3366,7,395.0,CTS,PUS
3367,7,387.0,CTS,PUS
3368,7,379.1,CTS,PUS
3369,7,371.5,CTS,PUS
3370,7,364.0,CTS,PUS
3371,7,357.0,CTS,PUS
3372,7,350.4,CTS,PUS
3373,7,344.4,CTS,PUS
3374,7,339.4,CTS,PUS
3375,7,335.6,CTS,PUS
3376,7,333.4,CTS,PUS
3377,7,333.1,CTS,PUS
3378,7,334.7,CTS,PUS
3379,7,338.0,CTS,PUS
3380,7,342.7,CTS,PUS
3381,7,348.3,CTS,PUS
3382,7,354.8,CTS,PUS
3383,7,361.7,CTS,PUS
3384,7,364.2,AKJ,ICN
3385,7,365.2,AKJ,ICN
3386,7,367.3,AKJ,ICN
3387,7,370.5,AKJ,ICN
3388,7,374.7,AKJ,ICN
3389,7,379.6,AKJ,ICN
3390,7,385.1,AKJ,ICN
3391,7,391.1,AKJ,ICN
3392,7,397.6,AKJ,ICN
3393,7,404.4,AKJ,ICN
3394,7,411.4,AKJ,ICN
3395,7,418.7,AKJ,ICN
3396,7,426.2,AKJ,ICN
3397,7,433.8,AKJ,ICN
3398,7,441.5,AKJ,ICN
3399,7,449.4,AKJ,ICN
3400,7,457.3,AKJ,ICN
3401,7,465.3,AKJ,ICN
3402,7,473.4,AKJ,ICN
3403,7,481.5,AKJ,ICN
3404,7,489.7,AKJ,ICN
3405,7,497.9,AKJ,ICN
3406,7,506.2,AKJ,ICN
3407,7,514.5,AKJ,ICN
3408,7,522.8,AKJ,ICN
3409,7,407.0,CTS,PUS
3410,7,399.2,CTS,PUS
3411,7,391.5,CTS,PUS
3412,7,384.1,CTS,PUS
3413,7,370.0,CTS,PUS
3414,7,348.2,CTS,PUS
3415,7,345.1,CTS,PUS
3416,7,343.3,CTS,PUS
3417,7,343.1,CTS,PUS
3418,7,344.3,CTS,PUS
3419,7,347.0,CTS,PUS
3420,7,351.0,CTS,PUS
3421,7,355.9,CTS,PUS
3422,7,356.2,AKJ,ICN
3423,7,354.5,AKJ,ICN
3424,7,354.2,AKJ,ICN
3425,7,355.3,AKJ,ICN
3426,7,357.9,AKJ,ICN
3427,7,361.6,AKJ,ICN
3428,7,366.3,AKJ,ICN
3429,7,371.8,AKJ,ICN
3430,7,377.9,AKJ,ICN
3431,7,384.5,AKJ,ICN
3432,7,391.4,AKJ,ICN
3433,7,398.6,AKJ,ICN
3434,7,406.1,AKJ,ICN
3435,7,413.7,AKJ,ICN
3436,7,421.5,AKJ,ICN
3437,7,429.4,AKJ,ICN
3438,7,437.4,AKJ,ICN
3439,7,445.4,AKJ,ICN
3440,7,453.5,AKJ,ICN
3441,7,461.7,AKJ,ICN
3442,7,470.0,AKJ,ICN
3443,7,478.2,AKJ,ICN
3444,7,486.6,AKJ,ICN
3445,7,494.9,AKJ,ICN
3446,7,503.3,AKJ,ICN
3447,7,511.7,AKJ,ICN
3448,7,520.1,AKJ,ICN
3449,7,528.5,AKJ,ICN
3450,7,537.0,AKJ,ICN
3451,7,545.5,AKJ,ICN
3452,7,553.9,AKJ,ICN
3453,7,562.4,AKJ,ICN
3454,7,411.6,CTS,PUS
3455,7,404.2,CTS,PUS
3456,7,357.4,CTS,PUS
3457,7,354.7,CTS,PUS
3458,7,353.3,CTS,PUS
3459,7,353.1,CTS,PUS
3460,7,354.1,CTS,PUS
3461,7,356.4,CTS,PUS
3462,7,355.3,AKJ,ICN
3463,7,350.4,AKJ,ICN
3464,7,346.7,AKJ,ICN
3465,7,344.6,AKJ,ICN
3466,7,344.2,AKJ,ICN
3467,7,345.6,AKJ,ICN
3468,7,348.7,AKJ,ICN
3469,7,353.1,AKJ,ICN
3470,7,358.6,AKJ,ICN
3471,7,364.7,AKJ,ICN
3472,7,371.5,AKJ,ICN
3473,7,378.6,AKJ,ICN
3474,7,386.0,AKJ,ICN
3475,7,393.7,AKJ,ICN
3476,7,401.5,AKJ,ICN
3477,7,409.4,AKJ,ICN
3478,7,417.5,AKJ,ICN
3479,7,425.6,AKJ,ICN
3480,7,433.8,AKJ,ICN
3481,7,442.1,AKJ,ICN
3482,7,450.4,AKJ,ICN
3483,7,458.7,AKJ,ICN
3484,7,467.1,AKJ,ICN
3485,7,475.5,AKJ,ICN
3486,7,483.9,AKJ,ICN
3487,7,492.4,AKJ,ICN
3488,7,500.8,AKJ,ICN
3489,7,509.3,AKJ,ICN
3490,7,517.8,AKJ,ICN
3491,7,526.3,AKJ,ICN
3492,7,534.9,AKJ,ICN
3493,7,543.4,AKJ,ICN
3494,7,560.5,AKJ,ICN
3495,7,364.5,CTS,PUS
3496,7,363.2,CTS,PUS
3497,7,363.1,CTS,PUS
3498,7,361.6,AKJ,ICN
3499,7,354.5,AKJ,ICN
3500,7,347.8,AKJ,ICN
3501,7,342.0,AKJ,ICN
3502,7,337.5,AKJ,ICN
3503,7,334.7,AKJ,ICN
3504,7,334.2,AKJ,ICN
3505,7,336.1,AKJ,ICN
3506,7,340.0,AKJ,ICN
3507,7,345.3,AKJ,ICN
3508,7,351.6,AKJ,ICN
3509,7,358.6,AKJ,ICN
3510,7,366.0,AKJ,ICN
3511,7,373.6,AKJ,ICN
3512,7,381.5,AKJ,ICN
3513,7,389.6,AKJ,ICN
3514,7,397.7,AKJ,ICN
3515,7,405.9,AKJ,ICN
3516,7,414.2,AKJ,ICN
3517,7,422.6,AKJ,ICN
3518,7,430.9,AKJ,ICN
3519,7,439.4,AKJ,ICN
3520,7,447.8,AKJ,ICN
3521,7,456.3,AKJ,ICN
3522,7,464.8,AKJ,ICN
3523,7,473.3,AKJ,ICN
3524,7,481.8,AKJ,ICN
3525,7,490.3,AKJ,ICN
3526,7,498.9,AKJ,ICN
3527,7,507.4,AKJ,ICN
3528,7,516.0,AKJ,ICN
3529,7,524.6,AKJ,ICN
3530,7,533.1,AKJ,ICN
3531,7,376.4,CTS,PUS
3532,7,374.3,CTS,PUS
3533,7,373.2,CTS,PUS
3534,7,365.1,AKJ,ICN
3535,7,357.0,AKJ,ICN
3536,7,349.1,AKJ,ICN
3537,7,341.6,AKJ,ICN
3538,7,334.7,AKJ,ICN
3539,7,328.8,AKJ,ICN
3540,7,325.0,AKJ,ICN
3541,7,324.2,AKJ,ICN
3542,7,326.9,AKJ,ICN
3543,7,332.1,AKJ,ICN
3544,7,338.6,AKJ,ICN
3545,7,345.9,AKJ,ICN
3546,7,353.7,AKJ,ICN
3547,7,361.7,AKJ,ICN
3548,7,369.8,AKJ,ICN
3549,7,378.1,AKJ,ICN
3550,7,386.5,AKJ,ICN
3551,7,394.9,AKJ,ICN
3552,7,403.3,AKJ,ICN
3553,7,411.8,AKJ,ICN
3554,7,420.3,AKJ,ICN
3555,7,428.8,AKJ,ICN
3556,7,437.4,AKJ,ICN
3557,7,445.9,AKJ,ICN
3558,7,454.5,AKJ,ICN
3559,7,463.1,AKJ,ICN
3560,7,471.6,AKJ,ICN
3561,7,480.2,AKJ,ICN
3562,7,488.8,AKJ,ICN
3563,7,497.4,AKJ,ICN
3564,7,506.0,AKJ,ICN
3565,7,514.6,AKJ,ICN
3566,7,523.2,AKJ,ICN
3567,7,386.0,CTS,PUS
3568,7,379.5,AKJ,ICN
3569,7,371.0,AKJ,ICN
3570,7,362.4,AKJ,ICN
3571,7,354.0,AKJ,ICN
3572,7,345.5,AKJ,ICN
3573,7,337.2,AKJ,ICN
3574,7,329.2,AKJ,ICN
3575,7,321.7,AKJ,ICN
3576,7,315.7,AKJ,ICN
3577,7,314.4,AKJ,ICN
3578,7,318.9,AKJ,ICN
3579,7,325.9,AKJ,ICN
3580,7,333.9,AKJ,ICN
3581,7,342.1,AKJ,ICN
3582,7,350.4,AKJ,ICN
3583,7,358.9,AKJ,ICN
3584,7,367.4,AKJ,ICN
3585,7,375.9,AKJ,ICN
3586,7,384.5,AKJ,ICN
3587,7,393.1,AKJ,ICN
3588,7,401.7,AKJ,ICN
3589,7,410.3,AKJ,ICN
3590,7,418.9,AKJ,ICN
3591,7,427.5,AKJ,ICN
3592,7,436.1,AKJ,ICN
3593,7,444.7,AKJ,ICN
3594,7,453.3,AKJ,ICN
3595,7,462.0,AKJ,ICN
3596,7,470.6,AKJ,ICN
3597,7,479.2,AKJ,ICN
3598,7,487.8,AKJ,ICN
3599,7,496.5,AKJ,ICN
3600,7,505.1,AKJ,ICN
3601,7,513.7,AKJ,ICN
3602,7,522.4,AKJ,ICN
3603,7,387.4,AKJ,ICN
3604,7,378.7,AKJ,ICN
3605,7,370.1,AKJ,ICN
3606,7,361.4,AKJ,ICN
3607,7,352.8,AKJ,ICN
3608,7,344.2,AKJ,ICN
3609,7,335.5,AKJ,ICN
3610,7,326.9,AKJ,ICN
3611,7,318.3,AKJ,ICN
3612,7,309.6,AKJ,ICN
3613,7,306.1,AKJ,ICN
3614,7,314.7,AKJ,ICN
3615,7,323.3,AKJ,ICN
3616,7,331.9,AKJ,ICN
3617,7,340.6,AKJ,ICN
3618,7,349.2,AKJ,ICN
3619,7,357.9,AKJ,ICN
3620,7,366.5,AKJ,ICN
3621,7,375.1,AKJ,ICN
3622,7,383.8,AKJ,ICN
3623,7,392.4,AKJ,ICN
3624,7,401.0,AKJ,ICN
3625,7,409.7,AKJ,ICN
3626,7,418.3,AKJ,ICN
3627,7,426.9,AKJ,ICN
3628,7,435.6,AKJ,ICN
3629,7,444.2,AKJ,ICN
3630,7,452.9,AKJ,ICN
3631,7,461.5,AKJ,ICN
3632,7,470.1,AKJ,ICN
3633,7,478.8,AKJ,ICN
3634,7,487.4,AKJ,ICN
3635,7,496.0,AKJ,ICN
3636,7,504.7,AKJ,ICN
3637,7,513.3,AKJ,ICN
3638,7,387.8,AKJ,ICN
3639,7,379.3,AKJ,ICN
3640,7,370.7,AKJ,ICN
3641,7,362.2,AKJ,ICN
3642,7,353.7,AKJ,ICN
3643,7,345.2,AKJ,ICN
3644,7,336.9,AKJ,ICN
3645,7,328.7,AKJ,ICN
3646,7,321.0,AKJ,ICN
3647,7,314.8,AKJ,ICN
3648,7,313.3,AKJ,ICN
3649,7,318.1,AKJ,ICN
3650,7,325.4,AKJ,ICN
3651,7,333.5,AKJ,ICN
3652,7,341.7,AKJ,ICN
3653,7,350.1,AKJ,ICN
3654,7,358.6,AKJ,ICN
3655,7,367.1,AKJ,ICN
3656,7,375.7,AKJ,ICN
3657,7,384.3,AKJ,ICN
3658,7,392.8,AKJ,ICN
3659,7,401.4,AKJ,ICN
3660,7,410.0,AKJ,ICN
3661,7,418.6,AKJ,ICN
3662,7,427.2,AKJ,ICN
3663,7,435.8,AKJ,ICN
3664,7,444.4,AKJ,ICN
3665,7,453.0,AKJ,ICN
3666,7,461.7,AKJ,ICN
3667,7,470.3,AKJ,ICN
3668,7,478.9,AKJ,ICN
3669,7,487.5,AKJ,ICN
3670,7,496.1,AKJ,ICN
3671,7,504.8,AKJ,ICN
3672,7,513.4,AKJ,ICN
3673,7,547.9,AKJ,ICN
3674,7,381.1,AKJ,ICN
3675,7,372.8,AKJ,ICN
3676,7,364.6,AKJ,ICN
3677,7,356.5,AKJ,ICN
3678,7,348.5,AKJ,ICN
3679,7,341.0,AKJ,ICN
3680,7,333.9,AKJ,ICN
3681,7,327.9,AKJ,ICN
3682,7,323.9,AKJ,ICN
3683,7,323.2,AKJ,ICN
3684,7,326.0,AKJ,ICN
3685,7,331.3,AKJ,ICN
3686,7,337.9,AKJ,ICN
3687,7,345.3,AKJ,ICN
3688,7,353.1,AKJ,ICN
3689,7,361.2,AKJ,ICN
3690,7,369.3,AKJ,ICN
3691,7,377.6,AKJ,ICN
3692,7,386.0,AKJ,ICN
3693,7,394.4,AKJ,ICN
3694,7,402.8,AKJ,ICN
3695,7,411.3,AKJ,ICN
3696,7,419.8,AKJ,ICN
3697,7,428.3,AKJ,ICN
3698,7,436.8,AKJ,ICN
3699,7,445.4,AKJ,ICN
3700,7,453.9,AKJ,ICN
3701,7,462.5,AKJ,ICN
3702,7,471.0,AKJ,ICN
3703,7,479.6,AKJ,ICN
3704,7,488.2,AKJ,ICN
3705,7,496.7,AKJ,ICN
3706,7,505.3,AKJ,ICN
3707,7,513.9,AKJ,ICN
3708,7,548.3,AKJ,ICN
3709,7,368.4,AKJ,ICN
3710,7,360.9,AKJ,ICN
3711,7,353.7,AKJ,ICN
3712,7,347.0,AKJ,ICN
3713,7,341.1,AKJ,ICN
3714,7,336.5,AKJ,ICN
3715,7,333.6,AKJ,ICN
3716,7,333.1,AKJ,ICN
3717,7,335.0,AKJ,ICN
3718,7,339.0,AKJ,ICN
3719,7,344.4,AKJ,ICN
3720,7,350.8,AKJ,ICN
3721,7,357.8,AKJ,ICN
3722,7,365.2,AKJ,ICN
3723,7,372.9,AKJ,ICN
3724,7,380.8,AKJ,ICN
3725,7,388.8,AKJ,ICN
3726,7,397.0,AKJ,ICN
3727,7,405.2,AKJ,ICN
3728,7,413.5,AKJ,ICN
3729,7,421.8,AKJ,ICN
3730,7,430.2,AKJ,ICN
3731,7,438.6,AKJ,ICN
3732,7,447.0,AKJ,ICN
3733,7,455.4,AKJ,ICN
3734,7,463.9,AKJ,ICN
3735,7,497.9,AKJ,ICN
3736,7,506.4,AKJ,ICN
3737,7,514.9,AKJ,ICN
3738,7,557.6,AKJ,ICN
3739,7,566.2,AKJ,ICN
3740,7,373.5,AKJ,ICN
3741,7,366.6,AKJ,ICN
3742,7,360.1,AKJ,ICN
3743,7,354.3,AKJ,ICN
3744,7,349.4,AKJ,ICN
3745,7,345.7,AKJ,ICN
3746,7,343.5,AKJ,ICN
3747,7,343.1,AKJ,ICN
3748,7,344.6,AKJ,ICN
3749,7,347.7,AKJ,ICN
3750,7,352.1,AKJ,ICN
3751,7,357.6,AKJ,ICN
3752,7,363.8,AKJ,ICN
3753,7,370.6,AKJ,ICN
3754,7,377.7,AKJ,ICN
3755,7,385.1,AKJ,ICN
3756,7,392.8,AKJ,ICN
3757,7,400.5,AKJ,ICN
3758,7,408.5,AKJ,ICN
3759,7,416.5,AKJ,ICN
3760,7,424.6,AKJ,ICN
3761,7,432.8,AKJ,ICN
3762,7,441.0,AKJ,ICN
3763,7,449.3,AKJ,ICN
3764,7,507.9,AKJ,ICN
3765,7,516.4,AKJ,ICN
3766,7,524.9,AKJ,ICN
3767,7,567.3,AKJ,ICN
3768,7,575.8,AKJ,ICN
3769,7,379.6,AKJ,ICN
3770,7,373.3,AKJ,ICN
3771,7,367.5,AKJ,ICN
3772,7,362.4,AKJ,ICN
3773,7,358.3,AKJ,ICN
3774,7,355.2,AKJ,ICN
3775,7,353.4,AKJ,ICN
3776,7,353.1,AKJ,ICN
3777,7,354.3,AKJ,ICN
3778,7,356.8,AKJ,ICN
3779,7,360.6,AKJ,ICN
3780,7,365.3,AKJ,ICN
3781,7,370.8,AKJ,ICN
3782,7,376.9,AKJ,ICN
3783,7,383.5,AKJ,ICN
3784,7,390.4,AKJ,ICN
3785,7,397.6,AKJ,ICN
3786,7,405.0,AKJ,ICN
3787,7,412.6,AKJ,ICN
3788,7,420.3,AKJ,ICN
3789,7,428.1,AKJ,ICN
3790,7,436.1,AKJ,ICN
3791,7,444.1,AKJ,ICN
3792,7,518.3,AKJ,ICN
3793,7,526.7,AKJ,ICN
3794,7,577.3,AKJ,ICN
3795,7,386.4,AKJ,ICN
3796,7,380.7,AKJ,ICN
3797,7,375.5,AKJ,ICN
3798,7,371.1,AKJ,ICN
3799,7,367.5,AKJ,ICN
3800,7,364.9,AKJ,ICN
3801,7,363.4,AKJ,ICN
3802,7,363.1,AKJ,ICN
3803,7,364.1,AKJ,ICN
3804,7,366.2,AKJ,ICN
3805,7,369.5,AKJ,ICN
3806,7,373.6,AKJ,ICN
3807,7,378.5,AKJ,ICN
3808,7,384.0,AKJ,ICN
3809,7,390.0,AKJ,ICN
3810,7,396.4,AKJ,ICN
3811,7,403.2,AKJ,ICN
3812,7,410.2,AKJ,ICN
3813,7,417.4,AKJ,ICN
3814,7,537.3,AKJ,ICN
3815,7,587.5,AKJ,ICN
3816,7,595.9,AKJ,ICN
3817,7,393.9,AKJ,ICN
3818,7,388.6,AKJ,ICN
3819,7,384.0,AKJ,ICN
3820,7,380.0,AKJ,ICN
3821,7,376.9,AKJ,ICN
3822,7,374.6,AKJ,ICN
3823,7,373.4,AKJ,ICN
3824,7,373.1,AKJ,ICN
3825,7,374.0,AKJ,ICN
3826,7,375.8,AKJ,ICN
3827,7,378.6,AKJ,ICN
3828,7,382.3,AKJ,ICN
3829,7,386.6,AKJ,ICN
3830,7,391.6,AKJ,ICN
3831,7,397.1,AKJ,ICN
3832,7,403.1,AKJ,ICN
3833,7,409.4,AKJ,ICN
3834,7,597.9,AKJ,ICN
3835,7,606.2,AKJ,ICN
3836,7,614.6,AKJ,ICN
3837,7,401.8,AKJ,ICN
3838,7,397.0,AKJ,ICN
3839,7,392.8,AKJ,ICN
3840,7,389.2,AKJ,ICN
3841,7,386.4,AKJ,ICN
3842,7,384.4,AKJ,ICN
3843,7,383.3,AKJ,ICN
3844,7,383.1,AKJ,ICN
3845,7,383.9,AKJ,ICN
3846,7,385.5,AKJ,ICN
3847,7,388.0,AKJ,ICN
3848,7,391.2,AKJ,ICN
3849,7,395.2,AKJ,ICN
3850,7,399.7,AKJ,ICN
3851,7,404.8,AKJ,ICN
3852,7,600.2,AKJ,ICN
3853,7,608.5,AKJ,ICN
3854,7,616.8,AKJ,ICN
3855,7,625.1,AKJ,ICN
3856,7,633.4,AKJ,ICN
3857,7,405.6,AKJ,ICN
3858,7,401.8,AKJ,ICN
3859,7,398.6,AKJ,ICN
3860,7,396.1,AKJ,ICN
3861,7,394.3,AKJ,ICN
3862,7,393.3,AKJ,ICN
3863,7,393.2,AKJ,ICN
3864,7,393.8,AKJ,ICN
3865,7,395.3,AKJ,ICN
3866,7,397.5,AKJ,ICN
3867,7,400.4,AKJ,ICN
3868,7,404.0,AKJ,ICN
3869,7,408.1,AKJ,ICN
3870,7,611.0,AKJ,ICN
3871,7,414.5,AKJ,ICN
3872,7,411.0,AKJ,ICN
3873,7,408.1,AKJ,ICN
3874,7,405.8,AKJ,ICN
3875,7,404.2,AKJ,ICN
3876,7,403.3,AKJ,ICN
3877,7,403.2,AKJ,ICN
3878,7,403.8,AKJ,ICN
3879,7,405.1,AKJ,ICN
3880,7,407.1,AKJ,ICN
3881,7,409.7,AKJ,ICN
3882,7,423.6,AKJ,ICN
3883,7,420.3,AKJ,ICN
3884,7,417.7,AKJ,ICN
3885,7,415.6,AKJ,ICN
3886,7,414.1,AKJ,ICN
3887,7,413.3,AKJ,ICN
3888,7,413.2,AKJ,ICN
3889,7,413.7,AKJ,ICN
3890,7,414.9,AKJ,ICN
3891,7,416.7,AKJ,ICN
3892,7,432.8,AKJ,ICN
3893,7,429.8,AKJ,ICN
3894,7,427.3,AKJ,ICN
3895,7,425.4,AKJ,ICN
3896,7,424.1,AKJ,ICN
3897,7,423.3,AKJ,ICN
3898,7,423.2,AKJ,ICN
3899,7,423.7,AKJ,ICN
3900,7,424.8,AKJ,ICN
3901,7,442.1,AKJ,ICN
3902,7,439.3,AKJ,ICN
3903,7,437.0,AKJ,ICN
3904,7,435.2,AKJ,ICN
3905,7,434.0,AKJ,ICN
3906,7,433.3,AKJ,ICN
3907,7,433.2,AKJ,ICN
3908,7,433.7,AKJ,ICN
3909,7,454.5,AKJ,ICN
3910,7,451.5,AKJ,ICN
3911,7,448.9,AKJ,ICN
3912,7,446.8,AKJ,ICN
3913,7,445.1,AKJ,ICN
3914,7,444.0,AKJ,ICN
3915,7,443.3,AKJ,ICN
3916,7,443.2,AKJ,ICN
3917,7,463.8,AKJ,ICN
3918,7,461.0,AKJ,ICN
3919,7,458.5,AKJ,ICN
3920,7,456.5,AKJ,ICN
3921,7,455.0,AKJ,ICN
3922,7,453.9,AKJ,ICN
3923,7,453.4,AKJ,ICN
3924,7,453.3,AKJ,ICN
3925,7,476.3,AKJ,ICN
3926,7,473.2,AKJ,ICN
3927,7,470.5,AKJ,ICN
3928,7,468.2,AKJ,ICN
3929,7,466.4,AKJ,ICN
3930,7,464.9,AKJ,ICN
3931,7,463.9,AKJ,ICN
3932,7,463.4,AKJ,ICN
3933,7,500.4,AKJ,ICN
3934,7,496.3,AKJ,ICN
3935,7,485.5,AKJ,ICN
3936,7,482.6,AKJ,ICN
3937,7,480.1,AKJ,ICN
3938,7,477.9,AKJ,ICN
3939,7,476.2,AKJ,ICN
3940,7,474.8,AKJ,ICN
3941,7,473.9,AKJ,ICN
3942,7,494.9,AKJ,ICN
3943,7,492.1,AKJ,ICN
3944,7,489.7,AKJ,ICN
3945,7,487.7,AKJ,ICN
3946,7,486.0,AKJ,ICN
3947,7,484.8,AKJ,ICN
3948,7,501.7,AKJ,ICN
3949,7,499.4,AKJ,ICN
3950,7,497.5,AKJ,ICN
3951,7,495.9,AKJ,ICN
3952,7,507.3,AKJ,ICN
0,8,357.9,ISG,ICN
1,8,347.3,ISG,ICN
2,8,346.0,ISG,ICN
3,8,302.7,ISG,ICN
4,8,316.1,ISG,ICN
5,8,309.4,ISG,ICN
6,8,313.5,SHI,ICN
7,8,323.4,SHI,ICN
8,8,300.4,SHI,ICN
9,8,311.1,SHI,ICN
10,8,276.1,OKA,PUS
11,8,267.4,OKA,PUS
12,8,278.1,OKA,PUS
13,8,281.3,OKA,PUS
14,8,288.8,OKA,PUS
15,8,296.0,OKA,PUS
16,8,304.8,OKA,PUS
17,8,303.2,OKA,PUS
18,8,317.7,OKA,PUS
19,8,325.2,OKA,PUS
20,8,1264.1,FSZ,ICN
21,8,325.7,OKA,PUS
22,8,332.3,OKA,PUS
23,8,339.9,OKA,PUS
24,8,1254.8,FSZ,ICN
25,8,326.5,OKA,PUS
26,8,346.9,OKA,PUS
27,8,354.5,OKA,PUS
28,8,361.5,OKA,PUS
29,8,479.2,OKA,PUS
30,8,487.2,OKA,PUS
31,8,530.2,OKA,PUS
32,8,544.6,OKA,PUS
33,8,546.3,OKA,PUS
34,8,552.5,OKA,PUS
35,8,560.6,OKA,PUS
36,8,566.9,OKA,PUS
37,8,601.6,OKA,PUS
38,8,581.2,OKA,PUS
39,8,587.8,OKA,PUS
40,8,508.0,KOJ,ICN
41,8,463.2,KOJ,ICN
42,8,421.0,KOJ,ICN
43,8,419.8,KOJ,ICN
44,8,411.1,KOJ,ICN
45,8,409.8,KOJ,ICN
46,8,401.2,KOJ,ICN
47,8,399.9,KOJ,ICN
48,8,399.9,KOJ,ICN
49,8,381.5,KOJ,ICN
50,8,371.7,KOJ,ICN
51,8,319.1,KOJ,ICN
52,8,320.5,KOJ,ICN
53,8,310.7,KOJ,ICN
54,8,309.1,KOJ,ICN
55,8,310.8,KOJ,ICN
56,8,313.9,KOJ,ICN
57,8,315.9,KOJ,ICN
58,8,309.7,KOJ,ICN
59,8,304.7,KOJ,ICN
60,8,301.1,KOJ,ICN
61,8,301.1,KOJ,ICN
62,8,304.7,KOJ,ICN
63,8,309.7,KOJ,ICN
64,8,316.3,KOJ,ICN
65,8,301.6,KOJ,ICN
66,8,295.8,KOJ,ICN
67,8,289.2,KOJ,ICN
68,8,291.5,KOJ,ICN
69,8,295.8,KOJ,ICN
70,8,301.0,KMI,ICN
71,8,294.3,KOJ,ICN
72,8,287.5,KOJ,ICN
73,8,279.3,KOJ,ICN
74,8,282.2,KOJ,ICN
75,8,287.5,KOJ,ICN
76,8,294.3,KOJ,ICN
77,8,295.5,KMI,ICN
78,8,291.4,KMI,ICN
79,8,288.1,KOJ,ICN
80,8,280.0,KOJ,ICN
81,8,273.4,KOJ,ICN
82,8,269.4,KOJ,ICN
83,8,273.4,KOJ,ICN
84,8,280.1,KOJ,ICN
85,8,288.1,KOJ,ICN
86,8,287.0,KMI,ICN
87,8,282.0,KMI,ICN
88,8,342.9,KOJ,ICN
89,8,283.5,KOJ,ICN
90,8,274.2,KOJ,ICN
91,8,265.8,KOJ,ICN
92,8,265.8,KOJ,ICN
93,8,274.2,KOJ,ICN
94,8,283.5,KOJ,ICN
95,8,279.6,KMI,ICN
96,8,273.0,KMI,ICN
97,8,269.5,KMI,ICN
98,8,291.3,KOJ,ICN
99,8,281.2,KOJ,ICN
100,8,271.1,KOJ,ICN
101,8,261.1,KOJ,ICN
102,8,251.6,KOJ,ICN
103,8,251.6,KOJ,ICN
104,8,261.2,KOJ,ICN
105,8,271.2,KOJ,ICN
106,8,281.3,KOJ,ICN
107,8,273.8,KMI,ICN
108,8,265.3,KMI,ICN
109,8,259.7,KMI,ICN
110,8,321.9,KOJ,ICN
111,8,291.7,KOJ,ICN
112,8,281.7,KOJ,ICN
113,8,271.8,KOJ,ICN
114,8,262.2,KOJ,ICN
115,8,254.0,KOJ,ICN
116,8,254.0,KOJ,ICN
117,8,262.2,KOJ,ICN
118,8,271.8,KOJ,ICN
119,8,281.3,KMI,ICN
120,8,271.2,KMI,ICN
121,8,261.1,KMI,ICN
122,8,251.2,KMI,ICN
123,8,294.2,KOJ,ICN
124,8,284.8,KOJ,ICN
125,8,276.0,KOJ,ICN
126,8,268.2,KOJ,ICN
127,8,263.1,KOJ,ICN
128,8,263.1,KOJ,ICN
129,8,268.2,KOJ,ICN
130,8,276.0,KOJ,ICN
131,8,282.3,KMI,ICN
132,8,272.7,KMI,ICN
133,8,263.5,KMI,ICN
134,8,256.9,KMI,ICN
135,8,298.5,KOJ,ICN
136,8,290.0,KOJ,ICN
137,8,282.4,KOJ,ICN
138,8,276.4,KOJ,ICN
139,8,272.8,KOJ,ICN
140,8,272.8,KOJ,ICN
141,8,276.4,KOJ,ICN
142,8,282.5,KOJ,ICN
143,8,286.1,KMI,ICN
144,8,277.6,KMI,ICN
145,8,270.6,KMI,ICN
146,8,266.7,KMI,ICN
147,8,312.3,KOJ,ICN
148,8,290.2,KOJ,ICN
149,8,285.4,KOJ,ICN
150,8,282.7,KOJ,ICN
151,8,282.7,KOJ,ICN
152,8,285.4,KOJ,ICN
153,8,290.3,KOJ,ICN
154,8,291.8,KMI,ICN
155,8,284.7,KMI,ICN
156,8,279.3,KMI,ICN
157,8,276.6,KMI,ICN
158,8,277.3,KMI,ICN
159,8,312.3,NGS,ICN
160,8,291.6,KMJ,PUS
161,8,287.2,KMJ,PUS
162,8,284.0,KMJ,PUS
163,8,282.2,KMJ,PUS
164,8,281.8,KMJ,PUS
165,8,282.9,KMJ,PUS
166,8,285.4,KMJ,PUS
167,8,289.1,KMJ,PUS
168,8,288.6,KMI,ICN
169,8,286.6,KMI,ICN
170,8,287.1,KMI,ICN
171,8,302.4,NGS,ICN
172,8,303.1,KMJ,PUS
173,8,288.9,KMJ,PUS
174,8,278.0,KMJ,PUS
175,8,274.4,KMJ,PUS
176,8,272.2,KMJ,PUS
177,8,271.8,KMJ,PUS
178,8,273.0,KMJ,PUS
179,8,275.9,KMJ,PUS
180,8,280.2,KMJ,PUS
181,8,285.7,KMJ,PUS
182,8,292.0,KMJ,PUS
183,8,297.0,KMI,ICN
184,8,292.5,NGS,ICN
185,8,295.1,NGS,ICN
186,8,269.2,KMJ,PUS
187,8,264.9,KMJ,PUS
188,8,262.3,KMJ,PUS
189,8,261.8,KMJ,PUS
190,8,263.3,KMJ,PUS
191,8,266.7,KMJ,PUS
192,8,271.7,KMJ,PUS
193,8,277.9,KMJ,PUS
194,8,284.9,KMJ,PUS
195,8,292.6,KMJ,PUS
196,8,300.8,KMJ,PUS
197,8,285.7,NGS,ICN
198,8,274.8,KMJ,PUS
199,8,260.7,KMJ,PUS
200,8,255.6,KMJ,PUS
201,8,252.5,KMJ,PUS
202,8,251.8,KMJ,PUS
203,8,253.7,KMJ,PUS
204,8,257.8,KMJ,PUS
205,8,263.7,KMJ,PUS
206,8,270.7,KMJ,PUS
207,8,278.6,KMJ,PUS
208,8,286.9,KMJ,PUS
209,8,295.7,KMJ,PUS
210,8,260.7,KMJ,PUS
211,8,246.8,KMJ,PUS
212,8,242.7,KMJ,PUS
213,8,241.8,KMJ,PUS
214,8,244.3,KMJ,PUS
215,8,249.6,KMJ,PUS
216,8,256.6,KMJ,PUS
217,8,264.6,KMJ,PUS
218,8,273.2,KMJ,PUS
219,8,282.3,KMJ,PUS
220,8,291.5,KMJ,PUS
221,8,348.4,NGS,ICN
222,8,338.6,NGS,ICN
223,8,274.2,KMJ,PUS
224,8,264.7,KMJ,PUS
225,8,246.7,KMJ,PUS
226,8,238.9,KMJ,PUS
227,8,233.2,KMJ,PUS
228,8,231.8,KMJ,PUS
229,8,235.5,KMJ,PUS
230,8,242.4,KMJ,PUS
231,8,250.8,KMJ,PUS
232,8,259.8,KMJ,PUS
233,8,269.2,KMJ,PUS
234,8,278.8,KMJ,PUS
235,8,288.5,KMJ,PUS
236,8,298.3,KMJ,PUS
237,8,254.3,NGS,ICN
238,8,251.6,NGS,ICN
239,8,254.3,NGS,ICN
240,8,269.2,NGS,ICN
241,8,262.1,KMJ,PUS
242,8,233.0,KMJ,PUS
243,8,224.7,KMJ,PUS
244,8,222.0,KMJ,PUS
245,8,228.4,KMJ,PUS
246,8,237.4,KMJ,PUS
247,8,247.1,KMJ,PUS
248,8,256.9,KMJ,PUS
249,8,266.8,KMJ,PUS
250,8,276.7,KMJ,PUS
251,8,286.7,KMJ,PUS
252,8,296.7,KMJ,PUS
253,8,306.6,KMJ,PUS
254,8,336.7,MYJ,PUS
255,8,325.2,NGS,ICN
256,8,315.2,NGS,ICN
257,8,255.9,NGS,ICN
258,8,246.9,NGS,ICN
259,8,241.6,NGS,ICN
260,8,246.8,NGS,ICN
261,8,255.9,NGS,ICN
262,8,265.5,NGS,ICN
263,8,241.4,KMJ,PUS
264,8,231.4,KMJ,PUS
265,8,221.5,KMJ,PUS
266,8,216.7,KMJ,PUS
267,8,226.2,KMJ,PUS
268,8,236.1,KMJ,PUS
269,8,246.1,KMJ,PUS
270,8,256.1,KMJ,PUS
271,8,266.2,KMJ,PUS
272,8,276.2,KMJ,PUS
273,8,286.2,KMJ,PUS
274,8,296.2,KMJ,PUS
275,8,306.3,KMJ,PUS
276,8,311.2,OIT,ICN
277,8,326.3,MYJ,PUS
278,8,326.8,MYJ,PUS
279,8,328.2,MYJ,PUS
280,8,315.0,NGS,ICN
281,8,255.0,NGS,ICN
282,8,245.2,NGS,ICN
283,8,245.2,NGS,ICN
284,8,255.0,NGS,ICN
285,8,253.2,KMJ,PUS
286,8,243.8,KMJ,PUS
287,8,235.0,KMJ,PUS
288,8,227.8,KMJ,PUS
289,8,225.8,KMJ,PUS
290,8,230.9,KMJ,PUS
291,8,239.0,KMJ,PUS
292,8,248.2,KMJ,PUS
293,8,257.7,KMJ,PUS
294,8,267.5,KMJ,PUS
295,8,277.3,KMJ,PUS
296,8,287.1,KMJ,PUS
297,8,297.0,KMJ,PUS
298,8,299.2,OIT,ICN
299,8,301.7,OIT,ICN
300,8,305.6,OIT,ICN
301,8,316.7,MYJ,PUS
302,8,316.2,MYJ,PUS
303,8,316.8,MYJ,PUS
304,8,318.4,MYJ,PUS
305,8,315.9,NGS,ICN
306,8,267.5,NGS,ICN
307,8,258.7,NGS,ICN
308,8,247.9,NGS,ICN
309,8,251.2,NGS,ICN
310,8,255.1,HSG,ICN
311,8,253.3,HSG,ICN
312,8,249.0,KMJ,PUS
313,8,241.8,KMJ,PUS
314,8,236.9,KMJ,PUS
315,8,235.8,KMJ,PUS
316,8,238.9,KMJ,PUS
317,8,245.0,KMJ,PUS
318,8,252.8,KMJ,PUS
319,8,261.4,KMJ,PUS
320,8,270.5,KMJ,PUS
321,8,279.9,KMJ,PUS
322,8,289.3,OIT,ICN
323,8,288.3,OIT,ICN
324,8,289.4,OIT,ICN
325,8,308.3,MYJ,PUS
326,8,306.7,MYJ,PUS
327,8,306.2,MYJ,PUS
328,8,306.8,MYJ,PUS
329,8,308.6,MYJ,PUS
330,8,311.3,MYJ,PUS
331,8,265.3,NGS,ICN
332,8,260.0,NGS,ICN
333,8,257.9,NGS,ICN
334,8,259.9,NGS,ICN
335,8,248.6,HSG,ICN
336,8,256.0,KMJ,PUS
337,8,250.2,KMJ,PUS
338,8,246.5,KMJ,PUS
339,8,245.7,KMJ,PUS
340,8,248.0,KMJ,PUS
341,8,252.7,KMJ,PUS
342,8,259.2,KMJ,PUS
343,8,266.8,KMJ,PUS
344,8,275.1,KMJ,PUS
345,8,283.0,OIT,ICN
346,8,279.5,OIT,ICN
347,8,278.3,OIT,ICN
348,8,296.8,MYJ,PUS
349,8,296.2,MYJ,PUS
350,8,296.9,MYJ,PUS
351,8,298.8,MYJ,PUS
352,8,301.9,MYJ,PUS
353,8,306.0,MYJ,PUS
354,8,503.4,FSZ,ICN
355,8,509.4,FSZ,ICN
356,8,321.4,NGS,ICN
357,8,279.5,NGS,ICN
358,8,273.5,NGS,ICN
359,8,269.4,NGS,ICN
360,8,267.9,NGS,ICN
361,8,261.7,HSG,ICN
362,8,252.3,HSG,ICN
363,8,244.1,HSG,ICN
364,8,242.8,HSG,ICN
365,8,248.1,FUK,PUS
366,8,249.2,FUK,PUS
367,8,252.6,FUK,PUS
368,8,256.4,KMJ,PUS
369,8,255.7,KMJ,PUS
370,8,257.4,KMJ,PUS
371,8,261.2,KMJ,PUS
372,8,266.7,KMJ,PUS
373,8,273.3,KMJ,PUS
374,8,280.7,OIT,ICN
375,8,274.3,OIT,ICN
376,8,269.9,OIT,ICN
377,8,268.3,OIT,ICN
378,8,270.0,OIT,ICN
379,8,286.8,MYJ,PUS
380,8,286.2,MYJ,PUS
381,8,287.0,MYJ,PUS
382,8,289.2,MYJ,PUS
383,8,292.7,MYJ,PUS
384,8,297.3,MYJ,PUS
385,8,293.6,NGS,ICN
386,8,287.3,NGS,ICN
387,8,282.3,NGS,ICN
388,8,274.3,FUK,PUS
389,8,265.7,FUK,PUS
390,8,257.5,FUK,PUS
391,8,250.1,FUK,PUS
392,8,243.9,FUK,PUS
393,8,239.6,FUK,PUS
394,8,238.0,FUK,PUS
395,8,239.6,FUK,PUS
396,8,243.9,FUK,PUS
397,8,250.0,FUK,PUS
398,8,257.5,FUK,PUS
399,8,265.6,FUK,PUS
400,8,270.3,KMJ,PUS
401,8,274.9,KMJ,PUS
402,8,280.7,KMJ,PUS
403,8,274.4,OIT,ICN
404,8,276.9,MYJ,PUS
405,8,276.2,MYJ,PUS
406,8,277.1,MYJ,PUS
407,8,279.7,MYJ,PUS
408,8,283.7,MYJ,PUS
409,8,288.8,MYJ,PUS
410,8,294.9,MYJ,PUS
411,8,261.0,FUK,PUS
412,8,252.0,FUK,PUS
413,8,243.5,FUK,PUS
414,8,236.0,FUK,PUS
415,8,230.3,FUK,PUS
416,8,228.0,FUK,PUS
417,8,230.2,FUK,PUS
418,8,235.9,FUK,PUS
419,8,243.5,FUK,PUS
420,8,252.0,FUK,PUS
421,8,261.0,FUK,PUS
422,8,270.2,FUK,PUS
423,8,279.7,FUK,PUS
424,8,279.6,OIT,ICN
425,8,270.0,OIT,ICN
426,8,260.7,OIT,ICN
427,8,252.4,OIT,ICN
428,8,269.9,MYJ,PUS
429,8,267.1,MYJ,PUS
430,8,266.2,MYJ,PUS
431,8,267.3,MYJ,PUS
432,8,270.3,MYJ,PUS
433,8,275.0,MYJ,PUS
434,8,280.8,MYJ,PUS
435,8,287.7,MYJ,PUS
436,8,339.3,TAK,ICN
437,8,340.7,TAK,ICN
438,8,257.9,FUK,PUS
439,8,238.8,FUK,PUS
440,8,229.7,FUK,PUS
441,8,221.8,FUK,PUS
442,8,218.0,FUK,PUS
443,8,221.8,FUK,PUS
444,8,229.7,FUK,PUS
445,8,238.7,FUK,PUS
446,8,248.2,FUK,PUS
447,8,257.9,FUK,PUS
448,8,267.6,FUK,PUS
449,8,276.3,KKJ,ICN
450,8,278.6,OIT,ICN
451,8,268.6,OIT,ICN
452,8,258.6,OIT,ICN
453,8,248.7,OIT,ICN
454,8,266.1,MYJ,PUS
455,8,260.8,MYJ,PUS
456,8,257.3,MYJ,PUS
457,8,256.1,MYJ,PUS
458,8,257.6,MYJ,PUS
459,8,261.3,MYJ,PUS
460,8,266.8,MYJ,PUS
461,8,273.5,MYJ,PUS
462,8,281.2,MYJ,PUS
463,8,289.3,MYJ,PUS
464,8,297.9,MYJ,PUS
465,8,329.0,TAK,ICN
466,8,329.3,TAK,ICN
467,8,330.9,TAK,ICN
468,8,346.9,KIX,PUS
469,8,236.8,FUK,PUS
470,8,226.8,FUK,PUS
471,8,216.9,FUK,PUS
472,8,208.0,FUK,PUS
473,8,216.9,FUK,PUS
474,8,226.8,FUK,PUS
475,8,236.7,FUK,PUS
476,8,246.7,FUK,PUS
477,8,256.6,FUK,PUS
478,8,263.9,KKJ,ICN
479,8,267.1,KKJ,ICN
480,8,272.7,KKJ,ICN
481,8,261.4,OIT,ICN
482,8,253.4,OIT,ICN
483,8,252.2,MYJ,PUS
484,8,247.7,MYJ,PUS
485,8,246.1,MYJ,PUS
486,8,248.0,MYJ,PUS
487,8,252.8,MYJ,PUS
488,8,259.4,MYJ,PUS
489,8,267.2,MYJ,PUS
490,8,275.7,MYJ,PUS
491,8,284.5,MYJ,PUS
492,8,293.6,MYJ,PUS
493,8,302.9,MYJ,PUS
494,8,312.4,MYJ,PUS
495,8,321.9,MYJ,PUS
496,8,319.9,TAK,ICN
497,8,319.0,TAK,ICN
498,8,319.4,TAK,ICN
499,8,321.1,TAK,ICN
500,8,331.2,KIX,PUS
501,8,334.0,KIX,PUS
502,8,337.7,KIX,PUS
503,8,342.2,KIX,PUS
504,8,215.8,FUK,PUS
505,8,220.2,FUK,PUS
506,8,228.6,FUK,PUS
507,8,238.0,FUK,PUS
508,8,247.6,FUK,PUS
509,8,253.8,KKJ,ICN
510,8,267.5,OIT,ICN
511,8,261.8,OIT,ICN
512,8,236.1,MYJ,PUS
513,8,238.9,MYJ,PUS
514,8,245.3,MYJ,PUS
515,8,253.4,MYJ,PUS
516,8,262.3,MYJ,PUS
517,8,271.5,MYJ,PUS
518,8,280.9,MYJ,PUS
519,8,290.5,MYJ,PUS
520,8,300.2,MYJ,PUS
521,8,309.9,MYJ,PUS
522,8,312.7,TAK,ICN
523,8,310.0,TAK,ICN
524,8,308.9,TAK,ICN
525,8,309.4,TAK,ICN
526,8,311.5,TAK,ICN
527,8,310.2,TKS,ICN
528,8,306.3,TKS,ICN
529,8,319.4,KIX,PUS
530,8,321.5,KIX,PUS
531,8,324.6,KIX,PUS
532,8,328.7,KIX,PUS
533,8,333.6,KIX,PUS
534,8,339.1,KIX,PUS
535,8,279.0,FUK,PUS
536,8,228.2,FUK,PUS
537,8,234.3,FUK,PUS
538,8,242.2,FUK,PUS
539,8,250.8,KKJ,ICN
540,8,244.2,KKJ,ICN
541,8,226.1,MYJ,PUS
542,8,231.3,MYJ,PUS
543,8,240.1,MYJ,PUS
544,8,249.5,MYJ,PUS
545,8,259.2,MYJ,PUS
546,8,269.0,MYJ,PUS
547,8,278.8,MYJ,PUS
548,8,288.7,MYJ,PUS
549,8,298.5,MYJ,PUS
550,8,307.9,TAK,ICN
551,8,303.3,TAK,ICN
552,8,300.2,TAK,ICN
553,8,298.9,TAK,ICN
554,8,299.5,TAK,ICN
555,8,301.9,TAK,ICN
556,8,301.5,TKS,ICN
557,8,296.9,TKS,ICN
558,8,294.2,TKS,ICN
559,8,309.5,KIX,PUS
560,8,311.8,KIX,PUS
561,8,315.3,KIX,PUS
562,8,319.8,KIX,PUS
563,8,325.2,KIX,PUS
564,8,331.3,KIX,PUS
565,8,282.2,FUK,PUS
566,8,237.5,FUK,PUS
567,8,242.0,FUK,PUS
568,8,248.4,FUK,PUS
569,8,247.6,KKJ,ICN
570,8,220.4,MYJ,PUS
571,8,228.9,MYJ,PUS
572,8,238.7,MYJ,PUS
573,8,248.6,MYJ,PUS
574,8,258.5,MYJ,PUS
575,8,268.4,MYJ,PUS
576,8,278.3,MYJ,PUS
577,8,288.2,MYJ,PUS
578,8,298.1,MYJ,PUS
579,8,299.6,TAK,ICN
580,8,294.3,TAK,ICN
581,8,290.5,TAK,ICN
582,8,288.9,TAK,ICN
583,8,289.6,TAK,ICN
584,8,292.6,TAK,ICN
585,8,293.4,TKS,ICN
586,8,287.8,TKS,ICN
587,8,284.4,TKS,ICN
588,8,283.7,TKS,ICN
589,8,298.6,KIX,PUS
590,8,298.3,KIX,PUS
591,8,299.6,KIX,PUS
592,8,302.3,KIX,PUS
593,8,306.3,KIX,PUS
594,8,311.3,KIX,PUS
595,8,317.2,KIX,PUS
596,8,323.8,KIX,PUS
597,8,331.0,KIX,PUS
598,8,244.3,KKJ,ICN
599,8,278.4,MYJ,PUS
600,8,259.2,MYJ,PUS
601,8,234.2,MYJ,PUS
602,8,241.9,MYJ,PUS
603,8,250.8,MYJ,PUS
604,8,269.8,MYJ,PUS
605,8,279.4,MYJ,PUS
606,8,289.2,MYJ,PUS
607,8,299.0,MYJ,PUS
608,8,292.1,TAK,ICN
609,8,285.7,TAK,ICN
610,8,281.0,TAK,ICN
611,8,278.9,TAK,ICN
612,8,279.9,TAK,ICN
613,8,283.6,TAK,ICN
614,8,286.3,TKS,ICN
615,8,279.4,TKS,ICN
616,8,274.7,TKS,ICN
617,8,273.8,TKS,ICN
618,8,288.6,KIX,PUS
619,8,288.3,KIX,PUS
620,8,289.9,KIX,PUS
621,8,293.0,KIX,PUS
622,8,297.6,KIX,PUS
623,8,303.2,KIX,PUS
624,8,309.7,KIX,PUS
625,8,316.9,KIX,PUS
626,8,324.6,KIX,PUS
627,8,332.7,KIX,PUS
628,8,253.9,KKJ,ICN
629,8,246.9,UBJ,ICN
630,8,245.1,UBJ,ICN
631,8,250.7,UBJ,ICN
632,8,259.1,UBJ,ICN
633,8,277.8,UBJ,ICN
634,8,287.5,UBJ,ICN
635,8,290.5,MYJ,PUS
636,8,281.2,MYJ,PUS
637,8,272.0,MYJ,PUS
638,8,248.3,MYJ,PUS
639,8,255.7,MYJ,PUS
640,8,285.8,TAK,ICN
641,8,278.0,TAK,ICN
642,8,271.9,TAK,ICN
643,8,268.9,TAK,ICN
644,8,270.3,TAK,ICN
645,8,275.4,TAK,ICN
646,8,281.1,TKS,ICN
647,8,272.4,TKS,ICN
648,8,265.5,TKS,ICN
649,8,278.6,KIX,PUS
650,8,278.4,KIX,PUS
651,8,280.2,KIX,PUS
652,8,284.0,KIX,PUS
653,8,289.2,KIX,PUS
654,8,295.6,KIX,PUS
655,8,302.9,KIX,PUS
656,8,310.7,KIX,PUS
657,8,318.9,KIX,PUS
658,8,327.5,KIX,PUS
659,8,336.3,KIX,PUS
660,8,266.6,KKJ,ICN
661,8,263.7,KKJ,ICN
662,8,260.8,UBJ,ICN
663,8,255.9,UBJ,ICN
664,8,255.0,UBJ,ICN
665,8,258.4,UBJ,ICN
666,8,264.7,UBJ,ICN
667,8,272.6,UBJ,ICN
668,8,281.3,UBJ,ICN
669,8,290.3,UBJ,ICN
670,8,294.2,MYJ,PUS
671,8,285.3,MYJ,PUS
672,8,276.8,MYJ,PUS
673,8,255.7,MYJ,PUS
674,8,256.3,MYJ,PUS
675,8,262.4,MYJ,PUS
676,8,281.3,TAK,ICN
677,8,272.2,TAK,ICN
678,8,264.0,TAK,ICN
679,8,259.0,TAK,ICN
680,8,261.4,TAK,ICN
681,8,268.8,TAK,ICN
682,8,277.7,TAK,ICN
683,8,268.8,TKS,ICN
684,8,259.0,TKS,ICN
685,8,268.8,KIX,PUS
686,8,268.4,KIX,PUS
687,8,270.7,KIX,PUS
688,8,275.3,KIX,PUS
689,8,281.6,KIX,PUS
690,8,288.9,KIX,PUS
691,8,296.9,KIX,PUS
692,8,305.3,KIX,PUS
693,8,314.1,KIX,PUS
694,8,323.1,KIX,PUS
695,8,332.3,KIX,PUS
696,8,335.9,FUK,PUS
697,8,273.7,KKJ,ICN
698,8,269.1,UBJ,ICN
699,8,265.6,UBJ,ICN
700,8,264.9,UBJ,ICN
701,8,267.3,UBJ,ICN
702,8,272.2,UBJ,ICN
703,8,278.8,UBJ,ICN
704,8,286.4,UBJ,ICN
705,8,294.7,UBJ,ICN
706,8,298.9,MYJ,PUS
707,8,290.6,MYJ,PUS
708,8,282.8,MYJ,PUS
709,8,279.4,TAK,ICN
710,8,269.6,TAK,ICN
711,8,259.7,TAK,ICN
712,8,250.0,TAK,ICN
713,8,255.9,TAK,ICN
714,8,265.7,TAK,ICN
715,8,275.6,TAK,ICN
716,8,270.6,TKS,ICN
717,8,262.6,TKS,ICN
718,8,266.9,TKS,ICN
719,8,259.0,KIX,PUS
720,8,258.4,KIX,PUS
721,8,261.6,KIX,PUS
722,8,267.5,KIX,PUS
723,8,274.9,KIX,PUS
724,8,283.2,KIX,PUS
725,8,292.0,KIX,PUS
726,8,301.0,KIX,PUS
727,8,310.3,KIX,PUS
728,8,319.7,KIX,PUS
729,8,329.2,KIX,PUS
730,8,327.1,NGO,PUS
731,8,381.6,FSZ,ICN
732,8,341.5,FUK,PUS
733,8,333.6,FUK,PUS
734,8,282.8,UBJ,ICN
735,8,278.2,UBJ,ICN
736,8,275.4,UBJ,ICN
737,8,274.9,UBJ,ICN
738,8,276.7,UBJ,ICN
739,8,280.7,UBJ,ICN
740,8,286.2,UBJ,ICN
741,8,292.8,UBJ,ICN
742,8,300.3,UBJ,ICN
743,8,304.5,MYJ,PUS
744,8,296.9,MYJ,PUS
745,8,289.8,MYJ,PUS
746,8,283.4,MYJ,PUS
747,8,271.3,MYJ,PUS
748,8,265.4,HIJ,ICN
749,8,265.6,HIJ,ICN
750,8,271.4,TAK,ICN
751,8,262.7,TAK,ICN
752,8,257.1,TAK,ICN
753,8,259.9,TAK,ICN
754,8,267.9,TAK,ICN
755,8,274.0,TKS,ICN
756,8,272.3,KIX,PUS
757,8,249.4,KIX,PUS
758,8,248.6,KIX,PUS
759,8,253.4,KIX,PUS
760,8,261.1,KIX,PUS
761,8,269.8,KIX,PUS
762,8,279.0,KIX,PUS
763,8,288.5,KIX,PUS
764,8,298.0,KIX,PUS
765,8,307.7,KIX,PUS
766,8,317.4,KIX,PUS
767,8,324.3,NGO,PUS
768,8,318.5,NGO,PUS
769,8,313.6,NGO,PUS
770,8,309.8,NGO,PUS
771,8,306.3,NGO,PUS
772,8,347.6,FUK,PUS
773,8,287.6,UBJ,ICN
774,8,285.3,UBJ,ICN
775,8,284.9,UBJ,ICN
776,8,286.4,UBJ,ICN
777,8,289.6,UBJ,ICN
778,8,294.3,UBJ,ICN
779,8,300.2,UBJ,ICN
780,8,306.9,UBJ,ICN
781,8,310.9,MYJ,PUS
782,8,303.8,MYJ,PUS
783,8,297.4,MYJ,PUS
784,8,291.7,MYJ,PUS
785,8,286.9,MYJ,PUS
786,8,280.1,HIJ,ICN
787,8,270.4,HIJ,ICN
788,8,260.7,HIJ,ICN
789,8,251.6,HIJ,ICN
790,8,245.9,HIJ,ICN
791,8,251.9,HIJ,ICN
792,8,261.0,HIJ,ICN
793,8,280.4,HIJ,ICN
794,8,276.7,TAK,ICN
795,8,269.7,KIX,PUS
796,8,239.4,KIX,PUS
797,8,247.8,KIX,PUS
798,8,257.4,KIX,PUS
799,8,267.1,KIX,PUS
800,8,276.9,KIX,PUS
801,8,286.7,KIX,PUS
802,8,296.5,KIX,PUS
803,8,306.3,KIX,PUS
804,8,316.2,KIX,PUS
805,8,316.8,NGO,PUS
806,8,310.3,NGO,PUS
807,8,304.8,NGO,PUS
808,8,300.4,NGO,PUS
809,8,297.5,NGO,PUS
810,8,296.3,NGO,PUS
811,8,379.7,FSZ,ICN
812,8,346.9,FUK,PUS
813,8,298.9,UBJ,ICN
814,8,303.0,UBJ,ICN
815,8,308.1,UBJ,ICN
816,8,314.2,UBJ,ICN
817,8,317.9,MYJ,PUS
818,8,311.3,MYJ,PUS
819,8,305.4,MYJ,PUS
820,8,299.5,HIJ,ICN
821,8,289.7,HIJ,ICN
822,8,279.9,HIJ,ICN
823,8,270.2,HIJ,ICN
824,8,260.5,HIJ,ICN
825,8,251.1,HIJ,ICN
826,8,245.0,HIJ,ICN
827,8,251.4,HIJ,ICN
828,8,260.8,HIJ,ICN
829,8,270.5,HIJ,ICN
830,8,280.2,HIJ,ICN
831,8,290.0,HIJ,ICN
832,8,285.7,OKJ,ICN
833,8,276.6,OKJ,ICN
834,8,276.0,OKJ,ICN
835,8,277.0,TAK,ICN
836,8,288.0,TAK,ICN
837,8,269.8,KIX,PUS
838,8,248.2,KIX,PUS
839,8,257.6,KIX,PUS
840,8,267.2,KIX,PUS
841,8,277.0,KIX,PUS
842,8,286.7,KIX,PUS
843,8,296.5,KIX,PUS
844,8,306.4,KIX,PUS
845,8,316.2,KIX,PUS
846,8,310.0,NGO,PUS
847,8,302.8,NGO,PUS
848,8,296.4,NGO,PUS
849,8,291.3,NGO,PUS
850,8,287.7,NGO,PUS
851,8,286.2,NGO,PUS
852,8,354.1,FUK,PUS
853,8,311.9,UBJ,ICN
854,8,316.5,UBJ,ICN
855,8,322.0,UBJ,ICN
856,8,325.3,MYJ,PUS
857,8,319.3,MYJ,PUS
858,8,310.7,HIJ,ICN
859,8,301.1,HIJ,ICN
860,8,291.6,HIJ,ICN
861,8,282.3,HIJ,ICN
862,8,273.2,HIJ,ICN
863,8,264.8,HIJ,ICN
864,8,257.9,HIJ,ICN
865,8,255.0,HIJ,ICN
866,8,258.1,HIJ,ICN
867,8,265.0,HIJ,ICN
868,8,273.5,HIJ,ICN
869,8,282.6,HIJ,ICN
870,8,286.8,OKJ,ICN
871,8,278.7,OKJ,ICN
872,8,271.7,OKJ,ICN
873,8,267.0,OKJ,ICN
874,8,266.1,OKJ,ICN
875,8,269.4,OKJ,ICN
876,8,263.8,KIX,PUS
877,8,261.6,KIX,PUS
878,8,270.2,KIX,PUS
879,8,279.3,KIX,PUS
880,8,288.7,KIX,PUS
881,8,298.2,KIX,PUS
882,8,307.8,KIX,PUS
883,8,312.5,NGO,PUS
884,8,304.0,NGO,PUS
885,8,296.0,NGO,PUS
886,8,288.7,NGO,PUS
887,8,282.6,NGO,PUS
888,8,321.1,UBJ,ICN
889,8,325.3,UBJ,ICN
890,8,330.2,UBJ,ICN
891,8,332.2,HIJ,ICN
892,8,322.7,HIJ,ICN
893,8,313.4,HIJ,ICN
894,8,304.2,HIJ,ICN
895,8,295.3,HIJ,ICN
896,8,286.7,HIJ,ICN
897,8,278.7,HIJ,ICN
898,8,271.8,HIJ,ICN
899,8,266.8,HIJ,ICN
900,8,265.0,HIJ,ICN
901,8,267.0,HIJ,ICN
902,8,272.0,HIJ,ICN
903,8,279.0,HIJ,ICN
904,8,287.0,HIJ,ICN
905,8,282.7,OKJ,ICN
906,8,273.5,OKJ,ICN
907,8,264.8,OKJ,ICN
908,8,257.8,OKJ,ICN
909,8,256.2,OKJ,ICN
910,8,261.7,OKJ,ICN
911,8,269.9,OKJ,ICN
912,8,270.0,KIX,PUS
913,8,263.8,KIX,PUS
914,8,258.8,UKB,ICN
915,8,262.5,KIX,PUS
916,8,268.2,KIX,PUS
917,8,275.4,KIX,PUS
918,8,283.6,KIX,PUS
919,8,292.3,KIX,PUS
920,8,301.2,KIX,PUS
921,8,310.4,KIX,PUS
922,8,308.3,NGO,PUS
923,8,299.2,NGO,PUS
924,8,290.4,NGO,PUS
925,8,282.1,NGO,PUS
926,8,287.5,NGO,PUS
927,8,296.2,NGO,PUS
928,8,314.9,FSZ,ICN
929,8,290.7,FSZ,ICN
930,8,287.5,FSZ,ICN
931,8,332.2,FSZ,ICN
932,8,335.3,HIJ,ICN
933,8,326.2,HIJ,ICN
934,8,317.3,HIJ,ICN
935,8,308.7,HIJ,ICN
936,8,300.4,HIJ,ICN
937,8,292.7,HIJ,ICN
938,8,285.8,HIJ,ICN
939,8,280.1,HIJ,ICN
940,8,276.3,HIJ,ICN
941,8,275.0,HIJ,ICN
942,8,276.4,HIJ,ICN
943,8,280.3,HIJ,ICN
944,8,286.0,HIJ,ICN
945,8,290.9,OKJ,ICN
946,8,281.1,OKJ,ICN
947,8,271.3,OKJ,ICN
948,8,261.5,OKJ,ICN
949,8,251.7,OKJ,ICN
950,8,247.9,OKJ,ICN
951,8,257.5,OKJ,ICN
952,8,267.3,OKJ,ICN
953,8,277.1,OKJ,ICN
954,8,286.9,OKJ,ICN
955,8,296.8,OKJ,ICN
956,8,284.0,KIX,PUS
957,8,277.6,KIX,PUS
958,8,272.6,KIX,PUS
959,8,267.1,UKB,ICN
960,8,267.5,UKB,ICN
961,8,271.6,KIX,PUS
962,8,276.1,KIX,PUS
963,8,282.2,KIX,PUS
964,8,289.4,KIX,PUS
965,8,297.2,KIX,PUS
966,8,305.6,KIX,PUS
967,8,314.3,KIX,PUS
968,8,305.5,NGO,PUS
969,8,296.0,NGO,PUS
970,8,286.5,NGO,PUS
971,8,277.2,NGO,PUS
972,8,258.6,NGO,PUS
973,8,292.7,NGO,PUS
974,8,302.3,NGO,PUS
975,8,311.9,NGO,PUS
976,8,321.5,NGO,PUS
977,8,312.4,FSZ,ICN
978,8,302.7,FSZ,ICN
979,8,293.2,FSZ,ICN
980,8,283.9,FSZ,ICN
981,8,277.5,FSZ,ICN
982,8,330.4,FSZ,ICN
983,8,340.2,FSZ,ICN
984,8,375.8,HND,GMP
985,8,330.7,HIJ,ICN
986,8,322.3,HIJ,ICN
987,8,314.2,HIJ,ICN
988,8,306.7,HIJ,ICN
989,8,299.8,HIJ,ICN
990,8,293.8,HIJ,ICN
991,8,289.1,HIJ,ICN
992,8,286.1,HIJ,ICN
993,8,285.0,HIJ,ICN
994,8,286.1,HIJ,ICN
995,8,289.2,HIJ,ICN
996,8,294.0,HIJ,ICN
997,8,291.7,OKJ,ICN
998,8,282.1,OKJ,ICN
999,8,272.7,OKJ,ICN
1000,8,263.7,OKJ,ICN
1001,8,256.0,OKJ,ICN
1002,8,254.1,OKJ,ICN
1003,8,260.3,OKJ,ICN
1004,8,269.0,OKJ,ICN
1005,8,278.3,OKJ,ICN
1006,8,287.8,OKJ,ICN
1007,8,297.5,OKJ,ICN
1008,8,307.2,OKJ,ICN
1009,8,305.3,KIX,PUS
1010,8,298.1,KIX,PUS
1011,8,291.5,KIX,PUS
1012,8,286.0,KIX,PUS
1013,8,280.5,UKB,ICN
1014,8,276.8,UKB,ICN
1015,8,277.0,UKB,ICN
1016,8,281.0,UKB,ICN
1017,8,284.8,KIX,PUS
1018,8,289.9,KIX,PUS
1019,8,296.2,KIX,PUS
1020,8,303.3,KIX,PUS
1021,8,311.0,KIX,PUS
1022,8,314.1,NGO,PUS
1023,8,304.3,NGO,PUS
1024,8,294.5,NGO,PUS
1025,8,284.7,NGO,PUS
1026,8,274.9,NGO,PUS
1027,8,265.2,NGO,PUS
1028,8,252.2,NGO,PUS
1029,8,261.9,NGO,PUS
1030,8,271.6,NGO,PUS
1031,8,281.4,NGO,PUS
1032,8,291.2,NGO,PUS
1033,8,301.0,NGO,PUS
1034,8,310.8,NGO,PUS
1035,8,320.5,NGO,PUS
1036,8,312.3,FSZ,ICN
1037,8,302.6,FSZ,ICN
1038,8,293.0,FSZ,ICN
1039,8,283.6,FSZ,ICN
1040,8,276.8,FSZ,ICN
1041,8,282.3,FSZ,ICN
1042,8,330.4,FSZ,ICN
1043,8,340.1,FSZ,ICN
1044,8,349.9,FSZ,ICN
1045,8,328.1,HIJ,ICN
1046,8,320.7,HIJ,ICN
1047,8,313.8,HIJ,ICN
1048,8,307.6,HIJ,ICN
1049,8,302.4,HIJ,ICN
1050,8,298.4,HIJ,ICN
1051,8,295.9,HIJ,ICN
1052,8,295.1,HIJ,ICN
1053,8,296.0,HIJ,ICN
1054,8,298.5,HIJ,ICN
1055,8,301.2,YGJ,ICN
1056,8,294.6,OKJ,ICN
1057,8,285.7,OKJ,ICN
1058,8,277.3,OKJ,ICN
1059,8,270.0,OKJ,ICN
1060,8,264.9,OKJ,ICN
1061,8,263.9,OKJ,ICN
1062,8,267.6,OKJ,ICN
1063,8,274.2,OKJ,ICN
1064,8,282.2,OKJ,ICN
1065,8,291.0,OKJ,ICN
1066,8,300.0,OKJ,ICN
1067,8,309.3,OKJ,ICN
1068,8,312.1,KIX,PUS
1069,8,305.5,KIX,PUS
1070,8,299.7,KIX,PUS
1071,8,294.3,UKB,ICN
1072,8,289.4,UKB,ICN
1073,8,286.7,UKB,ICN
1074,8,286.9,UKB,ICN
1075,8,289.8,UKB,ICN
1076,8,293.9,KIX,PUS
1077,8,298.3,KIX,PUS
1078,8,303.8,KIX,PUS
1079,8,310.2,KIX,PUS
1080,8,317.3,KIX,PUS
1081,8,314.4,NGO,PUS
1082,8,304.7,NGO,PUS
1083,8,295.0,NGO,PUS
1084,8,285.3,NGO,PUS
1085,8,275.8,NGO,PUS
1086,8,266.4,NGO,PUS
1087,8,254.9,NGO,PUS
1088,8,263.3,NGO,PUS
1089,8,272.5,NGO,PUS
1090,8,282.1,NGO,PUS
1091,8,291.7,NGO,PUS
1092,8,301.4,NGO,PUS
1093,8,311.1,NGO,PUS
1094,8,320.9,NGO,PUS
1095,8,314.7,FSZ,ICN
1096,8,305.6,FSZ,ICN
1097,8,297.2,FSZ,ICN
1098,8,290.2,FSZ,ICN
1099,8,286.8,FSZ,ICN
1100,8,289.4,FSZ,ICN
1101,8,332.0,FSZ,ICN
1102,8,341.5,FSZ,ICN
1103,8,351.1,FSZ,ICN
1104,8,348.6,HND,GMP
1105,8,327.8,HIJ,ICN
1106,8,321.5,HIJ,ICN
1107,8,316.0,HIJ,ICN
1108,8,311.4,HIJ,ICN
1109,8,307.9,HIJ,ICN
1110,8,303.7,YGJ,ICN
1111,8,298.4,YGJ,ICN
1112,8,294.5,YGJ,ICN
1113,8,292.0,YGJ,ICN
1114,8,291.2,YGJ,ICN
1115,8,292.2,YGJ,ICN
1116,8,291.1,OKJ,ICN
1117,8,284.0,OKJ,ICN
1118,8,278.2,OKJ,ICN
1119,8,274.5,OKJ,ICN
1120,8,273.9,OKJ,ICN
1121,8,276.4,OKJ,ICN
1122,8,281.4,OKJ,ICN
1123,8,288.1,OKJ,ICN
1124,8,295.9,OKJ,ICN
1125,8,304.2,OKJ,ICN
1126,8,312.9,OKJ,ICN
1127,8,319.4,KIX,PUS
1128,8,313.5,KIX,PUS
1129,8,308.2,UKB,ICN
1130,8,302.7,UKB,ICN
1131,8,298.7,UKB,ICN
1132,8,296.7,UKB,ICN
1133,8,296.8,UKB,ICN
1134,8,299.1,UKB,ICN
1135,8,303.2,UKB,ICN
1136,8,307.1,KIX,PUS
1137,8,312.0,KIX,PUS
1138,8,317.8,KIX,PUS
1139,8,324.2,KIX,PUS
1140,8,316.2,NGO,PUS
1141,8,306.7,NGO,PUS
1142,8,297.4,NGO,PUS
1143,8,288.3,NGO,PUS
1144,8,279.5,NGO,PUS
1145,8,271.4,NGO,PUS
1146,8,264.8,NGO,PUS
1147,8,263.2,NGO,PUS
1148,8,268.9,NGO,PUS
1149,8,276.6,NGO,PUS
1150,8,285.2,NGO,PUS
1151,8,294.3,NGO,PUS
1152,8,303.5,NGO,PUS
1153,8,312.9,NGO,PUS
1154,8,322.4,NGO,PUS
1155,8,319.0,FSZ,ICN
1156,8,311.1,FSZ,ICN
1157,8,304.1,FSZ,ICN
1158,8,299.0,FSZ,ICN
1159,8,296.8,FSZ,ICN
1160,8,298.4,FSZ,ICN
1161,8,303.2,FSZ,ICN
1162,8,335.2,FSZ,ICN
1163,8,344.3,FSZ,ICN
1164,8,353.5,FSZ,ICN
1165,8,338.7,HND,GMP
1166,8,326.8,YGJ,ICN
1167,8,318.4,YGJ,ICN
1168,8,310.3,YGJ,ICN
1169,8,302.8,YGJ,ICN
1170,8,295.8,YGJ,ICN
1171,8,289.8,YGJ,ICN
1172,8,285.1,YGJ,ICN
1173,8,282.1,YGJ,ICN
1174,8,281.2,YGJ,ICN
1175,8,282.4,YGJ,ICN
1176,8,285.7,YGJ,ICN
1177,8,290.6,YGJ,ICN
1178,8,287.1,OKJ,ICN
1179,8,284.3,OKJ,ICN
1180,8,283.8,OKJ,ICN
1181,8,285.7,OKJ,ICN
1182,8,289.8,OKJ,ICN
1183,8,295.4,OKJ,ICN
1184,8,302.1,OKJ,ICN
1185,8,309.6,OKJ,ICN
1186,8,317.7,OKJ,ICN
1187,8,326.1,OKJ,ICN
1188,8,321.9,KIX,PUS
1189,8,316.3,UKB,ICN
1190,8,311.6,UKB,ICN
1191,8,308.3,UKB,ICN
1192,8,306.6,UKB,ICN
1193,8,306.7,UKB,ICN
1194,8,308.6,UKB,ICN
1195,8,312.1,UKB,ICN
1196,8,316.1,KIX,PUS
1197,8,320.5,KIX,PUS
1198,8,325.8,KIX,PUS
1199,8,328.4,NGO,PUS
1200,8,319.2,NGO,PUS
1201,8,310.2,NGO,PUS
1202,8,301.5,NGO,PUS
1203,8,293.1,NGO,PUS
1204,8,285.4,NGO,PUS
1205,8,278.7,NGO,PUS
1206,8,273.7,NGO,PUS
1207,8,271.5,NGO,PUS
1208,8,272.6,NGO,PUS
1209,8,276.8,NGO,PUS
1210,8,282.9,NGO,PUS
1211,8,290.4,NGO,PUS
1212,8,298.6,NGO,PUS
1213,8,307.2,NGO,PUS
1214,8,316.1,NGO,PUS
1215,8,325.2,NGO,PUS
1216,8,325.0,FSZ,ICN
1217,8,318.1,FSZ,ICN
1218,8,312.3,FSZ,ICN
1219,8,308.4,FSZ,ICN
1220,8,306.8,FSZ,ICN
1221,8,308.0,FSZ,ICN
1222,8,311.6,FSZ,ICN
1223,8,317.1,FSZ,ICN
1224,8,339.7,FSZ,ICN
1225,8,348.2,FSZ,ICN
1226,8,357.1,FSZ,ICN
1227,8,328.8,HND,GMP
1228,8,331.7,HND,GMP
1229,8,313.5,YGJ,ICN
1230,8,304.8,YGJ,ICN
1231,8,296.6,YGJ,ICN
1232,8,288.8,YGJ,ICN
1233,8,281.9,YGJ,ICN
1234,8,276.2,YGJ,ICN
1235,8,272.4,YGJ,ICN
1236,8,271.2,YGJ,ICN
1237,8,272.7,YGJ,ICN
1238,8,276.8,YGJ,ICN
1239,8,282.7,YGJ,ICN
1240,8,289.8,YGJ,ICN
1241,8,294.2,OKJ,ICN
1242,8,293.8,OKJ,ICN
1243,8,295.4,OKJ,ICN
1244,8,298.7,OKJ,ICN
1245,8,303.4,OKJ,ICN
1246,8,309.3,OKJ,ICN
1247,8,316.1,OKJ,ICN
1248,8,323.5,OKJ,ICN
1249,8,331.4,OKJ,ICN
1250,8,330.1,UKB,ICN
1251,8,325.0,UKB,ICN
1252,8,320.9,UKB,ICN
1253,8,318.0,UKB,ICN
1254,8,316.6,UKB,ICN
1255,8,316.7,UKB,ICN
1256,8,318.3,UKB,ICN
1257,8,321.3,UKB,ICN
1258,8,325.4,KIX,PUS
1259,8,329.4,KIX,PUS
1260,8,334.1,KIX,PUS
1261,8,332.1,NGO,PUS
1262,8,323.4,NGO,PUS
1263,8,314.9,NGO,PUS
1264,8,306.9,NGO,PUS
1265,8,299.3,NGO,PUS
1266,8,292.6,NGO,PUS
1267,8,287.1,NGO,PUS
1268,8,283.2,NGO,PUS
1269,8,281.5,NGO,PUS
1270,8,282.4,NGO,PUS
1271,8,285.5,NGO,PUS
1272,8,290.6,NGO,PUS
1273,8,296.9,NGO,PUS
1274,8,304.2,NGO,PUS
1275,8,312.1,NGO,PUS
1276,8,320.5,NGO,PUS
1277,8,329.1,NGO,PUS
1278,8,332.0,FSZ,ICN
1279,8,326.0,FSZ,ICN
1280,8,321.2,FSZ,ICN
1281,8,318.1,FSZ,ICN
1282,8,316.9,FSZ,ICN
1283,8,317.8,FSZ,ICN
1284,8,320.6,FSZ,ICN
1285,8,325.2,FSZ,ICN
1286,8,331.1,FSZ,ICN
1287,8,337.8,FSZ,ICN
1288,8,345.3,FSZ,ICN
1289,8,353.3,FSZ,ICN
1290,8,356.7,HND,GMP
1291,8,319.1,HND,GMP
1292,8,322.6,HND,GMP
1293,8,327.8,HND,GMP
1294,8,333.1,NRT,PUS
1295,8,331.6,NRT,PUS
1296,8,291.5,YGJ,ICN
1297,8,282.9,YGJ,ICN
1298,8,274.9,YGJ,ICN
1299,8,267.9,YGJ,ICN
1300,8,262.9,YGJ,ICN
1301,8,261.1,YGJ,ICN
1302,8,263.4,YGJ,ICN
1303,8,268.7,YGJ,ICN
1304,8,275.9,YGJ,ICN
1305,8,284.0,YGJ,ICN
1306,8,292.7,YGJ,ICN
1307,8,301.6,YGJ,ICN
1308,8,305.1,OKJ,ICN
1309,8,307.9,OKJ,ICN
1310,8,312.0,OKJ,ICN
1311,8,317.2,OKJ,ICN
1312,8,323.3,OKJ,ICN
1313,8,330.1,OKJ,ICN
1314,8,337.4,OKJ,ICN
1315,8,338.5,UKB,ICN
1316,8,333.9,UKB,ICN
1317,8,330.3,UKB,ICN
1318,8,327.9,UKB,ICN
1319,8,326.6,UKB,ICN
1320,8,326.7,UKB,ICN
1321,8,328.1,UKB,ICN
1322,8,330.6,UKB,ICN
1323,8,334.4,UKB,ICN
1324,8,338.4,KIX,PUS
1325,8,342.8,KIX,PUS
1326,8,336.8,NGO,PUS
1327,8,328.6,NGO,PUS
1328,8,320.7,NGO,PUS
1329,8,313.3,NGO,PUS
1330,8,306.5,NGO,PUS
1331,8,300.7,NGO,PUS
1332,8,296.0,NGO,PUS
1333,8,292.9,NGO,PUS
1334,8,291.5,NGO,PUS
1335,8,292.2,NGO,PUS
1336,8,294.7,NGO,PUS
1337,8,298.9,NGO,PUS
1338,8,304.4,NGO,PUS
1339,8,310.9,NGO,PUS
1340,8,318.1,NGO,PUS
1341,8,325.8,NGO,PUS
1342,8,334.0,NGO,PUS
1343,8,339.8,FSZ,ICN
1344,8,334.6,FSZ,ICN
1345,8,330.5,FSZ,ICN
1346,8,327.9,FSZ,ICN
1347,8,326.9,FSZ,ICN
1348,8,327.6,FSZ,ICN
1349,8,330.0,FSZ,ICN
1350,8,333.9,FSZ,ICN
1351,8,339.0,FSZ,ICN
1352,8,345.0,FSZ,ICN
1353,8,351.8,FSZ,ICN
1354,8,359.2,FSZ,ICN
1355,8,352.1,HND,GMP
1356,8,343.3,HND,GMP
1357,8,313.3,HND,GMP
1358,8,309.5,HND,GMP
1359,8,314.0,HND,GMP
1360,8,320.3,HND,GMP
1361,8,323.4,NRT,PUS
1362,8,321.6,NRT,PUS
1363,8,288.1,YGJ,ICN
1364,8,278.7,YGJ,ICN
1365,8,269.7,YGJ,ICN
1366,8,261.1,YGJ,ICN
1367,8,254.0,YGJ,ICN
1368,8,251.1,YGJ,ICN
1369,8,254.8,YGJ,ICN
1370,8,262.2,YGJ,ICN
1371,8,270.8,YGJ,ICN
1372,8,279.9,YGJ,ICN
1373,8,289.3,YGJ,ICN
1374,8,298.7,YGJ,ICN
1375,8,308.3,YGJ,ICN
1376,8,317.3,OKJ,ICN
1377,8,320.9,OKJ,ICN
1378,8,325.6,OKJ,ICN
1379,8,331.1,OKJ,ICN
1380,8,337.2,OKJ,ICN
1381,8,344.0,OKJ,ICN
1382,8,347.2,UKB,ICN
1383,8,343.1,UKB,ICN
1384,8,339.9,UKB,ICN
1385,8,337.7,UKB,ICN
1386,8,336.6,UKB,ICN
1387,8,336.7,UKB,ICN
1388,8,337.9,UKB,ICN
1389,8,340.2,UKB,ICN
1390,8,343.5,UKB,ICN
1391,8,347.6,KIX,PUS
1392,8,350.4,NGO,PUS
1393,8,342.3,NGO,PUS
1394,8,334.6,NGO,PUS
1395,8,327.2,NGO,PUS
1396,8,320.5,NGO,PUS
1397,8,314.4,NGO,PUS
1398,8,309.3,NGO,PUS
1399,8,305.3,NGO,PUS
1400,8,302.6,NGO,PUS
1401,8,301.6,NGO,PUS
1402,8,302.1,NGO,PUS
1403,8,304.2,NGO,PUS
1404,8,307.8,NGO,PUS
1405,8,312.6,NGO,PUS
1406,8,318.3,NGO,PUS
1407,8,324.9,NGO,PUS
1408,8,332.0,NGO,PUS
1409,8,339.6,NGO,PUS
1410,8,347.6,NGO,PUS
1411,8,343.5,FSZ,ICN
1412,8,340.0,FSZ,ICN
1413,8,337.7,FSZ,ICN
1414,8,336.9,FSZ,ICN
1415,8,337.5,FSZ,ICN
1416,8,339.6,FSZ,ICN
1417,8,342.9,FSZ,ICN
1418,8,347.4,FSZ,ICN
1419,8,352.8,FSZ,ICN
1420,8,359.0,FSZ,ICN
1421,8,358.1,HND,GMP
1422,8,348.7,HND,GMP
1423,8,339.4,HND,GMP
1424,8,330.3,HND,GMP
1425,8,321.4,HND,GMP
1426,8,313.0,HND,GMP
1427,8,305.4,HND,GMP
1428,8,306.3,HND,GMP
1429,8,314.0,HND,GMP
1430,8,313.9,NRT,PUS
1431,8,311.7,NRT,PUS
1432,8,276.7,YGJ,ICN
1433,8,267.1,YGJ,ICN
1434,8,257.4,YGJ,ICN
1435,8,247.9,YGJ,ICN
1436,8,241.2,YGJ,ICN
1437,8,258.6,YGJ,ICN
1438,8,268.3,YGJ,ICN
1439,8,278.0,YGJ,ICN
1440,8,287.7,YGJ,ICN
1441,8,297.4,YGJ,ICN
1442,8,307.1,YGJ,ICN
1443,8,316.8,YGJ,ICN
1444,8,326.6,YGJ,ICN
1445,8,334.3,OKJ,ICN
1446,8,339.2,OKJ,ICN
1447,8,344.9,OKJ,ICN
1448,8,351.2,OKJ,ICN
1449,8,356.2,UKB,ICN
1450,8,352.4,UKB,ICN
1451,8,349.6,UKB,ICN
1452,8,347.6,UKB,ICN
1453,8,346.6,UKB,ICN
1454,8,346.7,UKB,ICN
1455,8,347.8,UKB,ICN
1456,8,349.8,UKB,ICN
1457,8,352.8,UKB,ICN
1458,8,356.6,UKB,ICN
1459,8,356.1,NGO,PUS
1460,8,348.4,NGO,PUS
1461,8,341.2,NGO,PUS
1462,8,334.4,NGO,PUS
1463,8,328.3,NGO,PUS
1464,8,322.8,NGO,PUS
1465,8,318.3,NGO,PUS
1466,8,314.8,NGO,PUS
1467,8,312.5,NGO,PUS
1468,8,311.6,NGO,PUS
1469,8,312.0,NGO,PUS
1470,8,313.9,NGO,PUS
1471,8,317.0,NGO,PUS
1472,8,321.2,NGO,PUS
1473,8,326.3,NGO,PUS
1474,8,332.3,NGO,PUS
1475,8,338.8,NGO,PUS
1476,8,345.9,NGO,PUS
1477,8,353.4,NGO,PUS
1478,8,352.7,FSZ,ICN
1479,8,349.6,FSZ,ICN
1480,8,347.6,FSZ,ICN
1481,8,346.9,FSZ,ICN
1482,8,347.4,FSZ,ICN
1483,8,349.2,FSZ,ICN
1484,8,352.2,FSZ,ICN
1485,8,356.1,FSZ,ICN
1486,8,361.0,FSZ,ICN
1487,8,365.9,HND,GMP
1488,8,356.3,HND,GMP
1489,8,346.6,HND,GMP
1490,8,337.0,HND,GMP
1491,8,327.4,HND,GMP
1492,8,317.9,HND,GMP
1493,8,308.6,HND,GMP
1494,8,299.5,HND,GMP
1495,8,291.5,HND,GMP
1496,8,300.6,HND,GMP
1497,8,309.4,NRT,PUS
1498,8,304.5,NRT,PUS
1499,8,301.7,NRT,PUS
1500,8,250.0,YGJ,ICN
1501,8,245.7,YGJ,ICN
1502,8,336.5,YGJ,ICN
1503,8,346.1,YGJ,ICN
1504,8,353.0,OKJ,ICN
1505,8,358.8,OKJ,ICN
1506,8,365.2,OKJ,ICN
1507,8,361.9,UKB,ICN
1508,8,359.3,UKB,ICN
1509,8,357.5,UKB,ICN
1510,8,356.6,UKB,ICN
1511,8,365.7,UKB,ICN
1512,8,362.3,NGO,PUS
1513,8,355.2,NGO,PUS
1514,8,348.4,NGO,PUS
1515,8,342.1,NGO,PUS
1516,8,336.5,NGO,PUS
1517,8,331.6,NGO,PUS
1518,8,327.5,NGO,PUS
1519,8,324.4,NGO,PUS
1520,8,322.4,NGO,PUS
1521,8,321.6,NGO,PUS
1522,8,322.0,NGO,PUS
1523,8,323.6,NGO,PUS
1524,8,326.3,NGO,PUS
1525,8,330.1,NGO,PUS
1526,8,334.7,NGO,PUS
1527,8,340.1,NGO,PUS
1528,8,346.2,NGO,PUS
1529,8,352.8,NGO,PUS
1530,8,359.8,NGO,PUS
1531,8,362.1,FSZ,ICN
1532,8,359.3,FSZ,ICN
1533,8,357.6,FSZ,ICN
1534,8,356.9,FSZ,ICN
1535,8,357.4,FSZ,ICN
1536,8,359.0,FSZ,ICN
1537,8,361.6,FSZ,ICN
1538,8,365.2,FSZ,ICN
1539,8,369.6,FSZ,ICN
1540,8,365.4,HND,GMP
1541,8,355.7,HND,GMP
1542,8,346.0,HND,GMP
1543,8,336.3,HND,GMP
1544,8,326.6,HND,GMP
1545,8,316.9,HND,GMP
1546,8,307.1,HND,GMP
1547,8,297.4,HND,GMP
1548,8,287.7,HND,GMP
1549,8,279.7,HND,GMP
1550,8,301.9,NRT,PUS
1551,8,295.7,NRT,PUS
1552,8,291.9,NRT,PUS
1553,8,291.7,NRT,PUS
1554,8,356.8,YGJ,ICN
1555,8,366.4,YGJ,ICN
1556,8,372.7,OKJ,ICN
1557,8,371.5,UKB,ICN
1558,8,369.1,UKB,ICN
1559,8,367.4,UKB,ICN
1560,8,366.6,UKB,ICN
1561,8,346.3,KMQ,ICN
1562,8,343.2,KMQ,ICN
1563,8,341.0,KMQ,ICN
1564,8,340.0,KMQ,ICN
1565,8,336.9,NGO,PUS
1566,8,334.1,NGO,PUS
1567,8,332.3,NGO,PUS
1568,8,331.6,NGO,PUS
1569,8,332.0,NGO,PUS
1570,8,333.4,NGO,PUS
1571,8,335.8,NGO,PUS
1572,8,339.2,NGO,PUS
1573,8,343.4,NGO,PUS
1574,8,348.4,NGO,PUS
1575,8,354.0,NGO,PUS
1576,8,360.1,NGO,PUS
1577,8,366.8,NGO,PUS
1578,8,371.6,FSZ,ICN
1579,8,369.1,FSZ,ICN
1580,8,367.5,FSZ,ICN
1581,8,366.9,FSZ,ICN
1582,8,367.4,FSZ,ICN
1583,8,368.8,FSZ,ICN
1584,8,371.1,FSZ,ICN
1585,8,374.4,FSZ,ICN
1586,8,375.7,HND,GMP
1587,8,366.1,HND,GMP
1588,8,356.4,HND,GMP
1589,8,346.8,HND,GMP
1590,8,337.3,HND,GMP
1591,8,327.8,HND,GMP
1592,8,318.4,HND,GMP
1593,8,309.1,HND,GMP
1594,8,300.3,HND,GMP
1595,8,292.8,HND,GMP
1596,8,289.5,HND,GMP
1597,8,293.6,HND,GMP
1598,8,295.9,NRT,PUS
1599,8,288.0,NRT,PUS
1600,8,282.3,NRT,PUS
1601,8,282.0,NRT,PUS
1602,8,287.4,NRT,PUS
1603,8,376.6,UKB,ICN
1604,8,333.6,KMQ,ICN
1605,8,331.2,KMQ,ICN
1606,8,329.9,KMQ,ICN
1607,8,330.0,KMQ,ICN
1608,8,331.3,KMQ,ICN
1609,8,333.8,KMQ,ICN
1610,8,337.4,KMQ,ICN
1611,8,341.9,NGO,PUS
1612,8,343.2,NGO,PUS
1613,8,345.4,NGO,PUS
1614,8,348.5,NGO,PUS
1615,8,352.3,NGO,PUS
1616,8,356.9,NGO,PUS
1617,8,362.1,NGO,PUS
1618,8,367.8,NGO,PUS
1619,8,374.1,NGO,PUS
1620,8,380.7,NGO,PUS
1621,8,378.9,FSZ,ICN
1622,8,377.5,FSZ,ICN
1623,8,377.0,FSZ,ICN
1624,8,377.3,FSZ,ICN
1625,8,378.6,FSZ,ICN
1626,8,380.8,FSZ,ICN
1627,8,383.7,FSZ,ICN
1628,8,377.3,HND,GMP
1629,8,367.8,HND,GMP
1630,8,358.4,HND,GMP
1631,8,349.1,HND,GMP
1632,8,339.9,HND,GMP
1633,8,330.9,HND,GMP
1634,8,322.2,HND,GMP
1635,8,314.0,HND,GMP
1636,8,306.7,HND,GMP
1637,8,301.4,HND,GMP
1638,8,299.5,HND,GMP
1639,8,301.9,HND,GMP
1640,8,302.4,NRT,PUS
1641,8,292.7,NRT,PUS
1642,8,283.2,NRT,PUS
1643,8,274.1,NRT,PUS
1644,8,273.5,NRT,PUS
1645,8,282.4,NRT,PUS
1646,8,291.9,NRT,PUS
1647,8,301.6,NRT,PUS
1648,8,324.1,KMQ,ICN
1649,8,321.4,KMQ,ICN
1650,8,320.0,KMQ,ICN
1651,8,320.0,KMQ,ICN
1652,8,321.5,KMQ,ICN
1653,8,324.4,KMQ,ICN
1654,8,328.5,KMQ,ICN
1655,8,333.5,KMQ,ICN
1656,8,339.4,KMQ,ICN
1657,8,346.0,KMQ,ICN
1658,8,353.0,KMQ,ICN
1659,8,360.5,KMQ,ICN
1660,8,365.7,NGO,PUS
1661,8,370.5,NGO,PUS
1662,8,375.9,NGO,PUS
1663,8,381.7,NGO,PUS
1664,8,388.0,NGO,PUS
1665,8,388.7,FSZ,ICN
1666,8,387.5,FSZ,ICN
1667,8,387.0,FSZ,ICN
1668,8,387.3,FSZ,ICN
1669,8,388.5,FSZ,ICN
1670,8,390.5,FSZ,ICN
1671,8,389.1,HND,GMP
1672,8,379.8,HND,GMP
1673,8,370.6,HND,GMP
1674,8,361.6,HND,GMP
1675,8,352.7,HND,GMP
1676,8,344.0,HND,GMP
1677,8,335.6,HND,GMP
1678,8,327.8,HND,GMP
1679,8,320.7,HND,GMP
1680,8,314.8,HND,GMP
1681,8,310.9,HND,GMP
1682,8,309.6,HND,GMP
1683,8,311.2,HND,GMP
1684,8,302.8,NRT,PUS
1685,8,293.4,NRT,PUS
1686,8,284.2,NRT,PUS
1687,8,276.3,NRT,PUS
1688,8,275.9,NRT,PUS
1689,8,283.5,NRT,PUS
1690,8,292.6,NRT,PUS
1691,8,302.0,NRT,PUS
1692,8,319.4,KMQ,ICN
1693,8,314.9,KMQ,ICN
1694,8,311.6,KMQ,ICN
1695,8,310.0,KMQ,ICN
1696,8,310.0,KMQ,ICN
1697,8,311.8,KMQ,ICN
1698,8,315.2,KMQ,ICN
1699,8,319.8,KMQ,ICN
1700,8,325.5,KMQ,ICN
1701,8,332.0,KMQ,ICN
1702,8,339.2,KMQ,ICN
1703,8,346.8,KMQ,ICN
1704,8,354.7,KMQ,ICN
1705,8,363.0,KMQ,ICN
1706,8,371.4,KMQ,ICN
1707,8,380.1,KMQ,ICN
1708,8,388.9,KMQ,ICN
1709,8,395.6,NGO,PUS
1710,8,398.6,FSZ,ICN
1711,8,397.4,FSZ,ICN
1712,8,397.0,FSZ,ICN
1713,8,397.3,FSZ,ICN
1714,8,398.4,FSZ,ICN
1715,8,400.2,FSZ,ICN
1716,8,392.3,HND,GMP
1717,8,383.3,HND,GMP
1718,8,374.4,HND,GMP
1719,8,365.8,HND,GMP
1720,8,357.3,HND,GMP
1721,8,349.2,HND,GMP
1722,8,341.6,HND,GMP
1723,8,334.6,HND,GMP
1724,8,328.5,HND,GMP
1725,8,323.7,HND,GMP
1726,8,320.6,HND,GMP
1727,8,319.6,HND,GMP
1728,8,314.9,NRT,PUS
1729,8,306.0,NRT,PUS
1730,8,297.6,NRT,PUS
1731,8,290.2,NRT,PUS
1732,8,285.3,NRT,PUS
1733,8,285.1,NRT,PUS
1734,8,289.7,NRT,PUS
1735,8,296.9,NRT,PUS
1736,8,298.8,YGJ,ICN
1737,8,311.2,KMQ,ICN
1738,8,305.9,KMQ,ICN
1739,8,302.0,KMQ,ICN
1740,8,300.0,KMQ,ICN
1741,8,300.1,KMQ,ICN
1742,8,302.2,KMQ,ICN
1743,8,306.2,KMQ,ICN
1744,8,311.7,KMQ,ICN
1745,8,318.1,KMQ,ICN
1746,8,325.3,KMQ,ICN
1747,8,333.1,KMQ,ICN
1748,8,341.2,KMQ,ICN
1749,8,349.7,KMQ,ICN
1750,8,358.3,KMQ,ICN
1751,8,367.1,KMQ,ICN
1752,8,376.1,KMQ,ICN
1753,8,385.1,KMQ,ICN
1754,8,394.2,KMQ,ICN
1755,8,403.4,KMQ,ICN
1756,8,407.4,FSZ,ICN
1757,8,407.0,FSZ,ICN
1758,8,407.3,FSZ,ICN
1759,8,408.3,FSZ,ICN
1760,8,405.0,HND,GMP
1761,8,396.2,HND,GMP
1762,8,387.5,HND,GMP
1763,8,379.1,HND,GMP
1764,8,370.9,HND,GMP
1765,8,363.0,HND,GMP
1766,8,355.5,HND,GMP
1767,8,348.5,HND,GMP
1768,8,342.3,HND,GMP
1769,8,337.0,HND,GMP
1770,8,332.9,HND,GMP
1771,8,330.4,HND,GMP
1772,8,327.8,NRT,PUS
1773,8,319.3,NRT,PUS
1774,8,311.3,NRT,PUS
1775,8,304.1,NRT,PUS
1776,8,298.4,NRT,PUS
1777,8,295.0,NRT,PUS
1778,8,294.9,NRT,PUS
1779,8,298.0,NRT,PUS
1780,8,308.3,YGJ,ICN
1781,8,303.7,KMQ,ICN
1782,8,297.4,KMQ,ICN
1783,8,292.6,KMQ,ICN
1784,8,290.0,KMQ,ICN
1785,8,290.1,KMQ,ICN
1786,8,292.9,KMQ,ICN
1787,8,297.8,KMQ,ICN
1788,8,304.2,KMQ,ICN
1789,8,311.6,KMQ,ICN
1790,8,319.5,KMQ,ICN
1791,8,327.9,KMQ,ICN
1792,8,336.6,KMQ,ICN
1793,8,345.5,KMQ,ICN
1794,8,354.5,KMQ,ICN
1795,8,363.6,KMQ,ICN
1796,8,372.8,KMQ,ICN
1797,8,382.0,KMQ,ICN
1798,8,391.4,KMQ,ICN
1799,8,400.7,KMQ,ICN
1800,8,410.1,KMQ,ICN
1801,8,417.0,FSZ,ICN
1802,8,417.3,FSZ,ICN
1803,8,417.9,HND,GMP
1804,8,409.3,HND,GMP
1805,8,400.8,HND,GMP
1806,8,392.5,HND,GMP
1807,8,384.5,HND,GMP
1808,8,376.7,HND,GMP
1809,8,369.3,HND,GMP
1810,8,362.4,HND,GMP
1811,8,356.1,HND,GMP
1812,8,350.5,HND,GMP
1813,8,345.9,HND,GMP
1814,8,342.4,HND,GMP
1815,8,340.3,HND,GMP
1816,8,332.8,NRT,PUS
1817,8,325.1,NRT,PUS
1818,8,318.1,NRT,PUS
1819,8,312.0,NRT,PUS
1820,8,307.5,NRT,PUS
1821,8,304.9,NRT,PUS
1822,8,304.8,NRT,PUS
1823,8,307.2,NRT,PUS
1824,8,289.8,KMQ,ICN
1825,8,283.7,KMQ,ICN
1826,8,280.2,KMQ,ICN
1827,8,280.3,KMQ,ICN
1828,8,284.1,KMQ,ICN
1829,8,290.3,KMQ,ICN
1830,8,297.9,KMQ,ICN
1831,8,306.2,KMQ,ICN
1832,8,314.9,KMQ,ICN
1833,8,323.9,KMQ,ICN
1834,8,333.0,KMQ,ICN
1835,8,342.2,KMQ,ICN
1836,8,351.5,KMQ,ICN
1837,8,360.9,KMQ,ICN
1838,8,370.3,KMQ,ICN
1839,8,379.7,KMQ,ICN
1840,8,389.2,KMQ,ICN
1841,8,398.7,KMQ,ICN
1842,8,408.2,KMQ,ICN
1843,8,417.7,KMQ,ICN
1844,8,427.3,KMQ,ICN
1845,8,422.5,HND,GMP
1846,8,414.2,HND,GMP
1847,8,406.1,HND,GMP
1848,8,398.1,HND,GMP
1849,8,390.5,HND,GMP
1850,8,383.2,HND,GMP
1851,8,376.3,HND,GMP
1852,8,369.9,HND,GMP
1853,8,364.2,HND,GMP
1854,8,359.2,HND,GMP
1855,8,355.1,HND,GMP
1856,8,352.1,HND,GMP
1857,8,346.5,NRT,PUS
1858,8,338.9,NRT,PUS
1859,8,332.0,NRT,PUS
1860,8,325.8,NRT,PUS
1861,8,320.6,NRT,PUS
1862,8,316.9,NRT,PUS
1863,8,314.9,NRT,PUS
1864,8,314.8,NRT,PUS
1865,8,316.7,NRT,PUS
1866,8,325.8,YGJ,ICN
1867,8,326.4,YGJ,ICN
1868,8,275.9,KMQ,ICN
1869,8,270.5,KMQ,ICN
1870,8,270.7,KMQ,ICN
1871,8,276.5,KMQ,ICN
1872,8,284.5,KMQ,ICN
1873,8,293.3,KMQ,ICN
1874,8,302.4,KMQ,ICN
1875,8,311.7,KMQ,ICN
1876,8,321.1,KMQ,ICN
1877,8,330.6,KMQ,ICN
1878,8,340.0,KMQ,ICN
1879,8,349.6,KMQ,ICN
1880,8,359.1,KMQ,ICN
1881,8,368.6,KMQ,ICN
1882,8,378.2,KMQ,ICN
1883,8,387.8,KMQ,ICN
1884,8,397.4,KMQ,ICN
1885,8,406.9,KMQ,ICN
1886,8,416.5,KMQ,ICN
1887,8,426.1,KMQ,ICN
1888,8,427.7,HND,GMP
1889,8,419.6,HND,GMP
1890,8,411.8,HND,GMP
1891,8,404.3,HND,GMP
1892,8,397.1,HND,GMP
1893,8,390.2,HND,GMP
1894,8,383.8,HND,GMP
1895,8,377.9,HND,GMP
1896,8,372.7,HND,GMP
1897,8,368.1,HND,GMP
1898,8,364.5,HND,GMP
1899,8,360.2,NRT,PUS
1900,8,352.8,NRT,PUS
1901,8,345.9,NRT,PUS
1902,8,339.6,NRT,PUS
1903,8,334.1,NRT,PUS
1904,8,329.7,NRT,PUS
1905,8,326.5,NRT,PUS
1906,8,324.8,NRT,PUS
1907,8,324.8,NRT,PUS
1908,8,326.3,NRT,PUS
1909,8,262.2,KMQ,ICN
1910,8,262.8,KMQ,ICN
1911,8,272.0,KMQ,ICN
1912,8,281.5,KMQ,ICN
1913,8,291.1,KMQ,ICN
1914,8,300.6,KMQ,ICN
1915,8,310.2,KMQ,ICN
1916,8,319.8,KMQ,ICN
1917,8,329.4,KMQ,ICN
1918,8,339.1,KMQ,ICN
1919,8,348.7,KMQ,ICN
1920,8,358.3,KMQ,ICN
1921,8,367.9,KMQ,ICN
1922,8,377.5,KMQ,ICN
1923,8,387.1,KMQ,ICN
1924,8,396.7,KMQ,ICN
1925,8,406.3,KMQ,ICN
1926,8,415.9,KMQ,ICN
1927,8,425.6,KMQ,ICN
1928,8,433.3,HND,GMP
1929,8,425.6,HND,GMP
1930,8,418.1,HND,GMP
1931,8,410.9,HND,GMP
1932,8,404.1,HND,GMP
1933,8,397.7,HND,GMP
1934,8,391.7,HND,GMP
1935,8,386.2,HND,GMP
1936,8,381.4,HND,GMP
1937,8,377.3,HND,GMP
1938,8,373.9,NRT,PUS
1939,8,366.6,NRT,PUS
1940,8,359.7,NRT,PUS
1941,8,353.4,NRT,PUS
1942,8,347.7,NRT,PUS
1943,8,342.9,NRT,PUS
1944,8,339.0,NRT,PUS
1945,8,336.2,NRT,PUS
1946,8,334.8,NRT,PUS
1947,8,334.8,NRT,PUS
1948,8,336.1,NRT,PUS
1949,8,265.9,KMQ,ICN
1950,8,273.4,KMQ,ICN
1951,8,282.4,KMQ,ICN
1952,8,291.7,KMQ,ICN
1953,8,301.1,KMQ,ICN
1954,8,310.6,KMQ,ICN
1955,8,320.2,KMQ,ICN
1956,8,329.7,KMQ,ICN
1957,8,339.3,KMQ,ICN
1958,8,348.9,KMQ,ICN
1959,8,358.4,KMQ,ICN
1960,8,368.0,KMQ,ICN
1961,8,377.6,KMQ,ICN
1962,8,387.2,KMQ,ICN
1963,8,396.8,KMQ,ICN
1964,8,406.4,KMQ,ICN
1965,8,416.0,KMQ,ICN
1966,8,425.6,KMQ,ICN
1967,8,435.2,KMQ,ICN
1968,8,431.9,HND,GMP
1969,8,424.8,HND,GMP
1970,8,418.0,HND,GMP
1971,8,411.5,HND,GMP
1972,8,405.5,HND,GMP
1973,8,399.9,HND,GMP
1974,8,394.8,HND,GMP
1975,8,390.4,HND,GMP
1976,8,386.6,HND,GMP
1977,8,380.5,NRT,PUS
1978,8,373.6,NRT,PUS
1979,8,367.2,NRT,PUS
1980,8,361.4,NRT,PUS
1981,8,356.3,NRT,PUS
1982,8,351.9,NRT,PUS
1983,8,348.4,NRT,PUS
1984,8,346.1,NRT,PUS
1985,8,344.8,NRT,PUS
1986,8,344.8,NRT,PUS
1987,8,345.9,NRT,PUS
1988,8,279.7,KMQ,ICN
1989,8,286.8,KMQ,ICN
1990,8,295.0,KMQ,ICN
1991,8,303.8,KMQ,ICN
1992,8,312.8,KMQ,ICN
1993,8,322.0,KMQ,ICN
1994,8,331.3,KMQ,ICN
1995,8,340.7,KMQ,ICN
1996,8,350.1,KMQ,ICN
1997,8,359.6,KMQ,ICN
1998,8,369.1,KMQ,ICN
1999,8,378.6,KMQ,ICN
2000,8,388.1,KMQ,ICN
2001,8,397.6,KMQ,ICN
2002,8,407.1,KMQ,ICN
2003,8,416.7,KMQ,ICN
2004,8,426.2,KMQ,ICN
2005,8,435.8,KMQ,ICN
2006,8,438.7,HND,GMP
2007,8,431.9,HND,GMP
2008,8,425.4,HND,GMP
2009,8,419.3,HND,GMP
2010,8,413.6,HND,GMP
2011,8,408.3,HND,GMP
2012,8,403.6,HND,GMP
2013,8,399.5,HND,GMP
2014,8,394.3,NRT,PUS
2015,8,387.5,NRT,PUS
2016,8,381.1,NRT,PUS
2017,8,375.1,NRT,PUS
2018,8,369.8,NRT,PUS
2019,8,365.1,NRT,PUS
2020,8,361.1,NRT,PUS
2021,8,358.0,NRT,PUS
2022,8,355.9,NRT,PUS
2023,8,354.8,NRT,PUS
2024,8,354.8,NRT,PUS
2025,8,355.8,NRT,PUS
2026,8,293.5,KMQ,ICN
2027,8,300.5,KMQ,ICN
2028,8,308.3,KMQ,ICN
2029,8,316.7,KMQ,ICN
2030,8,325.4,KMQ,ICN
2031,8,334.3,KMQ,ICN
2032,8,343.3,KMQ,ICN
2033,8,352.4,KMQ,ICN
2034,8,361.7,KMQ,ICN
2035,8,371.0,KMQ,ICN
2036,8,380.3,KMQ,ICN
2037,8,389.7,KMQ,ICN
2038,8,399.1,KMQ,ICN
2039,8,408.5,KMQ,ICN
2040,8,418.0,KMQ,ICN
2041,8,427.4,KMQ,ICN
2042,8,432.9,KIJ,ICN
2043,8,429.4,KIJ,ICN
2044,8,426.3,KIJ,ICN
2045,8,423.9,KIJ,ICN
2046,8,422.0,KIJ,ICN
2047,8,420.7,KIJ,ICN
2048,8,417.0,HND,GMP
2049,8,412.6,HND,GMP
2050,8,408.2,NRT,PUS
2051,8,401.4,NRT,PUS
2052,8,394.9,NRT,PUS
2053,8,388.9,NRT,PUS
2054,8,383.4,NRT,PUS
2055,8,378.4,NRT,PUS
2056,8,374.1,NRT,PUS
2057,8,370.5,NRT,PUS
2058,8,367.7,NRT,PUS
2059,8,365.8,NRT,PUS
2060,8,364.8,NRT,PUS
2061,8,364.8,NRT,PUS
2062,8,365.7,NRT,PUS
2063,8,367.5,NRT,PUS
2064,8,307.4,KMQ,ICN
2065,8,314.3,KMQ,ICN
2066,8,321.8,KMQ,ICN
2067,8,329.9,KMQ,ICN
2068,8,338.3,KMQ,ICN
2069,8,346.9,KMQ,ICN
2070,8,355.7,KMQ,ICN
2071,8,364.7,KMQ,ICN
2072,8,373.7,KMQ,ICN
2073,8,382.8,KMQ,ICN
2074,8,392.0,KMQ,ICN
2075,8,401.3,KMQ,ICN
2076,8,410.6,KMQ,ICN
2077,8,419.9,KMQ,ICN
2078,8,428.0,KIJ,ICN
2079,8,423.7,KIJ,ICN
2080,8,420.0,KIJ,ICN
2081,8,416.8,KIJ,ICN
2082,8,414.1,KIJ,ICN
2083,8,412.1,KIJ,ICN
2084,8,410.7,KIJ,ICN
2085,8,409.9,KIJ,ICN
2086,8,409.8,KIJ,ICN
2087,8,410.4,KIJ,ICN
2088,8,408.8,NRT,PUS
2089,8,402.7,NRT,PUS
2090,8,397.0,NRT,PUS
2091,8,391.9,NRT,PUS
2092,8,387.3,NRT,PUS
2093,8,383.3,NRT,PUS
2094,8,380.0,NRT,PUS
2095,8,377.4,NRT,PUS
2096,8,375.7,NRT,PUS
2097,8,374.8,NRT,PUS
2098,8,374.8,NRT,PUS
2099,8,375.6,NRT,PUS
2100,8,377.3,NRT,PUS
2101,8,315.2,KMQ,ICN
2102,8,321.2,KMQ,ICN
2103,8,328.1,KMQ,ICN
2104,8,359.9,KMQ,ICN
2105,8,368.5,KMQ,ICN
2106,8,377.2,KMQ,ICN
2107,8,386.1,KMQ,ICN
2108,8,395.1,KMQ,ICN
2109,8,404.1,KMQ,ICN
2110,8,413.2,KMQ,ICN
2111,8,422.4,KMQ,ICN
2112,8,419.2,KIJ,ICN
2113,8,414.7,KIJ,ICN
2114,8,410.7,KIJ,ICN
2115,8,407.3,KIJ,ICN
2116,8,404.5,KIJ,ICN
2117,8,402.3,KIJ,ICN
2118,8,400.7,KIJ,ICN
2119,8,399.9,KIJ,ICN
2120,8,399.8,KIJ,ICN
2121,8,400.4,KIJ,ICN
2122,8,401.7,KIJ,ICN
2123,8,403.7,KIJ,ICN
2124,8,405.4,NRT,PUS
2125,8,400.6,NRT,PUS
2126,8,396.3,NRT,PUS
2127,8,392.6,NRT,PUS
2128,8,389.6,NRT,PUS
2129,8,387.2,NRT,PUS
2130,8,385.6,NRT,PUS
2131,8,384.8,NRT,PUS
2132,8,384.8,NRT,PUS
2133,8,385.5,NRT,PUS
2134,8,387.1,NRT,PUS
2135,8,389.3,NRT,PUS
2136,8,323.6,KMQ,ICN
2137,8,328.9,KMQ,ICN
2138,8,335.1,KMQ,ICN
2139,8,364.8,KMQ,ICN
2140,8,373.0,KMQ,ICN
2141,8,381.5,KMQ,ICN
2142,8,390.0,KMQ,ICN
2143,8,398.7,KMQ,ICN
2144,8,407.6,KMQ,ICN
2145,8,416.5,KMQ,ICN
2146,8,415.8,KIJ,ICN
2147,8,410.6,KIJ,ICN
2148,8,405.8,KIJ,ICN
2149,8,401.5,KIJ,ICN
2150,8,397.9,KIJ,ICN
2151,8,394.8,KIJ,ICN
2152,8,392.5,KIJ,ICN
2153,8,390.8,KIJ,ICN
2154,8,389.9,KIJ,ICN
2155,8,389.8,KIJ,ICN
2156,8,390.5,KIJ,ICN
2157,8,391.9,KIJ,ICN
2158,8,394.0,KIJ,ICN
2159,8,396.8,KIJ,ICN
2160,8,400.3,KIJ,ICN
2161,8,404.4,KIJ,ICN
2162,8,402.0,NRT,PUS
2163,8,399.2,NRT,PUS
2164,8,397.0,NRT,PUS
2165,8,395.6,NRT,PUS
2166,8,394.8,NRT,PUS
2167,8,394.8,NRT,PUS
2168,8,395.5,NRT,PUS
2169,8,396.9,NRT,PUS
2170,8,399.0,NRT,PUS
2171,8,332.3,KMQ,ICN
2172,8,337.1,KMQ,ICN
2173,8,342.7,KMQ,ICN
2174,8,394.6,KMQ,ICN
2175,8,403.0,KMQ,ICN
2176,8,411.6,KMQ,ICN
2177,8,413.7,KIJ,ICN
2178,8,407.7,KIJ,ICN
2179,8,402.2,KIJ,ICN
2180,8,397.1,KIJ,ICN
2181,8,392.5,KIJ,ICN
2182,8,388.5,KIJ,ICN
2183,8,385.2,KIJ,ICN
2184,8,382.7,KIJ,ICN
2185,8,380.9,KIJ,ICN
2186,8,379.9,KIJ,ICN
2187,8,379.8,KIJ,ICN
2188,8,380.5,KIJ,ICN
2189,8,382.0,KIJ,ICN
2190,8,384.4,KIJ,ICN
2191,8,387.4,KIJ,ICN
2192,8,391.2,KIJ,ICN
2193,8,395.6,KIJ,ICN
2194,8,400.5,KIJ,ICN
2195,8,406.0,KIJ,ICN
2196,8,406.9,NRT,PUS
2197,8,405.5,NRT,PUS
2198,8,404.8,NRT,PUS
2199,8,404.8,NRT,PUS
2200,8,405.4,NRT,PUS
2201,8,406.8,NRT,PUS
2202,8,408.7,NRT,PUS
2203,8,411.3,NRT,PUS
2204,8,412.3,SDJ,ICN
2205,8,341.4,KMQ,ICN
2206,8,412.9,KIJ,ICN
2207,8,406.3,KIJ,ICN
2208,8,399.9,KIJ,ICN
2209,8,394.0,KIJ,ICN
2210,8,388.5,KIJ,ICN
2211,8,383.6,KIJ,ICN
2212,8,379.3,KIJ,ICN
2213,8,375.8,KIJ,ICN
2214,8,373.0,KIJ,ICN
2215,8,371.0,KIJ,ICN
2216,8,369.9,KIJ,ICN
2217,8,369.8,KIJ,ICN
2218,8,370.6,KIJ,ICN
2219,8,372.3,KIJ,ICN
2220,8,374.8,KIJ,ICN
2221,8,378.2,KIJ,ICN
2222,8,382.2,KIJ,ICN
2223,8,387.0,KIJ,ICN
2224,8,392.2,KIJ,ICN
2225,8,398.0,KIJ,ICN
2226,8,404.3,KIJ,ICN
2227,8,410.8,KIJ,ICN
2228,8,413.1,SDJ,ICN
2229,8,409.6,SDJ,ICN
2230,8,406.7,SDJ,ICN
2231,8,404.5,SDJ,ICN
2232,8,403.0,SDJ,ICN
2233,8,402.3,SDJ,ICN
2234,8,402.3,SDJ,ICN
2235,8,347.7,KMQ,ICN
2236,8,350.7,KMQ,ICN
2237,8,354.5,KMQ,ICN
2238,8,386.1,KIJ,ICN
2239,8,380.3,KIJ,ICN
2240,8,375.0,KIJ,ICN
2241,8,370.3,KIJ,ICN
2242,8,366.4,KIJ,ICN
2243,8,363.3,KIJ,ICN
2244,8,361.1,KIJ,ICN
2245,8,359.9,KIJ,ICN
2246,8,359.8,KIJ,ICN
2247,8,360.6,KIJ,ICN
2248,8,362.5,KIJ,ICN
2249,8,365.3,KIJ,ICN
2250,8,369.0,KIJ,ICN
2251,8,373.5,KIJ,ICN
2252,8,378.6,KIJ,ICN
2253,8,384.3,KIJ,ICN
2254,8,390.4,KIJ,ICN
2255,8,397.0,KIJ,ICN
2256,8,404.0,KIJ,ICN
2257,8,404.0,SDJ,ICN
2258,8,400.2,SDJ,ICN
2259,8,397.1,SDJ,ICN
2260,8,394.7,SDJ,ICN
2261,8,393.0,SDJ,ICN
2262,8,392.2,SDJ,ICN
2263,8,392.3,SDJ,ICN
2264,8,360.1,KMQ,ICN
2265,8,363.6,KMQ,ICN
2266,8,367.8,KMQ,ICN
2267,8,372.3,KIJ,ICN
2268,8,366.6,KIJ,ICN
2269,8,361.5,KIJ,ICN
2270,8,357.2,KIJ,ICN
2271,8,353.7,KIJ,ICN
2272,8,351.3,KIJ,ICN
2273,8,349.9,KIJ,ICN
2274,8,349.8,KIJ,ICN
2275,8,350.7,KIJ,ICN
2276,8,352.9,KIJ,ICN
2277,8,356.0,KIJ,ICN
2278,8,360.1,KIJ,ICN
2279,8,364.9,KIJ,ICN
2280,8,370.5,KIJ,ICN
2281,8,376.6,KIJ,ICN
2282,8,383.2,KIJ,ICN
2283,8,390.2,KIJ,ICN
2284,8,397.5,KIJ,ICN
2285,8,395.0,SDJ,ICN
2286,8,390.9,SDJ,ICN
2287,8,387.5,SDJ,ICN
2288,8,384.9,SDJ,ICN
2289,8,383.1,SDJ,ICN
2290,8,382.2,SDJ,ICN
2291,8,382.3,SDJ,ICN
2292,8,369.6,KMQ,ICN
2293,8,372.8,KMQ,ICN
2294,8,376.7,KMQ,ICN
2295,8,381.2,KMQ,ICN
2296,8,386.3,KMQ,ICN
2297,8,353.0,KIJ,ICN
2298,8,348.2,KIJ,ICN
2299,8,344.3,KIJ,ICN
2300,8,341.5,KIJ,ICN
2301,8,340.0,KIJ,ICN
2302,8,339.7,KIJ,ICN
2303,8,340.9,KIJ,ICN
2304,8,343.3,KIJ,ICN
2305,8,346.8,KIJ,ICN
2306,8,351.4,KIJ,ICN
2307,8,356.8,KIJ,ICN
2308,8,362.8,KIJ,ICN
2309,8,369.4,KIJ,ICN
2310,8,376.5,KIJ,ICN
2311,8,383.9,KIJ,ICN
2312,8,391.4,SDJ,ICN
2313,8,386.3,SDJ,ICN
2314,8,381.8,SDJ,ICN
2315,8,378.1,SDJ,ICN
2316,8,375.2,SDJ,ICN
2317,8,373.2,SDJ,ICN
2318,8,372.2,SDJ,ICN
2319,8,372.3,SDJ,ICN
2320,8,389.9,KMQ,ICN
2321,8,394.7,KMQ,ICN
2322,8,399.9,KMQ,ICN
2323,8,344.8,KIJ,ICN
2324,8,339.4,KIJ,ICN
2325,8,335.0,KIJ,ICN
2326,8,331.8,KIJ,ICN
2327,8,330.0,KIJ,ICN
2328,8,329.7,KIJ,ICN
2329,8,331.1,KIJ,ICN
2330,8,333.9,KIJ,ICN
2331,8,337.9,KIJ,ICN
2332,8,343.1,KIJ,ICN
2333,8,349.0,KIJ,ICN
2334,8,355.7,KIJ,ICN
2335,8,362.8,KIJ,ICN
2336,8,370.3,KIJ,ICN
2337,8,378.2,KIJ,ICN
2338,8,383.4,SDJ,ICN
2339,8,377.8,SDJ,ICN
2340,8,372.9,SDJ,ICN
2341,8,368.8,SDJ,ICN
2342,8,365.5,SDJ,ICN
2343,8,363.3,SDJ,ICN
2344,8,362.2,SDJ,ICN
2345,8,362.3,SDJ,ICN
2346,8,331.1,KIJ,ICN
2347,8,326.0,KIJ,ICN
2348,8,322.2,KIJ,ICN
2349,8,320.0,KIJ,ICN
2350,8,319.7,KIJ,ICN
2351,8,321.4,KIJ,ICN
2352,8,324.7,KIJ,ICN
2353,8,329.4,KIJ,ICN
2354,8,335.3,KIJ,ICN
2355,8,341.9,KIJ,ICN
2356,8,349.1,KIJ,ICN
2357,8,356.8,KIJ,ICN
2358,8,364.8,KIJ,ICN
2359,8,373.1,KIJ,ICN
2360,8,375.7,SDJ,ICN
2361,8,369.7,SDJ,ICN
2362,8,364.2,SDJ,ICN
2363,8,359.6,SDJ,ICN
2364,8,356.0,SDJ,ICN
2365,8,353.5,SDJ,ICN
2366,8,352.2,SDJ,ICN
2367,8,352.3,SDJ,ICN
2368,8,317.5,KIJ,ICN
2369,8,312.9,KIJ,ICN
2370,8,310.1,KIJ,ICN
2371,8,309.8,KIJ,ICN
2372,8,311.8,KIJ,ICN
2373,8,315.9,KIJ,ICN
2374,8,321.5,KIJ,ICN
2375,8,328.2,KIJ,ICN
2376,8,335.6,KIJ,ICN
2377,8,343.5,KIJ,ICN
2378,8,351.7,KIJ,ICN
2379,8,360.2,KIJ,ICN
2380,8,368.8,KIJ,ICN
2381,8,368.6,SDJ,ICN
2382,8,361.9,SDJ,ICN
2383,8,356.0,SDJ,ICN
2384,8,350.8,SDJ,ICN
2385,8,346.6,SDJ,ICN
2386,8,343.7,SDJ,ICN
2387,8,342.2,SDJ,ICN
2388,8,342.3,SDJ,ICN
2389,8,309.7,KIJ,ICN
2390,8,303.9,KIJ,ICN
2391,8,300.3,KIJ,ICN
2392,8,299.8,KIJ,ICN
2393,8,302.5,KIJ,ICN
2394,8,307.7,KIJ,ICN
2395,8,314.5,KIJ,ICN
2396,8,322.1,KIJ,ICN
2397,8,330.3,KIJ,ICN
2398,8,338.8,KIJ,ICN
2399,8,347.6,KIJ,ICN
2400,8,356.5,KIJ,ICN
2401,8,365.5,KIJ,ICN
2402,8,362.1,SDJ,ICN
2403,8,354.8,SDJ,ICN
2404,8,348.2,SDJ,ICN
2405,8,342.3,SDJ,ICN
2406,8,337.5,SDJ,ICN
2407,8,334.0,SDJ,ICN
2408,8,332.3,SDJ,ICN
2409,8,332.3,SDJ,ICN
2410,8,295.9,KIJ,ICN
2411,8,290.7,KIJ,ICN
2412,8,289.9,KIJ,ICN
2413,8,294.0,KIJ,ICN
2414,8,300.9,KIJ,ICN
2415,8,308.9,KIJ,ICN
2416,8,317.5,KIJ,ICN
2417,8,326.4,KIJ,ICN
2418,8,335.5,KIJ,ICN
2419,8,344.6,KIJ,ICN
2420,8,353.8,KIJ,ICN
2421,8,363.1,KIJ,ICN
2422,8,356.4,SDJ,ICN
2423,8,348.5,SDJ,ICN
2424,8,341.1,SDJ,ICN
2425,8,334.4,SDJ,ICN
2426,8,328.7,SDJ,ICN
2427,8,324.5,SDJ,ICN
2428,8,322.3,SDJ,ICN
2429,8,322.4,SDJ,ICN
2430,8,345.9,KIJ,ICN
2431,8,336.5,KIJ,ICN
2432,8,282.2,KIJ,ICN
2433,8,280.4,KIJ,ICN
2434,8,287.6,KIJ,ICN
2435,8,296.5,KIJ,ICN
2436,8,305.6,KIJ,ICN
2437,8,314.9,KIJ,ICN
2438,8,324.3,KIJ,ICN
2439,8,333.6,KIJ,ICN
2440,8,343.0,KIJ,ICN
2441,8,352.4,KIJ,ICN
2442,8,360.5,SDJ,ICN
2443,8,351.7,SDJ,ICN
2444,8,343.3,SDJ,ICN
2445,8,335.1,SDJ,ICN
2446,8,327.4,SDJ,ICN
2447,8,320.7,SDJ,ICN
2448,8,315.4,SDJ,ICN
2449,8,312.4,SDJ,ICN
2450,8,336.3,KIJ,ICN
2451,8,326.9,KIJ,ICN
2452,8,286.9,KIJ,ICN
2453,8,296.0,KIJ,ICN
2454,8,305.3,KIJ,ICN
2455,8,314.7,KIJ,ICN
2456,8,324.0,KIJ,ICN
2457,8,333.4,KIJ,ICN
2458,8,342.8,KIJ,ICN
2459,8,352.2,KIJ,ICN
2460,8,357.5,SDJ,ICN
2461,8,348.4,SDJ,ICN
2462,8,339.3,SDJ,ICN
2463,8,330.5,SDJ,ICN
2464,8,321.9,SDJ,ICN
2465,8,313.9,SDJ,ICN
2466,8,306.9,SDJ,ICN
2467,8,302.6,SDJ,ICN
2468,8,346.9,KIJ,ICN
2469,8,337.7,KIJ,ICN
2470,8,299.7,KIJ,ICN
2471,8,308.0,KIJ,ICN
2472,8,316.8,KIJ,ICN
2473,8,325.8,KIJ,ICN
2474,8,334.9,KIJ,ICN
2475,8,344.1,KIJ,ICN
2476,8,353.3,KIJ,ICN
2477,8,355.8,SDJ,ICN
2478,8,346.4,SDJ,ICN
2479,8,337.1,SDJ,ICN
2480,8,327.8,SDJ,ICN
2481,8,318.6,SDJ,ICN
2482,8,309.4,SDJ,ICN
2483,8,300.6,SDJ,ICN
2484,8,293.3,SDJ,ICN
2485,8,340.6,KIJ,ICN
2486,8,313.2,KIJ,ICN
2487,8,321.0,KIJ,ICN
2488,8,329.3,KIJ,ICN
2489,8,337.9,KIJ,ICN
2490,8,346.7,KIJ,ICN
2491,8,355.6,KIJ,ICN
2492,8,355.5,SDJ,ICN
2493,8,346.2,SDJ,ICN
2494,8,336.8,SDJ,ICN
2495,8,327.4,SDJ,ICN
2496,8,318.1,SDJ,ICN
2497,8,308.7,SDJ,ICN
2498,8,299.5,SDJ,ICN
2499,8,290.9,SDJ,ICN
2500,8,336.7,KIJ,ICN
2501,8,319.9,KIJ,ICN
2502,8,326.7,KIJ,ICN
2503,8,334.3,KIJ,ICN
2504,8,342.2,KIJ,ICN
2505,8,350.5,KIJ,ICN
2506,8,359.1,KIJ,ICN
2507,8,356.7,SDJ,ICN
2508,8,347.5,SDJ,ICN
2509,8,338.4,SDJ,ICN
2510,8,329.4,SDJ,ICN
2511,8,320.5,SDJ,ICN
2512,8,312.1,SDJ,ICN
2513,8,304.6,SDJ,ICN
2514,8,299.5,SDJ,ICN
2515,8,299.7,SDJ,ICN
2516,8,327.7,KIJ,ICN
2517,8,333.6,KIJ,ICN
2518,8,340.4,KIJ,ICN
2519,8,347.7,KIJ,ICN
2520,8,355.4,KIJ,ICN
2521,8,363.5,KIJ,ICN
2522,8,359.2,SDJ,ICN
2523,8,350.4,SDJ,ICN
2524,8,341.7,SDJ,ICN
2525,8,333.4,SDJ,ICN
2526,8,325.4,SDJ,ICN
2527,8,318.3,SDJ,ICN
2528,8,312.6,SDJ,ICN
2529,8,309.2,SDJ,ICN
2530,8,309.4,SDJ,ICN
2531,8,342.4,SDJ,ICN
2532,8,341.3,KIJ,ICN
2533,8,347.3,KIJ,ICN
2534,8,354.0,KIJ,ICN
2535,8,361.2,KIJ,ICN
2536,8,368.8,KIJ,ICN
2537,8,362.9,SDJ,ICN
2538,8,354.6,SDJ,ICN
2539,8,346.5,SDJ,ICN
2540,8,338.9,SDJ,ICN
2541,8,332.0,SDJ,ICN
2542,8,326.0,SDJ,ICN
2543,8,321.6,SDJ,ICN
2544,8,319.1,SDJ,ICN
2545,8,319.2,SDJ,ICN
2546,8,321.8,SDJ,ICN
2547,8,326.5,SDJ,ICN
2548,8,332.5,SDJ,ICN
2549,8,339.5,SDJ,ICN
2550,8,349.5,KIJ,ICN
2551,8,355.0,KIJ,ICN
2552,8,361.0,KIJ,ICN
2553,8,367.7,KIJ,ICN
2554,8,374.7,KIJ,ICN
2555,8,367.7,SDJ,ICN
2556,8,359.9,SDJ,ICN
2557,8,352.5,SDJ,ICN
2558,8,345.7,SDJ,ICN
2559,8,339.6,SDJ,ICN
2560,8,334.6,SDJ,ICN
2561,8,331.0,SDJ,ICN
2562,8,329.1,SDJ,ICN
2563,8,329.2,SDJ,ICN
2564,8,331.2,SDJ,ICN
2565,8,335.0,SDJ,ICN
2566,8,340.1,SDJ,ICN
2567,8,346.2,SDJ,ICN
2568,8,353.1,SDJ,ICN
2569,8,363.0,KIJ,ICN
2570,8,368.6,KIJ,ICN
2571,8,374.7,KIJ,ICN
2572,8,381.0,SDJ,ICN
2573,8,373.4,SDJ,ICN
2574,8,366.1,SDJ,ICN
2575,8,359.4,SDJ,ICN
2576,8,353.3,SDJ,ICN
2577,8,347.9,SDJ,ICN
2578,8,343.6,SDJ,ICN
2579,8,340.6,SDJ,ICN
2580,8,339.1,SDJ,ICN
2581,8,339.1,SDJ,ICN
2582,8,340.8,SDJ,ICN
2583,8,343.9,SDJ,ICN
2584,8,348.3,SDJ,ICN
2585,8,353.7,SDJ,ICN
2586,8,359.9,SDJ,ICN
2587,8,371.5,KIJ,ICN
2588,8,376.6,KIJ,ICN
2589,8,382.3,KIJ,ICN
2590,8,386.9,SDJ,ICN
2591,8,379.8,SDJ,ICN
2592,8,373.1,SDJ,ICN
2593,8,366.9,SDJ,ICN
2594,8,361.4,SDJ,ICN
2595,8,356.7,SDJ,ICN
2596,8,353.0,SDJ,ICN
2597,8,350.4,SDJ,ICN
2598,8,349.1,SDJ,ICN
2599,8,349.1,SDJ,ICN
2600,8,350.5,SDJ,ICN
2601,8,353.2,SDJ,ICN
2602,8,357.0,SDJ,ICN
2603,8,361.8,SDJ,ICN
2604,8,367.4,SDJ,ICN
2605,8,384.9,KIJ,ICN
2606,8,390.2,KIJ,ICN
2607,8,393.4,SDJ,ICN
2608,8,386.7,SDJ,ICN
2609,8,380.6,SDJ,ICN
2610,8,374.9,SDJ,ICN
2611,8,369.9,SDJ,ICN
2612,8,365.7,SDJ,ICN
2613,8,362.4,SDJ,ICN
2614,8,360.2,SDJ,ICN
2615,8,359.1,SDJ,ICN
2616,8,359.1,SDJ,ICN
2617,8,360.3,SDJ,ICN
2618,8,362.7,SDJ,ICN
2619,8,366.0,SDJ,ICN
2620,8,370.3,SDJ,ICN
2621,8,375.3,SDJ,ICN
2622,8,398.4,KIJ,ICN
2623,8,400.4,SDJ,ICN
2624,8,394.2,SDJ,ICN
2625,8,388.5,SDJ,ICN
2626,8,383.3,SDJ,ICN
2627,8,378.8,SDJ,ICN
2628,8,375.0,SDJ,ICN
2629,8,372.1,SDJ,ICN
2630,8,370.1,SDJ,ICN
2631,8,369.1,SDJ,ICN
2632,8,369.1,SDJ,ICN
2633,8,370.2,SDJ,ICN
2634,8,372.3,SDJ,ICN
2635,8,375.3,SDJ,ICN
2636,8,379.1,SDJ,ICN
2637,8,383.7,SDJ,ICN
2638,8,388.9,SDJ,ICN
2639,8,406.8,KIJ,ICN
2640,8,407.9,SDJ,ICN
2641,8,402.1,SDJ,ICN
2642,8,396.7,SDJ,ICN
2643,8,392.0,SDJ,ICN
2644,8,387.8,SDJ,ICN
2645,8,384.4,SDJ,ICN
2646,8,381.7,SDJ,ICN
2647,8,380.0,SDJ,ICN
2648,8,379.1,SDJ,ICN
2649,8,379.1,SDJ,ICN
2650,8,380.1,SDJ,ICN
2651,8,381.9,SDJ,ICN
2652,8,384.6,SDJ,ICN
2653,8,388.1,SDJ,ICN
2654,8,392.3,SDJ,ICN
2655,8,397.1,SDJ,ICN
2656,8,415.5,KIJ,ICN
2657,8,415.6,SDJ,ICN
2658,8,410.2,SDJ,ICN
2659,8,405.3,SDJ,ICN
2660,8,400.8,SDJ,ICN
2661,8,397.0,SDJ,ICN
2662,8,393.9,SDJ,ICN
2663,8,391.5,SDJ,ICN
2664,8,389.9,SDJ,ICN
2665,8,389.1,SDJ,ICN
2666,8,389.1,SDJ,ICN
2667,8,390.0,SDJ,ICN
2668,8,391.7,SDJ,ICN
2669,8,394.1,SDJ,ICN
2670,8,397.3,SDJ,ICN
2671,8,401.2,SDJ,ICN
2672,8,405.6,SDJ,ICN
2673,8,410.6,SDJ,ICN
2674,8,416.1,SDJ,ICN
2675,8,424.3,KIJ,ICN
2676,8,423.7,SDJ,ICN
2677,8,418.6,SDJ,ICN
2678,8,414.0,SDJ,ICN
2679,8,409.9,SDJ,ICN
2680,8,406.4,SDJ,ICN
2681,8,403.5,SDJ,ICN
2682,8,401.3,SDJ,ICN
2683,8,399.8,SDJ,ICN
2684,8,399.1,SDJ,ICN
2685,8,399.1,SDJ,ICN
2686,8,399.9,SDJ,ICN
2687,8,401.4,SDJ,ICN
2688,8,403.7,SDJ,ICN
2689,8,406.6,SDJ,ICN
2690,8,410.2,SDJ,ICN
2691,8,414.3,SDJ,ICN
2692,8,419.0,SDJ,ICN
2693,8,424.1,SDJ,ICN
2694,8,432.0,SDJ,ICN
2695,8,427.2,SDJ,ICN
2696,8,422.9,SDJ,ICN
2697,8,419.1,SDJ,ICN
2698,8,415.8,SDJ,ICN
2699,8,413.2,SDJ,ICN
2700,8,411.1,SDJ,ICN
2701,8,409.8,SDJ,ICN
2702,8,409.1,SDJ,ICN
2703,8,409.1,SDJ,ICN
2704,8,409.8,SDJ,ICN
2705,8,411.3,SDJ,ICN
2706,8,413.3,SDJ,ICN
2707,8,416.1,SDJ,ICN
2708,8,419.4,SDJ,ICN
2709,8,423.2,SDJ,ICN
2710,8,427.6,SDJ,ICN
2711,8,432.4,SDJ,ICN
2712,8,440.5,SDJ,ICN
2713,8,436.0,SDJ,ICN
2714,8,432.0,SDJ,ICN
2715,8,428.4,SDJ,ICN
2716,8,425.3,SDJ,ICN
2717,8,422.9,SDJ,ICN
2718,8,421.0,SDJ,ICN
2719,8,419.7,SDJ,ICN
2720,8,419.1,SDJ,ICN
2721,8,419.1,SDJ,ICN
2722,8,419.8,SDJ,ICN
2723,8,421.1,SDJ,ICN
2724,8,423.0,SDJ,ICN
2725,8,425.6,SDJ,ICN
2726,8,428.6,SDJ,ICN
2727,8,432.3,SDJ,ICN
2728,8,436.4,SDJ,ICN
2729,8,440.9,SDJ,ICN
2730,8,438.7,AOJ,ICN
2731,8,436.1,AOJ,ICN
2732,8,433.9,AOJ,ICN
2733,8,432.3,AOJ,ICN
2734,8,431.3,AOJ,ICN
2735,8,430.8,AOJ,ICN
2736,8,429.7,SDJ,ICN
2737,8,429.1,SDJ,ICN
2738,8,429.1,SDJ,ICN
2739,8,429.8,SDJ,ICN
2740,8,431.0,SDJ,ICN
2741,8,432.8,SDJ,ICN
2742,8,435.1,SDJ,ICN
2743,8,438.0,SDJ,ICN
2744,8,441.4,SDJ,ICN
2745,8,445.3,SDJ,ICN
2746,8,449.6,SDJ,ICN
2747,8,454.3,SDJ,ICN
2748,8,429.3,AOJ,ICN
2749,8,426.4,AOJ,ICN
2750,8,424.1,AOJ,ICN
2751,8,422.4,AOJ,ICN
2752,8,421.3,AOJ,ICN
2753,8,420.8,AOJ,ICN
2754,8,420.9,AOJ,ICN
2755,8,421.6,AOJ,ICN
2756,8,422.9,AOJ,ICN
2757,8,424.8,AOJ,ICN
2758,8,427.3,AOJ,ICN
2759,8,430.3,AOJ,ICN
2760,8,433.8,AOJ,ICN
2761,8,437.8,AOJ,ICN
2762,8,442.2,AOJ,ICN
2763,8,447.0,AOJ,ICN
2764,8,452.2,AOJ,ICN
2765,8,457.7,AOJ,ICN
2766,8,419.9,AOJ,ICN
2767,8,416.8,AOJ,ICN
2768,8,414.4,AOJ,ICN
2769,8,412.5,AOJ,ICN
2770,8,411.3,AOJ,ICN
2771,8,410.7,AOJ,ICN
2772,8,410.8,AOJ,ICN
2773,8,411.6,AOJ,ICN
2774,8,413.0,AOJ,ICN
2775,8,415.1,AOJ,ICN
2776,8,417.7,AOJ,ICN
2777,8,421.0,AOJ,ICN
2778,8,424.7,AOJ,ICN
2779,8,428.9,AOJ,ICN
2780,8,433.6,AOJ,ICN
2781,8,438.7,AOJ,ICN
2782,8,444.1,AOJ,ICN
2783,8,449.9,AOJ,ICN
2784,8,410.6,AOJ,ICN
2785,8,407.3,AOJ,ICN
2786,8,404.7,AOJ,ICN
2787,8,402.7,AOJ,ICN
2788,8,401.3,AOJ,ICN
2789,8,400.7,AOJ,ICN
2790,8,400.8,AOJ,ICN
2791,8,401.7,AOJ,ICN
2792,8,403.2,AOJ,ICN
2793,8,405.4,AOJ,ICN
2794,8,408.3,AOJ,ICN
2795,8,411.8,AOJ,ICN
2796,8,415.8,AOJ,ICN
2797,8,420.3,AOJ,ICN
2798,8,425.2,AOJ,ICN
2799,8,430.6,AOJ,ICN
2800,8,436.3,AOJ,ICN
2801,8,442.4,AOJ,ICN
2802,8,401.4,AOJ,ICN
2803,8,397.9,AOJ,ICN
2804,8,395.0,AOJ,ICN
2805,8,392.8,AOJ,ICN
2806,8,391.4,AOJ,ICN
2807,8,390.7,AOJ,ICN
2808,8,390.8,AOJ,ICN
2809,8,391.8,AOJ,ICN
2810,8,393.4,AOJ,ICN
2811,8,395.8,AOJ,ICN
2812,8,398.9,AOJ,ICN
2813,8,402.7,AOJ,ICN
2814,8,407.0,AOJ,ICN
2815,8,411.8,AOJ,ICN
2816,8,417.1,AOJ,ICN
2817,8,422.7,AOJ,ICN
2818,8,428.8,AOJ,ICN
2819,8,435.1,AOJ,ICN
2820,8,407.4,AOJ,ICN
2821,8,396.9,AOJ,ICN
2822,8,392.4,AOJ,ICN
2823,8,388.6,AOJ,ICN
2824,8,385.4,AOJ,ICN
2825,8,383.0,AOJ,ICN
2826,8,381.4,AOJ,ICN
2827,8,380.7,AOJ,ICN
2828,8,380.8,AOJ,ICN
2829,8,381.8,AOJ,ICN
2830,8,383.7,AOJ,ICN
2831,8,386.3,AOJ,ICN
2832,8,389.7,AOJ,ICN
2833,8,393.8,AOJ,ICN
2834,8,398.4,AOJ,ICN
2835,8,403.6,AOJ,ICN
2836,8,409.2,AOJ,ICN
2837,8,415.2,AOJ,ICN
2838,8,421.5,AOJ,ICN
2839,8,428.2,AOJ,ICN
2840,8,393.8,AOJ,ICN
2841,8,388.4,AOJ,ICN
2842,8,383.6,AOJ,ICN
2843,8,379.4,AOJ,ICN
2844,8,375.9,AOJ,ICN
2845,8,373.3,AOJ,ICN
2846,8,371.5,AOJ,ICN
2847,8,370.7,AOJ,ICN
2848,8,370.8,AOJ,ICN
2849,8,372.0,AOJ,ICN
2850,8,374.0,AOJ,ICN
2851,8,376.9,AOJ,ICN
2852,8,380.6,AOJ,ICN
2853,8,385.1,AOJ,ICN
2854,8,390.1,AOJ,ICN
2855,8,395.6,AOJ,ICN
2856,8,401.6,AOJ,ICN
2857,8,408.0,AOJ,ICN
2858,8,414.7,AOJ,ICN
2859,8,421.7,AOJ,ICN
2860,8,380.3,AOJ,ICN
2861,8,375.0,AOJ,ICN
2862,8,370.4,AOJ,ICN
2863,8,366.6,AOJ,ICN
2864,8,363.6,AOJ,ICN
2865,8,361.6,AOJ,ICN
2866,8,360.7,AOJ,ICN
2867,8,360.9,AOJ,ICN
2868,8,362.1,AOJ,ICN
2869,8,364.4,AOJ,ICN
2870,8,367.7,AOJ,ICN
2871,8,371.8,AOJ,ICN
2872,8,376.6,AOJ,ICN
2873,8,382.1,AOJ,ICN
2874,8,388.1,AOJ,ICN
2875,8,394.5,AOJ,ICN
2876,8,401.2,AOJ,ICN
2877,8,408.3,AOJ,ICN
2878,8,372.6,AOJ,ICN
2879,8,366.8,AOJ,ICN
2880,8,361.7,AOJ,ICN
2881,8,357.4,AOJ,ICN
2882,8,354.0,AOJ,ICN
2883,8,351.7,AOJ,ICN
2884,8,350.7,AOJ,ICN
2885,8,350.9,AOJ,ICN
2886,8,352.3,AOJ,ICN
2887,8,355.0,AOJ,ICN
2888,8,358.6,AOJ,ICN
2889,8,363.2,AOJ,ICN
2890,8,368.6,AOJ,ICN
2891,8,374.5,AOJ,ICN
2892,8,380.9,AOJ,ICN
2893,8,387.8,AOJ,ICN
2894,8,395.0,AOJ,ICN
2895,8,402.4,AOJ,ICN
2896,8,359.0,AOJ,ICN
2897,8,353.3,AOJ,ICN
2898,8,348.4,AOJ,ICN
2899,8,344.6,AOJ,ICN
2900,8,341.9,AOJ,ICN
2901,8,340.7,AOJ,ICN
2902,8,340.9,AOJ,ICN
2903,8,342.6,AOJ,ICN
2904,8,345.7,AOJ,ICN
2905,8,349.9,AOJ,ICN
2906,8,355.0,AOJ,ICN
2907,8,360.9,AOJ,ICN
2908,8,367.4,AOJ,ICN
2909,8,374.4,AOJ,ICN
2910,8,381.7,AOJ,ICN
2911,8,389.3,AOJ,ICN
2912,8,351.8,AOJ,ICN
2913,8,345.5,AOJ,ICN
2914,8,339.9,AOJ,ICN
2915,8,335.4,AOJ,ICN
2916,8,332.2,AOJ,ICN
2917,8,330.7,AOJ,ICN
2918,8,331.0,AOJ,ICN
2919,8,333.0,AOJ,ICN
2920,8,336.7,AOJ,ICN
2921,8,341.6,AOJ,ICN
2922,8,347.4,AOJ,ICN
2923,8,354.0,AOJ,ICN
2924,8,361.1,AOJ,ICN
2925,8,368.5,AOJ,ICN
2926,8,376.3,AOJ,ICN
2927,8,384.3,AOJ,ICN
2928,8,353.1,AOJ,ICN
2929,8,345.5,AOJ,ICN
2930,8,338.4,AOJ,ICN
2931,8,331.9,AOJ,ICN
2932,8,326.5,AOJ,ICN
2933,8,322.6,AOJ,ICN
2934,8,320.7,AOJ,ICN
2935,8,321.1,AOJ,ICN
2936,8,323.7,AOJ,ICN
2937,8,328.1,AOJ,ICN
2938,8,333.9,AOJ,ICN
2939,8,340.6,AOJ,ICN
2940,8,347.8,AOJ,ICN
2941,8,355.5,AOJ,ICN
2942,8,363.5,AOJ,ICN
2943,8,371.8,AOJ,ICN
2944,8,348.5,AOJ,ICN
2945,8,340.3,AOJ,ICN
2946,8,332.4,AOJ,ICN
2947,8,325.0,AOJ,ICN
2948,8,318.4,AOJ,ICN
2949,8,313.4,AOJ,ICN
2950,8,310.7,AOJ,ICN
2951,8,311.2,AOJ,ICN
2952,8,314.8,AOJ,ICN
2953,8,320.4,AOJ,ICN
2954,8,327.2,AOJ,ICN
2955,8,334.8,AOJ,ICN
2956,8,342.8,AOJ,ICN
2957,8,351.1,AOJ,ICN
2958,8,359.6,AOJ,ICN
2959,8,354.0,AOJ,ICN
2960,8,345.2,AOJ,ICN
2961,8,336.5,AOJ,ICN
2962,8,327.9,AOJ,ICN
2963,8,319.5,AOJ,ICN
2964,8,311.7,AOJ,ICN
2965,8,304.9,AOJ,ICN
2966,8,300.8,AOJ,ICN
2967,8,301.7,AOJ,ICN
2968,8,306.9,AOJ,ICN
2969,8,314.1,AOJ,ICN
2970,8,322.1,AOJ,ICN
2971,8,330.6,AOJ,ICN
2972,8,339.2,AOJ,ICN
2973,8,348.0,AOJ,ICN
2974,8,343.5,AOJ,ICN
2975,8,334.5,AOJ,ICN
2976,8,325.5,AOJ,ICN
2977,8,316.5,AOJ,ICN
2978,8,307.6,AOJ,ICN
2979,8,298.9,AOJ,ICN
2980,8,291.5,AOJ,ICN
2981,8,293.4,AOJ,ICN
2982,8,301.6,AOJ,ICN
2983,8,310.4,AOJ,ICN
2984,8,319.4,AOJ,ICN
2985,8,328.4,AOJ,ICN
2986,8,337.4,AOJ,ICN
2987,8,346.4,AOJ,ICN
2988,8,316.7,AOJ,ICN
2989,8,307.8,AOJ,ICN
2990,8,299.3,AOJ,ICN
2991,8,292.3,AOJ,ICN
2992,8,294.1,AOJ,ICN
2993,8,301.9,AOJ,ICN
2994,8,310.6,AOJ,ICN
2995,8,319.5,AOJ,ICN
2996,8,328.4,AOJ,ICN
2997,8,337.4,AOJ,ICN
2998,8,346.4,AOJ,ICN
2999,8,319.9,AOJ,ICN
3000,8,312.2,AOJ,ICN
3001,8,305.6,AOJ,ICN
3002,8,301.8,AOJ,ICN
3003,8,307.5,AOJ,ICN
3004,8,314.6,AOJ,ICN
3005,8,322.5,AOJ,ICN
3006,8,330.8,AOJ,ICN
3007,8,339.4,AOJ,ICN
3008,8,325.5,AOJ,ICN
3009,8,319.1,AOJ,ICN
3010,8,314.2,AOJ,ICN
3011,8,311.7,AOJ,ICN
3012,8,315.5,AOJ,ICN
3013,8,321.0,AOJ,ICN
3014,8,343.1,AOJ,ICN
3015,8,332.6,AOJ,ICN
3016,8,327.3,AOJ,ICN
3017,8,323.5,AOJ,ICN
3018,8,348.2,AOJ,ICN
3019,8,340.6,AOJ,ICN
3020,8,336.2,AOJ,ICN
3021,8,333.1,AOJ,ICN
3022,8,354.4,AOJ,ICN
3023,8,343.5,AOJ,ICN
3024,8,346.5,AOJ,ICN
3025,8,350.6,AOJ,ICN
3026,8,360.5,HKD,ICN
3027,8,365.8,HKD,ICN
3028,8,338.7,HKD,ICN
3029,8,340.1,HKD,ICN
3030,8,343.0,HKD,ICN
3031,8,347.2,HKD,ICN
3032,8,352.3,HKD,ICN
3033,8,358.3,HKD,ICN
3034,8,328.7,HKD,ICN
3035,8,330.5,HKD,ICN
3036,8,334.0,HKD,ICN
3037,8,413.6,HKD,ICN
3038,8,354.6,HKD,ICN
3039,8,346.8,HKD,ICN
3040,8,359.2,HKD,ICN
3041,8,350.7,HKD,ICN
3042,8,342.3,HKD,ICN
3043,8,334.2,HKD,ICN
3044,8,357.1,HKD,ICN
3045,8,348.3,HKD,ICN
3046,8,339.5,HKD,ICN
3047,8,330.8,HKD,ICN
3048,8,322.2,HKD,ICN
3049,8,347.5,HKD,ICN
3050,8,338.6,HKD,ICN
3051,8,329.6,HKD,ICN
3052,8,320.7,HKD,ICN
3053,8,311.8,HKD,ICN
3054,8,294.0,HKD,ICN
3055,8,292.7,HKD,ICN
3056,8,301.6,HKD,ICN
3057,8,310.5,HKD,ICN
3058,8,339.6,HKD,ICN
3059,8,330.9,HKD,ICN
3060,8,322.4,HKD,ICN
3061,8,314.1,HKD,ICN
3062,8,306.4,HKD,ICN
3063,8,300.5,HKD,ICN
3064,8,300.0,HKD,ICN
3065,8,305.3,HKD,ICN
3066,8,312.9,HKD,ICN
3067,8,342.5,HKD,ICN
3068,8,334.5,HKD,ICN
3069,8,326.7,HKD,ICN
3070,8,319.6,HKD,ICN
3071,8,313.7,HKD,ICN
3072,8,310.0,HKD,ICN
3073,8,309.7,HKD,ICN
3074,8,449.9,CTS,PUS
3075,8,354.8,HKD,ICN
3076,8,347.1,HKD,ICN
3077,8,339.7,HKD,ICN
3078,8,332.9,HKD,ICN
3079,8,327.0,HKD,ICN
3080,8,322.5,HKD,ICN
3081,8,319.8,HKD,ICN
3082,8,436.9,CTS,PUS
3083,8,444.2,CTS,PUS
3084,8,407.7,HKD,ICN
3085,8,367.4,HKD,ICN
3086,8,360.0,HKD,ICN
3087,8,352.9,HKD,ICN
3088,8,346.3,HKD,ICN
3089,8,340.4,HKD,ICN
3090,8,416.6,CTS,PUS
3091,8,423.9,CTS,PUS
3092,8,431.3,CTS,PUS
3093,8,438.9,CTS,PUS
3094,8,380.3,HKD,ICN
3095,8,373.0,HKD,ICN
3096,8,366.1,HKD,ICN
3097,8,359.6,HKD,ICN
3098,8,353.7,HKD,ICN
3099,8,396.4,CTS,PUS
3100,8,403.6,CTS,PUS
3101,8,411.0,CTS,PUS
3102,8,418.6,CTS,PUS
3103,8,426.4,CTS,PUS
3104,8,434.2,CTS,PUS
3105,8,393.2,HKD,ICN
3106,8,386.1,HKD,ICN
3107,8,379.3,HKD,ICN
3108,8,373.0,HKD,ICN
3109,8,367.1,HKD,ICN
3110,8,350.8,HKD,ICN
3111,8,376.3,CTS,PUS
3112,8,383.4,CTS,PUS
3113,8,390.7,CTS,PUS
3114,8,398.3,CTS,PUS
3115,8,406.0,CTS,PUS
3116,8,413.9,CTS,PUS
3117,8,422.0,CTS,PUS
3118,8,430.1,CTS,PUS
3119,8,392.6,HKD,ICN
3120,8,386.3,HKD,ICN
3121,8,380.4,HKD,ICN
3122,8,375.0,HKD,ICN
3123,8,360.6,HKD,ICN
3124,8,358.5,CTS,PUS
3125,8,356.4,CTS,PUS
3126,8,363.2,CTS,PUS
3127,8,370.5,CTS,PUS
3128,8,378.0,CTS,PUS
3129,8,385.8,CTS,PUS
3130,8,393.7,CTS,PUS
3131,8,401.8,CTS,PUS
3132,8,410.0,CTS,PUS
3133,8,418.2,CTS,PUS
3134,8,426.5,CTS,PUS
3135,8,434.9,CTS,PUS
3136,8,399.6,HKD,ICN
3137,8,393.8,HKD,ICN
3138,8,388.3,HKD,ICN
3139,8,383.4,HKD,ICN
3140,8,379.1,HKD,ICN
3141,8,368.1,CTS,PUS
3142,8,360.3,CTS,PUS
3143,8,352.6,CTS,PUS
3144,8,345.4,CTS,PUS
3145,8,336.7,CTS,PUS
3146,8,343.2,CTS,PUS
3147,8,350.2,CTS,PUS
3148,8,357.7,CTS,PUS
3149,8,365.5,CTS,PUS
3150,8,373.5,CTS,PUS
3151,8,381.7,CTS,PUS
3152,8,390.0,CTS,PUS
3153,8,398.3,CTS,PUS
3154,8,406.7,CTS,PUS
3155,8,415.2,CTS,PUS
3156,8,423.7,CTS,PUS
3157,8,432.2,CTS,PUS
3158,8,440.8,CTS,PUS
3159,8,407.1,HKD,ICN
3160,8,401.6,HKD,ICN
3161,8,396.6,HKD,ICN
3162,8,392.1,HKD,ICN
3163,8,388.1,HKD,ICN
3164,8,384.9,HKD,ICN
3165,8,382.3,HKD,ICN
3166,8,372.9,CTS,PUS
3167,8,364.5,CTS,PUS
3168,8,356.1,CTS,PUS
3169,8,348.0,CTS,PUS
3170,8,340.0,CTS,PUS
3171,8,332.4,CTS,PUS
3172,8,325.5,CTS,PUS
3173,8,323.4,CTS,PUS
3174,8,330.1,CTS,PUS
3175,8,337.5,CTS,PUS
3176,8,345.3,CTS,PUS
3177,8,353.5,CTS,PUS
3178,8,361.7,CTS,PUS
3179,8,370.1,CTS,PUS
3180,8,378.6,CTS,PUS
3181,8,387.1,CTS,PUS
3182,8,395.7,CTS,PUS
3183,8,404.3,CTS,PUS
3184,8,412.9,CTS,PUS
3185,8,421.6,CTS,PUS
3186,8,430.2,CTS,PUS
3187,8,438.9,CTS,PUS
3188,8,414.9,HKD,ICN
3189,8,409.8,HKD,ICN
3190,8,405.1,HKD,ICN
3191,8,401.0,HKD,ICN
3192,8,397.4,HKD,ICN
3193,8,394.4,HKD,ICN
3194,8,388.1,CTS,PUS
3195,8,379.4,CTS,PUS
3196,8,370.8,CTS,PUS
3197,8,362.1,CTS,PUS
3198,8,353.4,CTS,PUS
3199,8,344.9,CTS,PUS
3200,8,336.3,CTS,PUS
3201,8,327.9,CTS,PUS
3202,8,319.8,CTS,PUS
3203,8,312.3,CTS,PUS
3204,8,306.5,CTS,PUS
3205,8,305.4,CTS,PUS
3206,8,310.1,CTS,PUS
3207,8,317.3,CTS,PUS
3208,8,325.3,CTS,PUS
3209,8,333.6,CTS,PUS
3210,8,342.1,CTS,PUS
3211,8,350.6,CTS,PUS
3212,8,359.3,CTS,PUS
3213,8,367.9,CTS,PUS
3214,8,376.6,CTS,PUS
3215,8,385.3,CTS,PUS
3216,8,394.0,CTS,PUS
3217,8,402.7,CTS,PUS
3218,8,411.5,CTS,PUS
3219,8,420.2,CTS,PUS
3220,8,428.9,CTS,PUS
3221,8,437.7,CTS,PUS
3222,8,446.0,AKJ,ICN
3223,8,410.0,HKD,ICN
3224,8,405.0,CTS,PUS
3225,8,396.2,CTS,PUS
3226,8,387.4,CTS,PUS
3227,8,378.7,CTS,PUS
3228,8,369.9,CTS,PUS
3229,8,361.1,CTS,PUS
3230,8,352.4,CTS,PUS
3231,8,343.6,CTS,PUS
3232,8,334.8,CTS,PUS
3233,8,326.1,CTS,PUS
3234,8,317.3,CTS,PUS
3235,8,308.6,CTS,PUS
3236,8,299.9,CTS,PUS
3237,8,297.1,CTS,PUS
3238,8,305.7,CTS,PUS
3239,8,314.5,CTS,PUS
3240,8,323.2,CTS,PUS
3241,8,332.0,CTS,PUS
3242,8,340.8,CTS,PUS
3243,8,349.5,CTS,PUS
3244,8,358.3,CTS,PUS
3245,8,367.0,CTS,PUS
3246,8,375.8,CTS,PUS
3247,8,384.6,CTS,PUS
3248,8,393.3,CTS,PUS
3249,8,402.1,CTS,PUS
3250,8,410.9,CTS,PUS
3251,8,419.6,CTS,PUS
3252,8,427.4,AKJ,ICN
3253,8,432.7,AKJ,ICN
3254,8,438.3,AKJ,ICN
3255,8,444.2,AKJ,ICN
3256,8,396.5,CTS,PUS
3257,8,387.8,CTS,PUS
3258,8,379.1,CTS,PUS
3259,8,370.4,CTS,PUS
3260,8,361.7,CTS,PUS
3261,8,353.0,CTS,PUS
3262,8,344.4,CTS,PUS
3263,8,335.8,CTS,PUS
3264,8,327.3,CTS,PUS
3265,8,318.9,CTS,PUS
3266,8,311.0,CTS,PUS
3267,8,304.6,CTS,PUS
3268,8,303.4,CTS,PUS
3269,8,308.7,CTS,PUS
3270,8,316.3,CTS,PUS
3271,8,324.5,CTS,PUS
3272,8,333.0,CTS,PUS
3273,8,341.6,CTS,PUS
3274,8,350.2,CTS,PUS
3275,8,358.8,CTS,PUS
3276,8,367.5,CTS,PUS
3277,8,376.2,CTS,PUS
3278,8,384.9,CTS,PUS
3279,8,393.7,CTS,PUS
3280,8,402.4,CTS,PUS
3281,8,409.4,AKJ,ICN
3282,8,414.2,AKJ,ICN
3283,8,419.4,AKJ,ICN
3284,8,425.0,AKJ,ICN
3285,8,430.9,AKJ,ICN
3286,8,437.2,AKJ,ICN
3287,8,443.7,AKJ,ICN
3288,8,450.4,AKJ,ICN
3289,8,397.8,CTS,PUS
3290,8,389.2,CTS,PUS
3291,8,380.6,CTS,PUS
3292,8,372.1,CTS,PUS
3293,8,363.7,CTS,PUS
3294,8,355.3,CTS,PUS
3295,8,347.0,CTS,PUS
3296,8,339.0,CTS,PUS
3297,8,331.2,CTS,PUS
3298,8,324.0,CTS,PUS
3299,8,317.9,CTS,PUS
3300,8,313.8,CTS,PUS
3301,8,313.1,CTS,PUS
3302,8,316.2,CTS,PUS
3303,8,321.8,CTS,PUS
3304,8,328.8,CTS,PUS
3305,8,336.4,CTS,PUS
3306,8,344.4,CTS,PUS
3307,8,352.6,CTS,PUS
3308,8,360.9,CTS,PUS
3309,8,369.4,CTS,PUS
3310,8,377.9,CTS,PUS
3311,8,386.4,CTS,PUS
3312,8,392.4,AKJ,ICN
3313,8,396.4,AKJ,ICN
3314,8,401.0,AKJ,ICN
3315,8,406.1,AKJ,ICN
3316,8,411.7,AKJ,ICN
3317,8,417.6,AKJ,ICN
3318,8,423.9,AKJ,ICN
3319,8,430.5,AKJ,ICN
3320,8,437.4,AKJ,ICN
3321,8,444.4,AKJ,ICN
3322,8,451.6,AKJ,ICN
3323,8,505.3,AKJ,ICN
3324,8,391.6,CTS,PUS
3325,8,383.3,CTS,PUS
3326,8,375.1,CTS,PUS
3327,8,367.0,CTS,PUS
3328,8,359.0,CTS,PUS
3329,8,351.3,CTS,PUS
3330,8,344.0,CTS,PUS
3331,8,337.2,CTS,PUS
3332,8,331.1,CTS,PUS
3333,8,326.4,CTS,PUS
3334,8,323.5,CTS,PUS
3335,8,323.1,CTS,PUS
3336,8,325.2,CTS,PUS
3337,8,329.4,CTS,PUS
3338,8,335.1,CTS,PUS
3339,8,341.7,CTS,PUS
3340,8,348.9,CTS,PUS
3341,8,356.5,CTS,PUS
3342,8,364.4,CTS,PUS
3343,8,372.4,CTS,PUS
3344,8,376.9,AKJ,ICN
3345,8,379.7,AKJ,ICN
3346,8,383.4,AKJ,ICN
3347,8,387.8,AKJ,ICN
3348,8,392.8,AKJ,ICN
3349,8,398.4,AKJ,ICN
3350,8,404.4,AKJ,ICN
3351,8,410.7,AKJ,ICN
3352,8,417.4,AKJ,ICN
3353,8,424.4,AKJ,ICN
3354,8,431.5,AKJ,ICN
3355,8,438.8,AKJ,ICN
3356,8,446.3,AKJ,ICN
3357,8,453.9,AKJ,ICN
3358,8,461.6,AKJ,ICN
3359,8,469.4,AKJ,ICN
3360,8,477.3,AKJ,ICN
3361,8,485.3,AKJ,ICN
3362,8,493.3,AKJ,ICN
3363,8,501.4,AKJ,ICN
3364,8,509.5,AKJ,ICN
3365,8,517.7,AKJ,ICN
3366,8,395.0,CTS,PUS
3367,8,387.0,CTS,PUS
3368,8,379.1,CTS,PUS
3369,8,371.5,CTS,PUS
3370,8,364.0,CTS,PUS
3371,8,357.0,CTS,PUS
3372,8,350.4,CTS,PUS
3373,8,344.4,CTS,PUS
3374,8,339.4,CTS,PUS
3375,8,335.6,CTS,PUS
3376,8,333.4,CTS,PUS
3377,8,333.1,CTS,PUS
3378,8,334.7,CTS,PUS
3379,8,338.0,CTS,PUS
3380,8,342.7,CTS,PUS
3381,8,348.3,CTS,PUS
3382,8,354.8,CTS,PUS
3383,8,361.7,CTS,PUS
3384,8,364.2,AKJ,ICN
3385,8,365.2,AKJ,ICN
3386,8,367.3,AKJ,ICN
3387,8,370.5,AKJ,ICN
3388,8,374.7,AKJ,ICN
3389,8,379.6,AKJ,ICN
3390,8,385.1,AKJ,ICN
3391,8,391.1,AKJ,ICN
3392,8,397.6,AKJ,ICN
3393,8,404.4,AKJ,ICN
3394,8,411.4,AKJ,ICN
3395,8,418.7,AKJ,ICN
3396,8,426.2,AKJ,ICN
3397,8,433.8,AKJ,ICN
3398,8,441.5,AKJ,ICN
3399,8,449.4,AKJ,ICN
3400,8,457.3,AKJ,ICN
3401,8,465.3,AKJ,ICN
3402,8,473.4,AKJ,ICN
3403,8,481.5,AKJ,ICN
3404,8,489.7,AKJ,ICN
3405,8,497.9,AKJ,ICN
3406,8,506.2,AKJ,ICN
3407,8,514.5,AKJ,ICN
3408,8,522.8,AKJ,ICN
3409,8,407.0,CTS,PUS
3410,8,399.2,CTS,PUS
3411,8,391.5,CTS,PUS
3412,8,384.1,CTS,PUS
3413,8,370.0,CTS,PUS
3414,8,348.2,CTS,PUS
3415,8,345.1,CTS,PUS
3416,8,343.3,CTS,PUS
3417,8,343.1,CTS,PUS
3418,8,344.3,CTS,PUS
3419,8,347.0,CTS,PUS
3420,8,351.0,CTS,PUS
3421,8,355.9,CTS,PUS
3422,8,356.2,AKJ,ICN
3423,8,354.5,AKJ,ICN
3424,8,354.2,AKJ,ICN
3425,8,355.3,AKJ,ICN
3426,8,357.9,AKJ,ICN
3427,8,361.6,AKJ,ICN
3428,8,366.3,AKJ,ICN
3429,8,371.8,AKJ,ICN
3430,8,377.9,AKJ,ICN
3431,8,384.5,AKJ,ICN
3432,8,391.4,AKJ,ICN
3433,8,398.6,AKJ,ICN
3434,8,406.1,AKJ,ICN
3435,8,413.7,AKJ,ICN
3436,8,421.5,AKJ,ICN
3437,8,429.4,AKJ,ICN
3438,8,437.4,AKJ,ICN
3439,8,445.4,AKJ,ICN
3440,8,453.5,AKJ,ICN
3441,8,461.7,AKJ,ICN
3442,8,470.0,AKJ,ICN
3443,8,478.2,AKJ,ICN
3444,8,486.6,AKJ,ICN
3445,8,494.9,AKJ,ICN
3446,8,503.3,AKJ,ICN
3447,8,511.7,AKJ,ICN
3448,8,520.1,AKJ,ICN
3449,8,528.5,AKJ,ICN
3450,8,537.0,AKJ,ICN
3451,8,545.5,AKJ,ICN
3452,8,553.9,AKJ,ICN
3453,8,562.4,AKJ,ICN
3454,8,411.6,CTS,PUS
3455,8,404.2,CTS,PUS
3456,8,357.4,CTS,PUS
3457,8,354.7,CTS,PUS
3458,8,353.3,CTS,PUS
3459,8,353.1,CTS,PUS
3460,8,354.1,CTS,PUS
3461,8,356.4,CTS,PUS
3462,8,355.3,AKJ,ICN
3463,8,350.4,AKJ,ICN
3464,8,346.7,AKJ,ICN
3465,8,344.6,AKJ,ICN
3466,8,344.2,AKJ,ICN
3467,8,345.6,AKJ,ICN
3468,8,348.7,AKJ,ICN
3469,8,353.1,AKJ,ICN
3470,8,358.6,AKJ,ICN
3471,8,364.7,AKJ,ICN
3472,8,371.5,AKJ,ICN
3473,8,378.6,AKJ,ICN
3474,8,386.0,AKJ,ICN
3475,8,393.7,AKJ,ICN
3476,8,401.5,AKJ,ICN
3477,8,409.4,AKJ,ICN
3478,8,417.5,AKJ,ICN
3479,8,425.6,AKJ,ICN
3480,8,433.8,AKJ,ICN
3481,8,442.1,AKJ,ICN
3482,8,450.4,AKJ,ICN
3483,8,458.7,AKJ,ICN
3484,8,467.1,AKJ,ICN
3485,8,475.5,AKJ,ICN
3486,8,483.9,AKJ,ICN
3487,8,492.4,AKJ,ICN
3488,8,500.8,AKJ,ICN
3489,8,509.3,AKJ,ICN
3490,8,517.8,AKJ,ICN
3491,8,526.3,AKJ,ICN
3492,8,534.9,AKJ,ICN
3493,8,543.4,AKJ,ICN
3494,8,560.5,AKJ,ICN
3495,8,364.5,CTS,PUS
3496,8,363.2,CTS,PUS
3497,8,363.1,CTS,PUS
3498,8,361.6,AKJ,ICN
3499,8,354.5,AKJ,ICN
3500,8,347.8,AKJ,ICN
3501,8,342.0,AKJ,ICN
3502,8,337.5,AKJ,ICN
3503,8,334.7,AKJ,ICN
3504,8,334.2,AKJ,ICN
3505,8,336.1,AKJ,ICN
3506,8,340.0,AKJ,ICN
3507,8,345.3,AKJ,ICN
3508,8,351.6,AKJ,ICN
3509,8,358.6,AKJ,ICN
3510,8,366.0,AKJ,ICN
3511,8,373.6,AKJ,ICN
3512,8,381.5,AKJ,ICN
3513,8,389.6,AKJ,ICN
3514,8,397.7,AKJ,ICN
3515,8,405.9,AKJ,ICN
3516,8,414.2,AKJ,ICN
3517,8,422.6,AKJ,ICN
3518,8,430.9,AKJ,ICN
3519,8,439.4,AKJ,ICN
3520,8,447.8,AKJ,ICN
3521,8,456.3,AKJ,ICN
3522,8,464.8,AKJ,ICN
3523,8,473.3,AKJ,ICN
3524,8,481.8,AKJ,ICN
3525,8,490.3,AKJ,ICN
3526,8,498.9,AKJ,ICN
3527,8,507.4,AKJ,ICN
3528,8,516.0,AKJ,ICN
3529,8,524.6,AKJ,ICN
3530,8,533.1,AKJ,ICN
3531,8,376.4,CTS,PUS
3532,8,374.3,CTS,PUS
3533,8,373.2,CTS,PUS
3534,8,365.1,AKJ,ICN
3535,8,357.0,AKJ,ICN
3536,8,349.1,AKJ,ICN
3537,8,341.6,AKJ,ICN
3538,8,334.7,AKJ,ICN
3539,8,328.8,AKJ,ICN
3540,8,325.0,AKJ,ICN
3541,8,324.2,AKJ,ICN
3542,8,326.9,AKJ,ICN
3543,8,332.1,AKJ,ICN
3544,8,338.6,AKJ,ICN
3545,8,345.9,AKJ,ICN
3546,8,353.7,AKJ,ICN
3547,8,361.7,AKJ,ICN
3548,8,369.8,AKJ,ICN
3549,8,378.1,AKJ,ICN
3550,8,386.5,AKJ,ICN
3551,8,394.9,AKJ,ICN
3552,8,403.3,AKJ,ICN
3553,8,411.8,AKJ,ICN
3554,8,420.3,AKJ,ICN
3555,8,428.8,AKJ,ICN
3556,8,437.4,AKJ,ICN
3557,8,445.9,AKJ,ICN
3558,8,454.5,AKJ,ICN
3559,8,463.1,AKJ,ICN
3560,8,471.6,AKJ,ICN
3561,8,480.2,AKJ,ICN
3562,8,488.8,AKJ,ICN
3563,8,497.4,AKJ,ICN
3564,8,506.0,AKJ,ICN
3565,8,514.6,AKJ,ICN
3566,8,523.2,AKJ,ICN
3567,8,386.0,CTS,PUS
3568,8,379.5,AKJ,ICN
3569,8,371.0,AKJ,ICN
3570,8,362.4,AKJ,ICN
3571,8,354.0,AKJ,ICN
3572,8,345.5,AKJ,ICN
3573,8,337.2,AKJ,ICN
3574,8,329.2,AKJ,ICN
3575,8,321.7,AKJ,ICN
3576,8,315.7,AKJ,ICN
3577,8,314.4,AKJ,ICN
3578,8,318.9,AKJ,ICN
3579,8,325.9,AKJ,ICN
3580,8,333.9,AKJ,ICN
3581,8,342.1,AKJ,ICN
3582,8,350.4,AKJ,ICN
3583,8,358.9,AKJ,ICN
3584,8,367.4,AKJ,ICN
3585,8,375.9,AKJ,ICN
3586,8,384.5,AKJ,ICN
3587,8,393.1,AKJ,ICN
3588,8,401.7,AKJ,ICN
3589,8,410.3,AKJ,ICN
3590,8,418.9,AKJ,ICN
3591,8,427.5,AKJ,ICN
3592,8,436.1,AKJ,ICN
3593,8,444.7,AKJ,ICN
3594,8,453.3,AKJ,ICN
3595,8,462.0,AKJ,ICN
3596,8,470.6,AKJ,ICN
3597,8,479.2,AKJ,ICN
3598,8,487.8,AKJ,ICN
3599,8,496.5,AKJ,ICN
3600,8,505.1,AKJ,ICN
3601,8,513.7,AKJ,ICN
3602,8,522.4,AKJ,ICN
3603,8,387.4,AKJ,ICN
3604,8,378.7,AKJ,ICN
3605,8,370.1,AKJ,ICN
3606,8,361.4,AKJ,ICN
3607,8,352.8,AKJ,ICN
3608,8,344.2,AKJ,ICN
3609,8,335.5,AKJ,ICN
3610,8,326.9,AKJ,ICN
3611,8,318.3,AKJ,ICN
3612,8,309.6,AKJ,ICN
3613,8,306.1,AKJ,ICN
3614,8,314.7,AKJ,ICN
3615,8,323.3,AKJ,ICN
3616,8,331.9,AKJ,ICN
3617,8,340.6,AKJ,ICN
3618,8,349.2,AKJ,ICN
3619,8,357.9,AKJ,ICN
3620,8,366.5,AKJ,ICN
3621,8,375.1,AKJ,ICN
3622,8,383.8,AKJ,ICN
3623,8,392.4,AKJ,ICN
3624,8,401.0,AKJ,ICN
3625,8,409.7,AKJ,ICN
3626,8,418.3,AKJ,ICN
3627,8,426.9,AKJ,ICN
3628,8,435.6,AKJ,ICN
3629,8,444.2,AKJ,ICN
3630,8,452.9,AKJ,ICN
3631,8,461.5,AKJ,ICN
3632,8,470.1,AKJ,ICN
3633,8,478.8,AKJ,ICN
3634,8,487.4,AKJ,ICN
3635,8,496.0,AKJ,ICN
3636,8,504.7,AKJ,ICN
3637,8,513.3,AKJ,ICN
3638,8,387.8,AKJ,ICN
3639,8,379.3,AKJ,ICN
3640,8,370.7,AKJ,ICN
3641,8,362.2,AKJ,ICN
3642,8,353.7,AKJ,ICN
3643,8,345.2,AKJ,ICN
3644,8,336.9,AKJ,ICN
3645,8,328.7,AKJ,ICN
3646,8,321.0,AKJ,ICN
3647,8,314.8,AKJ,ICN
3648,8,313.3,AKJ,ICN
3649,8,318.1,AKJ,ICN
3650,8,325.4,AKJ,ICN
3651,8,333.5,AKJ,ICN
3652,8,341.7,AKJ,ICN
3653,8,350.1,AKJ,ICN
3654,8,358.6,AKJ,ICN
3655,8,367.1,AKJ,ICN
3656,8,375.7,AKJ,ICN
3657,8,384.3,AKJ,ICN
3658,8,392.8,AKJ,ICN
3659,8,401.4,AKJ,ICN
3660,8,410.0,AKJ,ICN
3661,8,418.6,AKJ,ICN
3662,8,427.2,AKJ,ICN
3663,8,435.8,AKJ,ICN
3664,8,444.4,AKJ,ICN
3665,8,453.0,AKJ,ICN
3666,8,461.7,AKJ,ICN
3667,8,470.3,AKJ,ICN
3668,8,478.9,AKJ,ICN
3669,8,487.5,AKJ,ICN
3670,8,496.1,AKJ,ICN
3671,8,504.8,AKJ,ICN
3672,8,513.4,AKJ,ICN
3673,8,547.9,AKJ,ICN
3674,8,381.1,AKJ,ICN
3675,8,372.8,AKJ,ICN
3676,8,364.6,AKJ,ICN
3677,8,356.5,AKJ,ICN
3678,8,348.5,AKJ,ICN
3679,8,341.0,AKJ,ICN
3680,8,333.9,AKJ,ICN
3681,8,327.9,AKJ,ICN
3682,8,323.9,AKJ,ICN
3683,8,323.2,AKJ,ICN
3684,8,326.0,AKJ,ICN
3685,8,331.3,AKJ,ICN
3686,8,337.9,AKJ,ICN
3687,8,345.3,AKJ,ICN
3688,8,353.1,AKJ,ICN
3689,8,361.2,AKJ,ICN
3690,8,369.3,AKJ,ICN
3691,8,377.6,AKJ,ICN
3692,8,386.0,AKJ,ICN
3693,8,394.4,AKJ,ICN
3694,8,402.8,AKJ,ICN
3695,8,411.3,AKJ,ICN
3696,8,419.8,AKJ,ICN
3697,8,428.3,AKJ,ICN
3698,8,436.8,AKJ,ICN
3699,8,445.4,AKJ,ICN
3700,8,453.9,AKJ,ICN
3701,8,462.5,AKJ,ICN
3702,8,471.0,AKJ,ICN
3703,8,479.6,AKJ,ICN
3704,8,488.2,AKJ,ICN
3705,8,496.7,AKJ,ICN
3706,8,505.3,AKJ,ICN
3707,8,513.9,AKJ,ICN
3708,8,548.3,AKJ,ICN
3709,8,368.4,AKJ,ICN
3710,8,360.9,AKJ,ICN
3711,8,353.7,AKJ,ICN
3712,8,347.0,AKJ,ICN
3713,8,341.1,AKJ,ICN
3714,8,336.5,AKJ,ICN
3715,8,333.6,AKJ,ICN
3716,8,333.1,AKJ,ICN
3717,8,335.0,AKJ,ICN
3718,8,339.0,AKJ,ICN
3719,8,344.4,AKJ,ICN
3720,8,350.8,AKJ,ICN
3721,8,357.8,AKJ,ICN
3722,8,365.2,AKJ,ICN
3723,8,372.9,AKJ,ICN
3724,8,380.8,AKJ,ICN
3725,8,388.8,AKJ,ICN
3726,8,397.0,AKJ,ICN
3727,8,405.2,AKJ,ICN
3728,8,413.5,AKJ,ICN
3729,8,421.8,AKJ,ICN
3730,8,430.2,AKJ,ICN
3731,8,438.6,AKJ,ICN
3732,8,447.0,AKJ,ICN
3733,8,455.4,AKJ,ICN
3734,8,463.9,AKJ,ICN
3735,8,497.9,AKJ,ICN
3736,8,506.4,AKJ,ICN
3737,8,514.9,AKJ,ICN
3738,8,557.6,AKJ,ICN
3739,8,566.2,AKJ,ICN
3740,8,373.5,AKJ,ICN
3741,8,366.6,AKJ,ICN
3742,8,360.1,AKJ,ICN
3743,8,354.3,AKJ,ICN
3744,8,349.4,AKJ,ICN
3745,8,345.7,AKJ,ICN
3746,8,343.5,AKJ,ICN
3747,8,343.1,AKJ,ICN
3748,8,344.6,AKJ,ICN
3749,8,347.7,AKJ,ICN
3750,8,352.1,AKJ,ICN
3751,8,357.6,AKJ,ICN
3752,8,363.8,AKJ,ICN
3753,8,370.6,AKJ,ICN
3754,8,377.7,AKJ,ICN
3755,8,385.1,AKJ,ICN
3756,8,392.8,AKJ,ICN
3757,8,400.5,AKJ,ICN
3758,8,408.5,AKJ,ICN
3759,8,416.5,AKJ,ICN
3760,8,424.6,AKJ,ICN
3761,8,432.8,AKJ,ICN
3762,8,441.0,AKJ,ICN
3763,8,449.3,AKJ,ICN
3764,8,507.9,AKJ,ICN
3765,8,516.4,AKJ,ICN
3766,8,524.9,AKJ,ICN
3767,8,567.3,AKJ,ICN
3768,8,575.8,AKJ,ICN
3769,8,379.6,AKJ,ICN
3770,8,373.3,AKJ,ICN
3771,8,367.5,AKJ,ICN
3772,8,362.4,AKJ,ICN
3773,8,358.3,AKJ,ICN
3774,8,355.2,AKJ,ICN
3775,8,353.4,AKJ,ICN
3776,8,353.1,AKJ,ICN
3777,8,354.3,AKJ,ICN
3778,8,356.8,AKJ,ICN
3779,8,360.6,AKJ,ICN
3780,8,365.3,AKJ,ICN
3781,8,370.8,AKJ,ICN
3782,8,376.9,AKJ,ICN
3783,8,383.5,AKJ,ICN
3784,8,390.4,AKJ,ICN
3785,8,397.6,AKJ,ICN
3786,8,405.0,AKJ,ICN
3787,8,412.6,AKJ,ICN
3788,8,420.3,AKJ,ICN
3789,8,428.1,AKJ,ICN
3790,8,436.1,AKJ,ICN
3791,8,444.1,AKJ,ICN
3792,8,518.3,AKJ,ICN
3793,8,526.7,AKJ,ICN
3794,8,577.3,AKJ,ICN
3795,8,386.4,AKJ,ICN
3796,8,380.7,AKJ,ICN
3797,8,375.5,AKJ,ICN
3798,8,371.1,AKJ,ICN
3799,8,367.5,AKJ,ICN
3800,8,364.9,AKJ,ICN
3801,8,363.4,AKJ,ICN
3802,8,363.1,AKJ,ICN
3803,8,364.1,AKJ,ICN
3804,8,366.2,AKJ,ICN
3805,8,369.5,AKJ,ICN
3806,8,373.6,AKJ,ICN
3807,8,378.5,AKJ,ICN
3808,8,384.0,AKJ,ICN
3809,8,390.0,AKJ,ICN
3810,8,396.4,AKJ,ICN
3811,8,403.2,AKJ,ICN
3812,8,410.2,AKJ,ICN
3813,8,417.4,AKJ,ICN
3814,8,537.3,AKJ,ICN
3815,8,587.5,AKJ,ICN
3816,8,595.9,AKJ,ICN
3817,8,393.9,AKJ,ICN
3818,8,388.6,AKJ,ICN
3819,8,384.0,AKJ,ICN
3820,8,380.0,AKJ,ICN
3821,8,376.9,AKJ,ICN
3822,8,374.6,AKJ,ICN
3823,8,373.4,AKJ,ICN
3824,8,373.1,AKJ,ICN
3825,8,374.0,AKJ,ICN
3826,8,375.8,AKJ,ICN
3827,8,378.6,AKJ,ICN
3828,8,382.3,AKJ,ICN
3829,8,386.6,AKJ,ICN
3830,8,391.6,AKJ,ICN
3831,8,397.1,AKJ,ICN
3832,8,403.1,AKJ,ICN
3833,8,409.4,AKJ,ICN
3834,8,597.9,AKJ,ICN
3835,8,606.2,AKJ,ICN
3836,8,614.6,AKJ,ICN
3837,8,401.8,AKJ,ICN
3838,8,397.0,AKJ,ICN
3839,8,392.8,AKJ,ICN
3840,8,389.2,AKJ,ICN
3841,8,386.4,AKJ,ICN
3842,8,384.4,AKJ,ICN
3843,8,383.3,AKJ,ICN
3844,8,383.1,AKJ,ICN
3845,8,383.9,AKJ,ICN
3846,8,385.5,AKJ,ICN
3847,8,388.0,AKJ,ICN
3848,8,391.2,AKJ,ICN
3849,8,395.2,AKJ,ICN
3850,8,399.7,AKJ,ICN
3851,8,404.8,AKJ,ICN
3852,8,600.2,AKJ,ICN
3853,8,608.5,AKJ,ICN
3854,8,616.8,AKJ,ICN
3855,8,625.1,AKJ,ICN
3856,8,633.4,AKJ,ICN
3857,8,405.6,AKJ,ICN
3858,8,401.8,AKJ,ICN
3859,8,398.6,AKJ,ICN
3860,8,396.1,AKJ,ICN
3861,8,394.3,AKJ,ICN
3862,8,393.3,AKJ,ICN
3863,8,393.2,AKJ,ICN
3864,8,393.8,AKJ,ICN
3865,8,395.3,AKJ,ICN
3866,8,397.5,AKJ,ICN
3867,8,400.4,AKJ,ICN
3868,8,404.0,AKJ,ICN
3869,8,408.1,AKJ,ICN
3870,8,611.0,AKJ,ICN
3871,8,414.5,AKJ,ICN
3872,8,411.0,AKJ,ICN
3873,8,408.1,AKJ,ICN
3874,8,405.8,AKJ,ICN
3875,8,404.2,AKJ,ICN
3876,8,403.3,AKJ,ICN
3877,8,403.2,AKJ,ICN
3878,8,403.8,AKJ,ICN
3879,8,405.1,AKJ,ICN
3880,8,407.1,AKJ,ICN
3881,8,409.7,AKJ,ICN
3882,8,423.6,AKJ,ICN
3883,8,420.3,AKJ,ICN
3884,8,417.7,AKJ,ICN
3885,8,415.6,AKJ,ICN
3886,8,414.1,AKJ,ICN
3887,8,413.3,AKJ,ICN
3888,8,413.2,AKJ,ICN
3889,8,413.7,AKJ,ICN
3890,8,414.9,AKJ,ICN
3891,8,416.7,AKJ,ICN
3892,8,432.8,AKJ,ICN
3893,8,429.8,AKJ,ICN
3894,8,427.3,AKJ,ICN
3895,8,425.4,AKJ,ICN
3896,8,424.1,AKJ,ICN
3897,8,423.3,AKJ,ICN
3898,8,423.2,AKJ,ICN
3899,8,423.7,AKJ,ICN
3900,8,424.8,AKJ,ICN
3901,8,442.1,AKJ,ICN
3902,8,439.3,AKJ,ICN
3903,8,437.0,AKJ,ICN
3904,8,435.2,AKJ,ICN
3905,8,434.0,AKJ,ICN
3906,8,433.3,AKJ,ICN
3907,8,433.2,AKJ,ICN
3908,8,433.7,AKJ,ICN
3909,8,454.5,AKJ,ICN
3910,8,451.5,AKJ,ICN
3911,8,448.9,AKJ,ICN
3912,8,446.8,AKJ,ICN
3913,8,445.1,AKJ,ICN
3914,8,444.0,AKJ,ICN
3915,8,443.3,AKJ,ICN
3916,8,443.2,AKJ,ICN
3917,8,463.8,AKJ,ICN
3918,8,461.0,AKJ,ICN
3919,8,458.5,AKJ,ICN
3920,8,456.5,AKJ,ICN
3921,8,455.0,AKJ,ICN
3922,8,453.9,AKJ,ICN
3923,8,453.4,AKJ,ICN
3924,8,453.3,AKJ,ICN
3925,8,476.3,AKJ,ICN
3926,8,473.2,AKJ,ICN
3927,8,470.5,AKJ,ICN
3928,8,468.2,AKJ,ICN
3929,8,466.4,AKJ,ICN
3930,8,464.9,AKJ,ICN
3931,8,463.9,AKJ,ICN
3932,8,463.4,AKJ,ICN
3933,8,500.4,AKJ,ICN
3934,8,496.3,AKJ,ICN
3935,8,485.5,AKJ,ICN
3936,8,482.6,AKJ,ICN
3937,8,480.1,AKJ,ICN
3938,8,477.9,AKJ,ICN
3939,8,476.2,AKJ,ICN
3940,8,474.8,AKJ,ICN
3941,8,473.9,AKJ,ICN
3942,8,494.9,AKJ,ICN
3943,8,492.1,AKJ,ICN
3944,8,489.7,AKJ,ICN
3945,8,487.7,AKJ,ICN
3946,8,486.0,AKJ,ICN
3947,8,484.8,AKJ,ICN
3948,8,501.7,AKJ,ICN
3949,8,499.4,AKJ,ICN
3950,8,497.5,AKJ,ICN
3951,8,495.9,AKJ,ICN
3952,8,507.3,AKJ,ICN
0,9,357.9,ISG,ICN
1,9,347.3,ISG,ICN
2,9,346.0,ISG,ICN
3,9,302.7,ISG,ICN
4,9,316.1,ISG,ICN
5,9,309.4,ISG,ICN
6,9,313.5,SHI,ICN
7,9,323.4,SHI,ICN
8,9,300.4,SHI,ICN
9,9,311.1,SHI,ICN
10,9,276.1,OKA,PUS
11,9,267.4,OKA,PUS
12,9,278.1,OKA,PUS
13,9,281.3,OKA,PUS
14,9,288.8,OKA,PUS
15,9,296.0,OKA,PUS
16,9,304.8,OKA,PUS
17,9,303.2,OKA,PUS
18,9,317.7,OKA,PUS
19,9,325.2,OKA,PUS
20,9,1264.1,FSZ,ICN
21,9,325.7,OKA,PUS
22,9,332.3,OKA,PUS
23,9,339.9,OKA,PUS
24,9,1254.8,FSZ,ICN
25,9,326.5,OKA,PUS
26,9,346.9,OKA,PUS
27,9,354.5,OKA,PUS
28,9,361.5,OKA,PUS
29,9,479.2,OKA,PUS
30,9,487.2,OKA,PUS
31,9,530.2,OKA,PUS
32,9,544.6,OKA,PUS
33,9,546.3,OKA,PUS
34,9,552.5,OKA,PUS
35,9,560.6,OKA,PUS
36,9,566.9,OKA,PUS
37,9,601.6,OKA,PUS
38,9,581.2,OKA,PUS
39,9,587.8,OKA,PUS
40,9,508.0,KOJ,ICN
41,9,463.2,KOJ,ICN
42,9,421.0,KOJ,ICN
43,9,419.8,KOJ,ICN
44,9,411.1,KOJ,ICN
45,9,409.8,KOJ,ICN
46,9,401.2,KOJ,ICN
47,9,399.9,KOJ,ICN
48,9,399.9,KOJ,ICN
49,9,381.5,KOJ,ICN
50,9,371.7,KOJ,ICN
51,9,319.1,KOJ,ICN
52,9,320.5,KOJ,ICN
53,9,310.7,KOJ,ICN
54,9,309.1,KOJ,ICN
55,9,310.8,KOJ,ICN
56,9,313.9,KOJ,ICN
57,9,315.9,KOJ,ICN
58,9,309.7,KOJ,ICN
59,9,304.7,KOJ,ICN
60,9,301.1,KOJ,ICN
61,9,301.1,KOJ,ICN
62,9,304.7,KOJ,ICN
63,9,309.7,KOJ,ICN
64,9,316.3,KOJ,ICN
65,9,301.6,KOJ,ICN
66,9,295.8,KOJ,ICN
67,9,289.2,KOJ,ICN
68,9,291.5,KOJ,ICN
69,9,295.8,KOJ,ICN
70,9,301.0,KMI,ICN
71,9,294.3,KOJ,ICN
72,9,287.5,KOJ,ICN
73,9,279.3,KOJ,ICN
74,9,282.2,KOJ,ICN
75,9,287.5,KOJ,ICN
76,9,294.3,KOJ,ICN
77,9,295.5,KMI,ICN
78,9,291.4,KMI,ICN
79,9,288.1,KOJ,ICN
80,9,280.0,KOJ,ICN
81,9,273.4,KOJ,ICN
82,9,269.4,KOJ,ICN
83,9,273.4,KOJ,ICN
84,9,280.1,KOJ,ICN
85,9,288.1,KOJ,ICN
86,9,287.0,KMI,ICN
87,9,282.0,KMI,ICN
88,9,342.9,KOJ,ICN
89,9,283.5,KOJ,ICN
90,9,274.2,KOJ,ICN
91,9,265.8,KOJ,ICN
92,9,265.8,KOJ,ICN
93,9,274.2,KOJ,ICN
94,9,283.5,KOJ,ICN
95,9,279.6,KMI,ICN
96,9,273.0,KMI,ICN
97,9,269.5,KMI,ICN
98,9,291.3,KOJ,ICN
99,9,281.2,KOJ,ICN
100,9,271.1,KOJ,ICN
101,9,261.1,KOJ,ICN
102,9,251.6,KOJ,ICN
103,9,251.6,KOJ,ICN
104,9,261.2,KOJ,ICN
105,9,271.2,KOJ,ICN
106,9,281.3,KOJ,ICN
107,9,273.8,KMI,ICN
108,9,265.3,KMI,ICN
109,9,259.7,KMI,ICN
110,9,321.9,KOJ,ICN
111,9,291.7,KOJ,ICN
112,9,281.7,KOJ,ICN
113,9,271.8,KOJ,ICN
114,9,262.2,KOJ,ICN
115,9,254.0,KOJ,ICN
116,9,254.0,KOJ,ICN
117,9,262.2,KOJ,ICN
118,9,271.8,KOJ,ICN
119,9,281.3,KMI,ICN
120,9,271.2,KMI,ICN
121,9,261.1,KMI,ICN
122,9,251.2,KMI,ICN
123,9,294.2,KOJ,ICN
124,9,284.8,KOJ,ICN
125,9,276.0,KOJ,ICN
126,9,268.2,KOJ,ICN
127,9,263.1,KOJ,ICN
128,9,263.1,KOJ,ICN
129,9,268.2,KOJ,ICN
130,9,276.0,KOJ,ICN
131,9,282.3,KMI,ICN
132,9,272.7,KMI,ICN
133,9,263.5,KMI,ICN
134,9,256.9,KMI,ICN
135,9,298.5,KOJ,ICN
136,9,290.0,KOJ,ICN
137,9,282.4,KOJ,ICN
138,9,276.4,KOJ,ICN
139,9,272.8,KOJ,ICN
140,9,272.8,KOJ,ICN
141,9,276.4,KOJ,ICN
142,9,282.5,KOJ,ICN
143,9,286.1,KMI,ICN
144,9,277.6,KMI,ICN
145,9,270.6,KMI,ICN
146,9,266.7,KMI,ICN
147,9,312.3,KOJ,ICN
148,9,290.2,KOJ,ICN
149,9,285.4,KOJ,ICN
150,9,282.7,KOJ,ICN
151,9,282.7,KOJ,ICN
152,9,285.4,KOJ,ICN
153,9,290.3,KOJ,ICN
154,9,291.8,KMI,ICN
155,9,284.7,KMI,ICN
156,9,279.3,KMI,ICN
157,9,276.6,KMI,ICN
158,9,277.3,KMI,ICN
159,9,312.3,NGS,ICN
160,9,291.6,KMJ,PUS
161,9,287.2,KMJ,PUS
162,9,284.0,KMJ,PUS
163,9,282.2,KMJ,PUS
164,9,281.8,KMJ,PUS
165,9,282.9,KMJ,PUS
166,9,285.4,KMJ,PUS
167,9,289.1,KMJ,PUS
168,9,288.6,KMI,ICN
169,9,286.6,KMI,ICN
170,9,287.1,KMI,ICN
171,9,302.4,NGS,ICN
172,9,303.1,KMJ,PUS
173,9,288.9,KMJ,PUS
174,9,278.0,KMJ,PUS
175,9,274.4,KMJ,PUS
176,9,272.2,KMJ,PUS
177,9,271.8,KMJ,PUS
178,9,273.0,KMJ,PUS
179,9,275.9,KMJ,PUS
180,9,280.2,KMJ,PUS
181,9,285.7,KMJ,PUS
182,9,292.0,KMJ,PUS
183,9,297.0,KMI,ICN
184,9,292.5,NGS,ICN
185,9,295.1,NGS,ICN
186,9,269.2,KMJ,PUS
187,9,264.9,KMJ,PUS
188,9,262.3,KMJ,PUS
189,9,261.8,KMJ,PUS
190,9,263.3,KMJ,PUS
191,9,266.7,KMJ,PUS
192,9,271.7,KMJ,PUS
193,9,277.9,KMJ,PUS
194,9,284.9,KMJ,PUS
195,9,292.6,KMJ,PUS
196,9,300.8,KMJ,PUS
197,9,285.7,NGS,ICN
198,9,274.8,KMJ,PUS
199,9,260.7,KMJ,PUS
200,9,255.6,KMJ,PUS
201,9,252.5,KMJ,PUS
202,9,251.8,KMJ,PUS
203,9,253.7,KMJ,PUS
204,9,257.8,KMJ,PUS
205,9,263.7,KMJ,PUS
206,9,270.7,KMJ,PUS
207,9,278.6,KMJ,PUS
208,9,286.9,KMJ,PUS
209,9,295.7,KMJ,PUS
210,9,260.7,KMJ,PUS
211,9,246.8,KMJ,PUS
212,9,242.7,KMJ,PUS
213,9,241.8,KMJ,PUS
214,9,244.3,KMJ,PUS
215,9,249.6,KMJ,PUS
216,9,256.6,KMJ,PUS
217,9,264.6,KMJ,PUS
218,9,273.2,KMJ,PUS
219,9,282.3,KMJ,PUS
220,9,291.5,KMJ,PUS
221,9,348.4,NGS,ICN
222,9,338.6,NGS,ICN
223,9,274.2,KMJ,PUS
224,9,264.7,KMJ,PUS
225,9,246.7,KMJ,PUS
226,9,238.9,KMJ,PUS
227,9,233.2,KMJ,PUS
228,9,231.8,KMJ,PUS
229,9,235.5,KMJ,PUS
230,9,242.4,KMJ,PUS
231,9,250.8,KMJ,PUS
232,9,259.8,KMJ,PUS
233,9,269.2,KMJ,PUS
234,9,278.8,KMJ,PUS
235,9,288.5,KMJ,PUS
236,9,298.3,KMJ,PUS
237,9,254.3,NGS,ICN
238,9,251.6,NGS,ICN
239,9,254.3,NGS,ICN
240,9,269.2,NGS,ICN
241,9,262.1,KMJ,PUS
242,9,233.0,KMJ,PUS
243,9,224.7,KMJ,PUS
244,9,222.0,KMJ,PUS
245,9,228.4,KMJ,PUS
246,9,237.4,KMJ,PUS
247,9,247.1,KMJ,PUS
248,9,256.9,KMJ,PUS
249,9,266.8,KMJ,PUS
250,9,276.7,KMJ,PUS
251,9,286.7,KMJ,PUS
252,9,296.7,KMJ,PUS
253,9,306.6,KMJ,PUS
254,9,336.7,MYJ,PUS
255,9,325.2,NGS,ICN
256,9,315.2,NGS,ICN
257,9,255.9,NGS,ICN
258,9,246.9,NGS,ICN
259,9,241.6,NGS,ICN
260,9,246.8,NGS,ICN
261,9,255.9,NGS,ICN
262,9,265.5,NGS,ICN
263,9,241.4,KMJ,PUS
264,9,231.4,KMJ,PUS
265,9,221.5,KMJ,PUS
266,9,216.7,KMJ,PUS
267,9,226.2,KMJ,PUS
268,9,236.1,KMJ,PUS
269,9,246.1,KMJ,PUS
270,9,256.1,KMJ,PUS
271,9,266.2,KMJ,PUS
272,9,276.2,KMJ,PUS
273,9,286.2,KMJ,PUS
274,9,296.2,KMJ,PUS
275,9,306.3,KMJ,PUS
276,9,311.2,OIT,ICN
277,9,326.3,MYJ,PUS
278,9,326.8,MYJ,PUS
279,9,328.2,MYJ,PUS
280,9,315.0,NGS,ICN
281,9,255.0,NGS,ICN
282,9,245.2,NGS,ICN
283,9,245.2,NGS,ICN
284,9,255.0,NGS,ICN
285,9,253.2,KMJ,PUS
286,9,243.8,KMJ,PUS
287,9,235.0,KMJ,PUS
288,9,227.8,KMJ,PUS
289,9,225.8,KMJ,PUS
290,9,230.9,KMJ,PUS
291,9,239.0,KMJ,PUS
292,9,248.2,KMJ,PUS
293,9,257.7,KMJ,PUS
294,9,267.5,KMJ,PUS
295,9,277.3,KMJ,PUS
296,9,287.1,KMJ,PUS
297,9,297.0,KMJ,PUS
298,9,299.2,OIT,ICN
299,9,301.7,OIT,ICN
300,9,305.6,OIT,ICN
301,9,316.7,MYJ,PUS
302,9,316.2,MYJ,PUS
303,9,316.8,MYJ,PUS
304,9,318.4,MYJ,PUS
305,9,315.9,NGS,ICN
306,9,267.5,NGS,ICN
307,9,258.7,NGS,ICN
308,9,247.9,NGS,ICN
309,9,251.2,NGS,ICN
310,9,255.1,HSG,ICN
311,9,253.3,HSG,ICN
312,9,249.0,KMJ,PUS
313,9,241.8,KMJ,PUS
314,9,236.9,KMJ,PUS
315,9,235.8,KMJ,PUS
316,9,238.9,KMJ,PUS
317,9,245.0,KMJ,PUS
318,9,252.8,KMJ,PUS
319,9,261.4,KMJ,PUS
320,9,270.5,KMJ,PUS
321,9,279.9,KMJ,PUS
322,9,289.3,OIT,ICN
323,9,288.3,OIT,ICN
324,9,289.4,OIT,ICN
325,9,308.3,MYJ,PUS
326,9,306.7,MYJ,PUS
327,9,306.2,MYJ,PUS
328,9,306.8,MYJ,PUS
329,9,308.6,MYJ,PUS
330,9,311.3,MYJ,PUS
331,9,265.3,NGS,ICN
332,9,260.0,NGS,ICN
333,9,257.9,NGS,ICN
334,9,259.9,NGS,ICN
335,9,248.6,HSG,ICN
336,9,256.0,KMJ,PUS
337,9,250.2,KMJ,PUS
338,9,246.5,KMJ,PUS
339,9,245.7,KMJ,PUS
340,9,248.0,KMJ,PUS
341,9,252.7,KMJ,PUS
342,9,259.2,KMJ,PUS
343,9,266.8,KMJ,PUS
344,9,275.1,KMJ,PUS
345,9,283.0,OIT,ICN
346,9,279.5,OIT,ICN
347,9,278.3,OIT,ICN
348,9,296.8,MYJ,PUS
349,9,296.2,MYJ,PUS
350,9,296.9,MYJ,PUS
351,9,298.8,MYJ,PUS
352,9,301.9,MYJ,PUS
353,9,306.0,MYJ,PUS
354,9,503.4,FSZ,ICN
355,9,509.4,FSZ,ICN
356,9,321.4,NGS,ICN
357,9,279.5,NGS,ICN
358,9,273.5,NGS,ICN
359,9,269.4,NGS,ICN
360,9,267.9,NGS,ICN
361,9,261.7,HSG,ICN
362,9,252.3,HSG,ICN
363,9,244.1,HSG,ICN
364,9,242.8,HSG,ICN
365,9,248.1,FUK,PUS
366,9,249.2,FUK,PUS
367,9,252.6,FUK,PUS
368,9,256.4,KMJ,PUS
369,9,255.7,KMJ,PUS
370,9,257.4,KMJ,PUS
371,9,261.2,KMJ,PUS
372,9,266.7,KMJ,PUS
373,9,273.3,KMJ,PUS
374,9,280.7,OIT,ICN
375,9,274.3,OIT,ICN
376,9,269.9,OIT,ICN
377,9,268.3,OIT,ICN
378,9,270.0,OIT,ICN
379,9,286.8,MYJ,PUS
380,9,286.2,MYJ,PUS
381,9,287.0,MYJ,PUS
382,9,289.2,MYJ,PUS
383,9,292.7,MYJ,PUS
384,9,297.3,MYJ,PUS
385,9,293.6,NGS,ICN
386,9,287.3,NGS,ICN
387,9,282.3,NGS,ICN
388,9,274.3,FUK,PUS
389,9,265.7,FUK,PUS
390,9,257.5,FUK,PUS
391,9,250.1,FUK,PUS
392,9,243.9,FUK,PUS
393,9,239.6,FUK,PUS
394,9,238.0,FUK,PUS
395,9,239.6,FUK,PUS
396,9,243.9,FUK,PUS
397,9,250.0,FUK,PUS
398,9,257.5,FUK,PUS
399,9,265.6,FUK,PUS
400,9,270.3,KMJ,PUS
401,9,274.9,KMJ,PUS
402,9,280.7,KMJ,PUS
403,9,274.4,OIT,ICN
404,9,276.9,MYJ,PUS
405,9,276.2,MYJ,PUS
406,9,277.1,MYJ,PUS
407,9,279.7,MYJ,PUS
408,9,283.7,MYJ,PUS
409,9,288.8,MYJ,PUS
410,9,294.9,MYJ,PUS
411,9,261.0,FUK,PUS
412,9,252.0,FUK,PUS
413,9,243.5,FUK,PUS
414,9,236.0,FUK,PUS
415,9,230.3,FUK,PUS
416,9,228.0,FUK,PUS
417,9,230.2,FUK,PUS
418,9,235.9,FUK,PUS
419,9,243.5,FUK,PUS
420,9,252.0,FUK,PUS
421,9,261.0,FUK,PUS
422,9,270.2,FUK,PUS
423,9,279.7,FUK,PUS
424,9,279.6,OIT,ICN
425,9,270.0,OIT,ICN
426,9,260.7,OIT,ICN
427,9,252.4,OIT,ICN
428,9,269.9,MYJ,PUS
429,9,267.1,MYJ,PUS
430,9,266.2,MYJ,PUS
431,9,267.3,MYJ,PUS
432,9,270.3,MYJ,PUS
433,9,275.0,MYJ,PUS
434,9,280.8,MYJ,PUS
435,9,287.7,MYJ,PUS
436,9,339.3,TAK,ICN
437,9,340.7,TAK,ICN
438,9,257.9,FUK,PUS
439,9,238.8,FUK,PUS
440,9,229.7,FUK,PUS
441,9,221.8,FUK,PUS
442,9,218.0,FUK,PUS
443,9,221.8,FUK,PUS
444,9,229.7,FUK,PUS
445,9,238.7,FUK,PUS
446,9,248.2,FUK,PUS
447,9,257.9,FUK,PUS
448,9,267.6,FUK,PUS
449,9,276.3,KKJ,ICN
450,9,278.6,OIT,ICN
451,9,268.6,OIT,ICN
452,9,258.6,OIT,ICN
453,9,248.7,OIT,ICN
454,9,266.1,MYJ,PUS
455,9,260.8,MYJ,PUS
456,9,257.3,MYJ,PUS
457,9,256.1,MYJ,PUS
458,9,257.6,MYJ,PUS
459,9,261.3,MYJ,PUS
460,9,266.8,MYJ,PUS
461,9,273.5,MYJ,PUS
462,9,281.2,MYJ,PUS
463,9,289.3,MYJ,PUS
464,9,297.9,MYJ,PUS
465,9,329.0,TAK,ICN
466,9,329.3,TAK,ICN
467,9,330.9,TAK,ICN
468,9,346.9,KIX,PUS
469,9,236.8,FUK,PUS
470,9,226.8,FUK,PUS
471,9,216.9,FUK,PUS
472,9,208.0,FUK,PUS
473,9,216.9,FUK,PUS
474,9,226.8,FUK,PUS
475,9,236.7,FUK,PUS
476,9,246.7,FUK,PUS
477,9,256.6,FUK,PUS
478,9,263.9,KKJ,ICN
479,9,267.1,KKJ,ICN
480,9,272.7,KKJ,ICN
481,9,261.4,OIT,ICN
482,9,253.4,OIT,ICN
483,9,252.2,MYJ,PUS
484,9,247.7,MYJ,PUS
485,9,246.1,MYJ,PUS
486,9,248.0,MYJ,PUS
487,9,252.8,MYJ,PUS
488,9,259.4,MYJ,PUS
489,9,267.2,MYJ,PUS
490,9,275.7,MYJ,PUS
491,9,284.5,MYJ,PUS
492,9,293.6,MYJ,PUS
493,9,302.9,MYJ,PUS
494,9,312.4,MYJ,PUS
495,9,321.9,MYJ,PUS
496,9,319.9,TAK,ICN
497,9,319.0,TAK,ICN
498,9,319.4,TAK,ICN
499,9,321.1,TAK,ICN
500,9,331.2,KIX,PUS
501,9,334.0,KIX,PUS
502,9,337.7,KIX,PUS
503,9,342.2,KIX,PUS
504,9,215.8,FUK,PUS
505,9,220.2,FUK,PUS
506,9,228.6,FUK,PUS
507,9,238.0,FUK,PUS
508,9,247.6,FUK,PUS
509,9,253.8,KKJ,ICN
510,9,267.5,OIT,ICN
511,9,261.8,OIT,ICN
512,9,236.1,MYJ,PUS
513,9,238.9,MYJ,PUS
514,9,245.3,MYJ,PUS
515,9,253.4,MYJ,PUS
516,9,262.3,MYJ,PUS
517,9,271.5,MYJ,PUS
518,9,280.9,MYJ,PUS
519,9,290.5,MYJ,PUS
520,9,300.2,MYJ,PUS
521,9,309.9,MYJ,PUS
522,9,312.7,TAK,ICN
523,9,310.0,TAK,ICN
524,9,308.9,TAK,ICN
525,9,309.4,TAK,ICN
526,9,311.5,TAK,ICN
527,9,310.2,TKS,ICN
528,9,306.3,TKS,ICN
529,9,319.4,KIX,PUS
530,9,321.5,KIX,PUS
531,9,324.6,KIX,PUS
532,9,328.7,KIX,PUS
533,9,333.6,KIX,PUS
534,9,339.1,KIX,PUS
535,9,279.0,FUK,PUS
536,9,228.2,FUK,PUS
537,9,234.3,FUK,PUS
538,9,242.2,FUK,PUS
539,9,250.8,KKJ,ICN
540,9,244.2,KKJ,ICN
541,9,226.1,MYJ,PUS
542,9,231.3,MYJ,PUS
543,9,240.1,MYJ,PUS
544,9,249.5,MYJ,PUS
545,9,259.2,MYJ,PUS
546,9,269.0,MYJ,PUS
547,9,278.8,MYJ,PUS
548,9,288.7,MYJ,PUS
549,9,298.5,MYJ,PUS
550,9,307.9,TAK,ICN
551,9,303.3,TAK,ICN
552,9,300.2,TAK,ICN
553,9,298.9,TAK,ICN
554,9,299.5,TAK,ICN
555,9,301.9,TAK,ICN
556,9,301.5,TKS,ICN
557,9,296.9,TKS,ICN
558,9,294.2,TKS,ICN
559,9,309.5,KIX,PUS
560,9,311.8,KIX,PUS
561,9,315.3,KIX,PUS
562,9,319.8,KIX,PUS
563,9,325.2,KIX,PUS
564,9,331.3,KIX,PUS
565,9,282.2,FUK,PUS
566,9,237.5,FUK,PUS
567,9,242.0,FUK,PUS
568,9,248.4,FUK,PUS
569,9,247.6,KKJ,ICN
570,9,220.4,MYJ,PUS
571,9,228.9,MYJ,PUS
572,9,238.7,MYJ,PUS
573,9,248.6,MYJ,PUS
574,9,258.5,MYJ,PUS
575,9,268.4,MYJ,PUS
576,9,278.3,MYJ,PUS
577,9,288.2,MYJ,PUS
578,9,298.1,MYJ,PUS
579,9,299.6,TAK,ICN
580,9,294.3,TAK,ICN
581,9,290.5,TAK,ICN
582,9,288.9,TAK,ICN
583,9,289.6,TAK,ICN
584,9,292.6,TAK,ICN
585,9,293.4,TKS,ICN
586,9,287.8,TKS,ICN
587,9,284.4,TKS,ICN
588,9,283.7,TKS,ICN
589,9,298.6,KIX,PUS
590,9,298.3,KIX,PUS
591,9,299.6,KIX,PUS
592,9,302.3,KIX,PUS
593,9,306.3,KIX,PUS
594,9,311.3,KIX,PUS
595,9,317.2,KIX,PUS
596,9,323.8,KIX,PUS
597,9,331.0,KIX,PUS
598,9,244.3,KKJ,ICN
599,9,278.4,MYJ,PUS
600,9,259.2,MYJ,PUS
601,9,234.2,MYJ,PUS
602,9,241.9,MYJ,PUS
603,9,250.8,MYJ,PUS
604,9,269.8,MYJ,PUS
605,9,279.4,MYJ,PUS
606,9,289.2,MYJ,PUS
607,9,299.0,MYJ,PUS
608,9,292.1,TAK,ICN
609,9,285.7,TAK,ICN
610,9,281.0,TAK,ICN
611,9,278.9,TAK,ICN
612,9,279.9,TAK,ICN
613,9,283.6,TAK,ICN
614,9,286.3,TKS,ICN
615,9,279.4,TKS,ICN
616,9,274.7,TKS,ICN
617,9,273.8,TKS,ICN
618,9,288.6,KIX,PUS
619,9,288.3,KIX,PUS
620,9,289.9,KIX,PUS
621,9,293.0,KIX,PUS
622,9,297.6,KIX,PUS
623,9,303.2,KIX,PUS
624,9,309.7,KIX,PUS
625,9,316.9,KIX,PUS
626,9,324.6,KIX,PUS
627,9,332.7,KIX,PUS
628,9,253.9,KKJ,ICN
629,9,258.6,KKJ,ICN
630,9,265.7,KKJ,ICN
631,9,273.9,KKJ,ICN
632,9,282.7,KKJ,ICN
633,9,299.7,OIT,ICN
634,9,300.0,MYJ,PUS
635,9,290.5,MYJ,PUS
636,9,281.2,MYJ,PUS
637,9,272.0,MYJ,PUS
638,9,248.3,MYJ,PUS
639,9,255.7,MYJ,PUS
640,9,285.8,TAK,ICN
641,9,278.0,TAK,ICN
642,9,271.9,TAK,ICN
643,9,268.9,TAK,ICN
644,9,270.3,TAK,ICN
645,9,275.4,TAK,ICN
646,9,281.1,TKS,ICN
647,9,272.4,TKS,ICN
648,9,265.5,TKS,ICN
649,9,278.6,KIX,PUS
650,9,278.4,KIX,PUS
651,9,280.2,KIX,PUS
652,9,284.0,KIX,PUS
653,9,289.2,KIX,PUS
654,9,295.6,KIX,PUS
655,9,302.9,KIX,PUS
656,9,310.7,KIX,PUS
657,9,318.9,KIX,PUS
658,9,327.5,KIX,PUS
659,9,336.3,KIX,PUS
660,9,266.6,KKJ,ICN
661,9,263.7,KKJ,ICN
662,9,263.9,KKJ,ICN
663,9,267.1,KKJ,ICN
664,9,272.7,KKJ,ICN
665,9,279.7,KKJ,ICN
666,9,287.6,KKJ,ICN
667,9,296.1,KKJ,ICN
668,9,304.9,KKJ,ICN
669,9,303.2,MYJ,PUS
670,9,294.2,MYJ,PUS
671,9,285.3,MYJ,PUS
672,9,276.8,MYJ,PUS
673,9,255.7,MYJ,PUS
674,9,256.3,MYJ,PUS
675,9,262.4,MYJ,PUS
676,9,281.3,TAK,ICN
677,9,272.2,TAK,ICN
678,9,264.0,TAK,ICN
679,9,259.0,TAK,ICN
680,9,261.4,TAK,ICN
681,9,268.8,TAK,ICN
682,9,277.7,TAK,ICN
683,9,268.8,TKS,ICN
684,9,259.0,TKS,ICN
685,9,268.8,KIX,PUS
686,9,268.4,KIX,PUS
687,9,270.7,KIX,PUS
688,9,275.3,KIX,PUS
689,9,281.6,KIX,PUS
690,9,288.9,KIX,PUS
691,9,296.9,KIX,PUS
692,9,305.3,KIX,PUS
693,9,314.1,KIX,PUS
694,9,323.1,KIX,PUS
695,9,332.3,KIX,PUS
696,9,335.9,FUK,PUS
697,9,273.7,KKJ,ICN
698,9,273.8,KKJ,ICN
699,9,276.3,KKJ,ICN
700,9,280.8,KKJ,ICN
701,9,286.7,KKJ,ICN
702,9,293.7,KKJ,ICN
703,9,301.4,KKJ,ICN
704,9,309.6,KKJ,ICN
705,9,307.5,MYJ,PUS
706,9,298.9,MYJ,PUS
707,9,290.6,MYJ,PUS
708,9,282.8,MYJ,PUS
709,9,279.4,TAK,ICN
710,9,269.6,TAK,ICN
711,9,259.7,TAK,ICN
712,9,250.0,TAK,ICN
713,9,255.9,TAK,ICN
714,9,265.7,TAK,ICN
715,9,275.6,TAK,ICN
716,9,270.6,TKS,ICN
717,9,262.6,TKS,ICN
718,9,266.9,TKS,ICN
719,9,259.0,KIX,PUS
720,9,258.4,KIX,PUS
721,9,261.6,KIX,PUS
722,9,267.5,KIX,PUS
723,9,274.9,KIX,PUS
724,9,283.2,KIX,PUS
725,9,292.0,KIX,PUS
726,9,301.0,KIX,PUS
727,9,310.3,KIX,PUS
728,9,319.7,KIX,PUS
729,9,329.2,KIX,PUS
730,9,327.1,NGO,PUS
731,9,381.6,FSZ,ICN
732,9,341.5,FUK,PUS
733,9,333.6,FUK,PUS
734,9,283.6,KKJ,ICN
735,9,283.7,KKJ,ICN
736,9,285.8,KKJ,ICN
737,9,289.5,KKJ,ICN
738,9,294.6,KKJ,ICN
739,9,300.7,KKJ,ICN
740,9,307.7,KKJ,ICN
741,9,315.3,KKJ,ICN
742,9,312.6,MYJ,PUS
743,9,304.5,MYJ,PUS
744,9,296.9,MYJ,PUS
745,9,289.8,MYJ,PUS
746,9,283.4,MYJ,PUS
747,9,271.3,MYJ,PUS
748,9,265.4,HIJ,ICN
749,9,265.6,HIJ,ICN
750,9,271.4,TAK,ICN
751,9,262.7,TAK,ICN
752,9,257.1,TAK,ICN
753,9,259.9,TAK,ICN
754,9,267.9,TAK,ICN
755,9,274.0,TKS,ICN
756,9,272.3,KIX,PUS
757,9,249.4,KIX,PUS
758,9,248.6,KIX,PUS
759,9,253.4,KIX,PUS
760,9,261.1,KIX,PUS
761,9,269.8,KIX,PUS
762,9,279.0,KIX,PUS
763,9,288.5,KIX,PUS
764,9,298.0,KIX,PUS
765,9,307.7,KIX,PUS
766,9,317.4,KIX,PUS
767,9,324.3,NGO,PUS
768,9,318.5,NGO,PUS
769,9,313.6,NGO,PUS
770,9,309.8,NGO,PUS
771,9,306.3,NGO,PUS
772,9,347.6,FUK,PUS
773,9,293.7,KKJ,ICN
774,9,295.4,KKJ,ICN
775,9,298.6,KKJ,ICN
776,9,303.0,KKJ,ICN
777,9,308.5,KKJ,ICN
778,9,314.8,KKJ,ICN
779,9,321.8,KKJ,ICN
780,9,318.4,MYJ,PUS
781,9,310.9,MYJ,PUS
782,9,303.8,MYJ,PUS
783,9,297.4,MYJ,PUS
784,9,291.7,MYJ,PUS
785,9,286.9,MYJ,PUS
786,9,280.1,HIJ,ICN
787,9,270.4,HIJ,ICN
788,9,260.7,HIJ,ICN
789,9,251.6,HIJ,ICN
790,9,245.9,HIJ,ICN
791,9,251.9,HIJ,ICN
792,9,261.0,HIJ,ICN
793,9,280.4,HIJ,ICN
794,9,276.7,TAK,ICN
795,9,269.7,KIX,PUS
796,9,239.4,KIX,PUS
797,9,247.8,KIX,PUS
798,9,257.4,KIX,PUS
799,9,267.1,KIX,PUS
800,9,276.9,KIX,PUS
801,9,286.7,KIX,PUS
802,9,296.5,KIX,PUS
803,9,306.3,KIX,PUS
804,9,316.2,KIX,PUS
805,9,316.8,NGO,PUS
806,9,310.3,NGO,PUS
807,9,304.8,NGO,PUS
808,9,300.4,NGO,PUS
809,9,297.5,NGO,PUS
810,9,296.3,NGO,PUS
811,9,379.7,FSZ,ICN
812,9,346.9,FUK,PUS
813,9,316.7,KKJ,ICN
814,9,322.4,KKJ,ICN
815,9,328.8,KKJ,ICN
816,9,324.9,MYJ,PUS
817,9,317.9,MYJ,PUS
818,9,311.3,MYJ,PUS
819,9,305.4,MYJ,PUS
820,9,299.5,HIJ,ICN
821,9,289.7,HIJ,ICN
822,9,279.9,HIJ,ICN
823,9,270.2,HIJ,ICN
824,9,260.5,HIJ,ICN
825,9,251.1,HIJ,ICN
826,9,245.0,HIJ,ICN
827,9,251.4,HIJ,ICN
828,9,260.8,HIJ,ICN
829,9,270.5,HIJ,ICN
830,9,280.2,HIJ,ICN
831,9,290.0,HIJ,ICN
832,9,285.7,OKJ,ICN
833,9,276.6,OKJ,ICN
834,9,276.0,OKJ,ICN
835,9,277.0,TAK,ICN
836,9,288.0,TAK,ICN
837,9,269.8,KIX,PUS
838,9,248.2,KIX,PUS
839,9,257.6,KIX,PUS
840,9,267.2,KIX,PUS
841,9,277.0,KIX,PUS
842,9,286.7,KIX,PUS
843,9,296.5,KIX,PUS
844,9,306.4,KIX,PUS
845,9,316.2,KIX,PUS
846,9,310.0,NGO,PUS
847,9,302.8,NGO,PUS
848,9,296.4,NGO,PUS
849,9,291.3,NGO,PUS
850,9,287.7,NGO,PUS
851,9,286.2,NGO,PUS
852,9,354.1,FUK,PUS
853,9,330.5,KKJ,ICN
854,9,336.4,KKJ,ICN
855,9,331.9,MYJ,PUS
856,9,325.3,MYJ,PUS
857,9,319.3,MYJ,PUS
858,9,310.7,HIJ,ICN
859,9,301.1,HIJ,ICN
860,9,291.6,HIJ,ICN
861,9,282.3,HIJ,ICN
862,9,273.2,HIJ,ICN
863,9,264.8,HIJ,ICN
864,9,257.9,HIJ,ICN
865,9,255.0,HIJ,ICN
866,9,258.1,HIJ,ICN
867,9,265.0,HIJ,ICN
868,9,273.5,HIJ,ICN
869,9,282.6,HIJ,ICN
870,9,286.8,OKJ,ICN
871,9,278.7,OKJ,ICN
872,9,271.7,OKJ,ICN
873,9,267.0,OKJ,ICN
874,9,266.1,OKJ,ICN
875,9,269.4,OKJ,ICN
876,9,263.8,KIX,PUS
877,9,261.6,KIX,PUS
878,9,270.2,KIX,PUS
879,9,279.3,KIX,PUS
880,9,288.7,KIX,PUS
881,9,298.2,KIX,PUS
882,9,307.8,KIX,PUS
883,9,312.5,NGO,PUS
884,9,304.0,NGO,PUS
885,9,296.0,NGO,PUS
886,9,288.7,NGO,PUS
887,9,282.6,NGO,PUS
888,9,338.9,KKJ,ICN
889,9,344.3,KKJ,ICN
890,9,339.3,MYJ,PUS
891,9,332.2,HIJ,ICN
892,9,322.7,HIJ,ICN
893,9,313.4,HIJ,ICN
894,9,304.2,HIJ,ICN
895,9,295.3,HIJ,ICN
896,9,286.7,HIJ,ICN
897,9,278.7,HIJ,ICN
898,9,271.8,HIJ,ICN
899,9,266.8,HIJ,ICN
900,9,265.0,HIJ,ICN
901,9,267.0,HIJ,ICN
902,9,272.0,HIJ,ICN
903,9,279.0,HIJ,ICN
904,9,287.0,HIJ,ICN
905,9,282.7,OKJ,ICN
906,9,273.5,OKJ,ICN
907,9,264.8,OKJ,ICN
908,9,257.8,OKJ,ICN
909,9,256.2,OKJ,ICN
910,9,261.7,OKJ,ICN
911,9,269.9,OKJ,ICN
912,9,270.0,KIX,PUS
913,9,263.8,KIX,PUS
914,9,258.8,UKB,ICN
915,9,262.5,KIX,PUS
916,9,268.2,KIX,PUS
917,9,275.4,KIX,PUS
918,9,283.6,KIX,PUS
919,9,292.3,KIX,PUS
920,9,301.2,KIX,PUS
921,9,310.4,KIX,PUS
922,9,308.3,NGO,PUS
923,9,299.2,NGO,PUS
924,9,290.4,NGO,PUS
925,9,282.1,NGO,PUS
926,9,287.5,NGO,PUS
927,9,296.2,NGO,PUS
928,9,314.9,FSZ,ICN
929,9,290.7,FSZ,ICN
930,9,287.5,FSZ,ICN
931,9,332.2,FSZ,ICN
932,9,335.3,HIJ,ICN
933,9,326.2,HIJ,ICN
934,9,317.3,HIJ,ICN
935,9,308.7,HIJ,ICN
936,9,300.4,HIJ,ICN
937,9,292.7,HIJ,ICN
938,9,285.8,HIJ,ICN
939,9,280.1,HIJ,ICN
940,9,276.3,HIJ,ICN
941,9,275.0,HIJ,ICN
942,9,276.4,HIJ,ICN
943,9,280.3,HIJ,ICN
944,9,286.0,HIJ,ICN
945,9,290.9,OKJ,ICN
946,9,281.1,OKJ,ICN
947,9,271.3,OKJ,ICN
948,9,261.5,OKJ,ICN
949,9,251.7,OKJ,ICN
950,9,247.9,OKJ,ICN
951,9,257.5,OKJ,ICN
952,9,267.3,OKJ,ICN
953,9,277.1,OKJ,ICN
954,9,286.9,OKJ,ICN
955,9,296.8,OKJ,ICN
956,9,284.0,KIX,PUS
957,9,277.6,KIX,PUS
958,9,272.6,KIX,PUS
959,9,267.1,UKB,ICN
960,9,267.5,UKB,ICN
961,9,271.6,KIX,PUS
962,9,276.1,KIX,PUS
963,9,282.2,KIX,PUS
964,9,289.4,KIX,PUS
965,9,297.2,KIX,PUS
966,9,305.6,KIX,PUS
967,9,314.3,KIX,PUS
968,9,305.5,NGO,PUS
969,9,296.0,NGO,PUS
970,9,286.5,NGO,PUS
971,9,277.2,NGO,PUS
972,9,258.6,NGO,PUS
973,9,292.7,NGO,PUS
974,9,302.3,NGO,PUS
975,9,311.9,NGO,PUS
976,9,321.5,NGO,PUS
977,9,312.4,FSZ,ICN
978,9,302.7,FSZ,ICN
979,9,293.2,FSZ,ICN
980,9,283.9,FSZ,ICN
981,9,277.5,FSZ,ICN
982,9,330.4,FSZ,ICN
983,9,340.2,FSZ,ICN
984,9,375.8,HND,GMP
985,9,330.7,HIJ,ICN
986,9,322.3,HIJ,ICN
987,9,314.2,HIJ,ICN
988,9,306.7,HIJ,ICN
989,9,299.8,HIJ,ICN
990,9,293.8,HIJ,ICN
991,9,289.1,HIJ,ICN
992,9,286.1,HIJ,ICN
993,9,285.0,HIJ,ICN
994,9,286.1,HIJ,ICN
995,9,289.2,HIJ,ICN
996,9,294.0,HIJ,ICN
997,9,291.7,OKJ,ICN
998,9,282.1,OKJ,ICN
999,9,272.7,OKJ,ICN
1000,9,263.7,OKJ,ICN
1001,9,256.0,OKJ,ICN
1002,9,254.1,OKJ,ICN
1003,9,260.3,OKJ,ICN
1004,9,269.0,OKJ,ICN
1005,9,278.3,OKJ,ICN
1006,9,287.8,OKJ,ICN
1007,9,297.5,OKJ,ICN
1008,9,307.2,OKJ,ICN
1009,9,305.3,KIX,PUS
1010,9,298.1,KIX,PUS
1011,9,291.5,KIX,PUS
1012,9,286.0,KIX,PUS
1013,9,280.5,UKB,ICN
1014,9,276.8,UKB,ICN
1015,9,277.0,UKB,ICN
1016,9,281.0,UKB,ICN
1017,9,284.8,KIX,PUS
1018,9,289.9,KIX,PUS
1019,9,296.2,KIX,PUS
1020,9,303.3,KIX,PUS
1021,9,311.0,KIX,PUS
1022,9,314.1,NGO,PUS
1023,9,304.3,NGO,PUS
1024,9,294.5,NGO,PUS
1025,9,284.7,NGO,PUS
1026,9,274.9,NGO,PUS
1027,9,265.2,NGO,PUS
1028,9,252.2,NGO,PUS
1029,9,261.9,NGO,PUS
1030,9,271.6,NGO,PUS
1031,9,281.4,NGO,PUS
1032,9,291.2,NGO,PUS
1033,9,301.0,NGO,PUS
1034,9,310.8,NGO,PUS
1035,9,320.5,NGO,PUS
1036,9,312.3,FSZ,ICN
1037,9,302.6,FSZ,ICN
1038,9,293.0,FSZ,ICN
1039,9,283.6,FSZ,ICN
1040,9,276.8,FSZ,ICN
1041,9,282.3,FSZ,ICN
1042,9,330.4,FSZ,ICN
1043,9,340.1,FSZ,ICN
1044,9,349.9,FSZ,ICN
1045,9,328.1,HIJ,ICN
1046,9,320.7,HIJ,ICN
1047,9,313.8,HIJ,ICN
1048,9,307.6,HIJ,ICN
1049,9,302.4,HIJ,ICN
1050,9,298.4,HIJ,ICN
1051,9,295.9,HIJ,ICN
1052,9,295.1,HIJ,ICN
1053,9,296.0,HIJ,ICN
1054,9,298.5,HIJ,ICN
1055,9,301.2,YGJ,ICN
1056,9,294.6,OKJ,ICN
1057,9,285.7,OKJ,ICN
1058,9,277.3,OKJ,ICN
1059,9,270.0,OKJ,ICN
1060,9,264.9,OKJ,ICN
1061,9,263.9,OKJ,ICN
1062,9,267.6,OKJ,ICN
1063,9,274.2,OKJ,ICN
1064,9,282.2,OKJ,ICN
1065,9,291.0,OKJ,ICN
1066,9,300.0,OKJ,ICN
1067,9,309.3,OKJ,ICN
1068,9,312.1,KIX,PUS
1069,9,305.5,KIX,PUS
1070,9,299.7,KIX,PUS
1071,9,294.3,UKB,ICN
1072,9,289.4,UKB,ICN
1073,9,286.7,UKB,ICN
1074,9,286.9,UKB,ICN
1075,9,289.8,UKB,ICN
1076,9,293.9,KIX,PUS
1077,9,298.3,KIX,PUS
1078,9,303.8,KIX,PUS
1079,9,310.2,KIX,PUS
1080,9,317.3,KIX,PUS
1081,9,314.4,NGO,PUS
1082,9,304.7,NGO,PUS
1083,9,295.0,NGO,PUS
1084,9,285.3,NGO,PUS
1085,9,275.8,NGO,PUS
1086,9,266.4,NGO,PUS
1087,9,254.9,NGO,PUS
1088,9,263.3,NGO,PUS
1089,9,272.5,NGO,PUS
1090,9,282.1,NGO,PUS
1091,9,291.7,NGO,PUS
1092,9,301.4,NGO,PUS
1093,9,311.1,NGO,PUS
1094,9,320.9,NGO,PUS
1095,9,314.7,FSZ,ICN
1096,9,305.6,FSZ,ICN
1097,9,297.2,FSZ,ICN
1098,9,290.2,FSZ,ICN
1099,9,286.8,FSZ,ICN
1100,9,289.4,FSZ,ICN
1101,9,332.0,FSZ,ICN
1102,9,341.5,FSZ,ICN
1103,9,351.1,FSZ,ICN
1104,9,348.6,HND,GMP
1105,9,327.8,HIJ,ICN
1106,9,321.5,HIJ,ICN
1107,9,316.0,HIJ,ICN
1108,9,311.4,HIJ,ICN
1109,9,307.9,HIJ,ICN
1110,9,303.7,YGJ,ICN
1111,9,298.4,YGJ,ICN
1112,9,294.5,YGJ,ICN
1113,9,292.0,YGJ,ICN
1114,9,291.2,YGJ,ICN
1115,9,292.2,YGJ,ICN
1116,9,291.1,OKJ,ICN
1117,9,284.0,OKJ,ICN
1118,9,278.2,OKJ,ICN
1119,9,274.5,OKJ,ICN
1120,9,273.9,OKJ,ICN
1121,9,276.4,OKJ,ICN
1122,9,281.4,OKJ,ICN
1123,9,288.1,OKJ,ICN
1124,9,295.9,OKJ,ICN
1125,9,304.2,OKJ,ICN
1126,9,312.9,OKJ,ICN
1127,9,319.4,KIX,PUS
1128,9,313.5,KIX,PUS
1129,9,308.2,UKB,ICN
1130,9,302.7,UKB,ICN
1131,9,298.7,UKB,ICN
1132,9,296.7,UKB,ICN
1133,9,296.8,UKB,ICN
1134,9,299.1,UKB,ICN
1135,9,303.2,UKB,ICN
1136,9,307.1,KIX,PUS
1137,9,312.0,KIX,PUS
1138,9,317.8,KIX,PUS
1139,9,324.2,KIX,PUS
1140,9,316.2,NGO,PUS
1141,9,306.7,NGO,PUS
1142,9,297.4,NGO,PUS
1143,9,288.3,NGO,PUS
1144,9,279.5,NGO,PUS
1145,9,271.4,NGO,PUS
1146,9,264.8,NGO,PUS
1147,9,263.2,NGO,PUS
1148,9,268.9,NGO,PUS
1149,9,276.6,NGO,PUS
1150,9,285.2,NGO,PUS
1151,9,294.3,NGO,PUS
1152,9,303.5,NGO,PUS
1153,9,312.9,NGO,PUS
1154,9,322.4,NGO,PUS
1155,9,319.0,FSZ,ICN
1156,9,311.1,FSZ,ICN
1157,9,304.1,FSZ,ICN
1158,9,299.0,FSZ,ICN
1159,9,296.8,FSZ,ICN
1160,9,298.4,FSZ,ICN
1161,9,303.2,FSZ,ICN
1162,9,335.2,FSZ,ICN
1163,9,344.3,FSZ,ICN
1164,9,353.5,FSZ,ICN
1165,9,338.7,HND,GMP
1166,9,326.8,YGJ,ICN
1167,9,318.4,YGJ,ICN
1168,9,310.3,YGJ,ICN
1169,9,302.8,YGJ,ICN
1170,9,295.8,YGJ,ICN
1171,9,289.8,YGJ,ICN
1172,9,285.1,YGJ,ICN
1173,9,282.1,YGJ,ICN
1174,9,281.2,YGJ,ICN
1175,9,282.4,YGJ,ICN
1176,9,285.7,YGJ,ICN
1177,9,290.6,YGJ,ICN
1178,9,287.1,OKJ,ICN
1179,9,284.3,OKJ,ICN
1180,9,283.8,OKJ,ICN
1181,9,285.7,OKJ,ICN
1182,9,289.8,OKJ,ICN
1183,9,295.4,OKJ,ICN
1184,9,302.1,OKJ,ICN
1185,9,309.6,OKJ,ICN
1186,9,317.7,OKJ,ICN
1187,9,326.1,OKJ,ICN
1188,9,321.9,KIX,PUS
1189,9,316.3,UKB,ICN
1190,9,311.6,UKB,ICN
1191,9,308.3,UKB,ICN
1192,9,306.6,UKB,ICN
1193,9,306.7,UKB,ICN
1194,9,308.6,UKB,ICN
1195,9,312.1,UKB,ICN
1196,9,316.1,KIX,PUS
1197,9,320.5,KIX,PUS
1198,9,325.8,KIX,PUS
1199,9,328.4,NGO,PUS
1200,9,319.2,NGO,PUS
1201,9,310.2,NGO,PUS
1202,9,301.5,NGO,PUS
1203,9,293.1,NGO,PUS
1204,9,285.4,NGO,PUS
1205,9,278.7,NGO,PUS
1206,9,273.7,NGO,PUS
1207,9,271.5,NGO,PUS
1208,9,272.6,NGO,PUS
1209,9,276.8,NGO,PUS
1210,9,282.9,NGO,PUS
1211,9,290.4,NGO,PUS
1212,9,298.6,NGO,PUS
1213,9,307.2,NGO,PUS
1214,9,316.1,NGO,PUS
1215,9,325.2,NGO,PUS
1216,9,325.0,FSZ,ICN
1217,9,318.1,FSZ,ICN
1218,9,312.3,FSZ,ICN
1219,9,308.4,FSZ,ICN
1220,9,306.8,FSZ,ICN
1221,9,308.0,FSZ,ICN
1222,9,311.6,FSZ,ICN
1223,9,317.1,FSZ,ICN
1224,9,339.7,FSZ,ICN
1225,9,348.2,FSZ,ICN
1226,9,357.1,FSZ,ICN
1227,9,328.8,HND,GMP
1228,9,331.7,HND,GMP
1229,9,313.5,YGJ,ICN
1230,9,304.8,YGJ,ICN
1231,9,296.6,YGJ,ICN
1232,9,288.8,YGJ,ICN
1233,9,281.9,YGJ,ICN
1234,9,276.2,YGJ,ICN
1235,9,272.4,YGJ,ICN
1236,9,271.2,YGJ,ICN
1237,9,272.7,YGJ,ICN
1238,9,276.8,YGJ,ICN
1239,9,282.7,YGJ,ICN
1240,9,289.8,YGJ,ICN
1241,9,294.2,OKJ,ICN
1242,9,293.8,OKJ,ICN
1243,9,295.4,OKJ,ICN
1244,9,298.7,OKJ,ICN
1245,9,303.4,OKJ,ICN
1246,9,309.3,OKJ,ICN
1247,9,316.1,OKJ,ICN
1248,9,323.5,OKJ,ICN
1249,9,331.4,OKJ,ICN
1250,9,330.1,UKB,ICN
1251,9,325.0,UKB,ICN
1252,9,320.9,UKB,ICN
1253,9,318.0,UKB,ICN
1254,9,316.6,UKB,ICN
1255,9,316.7,UKB,ICN
1256,9,318.3,UKB,ICN
1257,9,321.3,UKB,ICN
1258,9,325.4,KIX,PUS
1259,9,329.4,KIX,PUS
1260,9,334.1,KIX,PUS
1261,9,332.1,NGO,PUS
1262,9,323.4,NGO,PUS
1263,9,314.9,NGO,PUS
1264,9,306.9,NGO,PUS
1265,9,299.3,NGO,PUS
1266,9,292.6,NGO,PUS
1267,9,287.1,NGO,PUS
1268,9,283.2,NGO,PUS
1269,9,281.5,NGO,PUS
1270,9,282.4,NGO,PUS
1271,9,285.5,NGO,PUS
1272,9,290.6,NGO,PUS
1273,9,296.9,NGO,PUS
1274,9,304.2,NGO,PUS
1275,9,312.1,NGO,PUS
1276,9,320.5,NGO,PUS
1277,9,329.1,NGO,PUS
1278,9,332.0,FSZ,ICN
1279,9,326.0,FSZ,ICN
1280,9,321.2,FSZ,ICN
1281,9,318.1,FSZ,ICN
1282,9,316.9,FSZ,ICN
1283,9,317.8,FSZ,ICN
1284,9,320.6,FSZ,ICN
1285,9,325.2,FSZ,ICN
1286,9,331.1,FSZ,ICN
1287,9,337.8,FSZ,ICN
1288,9,345.3,FSZ,ICN
1289,9,353.3,FSZ,ICN
1290,9,356.7,HND,GMP
1291,9,319.1,HND,GMP
1292,9,322.6,HND,GMP
1293,9,327.8,HND,GMP
1294,9,333.1,NRT,PUS
1295,9,331.6,NRT,PUS
1296,9,291.5,YGJ,ICN
1297,9,282.9,YGJ,ICN
1298,9,274.9,YGJ,ICN
1299,9,267.9,YGJ,ICN
1300,9,262.9,YGJ,ICN
1301,9,261.1,YGJ,ICN
1302,9,263.4,YGJ,ICN
1303,9,268.7,YGJ,ICN
1304,9,275.9,YGJ,ICN
1305,9,284.0,YGJ,ICN
1306,9,292.7,YGJ,ICN
1307,9,301.6,YGJ,ICN
1308,9,305.1,OKJ,ICN
1309,9,307.9,OKJ,ICN
1310,9,312.0,OKJ,ICN
1311,9,317.2,OKJ,ICN
1312,9,323.3,OKJ,ICN
1313,9,330.1,OKJ,ICN
1314,9,337.4,OKJ,ICN
1315,9,338.5,UKB,ICN
1316,9,333.9,UKB,ICN
1317,9,330.3,UKB,ICN
1318,9,327.9,UKB,ICN
1319,9,326.6,UKB,ICN
1320,9,326.7,UKB,ICN
1321,9,328.1,UKB,ICN
1322,9,330.6,UKB,ICN
1323,9,334.4,UKB,ICN
1324,9,338.4,KIX,PUS
1325,9,342.8,KIX,PUS
1326,9,336.8,NGO,PUS
1327,9,328.6,NGO,PUS
1328,9,320.7,NGO,PUS
1329,9,313.3,NGO,PUS
1330,9,306.5,NGO,PUS
1331,9,300.7,NGO,PUS
1332,9,296.0,NGO,PUS
1333,9,292.9,NGO,PUS
1334,9,291.5,NGO,PUS
1335,9,292.2,NGO,PUS
1336,9,294.7,NGO,PUS
1337,9,298.9,NGO,PUS
1338,9,304.4,NGO,PUS
1339,9,310.9,NGO,PUS
1340,9,318.1,NGO,PUS
1341,9,325.8,NGO,PUS
1342,9,334.0,NGO,PUS
1343,9,339.8,FSZ,ICN
1344,9,334.6,FSZ,ICN
1345,9,330.5,FSZ,ICN
1346,9,327.9,FSZ,ICN
1347,9,326.9,FSZ,ICN
1348,9,327.6,FSZ,ICN
1349,9,330.0,FSZ,ICN
1350,9,333.9,FSZ,ICN
1351,9,339.0,FSZ,ICN
1352,9,345.0,FSZ,ICN
1353,9,351.8,FSZ,ICN
1354,9,359.2,FSZ,ICN
1355,9,352.1,HND,GMP
1356,9,343.3,HND,GMP
1357,9,313.3,HND,GMP
1358,9,309.5,HND,GMP
1359,9,314.0,HND,GMP
1360,9,320.3,HND,GMP
1361,9,323.4,NRT,PUS
1362,9,321.6,NRT,PUS
1363,9,288.1,YGJ,ICN
1364,9,278.7,YGJ,ICN
1365,9,269.7,YGJ,ICN
1366,9,261.1,YGJ,ICN
1367,9,254.0,YGJ,ICN
1368,9,251.1,YGJ,ICN
1369,9,254.8,YGJ,ICN
1370,9,262.2,YGJ,ICN
1371,9,270.8,YGJ,ICN
1372,9,279.9,YGJ,ICN
1373,9,289.3,YGJ,ICN
1374,9,298.7,YGJ,ICN
1375,9,308.3,YGJ,ICN
1376,9,317.3,OKJ,ICN
1377,9,320.9,OKJ,ICN
1378,9,325.6,OKJ,ICN
1379,9,331.1,OKJ,ICN
1380,9,337.2,OKJ,ICN
1381,9,344.0,OKJ,ICN
1382,9,347.2,UKB,ICN
1383,9,343.1,UKB,ICN
1384,9,339.9,UKB,ICN
1385,9,337.7,UKB,ICN
1386,9,336.6,UKB,ICN
1387,9,336.7,UKB,ICN
1388,9,337.9,UKB,ICN
1389,9,340.2,UKB,ICN
1390,9,343.5,UKB,ICN
1391,9,347.6,KIX,PUS
1392,9,350.4,NGO,PUS
1393,9,342.3,NGO,PUS
1394,9,334.6,NGO,PUS
1395,9,327.2,NGO,PUS
1396,9,320.5,NGO,PUS
1397,9,314.4,NGO,PUS
1398,9,309.3,NGO,PUS
1399,9,305.3,NGO,PUS
1400,9,302.6,NGO,PUS
1401,9,301.6,NGO,PUS
1402,9,302.1,NGO,PUS
1403,9,304.2,NGO,PUS
1404,9,307.8,NGO,PUS
1405,9,312.6,NGO,PUS
1406,9,318.3,NGO,PUS
1407,9,324.9,NGO,PUS
1408,9,332.0,NGO,PUS
1409,9,339.6,NGO,PUS
1410,9,347.6,NGO,PUS
1411,9,343.5,FSZ,ICN
1412,9,340.0,FSZ,ICN
1413,9,337.7,FSZ,ICN
1414,9,336.9,FSZ,ICN
1415,9,337.5,FSZ,ICN
1416,9,339.6,FSZ,ICN
1417,9,342.9,FSZ,ICN
1418,9,347.4,FSZ,ICN
1419,9,352.8,FSZ,ICN
1420,9,359.0,FSZ,ICN
1421,9,358.1,HND,GMP
1422,9,348.7,HND,GMP
1423,9,339.4,HND,GMP
1424,9,330.3,HND,GMP
1425,9,321.4,HND,GMP
1426,9,313.0,HND,GMP
1427,9,305.4,HND,GMP
1428,9,306.3,HND,GMP
1429,9,314.0,HND,GMP
1430,9,313.9,NRT,PUS
1431,9,311.7,NRT,PUS
1432,9,276.7,YGJ,ICN
1433,9,267.1,YGJ,ICN
1434,9,257.4,YGJ,ICN
1435,9,247.9,YGJ,ICN
1436,9,241.2,YGJ,ICN
1437,9,258.6,YGJ,ICN
1438,9,268.3,YGJ,ICN
1439,9,278.0,YGJ,ICN
1440,9,287.7,YGJ,ICN
1441,9,297.4,YGJ,ICN
1442,9,307.1,YGJ,ICN
1443,9,316.8,YGJ,ICN
1444,9,326.6,YGJ,ICN
1445,9,334.3,OKJ,ICN
1446,9,339.2,OKJ,ICN
1447,9,344.9,OKJ,ICN
1448,9,351.2,OKJ,ICN
1449,9,356.2,UKB,ICN
1450,9,352.4,UKB,ICN
1451,9,349.6,UKB,ICN
1452,9,347.6,UKB,ICN
1453,9,346.6,UKB,ICN
1454,9,346.7,UKB,ICN
1455,9,347.8,UKB,ICN
1456,9,349.8,UKB,ICN
1457,9,352.8,UKB,ICN
1458,9,356.6,UKB,ICN
1459,9,356.1,NGO,PUS
1460,9,348.4,NGO,PUS
1461,9,341.2,NGO,PUS
1462,9,334.4,NGO,PUS
1463,9,328.3,NGO,PUS
1464,9,322.8,NGO,PUS
1465,9,318.3,NGO,PUS
1466,9,314.8,NGO,PUS
1467,9,312.5,NGO,PUS
1468,9,311.6,NGO,PUS
1469,9,312.0,NGO,PUS
1470,9,313.9,NGO,PUS
1471,9,317.0,NGO,PUS
1472,9,321.2,NGO,PUS
1473,9,326.3,NGO,PUS
1474,9,332.3,NGO,PUS
1475,9,338.8,NGO,PUS
1476,9,345.9,NGO,PUS
1477,9,353.4,NGO,PUS
1478,9,352.7,FSZ,ICN
1479,9,349.6,FSZ,ICN
1480,9,347.6,FSZ,ICN
1481,9,346.9,FSZ,ICN
1482,9,347.4,FSZ,ICN
1483,9,349.2,FSZ,ICN
1484,9,352.2,FSZ,ICN
1485,9,356.1,FSZ,ICN
1486,9,361.0,FSZ,ICN
1487,9,365.9,HND,GMP
1488,9,356.3,HND,GMP
1489,9,346.6,HND,GMP
1490,9,337.0,HND,GMP
1491,9,327.4,HND,GMP
1492,9,317.9,HND,GMP
1493,9,308.6,HND,GMP
1494,9,299.5,HND,GMP
1495,9,291.5,HND,GMP
1496,9,300.6,HND,GMP
1497,9,309.4,NRT,PUS
1498,9,304.5,NRT,PUS
1499,9,301.7,NRT,PUS
1500,9,250.0,YGJ,ICN
1501,9,245.7,YGJ,ICN
1502,9,336.5,YGJ,ICN
1503,9,346.1,YGJ,ICN
1504,9,353.0,OKJ,ICN
1505,9,358.8,OKJ,ICN
1506,9,365.2,OKJ,ICN
1507,9,361.9,UKB,ICN
1508,9,359.3,UKB,ICN
1509,9,357.5,UKB,ICN
1510,9,356.6,UKB,ICN
1511,9,365.7,UKB,ICN
1512,9,362.3,NGO,PUS
1513,9,355.2,NGO,PUS
1514,9,348.4,NGO,PUS
1515,9,342.1,NGO,PUS
1516,9,336.5,NGO,PUS
1517,9,331.6,NGO,PUS
1518,9,327.5,NGO,PUS
1519,9,324.4,NGO,PUS
1520,9,322.4,NGO,PUS
1521,9,321.6,NGO,PUS
1522,9,322.0,NGO,PUS
1523,9,323.6,NGO,PUS
1524,9,326.3,NGO,PUS
1525,9,330.1,NGO,PUS
1526,9,334.7,NGO,PUS
1527,9,340.1,NGO,PUS
1528,9,346.2,NGO,PUS
1529,9,352.8,NGO,PUS
1530,9,359.8,NGO,PUS
1531,9,362.1,FSZ,ICN
1532,9,359.3,FSZ,ICN
1533,9,357.6,FSZ,ICN
1534,9,356.9,FSZ,ICN
1535,9,357.4,FSZ,ICN
1536,9,359.0,FSZ,ICN
1537,9,361.6,FSZ,ICN
1538,9,365.2,FSZ,ICN
1539,9,369.6,FSZ,ICN
1540,9,365.4,HND,GMP
1541,9,355.7,HND,GMP
1542,9,346.0,HND,GMP
1543,9,336.3,HND,GMP
1544,9,326.6,HND,GMP
1545,9,316.9,HND,GMP
1546,9,307.1,HND,GMP
1547,9,297.4,HND,GMP
1548,9,287.7,HND,GMP
1549,9,279.7,HND,GMP
1550,9,301.9,NRT,PUS
1551,9,295.7,NRT,PUS
1552,9,291.9,NRT,PUS
1553,9,291.7,NRT,PUS
1554,9,356.8,YGJ,ICN
1555,9,366.4,YGJ,ICN
1556,9,372.7,OKJ,ICN
1557,9,371.5,UKB,ICN
1558,9,369.1,UKB,ICN
1559,9,367.4,UKB,ICN
1560,9,366.6,UKB,ICN
1561,9,346.3,KMQ,ICN
1562,9,343.2,KMQ,ICN
1563,9,341.0,KMQ,ICN
1564,9,340.0,KMQ,ICN
1565,9,336.9,NGO,PUS
1566,9,334.1,NGO,PUS
1567,9,332.3,NGO,PUS
1568,9,331.6,NGO,PUS
1569,9,332.0,NGO,PUS
1570,9,333.4,NGO,PUS
1571,9,335.8,NGO,PUS
1572,9,339.2,NGO,PUS
1573,9,343.4,NGO,PUS
1574,9,348.4,NGO,PUS
1575,9,354.0,NGO,PUS
1576,9,360.1,NGO,PUS
1577,9,366.8,NGO,PUS
1578,9,371.6,FSZ,ICN
1579,9,369.1,FSZ,ICN
1580,9,367.5,FSZ,ICN
1581,9,366.9,FSZ,ICN
1582,9,367.4,FSZ,ICN
1583,9,368.8,FSZ,ICN
1584,9,371.1,FSZ,ICN
1585,9,374.4,FSZ,ICN
1586,9,375.7,HND,GMP
1587,9,366.1,HND,GMP
1588,9,356.4,HND,GMP
1589,9,346.8,HND,GMP
1590,9,337.3,HND,GMP
1591,9,327.8,HND,GMP
1592,9,318.4,HND,GMP
1593,9,309.1,HND,GMP
1594,9,300.3,HND,GMP
1595,9,292.8,HND,GMP
1596,9,289.5,HND,GMP
1597,9,293.6,HND,GMP
1598,9,295.9,NRT,PUS
1599,9,288.0,NRT,PUS
1600,9,282.3,NRT,PUS
1601,9,282.0,NRT,PUS
1602,9,287.4,NRT,PUS
1603,9,376.6,UKB,ICN
1604,9,333.6,KMQ,ICN
1605,9,331.2,KMQ,ICN
1606,9,329.9,KMQ,ICN
1607,9,330.0,KMQ,ICN
1608,9,331.3,KMQ,ICN
1609,9,333.8,KMQ,ICN
1610,9,337.4,KMQ,ICN
1611,9,341.9,NGO,PUS
1612,9,343.2,NGO,PUS
1613,9,345.4,NGO,PUS
1614,9,348.5,NGO,PUS
1615,9,352.3,NGO,PUS
1616,9,356.9,NGO,PUS
1617,9,362.1,NGO,PUS
1618,9,367.8,NGO,PUS
1619,9,374.1,NGO,PUS
1620,9,380.7,NGO,PUS
1621,9,378.9,FSZ,ICN
1622,9,377.5,FSZ,ICN
1623,9,377.0,FSZ,ICN
1624,9,377.3,FSZ,ICN
1625,9,378.6,FSZ,ICN
1626,9,380.8,FSZ,ICN
1627,9,383.7,FSZ,ICN
1628,9,377.3,HND,GMP
1629,9,367.8,HND,GMP
1630,9,358.4,HND,GMP
1631,9,349.1,HND,GMP
1632,9,339.9,HND,GMP
1633,9,330.9,HND,GMP
1634,9,322.2,HND,GMP
1635,9,314.0,HND,GMP
1636,9,306.7,HND,GMP
1637,9,301.4,HND,GMP
1638,9,299.5,HND,GMP
1639,9,301.9,HND,GMP
1640,9,302.4,NRT,PUS
1641,9,292.7,NRT,PUS
1642,9,283.2,NRT,PUS
1643,9,274.1,NRT,PUS
1644,9,273.5,NRT,PUS
1645,9,282.4,NRT,PUS
1646,9,291.9,NRT,PUS
1647,9,301.6,NRT,PUS
1648,9,324.1,KMQ,ICN
1649,9,321.4,KMQ,ICN
1650,9,320.0,KMQ,ICN
1651,9,320.0,KMQ,ICN
1652,9,321.5,KMQ,ICN
1653,9,324.4,KMQ,ICN
1654,9,328.5,KMQ,ICN
1655,9,333.5,KMQ,ICN
1656,9,339.4,KMQ,ICN
1657,9,346.0,KMQ,ICN
1658,9,353.0,KMQ,ICN
1659,9,360.5,KMQ,ICN
1660,9,365.7,NGO,PUS
1661,9,370.5,NGO,PUS
1662,9,375.9,NGO,PUS
1663,9,381.7,NGO,PUS
1664,9,388.0,NGO,PUS
1665,9,388.7,FSZ,ICN
1666,9,387.5,FSZ,ICN
1667,9,387.0,FSZ,ICN
1668,9,387.3,FSZ,ICN
1669,9,388.5,FSZ,ICN
1670,9,390.5,FSZ,ICN
1671,9,389.1,HND,GMP
1672,9,379.8,HND,GMP
1673,9,370.6,HND,GMP
1674,9,361.6,HND,GMP
1675,9,352.7,HND,GMP
1676,9,344.0,HND,GMP
1677,9,335.6,HND,GMP
1678,9,327.8,HND,GMP
1679,9,320.7,HND,GMP
1680,9,314.8,HND,GMP
1681,9,310.9,HND,GMP
1682,9,309.6,HND,GMP
1683,9,311.2,HND,GMP
1684,9,302.8,NRT,PUS
1685,9,293.4,NRT,PUS
1686,9,284.2,NRT,PUS
1687,9,276.3,NRT,PUS
1688,9,275.9,NRT,PUS
1689,9,283.5,NRT,PUS
1690,9,292.6,NRT,PUS
1691,9,302.0,NRT,PUS
1692,9,319.4,KMQ,ICN
1693,9,314.9,KMQ,ICN
1694,9,311.6,KMQ,ICN
1695,9,310.0,KMQ,ICN
1696,9,310.0,KMQ,ICN
1697,9,311.8,KMQ,ICN
1698,9,315.2,KMQ,ICN
1699,9,319.8,KMQ,ICN
1700,9,325.5,KMQ,ICN
1701,9,332.0,KMQ,ICN
1702,9,339.2,KMQ,ICN
1703,9,346.8,KMQ,ICN
1704,9,354.7,KMQ,ICN
1705,9,363.0,KMQ,ICN
1706,9,371.4,KMQ,ICN
1707,9,380.1,KMQ,ICN
1708,9,388.9,KMQ,ICN
1709,9,395.6,NGO,PUS
1710,9,398.6,FSZ,ICN
1711,9,397.4,FSZ,ICN
1712,9,397.0,FSZ,ICN
1713,9,397.3,FSZ,ICN
1714,9,398.4,FSZ,ICN
1715,9,400.2,FSZ,ICN
1716,9,392.3,HND,GMP
1717,9,383.3,HND,GMP
1718,9,374.4,HND,GMP
1719,9,365.8,HND,GMP
1720,9,357.3,HND,GMP
1721,9,349.2,HND,GMP
1722,9,341.6,HND,GMP
1723,9,334.6,HND,GMP
1724,9,328.5,HND,GMP
1725,9,323.7,HND,GMP
1726,9,320.6,HND,GMP
1727,9,319.6,HND,GMP
1728,9,314.9,NRT,PUS
1729,9,306.0,NRT,PUS
1730,9,297.6,NRT,PUS
1731,9,290.2,NRT,PUS
1732,9,285.3,NRT,PUS
1733,9,285.1,NRT,PUS
1734,9,289.7,NRT,PUS
1735,9,296.9,NRT,PUS
1736,9,298.8,YGJ,ICN
1737,9,311.2,KMQ,ICN
1738,9,305.9,KMQ,ICN
1739,9,302.0,KMQ,ICN
1740,9,300.0,KMQ,ICN
1741,9,300.1,KMQ,ICN
1742,9,302.2,KMQ,ICN
1743,9,306.2,KMQ,ICN
1744,9,311.7,KMQ,ICN
1745,9,318.1,KMQ,ICN
1746,9,325.3,KMQ,ICN
1747,9,333.1,KMQ,ICN
1748,9,341.2,KMQ,ICN
1749,9,349.7,KMQ,ICN
1750,9,358.3,KMQ,ICN
1751,9,367.1,KMQ,ICN
1752,9,376.1,KMQ,ICN
1753,9,385.1,KMQ,ICN
1754,9,394.2,KMQ,ICN
1755,9,403.4,KMQ,ICN
1756,9,407.4,FSZ,ICN
1757,9,407.0,FSZ,ICN
1758,9,407.3,FSZ,ICN
1759,9,408.3,FSZ,ICN
1760,9,405.0,HND,GMP
1761,9,396.2,HND,GMP
1762,9,387.5,HND,GMP
1763,9,379.1,HND,GMP
1764,9,370.9,HND,GMP
1765,9,363.0,HND,GMP
1766,9,355.5,HND,GMP
1767,9,348.5,HND,GMP
1768,9,342.3,HND,GMP
1769,9,337.0,HND,GMP
1770,9,332.9,HND,GMP
1771,9,330.4,HND,GMP
1772,9,327.8,NRT,PUS
1773,9,319.3,NRT,PUS
1774,9,311.3,NRT,PUS
1775,9,304.1,NRT,PUS
1776,9,298.4,NRT,PUS
1777,9,295.0,NRT,PUS
1778,9,294.9,NRT,PUS
1779,9,298.0,NRT,PUS
1780,9,308.3,YGJ,ICN
1781,9,303.7,KMQ,ICN
1782,9,297.4,KMQ,ICN
1783,9,292.6,KMQ,ICN
1784,9,290.0,KMQ,ICN
1785,9,290.1,KMQ,ICN
1786,9,292.9,KMQ,ICN
1787,9,297.8,KMQ,ICN
1788,9,304.2,KMQ,ICN
1789,9,311.6,KMQ,ICN
1790,9,319.5,KMQ,ICN
1791,9,327.9,KMQ,ICN
1792,9,336.6,KMQ,ICN
1793,9,345.5,KMQ,ICN
1794,9,354.5,KMQ,ICN
1795,9,363.6,KMQ,ICN
1796,9,372.8,KMQ,ICN
1797,9,382.0,KMQ,ICN
1798,9,391.4,KMQ,ICN
1799,9,400.7,KMQ,ICN
1800,9,410.1,KMQ,ICN
1801,9,417.0,FSZ,ICN
1802,9,417.3,FSZ,ICN
1803,9,417.9,HND,GMP
1804,9,409.3,HND,GMP
1805,9,400.8,HND,GMP
1806,9,392.5,HND,GMP
1807,9,384.5,HND,GMP
1808,9,376.7,HND,GMP
1809,9,369.3,HND,GMP
1810,9,362.4,HND,GMP
1811,9,356.1,HND,GMP
1812,9,350.5,HND,GMP
1813,9,345.9,HND,GMP
1814,9,342.4,HND,GMP
1815,9,340.3,HND,GMP
1816,9,332.8,NRT,PUS
1817,9,325.1,NRT,PUS
1818,9,318.1,NRT,PUS
1819,9,312.0,NRT,PUS
1820,9,307.5,NRT,PUS
1821,9,304.9,NRT,PUS
1822,9,304.8,NRT,PUS
1823,9,307.2,NRT,PUS
1824,9,289.8,KMQ,ICN
1825,9,283.7,KMQ,ICN
1826,9,280.2,KMQ,ICN
1827,9,280.3,KMQ,ICN
1828,9,284.1,KMQ,ICN
1829,9,290.3,KMQ,ICN
1830,9,297.9,KMQ,ICN
1831,9,306.2,KMQ,ICN
1832,9,314.9,KMQ,ICN
1833,9,323.9,KMQ,ICN
1834,9,333.0,KMQ,ICN
1835,9,342.2,KMQ,ICN
1836,9,351.5,KMQ,ICN
1837,9,360.9,KMQ,ICN
1838,9,370.3,KMQ,ICN
1839,9,379.7,KMQ,ICN
1840,9,389.2,KMQ,ICN
1841,9,398.7,KMQ,ICN
1842,9,408.2,KMQ,ICN
1843,9,417.7,KMQ,ICN
1844,9,427.3,KMQ,ICN
1845,9,422.5,HND,GMP
1846,9,414.2,HND,GMP
1847,9,406.1,HND,GMP
1848,9,398.1,HND,GMP
1849,9,390.5,HND,GMP
1850,9,383.2,HND,GMP
1851,9,376.3,HND,GMP
1852,9,369.9,HND,GMP
1853,9,364.2,HND,GMP
1854,9,359.2,HND,GMP
1855,9,355.1,HND,GMP
1856,9,352.1,HND,GMP
1857,9,346.5,NRT,PUS
1858,9,338.9,NRT,PUS
1859,9,332.0,NRT,PUS
1860,9,325.8,NRT,PUS
1861,9,320.6,NRT,PUS
1862,9,316.9,NRT,PUS
1863,9,314.9,NRT,PUS
1864,9,314.8,NRT,PUS
1865,9,316.7,NRT,PUS
1866,9,325.8,YGJ,ICN
1867,9,326.4,YGJ,ICN
1868,9,275.9,KMQ,ICN
1869,9,270.5,KMQ,ICN
1870,9,270.7,KMQ,ICN
1871,9,276.5,KMQ,ICN
1872,9,284.5,KMQ,ICN
1873,9,293.3,KMQ,ICN
1874,9,302.4,KMQ,ICN
1875,9,311.7,KMQ,ICN
1876,9,321.1,KMQ,ICN
1877,9,330.6,KMQ,ICN
1878,9,340.0,KMQ,ICN
1879,9,349.6,KMQ,ICN
1880,9,359.1,KMQ,ICN
1881,9,368.6,KMQ,ICN
1882,9,378.2,KMQ,ICN
1883,9,387.8,KMQ,ICN
1884,9,397.4,KMQ,ICN
1885,9,406.9,KMQ,ICN
1886,9,416.5,KMQ,ICN
1887,9,426.1,KMQ,ICN
1888,9,427.7,HND,GMP
1889,9,419.6,HND,GMP
1890,9,411.8,HND,GMP
1891,9,404.3,HND,GMP
1892,9,397.1,HND,GMP
1893,9,390.2,HND,GMP
1894,9,383.8,HND,GMP
1895,9,377.9,HND,GMP
1896,9,372.7,HND,GMP
1897,9,368.1,HND,GMP
1898,9,364.5,HND,GMP
1899,9,360.2,NRT,PUS
1900,9,352.8,NRT,PUS
1901,9,345.9,NRT,PUS
1902,9,339.6,NRT,PUS
1903,9,334.1,NRT,PUS
1904,9,329.7,NRT,PUS
1905,9,326.5,NRT,PUS
1906,9,324.8,NRT,PUS
1907,9,324.8,NRT,PUS
1908,9,326.3,NRT,PUS
1909,9,262.2,KMQ,ICN
1910,9,262.8,KMQ,ICN
1911,9,272.0,KMQ,ICN
1912,9,281.5,KMQ,ICN
1913,9,291.1,KMQ,ICN
1914,9,300.6,KMQ,ICN
1915,9,310.2,KMQ,ICN
1916,9,319.8,KMQ,ICN
1917,9,329.4,KMQ,ICN
1918,9,339.1,KMQ,ICN
1919,9,348.7,KMQ,ICN
1920,9,358.3,KMQ,ICN
1921,9,367.9,KMQ,ICN
1922,9,377.5,KMQ,ICN
1923,9,387.1,KMQ,ICN
1924,9,396.7,KMQ,ICN
1925,9,406.3,KMQ,ICN
1926,9,415.9,KMQ,ICN
1927,9,425.6,KMQ,ICN
1928,9,433.3,HND,GMP
1929,9,425.6,HND,GMP
1930,9,418.1,HND,GMP
1931,9,410.9,HND,GMP
1932,9,404.1,HND,GMP
1933,9,397.7,HND,GMP
1934,9,391.7,HND,GMP
1935,9,386.2,HND,GMP
1936,9,381.4,HND,GMP
1937,9,377.3,HND,GMP
1938,9,373.9,NRT,PUS
1939,9,366.6,NRT,PUS
1940,9,359.7,NRT,PUS
1941,9,353.4,NRT,PUS
1942,9,347.7,NRT,PUS
1943,9,342.9,NRT,PUS
1944,9,339.0,NRT,PUS
1945,9,336.2,NRT,PUS
1946,9,334.8,NRT,PUS
1947,9,334.8,NRT,PUS
1948,9,336.1,NRT,PUS
1949,9,265.9,KMQ,ICN
1950,9,273.4,KMQ,ICN
1951,9,282.4,KMQ,ICN
1952,9,291.7,KMQ,ICN
1953,9,301.1,KMQ,ICN
1954,9,310.6,KMQ,ICN
1955,9,320.2,KMQ,ICN
1956,9,329.7,KMQ,ICN
1957,9,339.3,KMQ,ICN
1958,9,348.9,KMQ,ICN
1959,9,358.4,KMQ,ICN
1960,9,368.0,KMQ,ICN
1961,9,377.6,KMQ,ICN
1962,9,387.2,KMQ,ICN
1963,9,396.8,KMQ,ICN
1964,9,406.4,KMQ,ICN
1965,9,416.0,KMQ,ICN
1966,9,425.6,KMQ,ICN
1967,9,435.2,KMQ,ICN
1968,9,431.9,HND,GMP
1969,9,424.8,HND,GMP
1970,9,418.0,HND,GMP
1971,9,411.5,HND,GMP
1972,9,405.5,HND,GMP
1973,9,399.9,HND,GMP
1974,9,394.8,HND,GMP
1975,9,390.4,HND,GMP
1976,9,386.6,HND,GMP
1977,9,380.5,NRT,PUS
1978,9,373.6,NRT,PUS
1979,9,367.2,NRT,PUS
1980,9,361.4,NRT,PUS
1981,9,356.3,NRT,PUS
1982,9,351.9,NRT,PUS
1983,9,348.4,NRT,PUS
1984,9,346.1,NRT,PUS
1985,9,344.8,NRT,PUS
1986,9,344.8,NRT,PUS
1987,9,345.9,NRT,PUS
1988,9,279.7,KMQ,ICN
1989,9,286.8,KMQ,ICN
1990,9,295.0,KMQ,ICN
1991,9,303.8,KMQ,ICN
1992,9,312.8,KMQ,ICN
1993,9,322.0,KMQ,ICN
1994,9,331.3,KMQ,ICN
1995,9,340.7,KMQ,ICN
1996,9,350.1,KMQ,ICN
1997,9,359.6,KMQ,ICN
1998,9,369.1,KMQ,ICN
1999,9,378.6,KMQ,ICN
2000,9,388.1,KMQ,ICN
2001,9,397.6,KMQ,ICN
2002,9,407.1,KMQ,ICN
2003,9,416.7,KMQ,ICN
2004,9,426.2,KMQ,ICN
2005,9,435.8,KMQ,ICN
2006,9,438.7,HND,GMP
2007,9,431.9,HND,GMP
2008,9,425.4,HND,GMP
2009,9,419.3,HND,GMP
2010,9,413.6,HND,GMP
2011,9,408.3,HND,GMP
2012,9,403.6,HND,GMP
2013,9,399.5,HND,GMP
2014,9,394.3,NRT,PUS
2015,9,387.5,NRT,PUS
2016,9,381.1,NRT,PUS
2017,9,375.1,NRT,PUS
2018,9,369.8,NRT,PUS
2019,9,365.1,NRT,PUS
2020,9,361.1,NRT,PUS
2021,9,358.0,NRT,PUS
2022,9,355.9,NRT,PUS
2023,9,354.8,NRT,PUS
2024,9,354.8,NRT,PUS
2025,9,355.8,NRT,PUS
2026,9,293.5,KMQ,ICN
2027,9,300.5,KMQ,ICN
2028,9,308.3,KMQ,ICN
2029,9,316.7,KMQ,ICN
2030,9,325.4,KMQ,ICN
2031,9,334.3,KMQ,ICN
2032,9,343.3,KMQ,ICN
2033,9,352.4,KMQ,ICN
2034,9,361.7,KMQ,ICN
2035,9,371.0,KMQ,ICN
2036,9,380.3,KMQ,ICN
2037,9,389.7,KMQ,ICN
2038,9,399.1,KMQ,ICN
2039,9,408.5,KMQ,ICN
2040,9,418.0,KMQ,ICN
2041,9,427.4,KMQ,ICN
2042,9,432.9,KIJ,ICN
2043,9,429.4,KIJ,ICN
2044,9,426.3,KIJ,ICN
2045,9,423.9,KIJ,ICN
2046,9,422.0,KIJ,ICN
2047,9,420.7,KIJ,ICN
2048,9,417.0,HND,GMP
2049,9,412.6,HND,GMP
2050,9,408.2,NRT,PUS
2051,9,401.4,NRT,PUS
2052,9,394.9,NRT,PUS
2053,9,388.9,NRT,PUS
2054,9,383.4,NRT,PUS
2055,9,378.4,NRT,PUS
2056,9,374.1,NRT,PUS
2057,9,370.5,NRT,PUS
2058,9,367.7,NRT,PUS
2059,9,365.8,NRT,PUS
2060,9,364.8,NRT,PUS
2061,9,364.8,NRT,PUS
2062,9,365.7,NRT,PUS
2063,9,367.5,NRT,PUS
2064,9,307.4,KMQ,ICN
2065,9,314.3,KMQ,ICN
2066,9,321.8,KMQ,ICN
2067,9,329.9,KMQ,ICN
2068,9,338.3,KMQ,ICN
2069,9,346.9,KMQ,ICN
2070,9,355.7,KMQ,ICN
2071,9,364.7,KMQ,ICN
2072,9,373.7,KMQ,ICN
2073,9,382.8,KMQ,ICN
2074,9,392.0,KMQ,ICN
2075,9,401.3,KMQ,ICN
2076,9,410.6,KMQ,ICN
2077,9,419.9,KMQ,ICN
2078,9,428.0,KIJ,ICN
2079,9,423.7,KIJ,ICN
2080,9,420.0,KIJ,ICN
2081,9,416.8,KIJ,ICN
2082,9,414.1,KIJ,ICN
2083,9,412.1,KIJ,ICN
2084,9,410.7,KIJ,ICN
2085,9,409.9,KIJ,ICN
2086,9,409.8,KIJ,ICN
2087,9,410.4,KIJ,ICN
2088,9,408.8,NRT,PUS
2089,9,402.7,NRT,PUS
2090,9,397.0,NRT,PUS
2091,9,391.9,NRT,PUS
2092,9,387.3,NRT,PUS
2093,9,383.3,NRT,PUS
2094,9,380.0,NRT,PUS
2095,9,377.4,NRT,PUS
2096,9,375.7,NRT,PUS
2097,9,374.8,NRT,PUS
2098,9,374.8,NRT,PUS
2099,9,375.6,NRT,PUS
2100,9,377.3,NRT,PUS
2101,9,315.2,KMQ,ICN
2102,9,321.2,KMQ,ICN
2103,9,328.1,KMQ,ICN
2104,9,359.9,KMQ,ICN
2105,9,368.5,KMQ,ICN
2106,9,377.2,KMQ,ICN
2107,9,386.1,KMQ,ICN
2108,9,395.1,KMQ,ICN
2109,9,404.1,KMQ,ICN
2110,9,413.2,KMQ,ICN
2111,9,422.4,KMQ,ICN
2112,9,419.2,KIJ,ICN
2113,9,414.7,KIJ,ICN
2114,9,410.7,KIJ,ICN
2115,9,407.3,KIJ,ICN
2116,9,404.5,KIJ,ICN
2117,9,402.3,KIJ,ICN
2118,9,400.7,KIJ,ICN
2119,9,399.9,KIJ,ICN
2120,9,399.8,KIJ,ICN
2121,9,400.4,KIJ,ICN
2122,9,401.7,KIJ,ICN
2123,9,403.7,KIJ,ICN
2124,9,405.4,NRT,PUS
2125,9,400.6,NRT,PUS
2126,9,396.3,NRT,PUS
2127,9,392.6,NRT,PUS
2128,9,389.6,NRT,PUS
2129,9,387.2,NRT,PUS
2130,9,385.6,NRT,PUS
2131,9,384.8,NRT,PUS
2132,9,384.8,NRT,PUS
2133,9,385.5,NRT,PUS
2134,9,387.1,NRT,PUS
2135,9,389.3,NRT,PUS
2136,9,323.6,KMQ,ICN
2137,9,328.9,KMQ,ICN
2138,9,335.1,KMQ,ICN
2139,9,364.8,KMQ,ICN
2140,9,373.0,KMQ,ICN
2141,9,381.5,KMQ,ICN
2142,9,390.0,KMQ,ICN
2143,9,398.7,KMQ,ICN
2144,9,407.6,KMQ,ICN
2145,9,416.5,KMQ,ICN
2146,9,415.8,KIJ,ICN
2147,9,410.6,KIJ,ICN
2148,9,405.8,KIJ,ICN
2149,9,401.5,KIJ,ICN
2150,9,397.9,KIJ,ICN
2151,9,394.8,KIJ,ICN
2152,9,392.5,KIJ,ICN
2153,9,390.8,KIJ,ICN
2154,9,389.9,KIJ,ICN
2155,9,389.8,KIJ,ICN
2156,9,390.5,KIJ,ICN
2157,9,391.9,KIJ,ICN
2158,9,394.0,KIJ,ICN
2159,9,396.8,KIJ,ICN
2160,9,400.3,KIJ,ICN
2161,9,404.4,KIJ,ICN
2162,9,402.0,NRT,PUS
2163,9,399.2,NRT,PUS
2164,9,397.0,NRT,PUS
2165,9,395.6,NRT,PUS
2166,9,394.8,NRT,PUS
2167,9,394.8,NRT,PUS
2168,9,395.5,NRT,PUS
2169,9,396.9,NRT,PUS
2170,9,399.0,NRT,PUS
2171,9,332.3,KMQ,ICN
2172,9,337.1,KMQ,ICN
2173,9,342.7,KMQ,ICN
2174,9,394.6,KMQ,ICN
2175,9,403.0,KMQ,ICN
2176,9,411.6,KMQ,ICN
2177,9,413.7,KIJ,ICN
2178,9,407.7,KIJ,ICN
2179,9,402.2,KIJ,ICN
2180,9,397.1,KIJ,ICN
2181,9,392.5,KIJ,ICN
2182,9,388.5,KIJ,ICN
2183,9,385.2,KIJ,ICN
2184,9,382.7,KIJ,ICN
2185,9,380.9,KIJ,ICN
2186,9,379.9,KIJ,ICN
2187,9,379.8,KIJ,ICN
2188,9,380.5,KIJ,ICN
2189,9,382.0,KIJ,ICN
2190,9,384.4,KIJ,ICN
2191,9,387.4,KIJ,ICN
2192,9,391.2,KIJ,ICN
2193,9,395.6,KIJ,ICN
2194,9,400.5,KIJ,ICN
2195,9,406.0,KIJ,ICN
2196,9,406.9,NRT,PUS
2197,9,405.5,NRT,PUS
2198,9,404.8,NRT,PUS
2199,9,404.8,NRT,PUS
2200,9,405.4,NRT,PUS
2201,9,406.8,NRT,PUS
2202,9,408.7,NRT,PUS
2203,9,411.3,NRT,PUS
2204,9,412.3,SDJ,ICN
2205,9,341.4,KMQ,ICN
2206,9,412.9,KIJ,ICN
2207,9,406.3,KIJ,ICN
2208,9,399.9,KIJ,ICN
2209,9,394.0,KIJ,ICN
2210,9,388.5,KIJ,ICN
2211,9,383.6,KIJ,ICN
2212,9,379.3,KIJ,ICN
2213,9,375.8,KIJ,ICN
2214,9,373.0,KIJ,ICN
2215,9,371.0,KIJ,ICN
2216,9,369.9,KIJ,ICN
2217,9,369.8,KIJ,ICN
2218,9,370.6,KIJ,ICN
2219,9,372.3,KIJ,ICN
2220,9,374.8,KIJ,ICN
2221,9,378.2,KIJ,ICN
2222,9,382.2,KIJ,ICN
2223,9,387.0,KIJ,ICN
2224,9,392.2,KIJ,ICN
2225,9,398.0,KIJ,ICN
2226,9,404.3,KIJ,ICN
2227,9,410.8,KIJ,ICN
2228,9,413.1,SDJ,ICN
2229,9,409.6,SDJ,ICN
2230,9,406.7,SDJ,ICN
2231,9,404.5,SDJ,ICN
2232,9,403.0,SDJ,ICN
2233,9,402.3,SDJ,ICN
2234,9,402.3,SDJ,ICN
2235,9,347.7,KMQ,ICN
2236,9,350.7,KMQ,ICN
2237,9,354.5,KMQ,ICN
2238,9,386.1,KIJ,ICN
2239,9,380.3,KIJ,ICN
2240,9,375.0,KIJ,ICN
2241,9,370.3,KIJ,ICN
2242,9,366.4,KIJ,ICN
2243,9,363.3,KIJ,ICN
2244,9,361.1,KIJ,ICN
2245,9,359.9,KIJ,ICN
2246,9,359.8,KIJ,ICN
2247,9,360.6,KIJ,ICN
2248,9,362.5,KIJ,ICN
2249,9,365.3,KIJ,ICN
2250,9,369.0,KIJ,ICN
2251,9,373.5,KIJ,ICN
2252,9,378.6,KIJ,ICN
2253,9,384.3,KIJ,ICN
2254,9,390.4,KIJ,ICN
2255,9,397.0,KIJ,ICN
2256,9,404.0,KIJ,ICN
2257,9,404.0,SDJ,ICN
2258,9,400.2,SDJ,ICN
2259,9,397.1,SDJ,ICN
2260,9,394.7,SDJ,ICN
2261,9,393.0,SDJ,ICN
2262,9,392.2,SDJ,ICN
2263,9,392.3,SDJ,ICN
2264,9,360.1,KMQ,ICN
2265,9,363.6,KMQ,ICN
2266,9,367.8,KMQ,ICN
2267,9,372.3,KIJ,ICN
2268,9,366.6,KIJ,ICN
2269,9,361.5,KIJ,ICN
2270,9,357.2,KIJ,ICN
2271,9,353.7,KIJ,ICN
2272,9,351.3,KIJ,ICN
2273,9,349.9,KIJ,ICN
2274,9,349.8,KIJ,ICN
2275,9,350.7,KIJ,ICN
2276,9,352.9,KIJ,ICN
2277,9,356.0,KIJ,ICN
2278,9,360.1,KIJ,ICN
2279,9,364.9,KIJ,ICN
2280,9,370.5,KIJ,ICN
2281,9,376.6,KIJ,ICN
2282,9,383.2,KIJ,ICN
2283,9,390.2,KIJ,ICN
2284,9,397.5,KIJ,ICN
2285,9,395.0,SDJ,ICN
2286,9,390.9,SDJ,ICN
2287,9,387.5,SDJ,ICN
2288,9,384.9,SDJ,ICN
2289,9,383.1,SDJ,ICN
2290,9,382.2,SDJ,ICN
2291,9,382.3,SDJ,ICN
2292,9,369.6,KMQ,ICN
2293,9,372.8,KMQ,ICN
2294,9,376.7,KMQ,ICN
2295,9,381.2,KMQ,ICN
2296,9,386.3,KMQ,ICN
2297,9,353.0,KIJ,ICN
2298,9,348.2,KIJ,ICN
2299,9,344.3,KIJ,ICN
2300,9,341.5,KIJ,ICN
2301,9,340.0,KIJ,ICN
2302,9,339.7,KIJ,ICN
2303,9,340.9,KIJ,ICN
2304,9,343.3,KIJ,ICN
2305,9,346.8,KIJ,ICN
2306,9,351.4,KIJ,ICN
2307,9,356.8,KIJ,ICN
2308,9,362.8,KIJ,ICN
2309,9,369.4,KIJ,ICN
2310,9,376.5,KIJ,ICN
2311,9,383.9,KIJ,ICN
2312,9,391.4,SDJ,ICN
2313,9,386.3,SDJ,ICN
2314,9,381.8,SDJ,ICN
2315,9,378.1,SDJ,ICN
2316,9,375.2,SDJ,ICN
2317,9,373.2,SDJ,ICN
2318,9,372.2,SDJ,ICN
2319,9,372.3,SDJ,ICN
2320,9,389.9,KMQ,ICN
2321,9,394.7,KMQ,ICN
2322,9,399.9,KMQ,ICN
2323,9,344.8,KIJ,ICN
2324,9,339.4,KIJ,ICN
2325,9,335.0,KIJ,ICN
2326,9,331.8,KIJ,ICN
2327,9,330.0,KIJ,ICN
2328,9,329.7,KIJ,ICN
2329,9,331.1,KIJ,ICN
2330,9,333.9,KIJ,ICN
2331,9,337.9,KIJ,ICN
2332,9,343.1,KIJ,ICN
2333,9,349.0,KIJ,ICN
2334,9,355.7,KIJ,ICN
2335,9,362.8,KIJ,ICN
2336,9,370.3,KIJ,ICN
2337,9,378.2,KIJ,ICN
2338,9,383.4,SDJ,ICN
2339,9,377.8,SDJ,ICN
2340,9,372.9,SDJ,ICN
2341,9,368.8,SDJ,ICN
2342,9,365.5,SDJ,ICN
2343,9,363.3,SDJ,ICN
2344,9,362.2,SDJ,ICN
2345,9,362.3,SDJ,ICN
2346,9,331.1,KIJ,ICN
2347,9,326.0,KIJ,ICN
2348,9,322.2,KIJ,ICN
2349,9,320.0,KIJ,ICN
2350,9,319.7,KIJ,ICN
2351,9,321.4,KIJ,ICN
2352,9,324.7,KIJ,ICN
2353,9,329.4,KIJ,ICN
2354,9,335.3,KIJ,ICN
2355,9,341.9,KIJ,ICN
2356,9,349.1,KIJ,ICN
2357,9,356.8,KIJ,ICN
2358,9,364.8,KIJ,ICN
2359,9,373.1,KIJ,ICN
2360,9,375.7,SDJ,ICN
2361,9,369.7,SDJ,ICN
2362,9,364.2,SDJ,ICN
2363,9,359.6,SDJ,ICN
2364,9,356.0,SDJ,ICN
2365,9,353.5,SDJ,ICN
2366,9,352.2,SDJ,ICN
2367,9,352.3,SDJ,ICN
2368,9,317.5,KIJ,ICN
2369,9,312.9,KIJ,ICN
2370,9,310.1,KIJ,ICN
2371,9,309.8,KIJ,ICN
2372,9,311.8,KIJ,ICN
2373,9,315.9,KIJ,ICN
2374,9,321.5,KIJ,ICN
2375,9,328.2,KIJ,ICN
2376,9,335.6,KIJ,ICN
2377,9,343.5,KIJ,ICN
2378,9,351.7,KIJ,ICN
2379,9,360.2,KIJ,ICN
2380,9,368.8,KIJ,ICN
2381,9,368.6,SDJ,ICN
2382,9,361.9,SDJ,ICN
2383,9,356.0,SDJ,ICN
2384,9,350.8,SDJ,ICN
2385,9,346.6,SDJ,ICN
2386,9,343.7,SDJ,ICN
2387,9,342.2,SDJ,ICN
2388,9,342.3,SDJ,ICN
2389,9,309.7,KIJ,ICN
2390,9,303.9,KIJ,ICN
2391,9,300.3,KIJ,ICN
2392,9,299.8,KIJ,ICN
2393,9,302.5,KIJ,ICN
2394,9,307.7,KIJ,ICN
2395,9,314.5,KIJ,ICN
2396,9,322.1,KIJ,ICN
2397,9,330.3,KIJ,ICN
2398,9,338.8,KIJ,ICN
2399,9,347.6,KIJ,ICN
2400,9,356.5,KIJ,ICN
2401,9,365.5,KIJ,ICN
2402,9,362.1,SDJ,ICN
2403,9,354.8,SDJ,ICN
2404,9,348.2,SDJ,ICN
2405,9,342.3,SDJ,ICN
2406,9,337.5,SDJ,ICN
2407,9,334.0,SDJ,ICN
2408,9,332.3,SDJ,ICN
2409,9,332.3,SDJ,ICN
2410,9,295.9,KIJ,ICN
2411,9,290.7,KIJ,ICN
2412,9,289.9,KIJ,ICN
2413,9,294.0,KIJ,ICN
2414,9,300.9,KIJ,ICN
2415,9,308.9,KIJ,ICN
2416,9,317.5,KIJ,ICN
2417,9,326.4,KIJ,ICN
2418,9,335.5,KIJ,ICN
2419,9,344.6,KIJ,ICN
2420,9,353.8,KIJ,ICN
2421,9,363.1,KIJ,ICN
2422,9,356.4,SDJ,ICN
2423,9,348.5,SDJ,ICN
2424,9,341.1,SDJ,ICN
2425,9,334.4,SDJ,ICN
2426,9,328.7,SDJ,ICN
2427,9,324.5,SDJ,ICN
2428,9,322.3,SDJ,ICN
2429,9,322.4,SDJ,ICN
2430,9,345.9,KIJ,ICN
2431,9,336.5,KIJ,ICN
2432,9,282.2,KIJ,ICN
2433,9,280.4,KIJ,ICN
2434,9,287.6,KIJ,ICN
2435,9,296.5,KIJ,ICN
2436,9,305.6,KIJ,ICN
2437,9,314.9,KIJ,ICN
2438,9,324.3,KIJ,ICN
2439,9,333.6,KIJ,ICN
2440,9,343.0,KIJ,ICN
2441,9,352.4,KIJ,ICN
2442,9,360.5,SDJ,ICN
2443,9,351.7,SDJ,ICN
2444,9,343.3,SDJ,ICN
2445,9,335.1,SDJ,ICN
2446,9,327.4,SDJ,ICN
2447,9,320.7,SDJ,ICN
2448,9,315.4,SDJ,ICN
2449,9,312.4,SDJ,ICN
2450,9,336.3,KIJ,ICN
2451,9,326.9,KIJ,ICN
2452,9,286.9,KIJ,ICN
2453,9,296.0,KIJ,ICN
2454,9,305.3,KIJ,ICN
2455,9,314.7,KIJ,ICN
2456,9,324.0,KIJ,ICN
2457,9,333.4,KIJ,ICN
2458,9,342.8,KIJ,ICN
2459,9,352.2,KIJ,ICN
2460,9,357.5,SDJ,ICN
2461,9,348.4,SDJ,ICN
2462,9,339.3,SDJ,ICN
2463,9,330.5,SDJ,ICN
2464,9,321.9,SDJ,ICN
2465,9,313.9,SDJ,ICN
2466,9,306.9,SDJ,ICN
2467,9,302.6,SDJ,ICN
2468,9,346.9,KIJ,ICN
2469,9,337.7,KIJ,ICN
2470,9,299.7,KIJ,ICN
2471,9,308.0,KIJ,ICN
2472,9,316.8,KIJ,ICN
2473,9,325.8,KIJ,ICN
2474,9,334.9,KIJ,ICN
2475,9,344.1,KIJ,ICN
2476,9,353.3,KIJ,ICN
2477,9,355.8,SDJ,ICN
2478,9,346.4,SDJ,ICN
2479,9,337.1,SDJ,ICN
2480,9,327.8,SDJ,ICN
2481,9,318.6,SDJ,ICN
2482,9,309.4,SDJ,ICN
2483,9,300.6,SDJ,ICN
2484,9,293.3,SDJ,ICN
2485,9,340.6,KIJ,ICN
2486,9,313.2,KIJ,ICN
2487,9,321.0,KIJ,ICN
2488,9,329.3,KIJ,ICN
2489,9,337.9,KIJ,ICN
2490,9,346.7,KIJ,ICN
2491,9,355.6,KIJ,ICN
2492,9,355.5,SDJ,ICN
2493,9,346.2,SDJ,ICN
2494,9,336.8,SDJ,ICN
2495,9,327.4,SDJ,ICN
2496,9,318.1,SDJ,ICN
2497,9,308.7,SDJ,ICN
2498,9,299.5,SDJ,ICN
2499,9,290.9,SDJ,ICN
2500,9,336.7,KIJ,ICN
2501,9,319.9,KIJ,ICN
2502,9,326.7,KIJ,ICN
2503,9,334.3,KIJ,ICN
2504,9,342.2,KIJ,ICN
2505,9,350.5,KIJ,ICN
2506,9,359.1,KIJ,ICN
2507,9,356.7,SDJ,ICN
2508,9,347.5,SDJ,ICN
2509,9,338.4,SDJ,ICN
2510,9,329.4,SDJ,ICN
2511,9,320.5,SDJ,ICN
2512,9,312.1,SDJ,ICN
2513,9,304.6,SDJ,ICN
2514,9,299.5,SDJ,ICN
2515,9,299.7,SDJ,ICN
2516,9,327.7,KIJ,ICN
2517,9,333.6,KIJ,ICN
2518,9,340.4,KIJ,ICN
2519,9,347.7,KIJ,ICN
2520,9,355.4,KIJ,ICN
2521,9,363.5,KIJ,ICN
2522,9,359.2,SDJ,ICN
2523,9,350.4,SDJ,ICN
2524,9,341.7,SDJ,ICN
2525,9,333.4,SDJ,ICN
2526,9,325.4,SDJ,ICN
2527,9,318.3,SDJ,ICN
2528,9,312.6,SDJ,ICN
2529,9,309.2,SDJ,ICN
2530,9,309.4,SDJ,ICN
2531,9,342.4,SDJ,ICN
2532,9,341.3,KIJ,ICN
2533,9,347.3,KIJ,ICN
2534,9,354.0,KIJ,ICN
2535,9,361.2,KIJ,ICN
2536,9,368.8,KIJ,ICN
2537,9,362.9,SDJ,ICN
2538,9,354.6,SDJ,ICN
2539,9,346.5,SDJ,ICN
2540,9,338.9,SDJ,ICN
2541,9,332.0,SDJ,ICN
2542,9,326.0,SDJ,ICN
2543,9,321.6,SDJ,ICN
2544,9,319.1,SDJ,ICN
2545,9,319.2,SDJ,ICN
2546,9,321.8,SDJ,ICN
2547,9,326.5,SDJ,ICN
2548,9,332.5,SDJ,ICN
2549,9,339.5,SDJ,ICN
2550,9,349.5,KIJ,ICN
2551,9,355.0,KIJ,ICN
2552,9,361.0,KIJ,ICN
2553,9,367.7,KIJ,ICN
2554,9,374.7,KIJ,ICN
2555,9,367.7,SDJ,ICN
2556,9,359.9,SDJ,ICN
2557,9,352.5,SDJ,ICN
2558,9,345.7,SDJ,ICN
2559,9,339.6,SDJ,ICN
2560,9,334.6,SDJ,ICN
2561,9,331.0,SDJ,ICN
2562,9,329.1,SDJ,ICN
2563,9,329.2,SDJ,ICN
2564,9,331.2,SDJ,ICN
2565,9,335.0,SDJ,ICN
2566,9,340.1,SDJ,ICN
2567,9,346.2,SDJ,ICN
2568,9,353.1,SDJ,ICN
2569,9,363.0,KIJ,ICN
2570,9,368.6,KIJ,ICN
2571,9,374.7,KIJ,ICN
2572,9,381.0,SDJ,ICN
2573,9,373.4,SDJ,ICN
2574,9,366.1,SDJ,ICN
2575,9,359.4,SDJ,ICN
2576,9,353.3,SDJ,ICN
2577,9,347.9,SDJ,ICN
2578,9,343.6,SDJ,ICN
2579,9,340.6,SDJ,ICN
2580,9,339.1,SDJ,ICN
2581,9,339.1,SDJ,ICN
2582,9,340.8,SDJ,ICN
2583,9,343.9,SDJ,ICN
2584,9,348.3,SDJ,ICN
2585,9,353.7,SDJ,ICN
2586,9,359.9,SDJ,ICN
2587,9,371.5,KIJ,ICN
2588,9,376.6,KIJ,ICN
2589,9,382.3,KIJ,ICN
2590,9,386.9,SDJ,ICN
2591,9,379.8,SDJ,ICN
2592,9,373.1,SDJ,ICN
2593,9,366.9,SDJ,ICN
2594,9,361.4,SDJ,ICN
2595,9,356.7,SDJ,ICN
2596,9,353.0,SDJ,ICN
2597,9,350.4,SDJ,ICN
2598,9,349.1,SDJ,ICN
2599,9,349.1,SDJ,ICN
2600,9,350.5,SDJ,ICN
2601,9,353.2,SDJ,ICN
2602,9,357.0,SDJ,ICN
2603,9,361.8,SDJ,ICN
2604,9,367.4,SDJ,ICN
2605,9,384.9,KIJ,ICN
2606,9,390.2,KIJ,ICN
2607,9,393.4,SDJ,ICN
2608,9,386.7,SDJ,ICN
2609,9,380.6,SDJ,ICN
2610,9,374.9,SDJ,ICN
2611,9,369.9,SDJ,ICN
2612,9,365.7,SDJ,ICN
2613,9,362.4,SDJ,ICN
2614,9,360.2,SDJ,ICN
2615,9,359.1,SDJ,ICN
2616,9,359.1,SDJ,ICN
2617,9,360.3,SDJ,ICN
2618,9,362.7,SDJ,ICN
2619,9,366.0,SDJ,ICN
2620,9,370.3,SDJ,ICN
2621,9,375.3,SDJ,ICN
2622,9,398.4,KIJ,ICN
2623,9,400.4,SDJ,ICN
2624,9,394.2,SDJ,ICN
2625,9,388.5,SDJ,ICN
2626,9,383.3,SDJ,ICN
2627,9,378.8,SDJ,ICN
2628,9,375.0,SDJ,ICN
2629,9,372.1,SDJ,ICN
2630,9,370.1,SDJ,ICN
2631,9,369.1,SDJ,ICN
2632,9,369.1,SDJ,ICN
2633,9,370.2,SDJ,ICN
2634,9,372.3,SDJ,ICN
2635,9,375.3,SDJ,ICN
2636,9,379.1,SDJ,ICN
2637,9,383.7,SDJ,ICN
2638,9,388.9,SDJ,ICN
2639,9,406.8,KIJ,ICN
2640,9,407.9,SDJ,ICN
2641,9,402.1,SDJ,ICN
2642,9,396.7,SDJ,ICN
2643,9,392.0,SDJ,ICN
2644,9,387.8,SDJ,ICN
2645,9,384.4,SDJ,ICN
2646,9,381.7,SDJ,ICN
2647,9,380.0,SDJ,ICN
2648,9,379.1,SDJ,ICN
2649,9,379.1,SDJ,ICN
2650,9,380.1,SDJ,ICN
2651,9,381.9,SDJ,ICN
2652,9,384.6,SDJ,ICN
2653,9,388.1,SDJ,ICN
2654,9,392.3,SDJ,ICN
2655,9,397.1,SDJ,ICN
2656,9,415.5,KIJ,ICN
2657,9,415.6,SDJ,ICN
2658,9,410.2,SDJ,ICN
2659,9,405.3,SDJ,ICN
2660,9,400.8,SDJ,ICN
2661,9,397.0,SDJ,ICN
2662,9,393.9,SDJ,ICN
2663,9,391.5,SDJ,ICN
2664,9,389.9,SDJ,ICN
2665,9,389.1,SDJ,ICN
2666,9,389.1,SDJ,ICN
2667,9,390.0,SDJ,ICN
2668,9,391.7,SDJ,ICN
2669,9,394.1,SDJ,ICN
2670,9,397.3,SDJ,ICN
2671,9,401.2,SDJ,ICN
2672,9,405.6,SDJ,ICN
2673,9,410.6,SDJ,ICN
2674,9,416.1,SDJ,ICN
2675,9,424.3,KIJ,ICN
2676,9,423.7,SDJ,ICN
2677,9,418.6,SDJ,ICN
2678,9,414.0,SDJ,ICN
2679,9,409.9,SDJ,ICN
2680,9,406.4,SDJ,ICN
2681,9,403.5,SDJ,ICN
2682,9,401.3,SDJ,ICN
2683,9,399.8,SDJ,ICN
2684,9,399.1,SDJ,ICN
2685,9,399.1,SDJ,ICN
2686,9,399.9,SDJ,ICN
2687,9,401.4,SDJ,ICN
2688,9,403.7,SDJ,ICN
2689,9,406.6,SDJ,ICN
2690,9,410.2,SDJ,ICN
2691,9,414.3,SDJ,ICN
2692,9,419.0,SDJ,ICN
2693,9,424.1,SDJ,ICN
2694,9,432.0,SDJ,ICN
2695,9,427.2,SDJ,ICN
2696,9,422.9,SDJ,ICN
2697,9,419.1,SDJ,ICN
2698,9,415.8,SDJ,ICN
2699,9,413.2,SDJ,ICN
2700,9,411.1,SDJ,ICN
2701,9,409.8,SDJ,ICN
2702,9,409.1,SDJ,ICN
2703,9,409.1,SDJ,ICN
2704,9,409.8,SDJ,ICN
2705,9,411.3,SDJ,ICN
2706,9,413.3,SDJ,ICN
2707,9,416.1,SDJ,ICN
2708,9,419.4,SDJ,ICN
2709,9,423.2,SDJ,ICN
2710,9,427.6,SDJ,ICN
2711,9,432.4,SDJ,ICN
2712,9,440.5,SDJ,ICN
2713,9,436.0,SDJ,ICN
2714,9,432.0,SDJ,ICN
2715,9,428.4,SDJ,ICN
2716,9,425.3,SDJ,ICN
2717,9,422.9,SDJ,ICN
2718,9,421.0,SDJ,ICN
2719,9,419.7,SDJ,ICN
2720,9,419.1,SDJ,ICN
2721,9,419.1,SDJ,ICN
2722,9,419.8,SDJ,ICN
2723,9,421.1,SDJ,ICN
2724,9,423.0,SDJ,ICN
2725,9,425.6,SDJ,ICN
2726,9,428.6,SDJ,ICN
2727,9,432.3,SDJ,ICN
2728,9,436.4,SDJ,ICN
2729,9,440.9,SDJ,ICN
2730,9,438.7,AOJ,ICN
2731,9,436.1,AOJ,ICN
2732,9,433.9,AOJ,ICN
2733,9,432.3,AOJ,ICN
2734,9,431.3,AOJ,ICN
2735,9,430.8,AOJ,ICN
2736,9,429.7,SDJ,ICN
2737,9,429.1,SDJ,ICN
2738,9,429.1,SDJ,ICN
2739,9,429.8,SDJ,ICN
2740,9,431.0,SDJ,ICN
2741,9,432.8,SDJ,ICN
2742,9,435.1,SDJ,ICN
2743,9,438.0,SDJ,ICN
2744,9,441.4,SDJ,ICN
2745,9,445.3,SDJ,ICN
2746,9,449.6,SDJ,ICN
2747,9,454.3,SDJ,ICN
2748,9,429.3,AOJ,ICN
2749,9,426.4,AOJ,ICN
2750,9,424.1,AOJ,ICN
2751,9,422.4,AOJ,ICN
2752,9,421.3,AOJ,ICN
2753,9,420.8,AOJ,ICN
2754,9,420.9,AOJ,ICN
2755,9,421.6,AOJ,ICN
2756,9,422.9,AOJ,ICN
2757,9,424.8,AOJ,ICN
2758,9,427.3,AOJ,ICN
2759,9,430.3,AOJ,ICN
2760,9,433.8,AOJ,ICN
2761,9,437.8,AOJ,ICN
2762,9,442.2,AOJ,ICN
2763,9,447.0,AOJ,ICN
2764,9,452.2,AOJ,ICN
2765,9,457.7,AOJ,ICN
2766,9,419.9,AOJ,ICN
2767,9,416.8,AOJ,ICN
2768,9,414.4,AOJ,ICN
2769,9,412.5,AOJ,ICN
2770,9,411.3,AOJ,ICN
2771,9,410.7,AOJ,ICN
2772,9,410.8,AOJ,ICN
2773,9,411.6,AOJ,ICN
2774,9,413.0,AOJ,ICN
2775,9,415.1,AOJ,ICN
2776,9,417.7,AOJ,ICN
2777,9,421.0,AOJ,ICN
2778,9,424.7,AOJ,ICN
2779,9,428.9,AOJ,ICN
2780,9,433.6,AOJ,ICN
2781,9,438.7,AOJ,ICN
2782,9,444.1,AOJ,ICN
2783,9,449.9,AOJ,ICN
2784,9,410.6,AOJ,ICN
2785,9,407.3,AOJ,ICN
2786,9,404.7,AOJ,ICN
2787,9,402.7,AOJ,ICN
2788,9,401.3,AOJ,ICN
2789,9,400.7,AOJ,ICN
2790,9,400.8,AOJ,ICN
2791,9,401.7,AOJ,ICN
2792,9,403.2,AOJ,ICN
2793,9,405.4,AOJ,ICN
2794,9,408.3,AOJ,ICN
2795,9,411.8,AOJ,ICN
2796,9,415.8,AOJ,ICN
2797,9,420.3,AOJ,ICN
2798,9,425.2,AOJ,ICN
2799,9,430.6,AOJ,ICN
2800,9,436.3,AOJ,ICN
2801,9,442.4,AOJ,ICN
2802,9,401.4,AOJ,ICN
2803,9,397.9,AOJ,ICN
2804,9,395.0,AOJ,ICN
2805,9,392.8,AOJ,ICN
2806,9,391.4,AOJ,ICN
2807,9,390.7,AOJ,ICN
2808,9,390.8,AOJ,ICN
2809,9,391.8,AOJ,ICN
2810,9,393.4,AOJ,ICN
2811,9,395.8,AOJ,ICN
2812,9,398.9,AOJ,ICN
2813,9,402.7,AOJ,ICN
2814,9,407.0,AOJ,ICN
2815,9,411.8,AOJ,ICN
2816,9,417.1,AOJ,ICN
2817,9,422.7,AOJ,ICN
2818,9,428.8,AOJ,ICN
2819,9,435.1,AOJ,ICN
2820,9,407.4,AOJ,ICN
2821,9,396.9,AOJ,ICN
2822,9,392.4,AOJ,ICN
2823,9,388.6,AOJ,ICN
2824,9,385.4,AOJ,ICN
2825,9,383.0,AOJ,ICN
2826,9,381.4,AOJ,ICN
2827,9,380.7,AOJ,ICN
2828,9,380.8,AOJ,ICN
2829,9,381.8,AOJ,ICN
2830,9,383.7,AOJ,ICN
2831,9,386.3,AOJ,ICN
2832,9,389.7,AOJ,ICN
2833,9,393.8,AOJ,ICN
2834,9,398.4,AOJ,ICN
2835,9,403.6,AOJ,ICN
2836,9,409.2,AOJ,ICN
2837,9,415.2,AOJ,ICN
2838,9,421.5,AOJ,ICN
2839,9,428.2,AOJ,ICN
2840,9,393.8,AOJ,ICN
2841,9,388.4,AOJ,ICN
2842,9,383.6,AOJ,ICN
2843,9,379.4,AOJ,ICN
2844,9,375.9,AOJ,ICN
2845,9,373.3,AOJ,ICN
2846,9,371.5,AOJ,ICN
2847,9,370.7,AOJ,ICN
2848,9,370.8,AOJ,ICN
2849,9,372.0,AOJ,ICN
2850,9,374.0,AOJ,ICN
2851,9,376.9,AOJ,ICN
2852,9,380.6,AOJ,ICN
2853,9,385.1,AOJ,ICN
2854,9,390.1,AOJ,ICN
2855,9,395.6,AOJ,ICN
2856,9,401.6,AOJ,ICN
2857,9,408.0,AOJ,ICN
2858,9,414.7,AOJ,ICN
2859,9,421.7,AOJ,ICN
2860,9,380.3,AOJ,ICN
2861,9,375.0,AOJ,ICN
2862,9,370.4,AOJ,ICN
2863,9,366.6,AOJ,ICN
2864,9,363.6,AOJ,ICN
2865,9,361.6,AOJ,ICN
2866,9,360.7,AOJ,ICN
2867,9,360.9,AOJ,ICN
2868,9,362.1,AOJ,ICN
2869,9,364.4,AOJ,ICN
2870,9,367.7,AOJ,ICN
2871,9,371.8,AOJ,ICN
2872,9,376.6,AOJ,ICN
2873,9,382.1,AOJ,ICN
2874,9,388.1,AOJ,ICN
2875,9,394.5,AOJ,ICN
2876,9,401.2,AOJ,ICN
2877,9,408.3,AOJ,ICN
2878,9,372.6,AOJ,ICN
2879,9,366.8,AOJ,ICN
2880,9,361.7,AOJ,ICN
2881,9,357.4,AOJ,ICN
2882,9,354.0,AOJ,ICN
2883,9,351.7,AOJ,ICN
2884,9,350.7,AOJ,ICN
2885,9,350.9,AOJ,ICN
2886,9,352.3,AOJ,ICN
2887,9,355.0,AOJ,ICN
2888,9,358.6,AOJ,ICN
2889,9,363.2,AOJ,ICN
2890,9,368.6,AOJ,ICN
2891,9,374.5,AOJ,ICN
2892,9,380.9,AOJ,ICN
2893,9,387.8,AOJ,ICN
2894,9,395.0,AOJ,ICN
2895,9,402.4,AOJ,ICN
2896,9,359.0,AOJ,ICN
2897,9,353.3,AOJ,ICN
2898,9,348.4,AOJ,ICN
2899,9,344.6,AOJ,ICN
2900,9,341.9,AOJ,ICN
2901,9,340.7,AOJ,ICN
2902,9,340.9,AOJ,ICN
2903,9,342.6,AOJ,ICN
2904,9,345.7,AOJ,ICN
2905,9,349.9,AOJ,ICN
2906,9,355.0,AOJ,ICN
2907,9,360.9,AOJ,ICN
2908,9,367.4,AOJ,ICN
2909,9,374.4,AOJ,ICN
2910,9,381.7,AOJ,ICN
2911,9,389.3,AOJ,ICN
2912,9,351.8,AOJ,ICN
2913,9,345.5,AOJ,ICN
2914,9,339.9,AOJ,ICN
2915,9,335.4,AOJ,ICN
2916,9,332.2,AOJ,ICN
2917,9,330.7,AOJ,ICN
2918,9,331.0,AOJ,ICN
2919,9,333.0,AOJ,ICN
2920,9,336.7,AOJ,ICN
2921,9,341.6,AOJ,ICN
2922,9,347.4,AOJ,ICN
2923,9,354.0,AOJ,ICN
2924,9,361.1,AOJ,ICN
2925,9,368.5,AOJ,ICN
2926,9,376.3,AOJ,ICN
2927,9,384.3,AOJ,ICN
2928,9,353.1,AOJ,ICN
2929,9,345.5,AOJ,ICN
2930,9,338.4,AOJ,ICN
2931,9,331.9,AOJ,ICN
2932,9,326.5,AOJ,ICN
2933,9,322.6,AOJ,ICN
2934,9,320.7,AOJ,ICN
2935,9,321.1,AOJ,ICN
2936,9,323.7,AOJ,ICN
2937,9,328.1,AOJ,ICN
2938,9,333.9,AOJ,ICN
2939,9,340.6,AOJ,ICN
2940,9,347.8,AOJ,ICN
2941,9,355.5,AOJ,ICN
2942,9,363.5,AOJ,ICN
2943,9,371.8,AOJ,ICN
2944,9,348.5,AOJ,ICN
2945,9,340.3,AOJ,ICN
2946,9,332.4,AOJ,ICN
2947,9,325.0,AOJ,ICN
2948,9,318.4,AOJ,ICN
2949,9,313.4,AOJ,ICN
2950,9,310.7,AOJ,ICN
2951,9,311.2,AOJ,ICN
2952,9,314.8,AOJ,ICN
2953,9,320.4,AOJ,ICN
2954,9,327.2,AOJ,ICN
2955,9,334.8,AOJ,ICN
2956,9,342.8,AOJ,ICN
2957,9,351.1,AOJ,ICN
2958,9,359.6,AOJ,ICN
2959,9,354.0,AOJ,ICN
2960,9,345.2,AOJ,ICN
2961,9,336.5,AOJ,ICN
2962,9,327.9,AOJ,ICN
2963,9,319.5,AOJ,ICN
2964,9,311.7,AOJ,ICN
2965,9,304.9,AOJ,ICN
2966,9,300.8,AOJ,ICN
2967,9,301.7,AOJ,ICN
2968,9,306.9,AOJ,ICN
2969,9,314.1,AOJ,ICN
2970,9,322.1,AOJ,ICN
2971,9,330.6,AOJ,ICN
2972,9,339.2,AOJ,ICN
2973,9,348.0,AOJ,ICN
2974,9,343.5,AOJ,ICN
2975,9,334.5,AOJ,ICN
2976,9,325.5,AOJ,ICN
2977,9,316.5,AOJ,ICN
2978,9,307.6,AOJ,ICN
2979,9,298.9,AOJ,ICN
2980,9,291.5,AOJ,ICN
2981,9,293.4,AOJ,ICN
2982,9,301.6,AOJ,ICN
2983,9,310.4,AOJ,ICN
2984,9,319.4,AOJ,ICN
2985,9,328.4,AOJ,ICN
2986,9,337.4,AOJ,ICN
2987,9,346.4,AOJ,ICN
2988,9,316.7,AOJ,ICN
2989,9,307.8,AOJ,ICN
2990,9,299.3,AOJ,ICN
2991,9,292.3,AOJ,ICN
2992,9,294.1,AOJ,ICN
2993,9,301.9,AOJ,ICN
2994,9,310.6,AOJ,ICN
2995,9,319.5,AOJ,ICN
2996,9,328.4,AOJ,ICN
2997,9,337.4,AOJ,ICN
2998,9,346.4,AOJ,ICN
2999,9,319.9,AOJ,ICN
3000,9,312.2,AOJ,ICN
3001,9,305.6,AOJ,ICN
3002,9,301.8,AOJ,ICN
3003,9,307.5,AOJ,ICN
3004,9,314.6,AOJ,ICN
3005,9,322.5,AOJ,ICN
3006,9,330.8,AOJ,ICN
3007,9,339.4,AOJ,ICN
3008,9,325.5,AOJ,ICN
3009,9,319.1,AOJ,ICN
3010,9,314.2,AOJ,ICN
3011,9,311.7,AOJ,ICN
3012,9,315.5,AOJ,ICN
3013,9,321.0,AOJ,ICN
3014,9,343.1,AOJ,ICN
3015,9,332.6,AOJ,ICN
3016,9,327.3,AOJ,ICN
3017,9,323.5,AOJ,ICN
3018,9,348.2,AOJ,ICN
3019,9,340.6,AOJ,ICN
3020,9,336.2,AOJ,ICN
3021,9,333.1,AOJ,ICN
3022,9,354.4,AOJ,ICN
3023,9,343.5,AOJ,ICN
3024,9,346.5,AOJ,ICN
3025,9,350.6,AOJ,ICN
3026,9,360.5,HKD,ICN
3027,9,365.8,HKD,ICN
3028,9,338.7,HKD,ICN
3029,9,340.1,HKD,ICN
3030,9,343.0,HKD,ICN
3031,9,347.2,HKD,ICN
3032,9,352.3,HKD,ICN
3033,9,358.3,HKD,ICN
3034,9,328.7,HKD,ICN
3035,9,330.5,HKD,ICN
3036,9,334.0,HKD,ICN
3037,9,413.6,HKD,ICN
3038,9,354.6,HKD,ICN
3039,9,346.8,HKD,ICN
3040,9,359.2,HKD,ICN
3041,9,350.7,HKD,ICN
3042,9,342.3,HKD,ICN
3043,9,334.2,HKD,ICN
3044,9,357.1,HKD,ICN
3045,9,348.3,HKD,ICN
3046,9,339.5,HKD,ICN
3047,9,330.8,HKD,ICN
3048,9,322.2,HKD,ICN
3049,9,347.5,HKD,ICN
3050,9,338.6,HKD,ICN
3051,9,329.6,HKD,ICN
3052,9,320.7,HKD,ICN
3053,9,311.8,HKD,ICN
3054,9,294.0,HKD,ICN
3055,9,292.7,HKD,ICN
3056,9,301.6,HKD,ICN
3057,9,310.5,HKD,ICN
3058,9,339.6,HKD,ICN
3059,9,330.9,HKD,ICN
3060,9,322.4,HKD,ICN
3061,9,314.1,HKD,ICN
3062,9,306.4,HKD,ICN
3063,9,300.5,HKD,ICN
3064,9,300.0,HKD,ICN
3065,9,305.3,HKD,ICN
3066,9,312.9,HKD,ICN
3067,9,342.5,HKD,ICN
3068,9,334.5,HKD,ICN
3069,9,326.7,HKD,ICN
3070,9,319.6,HKD,ICN
3071,9,313.7,HKD,ICN
3072,9,310.0,HKD,ICN
3073,9,309.7,HKD,ICN
3074,9,449.9,CTS,PUS
3075,9,354.8,HKD,ICN
3076,9,347.1,HKD,ICN
3077,9,339.7,HKD,ICN
3078,9,332.9,HKD,ICN
3079,9,327.0,HKD,ICN
3080,9,322.5,HKD,ICN
3081,9,319.8,HKD,ICN
3082,9,436.9,CTS,PUS
3083,9,444.2,CTS,PUS
3084,9,407.7,HKD,ICN
3085,9,367.4,HKD,ICN
3086,9,360.0,HKD,ICN
3087,9,352.9,HKD,ICN
3088,9,346.3,HKD,ICN
3089,9,340.4,HKD,ICN
3090,9,416.6,CTS,PUS
3091,9,423.9,CTS,PUS
3092,9,431.3,CTS,PUS
3093,9,438.9,CTS,PUS
3094,9,380.3,HKD,ICN
3095,9,373.0,HKD,ICN
3096,9,366.1,HKD,ICN
3097,9,359.6,HKD,ICN
3098,9,353.7,HKD,ICN
3099,9,396.4,CTS,PUS
3100,9,403.6,CTS,PUS
3101,9,411.0,CTS,PUS
3102,9,418.6,CTS,PUS
3103,9,426.4,CTS,PUS
3104,9,434.2,CTS,PUS
3105,9,393.2,HKD,ICN
3106,9,386.1,HKD,ICN
3107,9,379.3,HKD,ICN
3108,9,373.0,HKD,ICN
3109,9,367.1,HKD,ICN
3110,9,350.8,HKD,ICN
3111,9,376.3,CTS,PUS
3112,9,383.4,CTS,PUS
3113,9,390.7,CTS,PUS
3114,9,398.3,CTS,PUS
3115,9,406.0,CTS,PUS
3116,9,413.9,CTS,PUS
3117,9,422.0,CTS,PUS
3118,9,430.1,CTS,PUS
3119,9,392.6,HKD,ICN
3120,9,386.3,HKD,ICN
3121,9,380.4,HKD,ICN
3122,9,375.0,HKD,ICN
3123,9,360.6,HKD,ICN
3124,9,358.5,CTS,PUS
3125,9,356.4,CTS,PUS
3126,9,363.2,CTS,PUS
3127,9,370.5,CTS,PUS
3128,9,378.0,CTS,PUS
3129,9,385.8,CTS,PUS
3130,9,393.7,CTS,PUS
3131,9,401.8,CTS,PUS
3132,9,410.0,CTS,PUS
3133,9,418.2,CTS,PUS
3134,9,426.5,CTS,PUS
3135,9,434.9,CTS,PUS
3136,9,399.6,HKD,ICN
3137,9,393.8,HKD,ICN
3138,9,388.3,HKD,ICN
3139,9,383.4,HKD,ICN
3140,9,379.1,HKD,ICN
3141,9,368.1,CTS,PUS
3142,9,360.3,CTS,PUS
3143,9,352.6,CTS,PUS
3144,9,345.4,CTS,PUS
3145,9,336.7,CTS,PUS
3146,9,343.2,CTS,PUS
3147,9,350.2,CTS,PUS
3148,9,357.7,CTS,PUS
3149,9,365.5,CTS,PUS
3150,9,373.5,CTS,PUS
3151,9,381.7,CTS,PUS
3152,9,390.0,CTS,PUS
3153,9,398.3,CTS,PUS
3154,9,406.7,CTS,PUS
3155,9,415.2,CTS,PUS
3156,9,423.7,CTS,PUS
3157,9,432.2,CTS,PUS
3158,9,440.8,CTS,PUS
3159,9,407.1,HKD,ICN
3160,9,401.6,HKD,ICN
3161,9,396.6,HKD,ICN
3162,9,392.1,HKD,ICN
3163,9,388.1,HKD,ICN
3164,9,384.9,HKD,ICN
3165,9,382.3,HKD,ICN
3166,9,372.9,CTS,PUS
3167,9,364.5,CTS,PUS
3168,9,356.1,CTS,PUS
3169,9,348.0,CTS,PUS
3170,9,340.0,CTS,PUS
3171,9,332.4,CTS,PUS
3172,9,325.5,CTS,PUS
3173,9,323.4,CTS,PUS
3174,9,330.1,CTS,PUS
3175,9,337.5,CTS,PUS
3176,9,345.3,CTS,PUS
3177,9,353.5,CTS,PUS
3178,9,361.7,CTS,PUS
3179,9,370.1,CTS,PUS
3180,9,378.6,CTS,PUS
3181,9,387.1,CTS,PUS
3182,9,395.7,CTS,PUS
3183,9,404.3,CTS,PUS
3184,9,412.9,CTS,PUS
3185,9,421.6,CTS,PUS
3186,9,430.2,CTS,PUS
3187,9,438.9,CTS,PUS
3188,9,414.9,HKD,ICN
3189,9,409.8,HKD,ICN
3190,9,405.1,HKD,ICN
3191,9,401.0,HKD,ICN
3192,9,397.4,HKD,ICN
3193,9,394.4,HKD,ICN
3194,9,388.1,CTS,PUS
3195,9,379.4,CTS,PUS
3196,9,370.8,CTS,PUS
3197,9,362.1,CTS,PUS
3198,9,353.4,CTS,PUS
3199,9,344.9,CTS,PUS
3200,9,336.3,CTS,PUS
3201,9,327.9,CTS,PUS
3202,9,319.8,CTS,PUS
3203,9,312.3,CTS,PUS
3204,9,306.5,CTS,PUS
3205,9,305.4,CTS,PUS
3206,9,310.1,CTS,PUS
3207,9,317.3,CTS,PUS
3208,9,325.3,CTS,PUS
3209,9,333.6,CTS,PUS
3210,9,342.1,CTS,PUS
3211,9,350.6,CTS,PUS
3212,9,359.3,CTS,PUS
3213,9,367.9,CTS,PUS
3214,9,376.6,CTS,PUS
3215,9,385.3,CTS,PUS
3216,9,394.0,CTS,PUS
3217,9,402.7,CTS,PUS
3218,9,411.5,CTS,PUS
3219,9,420.2,CTS,PUS
3220,9,428.9,CTS,PUS
3221,9,437.7,CTS,PUS
3222,9,446.4,CTS,PUS
3223,9,410.0,HKD,ICN
3224,9,405.0,CTS,PUS
3225,9,396.2,CTS,PUS
3226,9,387.4,CTS,PUS
3227,9,378.7,CTS,PUS
3228,9,369.9,CTS,PUS
3229,9,361.1,CTS,PUS
3230,9,352.4,CTS,PUS
3231,9,343.6,CTS,PUS
3232,9,334.8,CTS,PUS
3233,9,326.1,CTS,PUS
3234,9,317.3,CTS,PUS
3235,9,308.6,CTS,PUS
3236,9,299.9,CTS,PUS
3237,9,297.1,CTS,PUS
3238,9,305.7,CTS,PUS
3239,9,314.5,CTS,PUS
3240,9,323.2,CTS,PUS
3241,9,332.0,CTS,PUS
3242,9,340.8,CTS,PUS
3243,9,349.5,CTS,PUS
3244,9,358.3,CTS,PUS
3245,9,367.0,CTS,PUS
3246,9,375.8,CTS,PUS
3247,9,384.6,CTS,PUS
3248,9,393.3,CTS,PUS
3249,9,402.1,CTS,PUS
3250,9,410.9,CTS,PUS
3251,9,419.6,CTS,PUS
3252,9,428.4,CTS,PUS
3253,9,437.2,CTS,PUS
3254,9,445.9,CTS,PUS
3255,9,454.7,CTS,PUS
3256,9,396.5,CTS,PUS
3257,9,387.8,CTS,PUS
3258,9,379.1,CTS,PUS
3259,9,370.4,CTS,PUS
3260,9,361.7,CTS,PUS
3261,9,353.0,CTS,PUS
3262,9,344.4,CTS,PUS
3263,9,335.8,CTS,PUS
3264,9,327.3,CTS,PUS
3265,9,318.9,CTS,PUS
3266,9,311.0,CTS,PUS
3267,9,304.6,CTS,PUS
3268,9,303.4,CTS,PUS
3269,9,308.7,CTS,PUS
3270,9,316.3,CTS,PUS
3271,9,324.5,CTS,PUS
3272,9,333.0,CTS,PUS
3273,9,341.6,CTS,PUS
3274,9,350.2,CTS,PUS
3275,9,358.8,CTS,PUS
3276,9,367.5,CTS,PUS
3277,9,376.2,CTS,PUS
3278,9,384.9,CTS,PUS
3279,9,393.7,CTS,PUS
3280,9,402.4,CTS,PUS
3281,9,411.1,CTS,PUS
3282,9,419.9,CTS,PUS
3283,9,428.6,CTS,PUS
3284,9,437.3,CTS,PUS
3285,9,446.1,CTS,PUS
3286,9,454.8,CTS,PUS
3287,9,463.6,CTS,PUS
3288,9,472.3,CTS,PUS
3289,9,397.8,CTS,PUS
3290,9,389.2,CTS,PUS
3291,9,380.6,CTS,PUS
3292,9,372.1,CTS,PUS
3293,9,363.7,CTS,PUS
3294,9,355.3,CTS,PUS
3295,9,347.0,CTS,PUS
3296,9,339.0,CTS,PUS
3297,9,331.2,CTS,PUS
3298,9,324.0,CTS,PUS
3299,9,317.9,CTS,PUS
3300,9,313.8,CTS,PUS
3301,9,313.1,CTS,PUS
3302,9,316.2,CTS,PUS
3303,9,321.8,CTS,PUS
3304,9,328.8,CTS,PUS
3305,9,336.4,CTS,PUS
3306,9,344.4,CTS,PUS
3307,9,352.6,CTS,PUS
3308,9,360.9,CTS,PUS
3309,9,369.4,CTS,PUS
3310,9,377.9,CTS,PUS
3311,9,386.4,CTS,PUS
3312,9,395.0,CTS,PUS
3313,9,403.6,CTS,PUS
3314,9,412.2,CTS,PUS
3315,9,420.9,CTS,PUS
3316,9,429.5,CTS,PUS
3317,9,438.2,CTS,PUS
3318,9,446.9,CTS,PUS
3319,9,455.6,CTS,PUS
3320,9,464.3,CTS,PUS
3321,9,473.0,CTS,PUS
3322,9,481.7,CTS,PUS
3323,9,542.7,CTS,PUS
3324,9,391.6,CTS,PUS
3325,9,383.3,CTS,PUS
3326,9,375.1,CTS,PUS
3327,9,367.0,CTS,PUS
3328,9,359.0,CTS,PUS
3329,9,351.3,CTS,PUS
3330,9,344.0,CTS,PUS
3331,9,337.2,CTS,PUS
3332,9,331.1,CTS,PUS
3333,9,326.4,CTS,PUS
3334,9,323.5,CTS,PUS
3335,9,323.1,CTS,PUS
3336,9,325.2,CTS,PUS
3337,9,329.4,CTS,PUS
3338,9,335.1,CTS,PUS
3339,9,341.7,CTS,PUS
3340,9,348.9,CTS,PUS
3341,9,356.5,CTS,PUS
3342,9,364.4,CTS,PUS
3343,9,372.4,CTS,PUS
3344,9,380.6,CTS,PUS
3345,9,388.9,CTS,PUS
3346,9,397.3,CTS,PUS
3347,9,405.7,CTS,PUS
3348,9,414.2,CTS,PUS
3349,9,422.7,CTS,PUS
3350,9,431.2,CTS,PUS
3351,9,439.8,CTS,PUS
3352,9,448.3,CTS,PUS
3353,9,456.9,CTS,PUS
3354,9,465.5,CTS,PUS
3355,9,474.2,CTS,PUS
3356,9,482.8,CTS,PUS
3357,9,491.5,CTS,PUS
3358,9,500.1,CTS,PUS
3359,9,508.8,CTS,PUS
3360,9,517.4,CTS,PUS
3361,9,526.1,CTS,PUS
3362,9,534.8,CTS,PUS
3363,9,543.5,CTS,PUS
3364,9,552.2,CTS,PUS
3365,9,560.9,CTS,PUS
3366,9,395.0,CTS,PUS
3367,9,387.0,CTS,PUS
3368,9,379.1,CTS,PUS
3369,9,371.5,CTS,PUS
3370,9,364.0,CTS,PUS
3371,9,357.0,CTS,PUS
3372,9,350.4,CTS,PUS
3373,9,344.4,CTS,PUS
3374,9,339.4,CTS,PUS
3375,9,335.6,CTS,PUS
3376,9,333.4,CTS,PUS
3377,9,333.1,CTS,PUS
3378,9,334.7,CTS,PUS
3379,9,338.0,CTS,PUS
3380,9,342.7,CTS,PUS
3381,9,348.3,CTS,PUS
3382,9,354.8,CTS,PUS
3383,9,361.7,CTS,PUS
3384,9,369.0,CTS,PUS
3385,9,376.6,CTS,PUS
3386,9,384.4,CTS,PUS
3387,9,392.4,CTS,PUS
3388,9,400.4,CTS,PUS
3389,9,408.6,CTS,PUS
3390,9,416.9,CTS,PUS
3391,9,425.2,CTS,PUS
3392,9,433.6,CTS,PUS
3393,9,442.0,CTS,PUS
3394,9,450.4,CTS,PUS
3395,9,458.9,CTS,PUS
3396,9,467.4,CTS,PUS
3397,9,475.9,CTS,PUS
3398,9,484.5,CTS,PUS
3399,9,493.0,CTS,PUS
3400,9,501.6,CTS,PUS
3401,9,510.2,CTS,PUS
3402,9,518.8,CTS,PUS
3403,9,527.4,CTS,PUS
3404,9,536.0,CTS,PUS
3405,9,544.7,CTS,PUS
3406,9,553.3,CTS,PUS
3407,9,561.9,CTS,PUS
3408,9,570.6,CTS,PUS
3409,9,407.0,CTS,PUS
3410,9,399.2,CTS,PUS
3411,9,391.5,CTS,PUS
3412,9,384.1,CTS,PUS
3413,9,370.0,CTS,PUS
3414,9,348.2,CTS,PUS
3415,9,345.1,CTS,PUS
3416,9,343.3,CTS,PUS
3417,9,343.1,CTS,PUS
3418,9,344.3,CTS,PUS
3419,9,347.0,CTS,PUS
3420,9,351.0,CTS,PUS
3421,9,355.9,CTS,PUS
3422,9,361.6,CTS,PUS
3423,9,367.9,CTS,PUS
3424,9,374.6,CTS,PUS
3425,9,381.7,CTS,PUS
3426,9,389.1,CTS,PUS
3427,9,396.7,CTS,PUS
3428,9,404.4,CTS,PUS
3429,9,412.3,CTS,PUS
3430,9,420.3,CTS,PUS
3431,9,428.4,CTS,PUS
3432,9,436.6,CTS,PUS
3433,9,444.8,CTS,PUS
3434,9,453.1,CTS,PUS
3435,9,461.4,CTS,PUS
3436,9,469.8,CTS,PUS
3437,9,478.2,CTS,PUS
3438,9,486.6,CTS,PUS
3439,9,495.1,CTS,PUS
3440,9,503.6,CTS,PUS
3441,9,512.1,CTS,PUS
3442,9,520.6,CTS,PUS
3443,9,529.1,CTS,PUS
3444,9,537.7,CTS,PUS
3445,9,546.2,CTS,PUS
3446,9,554.8,CTS,PUS
3447,9,563.4,CTS,PUS
3448,9,572.0,CTS,PUS
3449,9,580.6,CTS,PUS
3450,9,589.2,CTS,PUS
3451,9,597.8,CTS,PUS
3452,9,606.4,CTS,PUS
3453,9,615.0,CTS,PUS
3454,9,411.6,CTS,PUS
3455,9,404.2,CTS,PUS
3456,9,357.4,CTS,PUS
3457,9,354.7,CTS,PUS
3458,9,353.3,CTS,PUS
3459,9,353.1,CTS,PUS
3460,9,354.1,CTS,PUS
3461,9,356.4,CTS,PUS
3462,9,359.8,CTS,PUS
3463,9,364.1,CTS,PUS
3464,9,369.1,CTS,PUS
3465,9,374.8,CTS,PUS
3466,9,381.0,CTS,PUS
3467,9,387.6,CTS,PUS
3468,9,394.6,CTS,PUS
3469,9,401.8,CTS,PUS
3470,9,409.2,CTS,PUS
3471,9,416.7,CTS,PUS
3472,9,424.5,CTS,PUS
3473,9,432.3,CTS,PUS
3474,9,440.2,CTS,PUS
3475,9,448.3,CTS,PUS
3476,9,456.4,CTS,PUS
3477,9,464.5,CTS,PUS
3478,9,472.7,CTS,PUS
3479,9,481.0,CTS,PUS
3480,9,489.3,CTS,PUS
3481,9,497.6,CTS,PUS
3482,9,506.0,CTS,PUS
3483,9,514.4,CTS,PUS
3484,9,522.8,CTS,PUS
3485,9,531.3,CTS,PUS
3486,9,539.7,CTS,PUS
3487,9,548.2,CTS,PUS
3488,9,556.7,CTS,PUS
3489,9,565.2,CTS,PUS
3490,9,573.7,CTS,PUS
3491,9,582.3,CTS,PUS
3492,9,590.8,CTS,PUS
3493,9,599.4,CTS,PUS
3494,9,616.5,CTS,PUS
3495,9,364.5,CTS,PUS
3496,9,363.2,CTS,PUS
3497,9,363.1,CTS,PUS
3498,9,364.0,CTS,PUS
3499,9,365.9,CTS,PUS
3500,9,368.9,CTS,PUS
3501,9,372.7,CTS,PUS
3502,9,377.2,CTS,PUS
3503,9,382.4,CTS,PUS
3504,9,388.1,CTS,PUS
3505,9,394.2,CTS,PUS
3506,9,400.7,CTS,PUS
3507,9,407.5,CTS,PUS
3508,9,414.5,CTS,PUS
3509,9,421.8,CTS,PUS
3510,9,429.2,CTS,PUS
3511,9,436.8,CTS,PUS
3512,9,444.5,CTS,PUS
3513,9,452.3,CTS,PUS
3514,9,460.2,CTS,PUS
3515,9,468.1,CTS,PUS
3516,9,476.2,CTS,PUS
3517,9,484.3,CTS,PUS
3518,9,492.4,CTS,PUS
3519,9,500.6,CTS,PUS
3520,9,508.9,CTS,PUS
3521,9,517.1,CTS,PUS
3522,9,525.4,CTS,PUS
3523,9,533.8,CTS,PUS
3524,9,542.1,CTS,PUS
3525,9,550.5,CTS,PUS
3526,9,558.9,CTS,PUS
3527,9,567.4,CTS,PUS
3528,9,575.8,CTS,PUS
3529,9,584.3,CTS,PUS
3530,9,592.7,CTS,PUS
3531,9,376.4,CTS,PUS
3532,9,374.3,CTS,PUS
3533,9,373.2,CTS,PUS
3534,9,373.1,CTS,PUS
3535,9,373.9,CTS,PUS
3536,9,375.6,CTS,PUS
3537,9,378.2,CTS,PUS
3538,9,381.6,CTS,PUS
3539,9,385.7,CTS,PUS
3540,9,390.4,CTS,PUS
3541,9,395.6,CTS,PUS
3542,9,401.3,CTS,PUS
3543,9,407.4,CTS,PUS
3544,9,413.8,CTS,PUS
3545,9,420.5,CTS,PUS
3546,9,427.4,CTS,PUS
3547,9,434.5,CTS,PUS
3548,9,441.8,CTS,PUS
3549,9,449.2,CTS,PUS
3550,9,456.8,CTS,PUS
3551,9,464.5,CTS,PUS
3552,9,472.2,CTS,PUS
3553,9,480.1,CTS,PUS
3554,9,488.0,CTS,PUS
3555,9,496.0,CTS,PUS
3556,9,504.0,CTS,PUS
3557,9,512.1,CTS,PUS
3558,9,520.3,CTS,PUS
3559,9,528.5,CTS,PUS
3560,9,536.7,CTS,PUS
3561,9,544.9,CTS,PUS
3562,9,553.2,CTS,PUS
3563,9,561.5,CTS,PUS
3564,9,569.9,CTS,PUS
3565,9,578.2,CTS,PUS
3566,9,586.6,CTS,PUS
3567,9,386.0,CTS,PUS
3568,9,384.2,CTS,PUS
3569,9,383.2,CTS,PUS
3570,9,383.1,CTS,PUS
3571,9,383.8,CTS,PUS
3572,9,385.3,CTS,PUS
3573,9,387.7,CTS,PUS
3574,9,390.7,CTS,PUS
3575,9,394.4,CTS,PUS
3576,9,398.7,CTS,PUS
3577,9,403.6,CTS,PUS
3578,9,408.9,CTS,PUS
3579,9,414.6,CTS,PUS
3580,9,420.6,CTS,PUS
3581,9,426.9,CTS,PUS
3582,9,433.5,CTS,PUS
3583,9,440.3,CTS,PUS
3584,9,447.3,CTS,PUS
3585,9,454.5,CTS,PUS
3586,9,461.8,CTS,PUS
3587,9,469.2,CTS,PUS
3588,9,476.8,CTS,PUS
3589,9,484.4,CTS,PUS
3590,9,492.2,CTS,PUS
3591,9,500.0,CTS,PUS
3592,9,507.9,CTS,PUS
3593,9,515.8,CTS,PUS
3594,9,523.8,CTS,PUS
3595,9,531.9,CTS,PUS
3596,9,540.0,CTS,PUS
3597,9,548.1,CTS,PUS
3598,9,556.3,CTS,PUS
3599,9,564.5,CTS,PUS
3600,9,572.7,CTS,PUS
3601,9,581.0,CTS,PUS
3602,9,589.3,CTS,PUS
3603,9,395.7,CTS,PUS
3604,9,394.1,CTS,PUS
3605,9,393.2,CTS,PUS
3606,9,393.1,CTS,PUS
3607,9,393.7,CTS,PUS
3608,9,395.1,CTS,PUS
3609,9,397.2,CTS,PUS
3610,9,400.0,CTS,PUS
3611,9,403.4,CTS,PUS
3612,9,407.4,CTS,PUS
3613,9,411.8,CTS,PUS
3614,9,416.8,CTS,PUS
3615,9,422.1,CTS,PUS
3616,9,427.8,CTS,PUS
3617,9,433.8,CTS,PUS
3618,9,440.1,CTS,PUS
3619,9,446.6,CTS,PUS
3620,9,453.3,CTS,PUS
3621,9,460.2,CTS,PUS
3622,9,467.2,CTS,PUS
3623,9,474.4,CTS,PUS
3624,9,481.8,CTS,PUS
3625,9,489.2,CTS,PUS
3626,9,496.8,CTS,PUS
3627,9,504.4,CTS,PUS
3628,9,512.1,CTS,PUS
3629,9,519.9,CTS,PUS
3630,9,527.8,CTS,PUS
3631,9,535.7,CTS,PUS
3632,9,543.6,CTS,PUS
3633,9,551.6,CTS,PUS
3634,9,559.7,CTS,PUS
3635,9,567.8,CTS,PUS
3636,9,575.9,CTS,PUS
3637,9,584.1,CTS,PUS
3638,9,405.5,CTS,PUS
3639,9,404.0,CTS,PUS
3640,9,403.2,CTS,PUS
3641,9,403.1,CTS,PUS
3642,9,403.7,CTS,PUS
3643,9,404.9,CTS,PUS
3644,9,406.9,CTS,PUS
3645,9,409.4,CTS,PUS
3646,9,412.5,CTS,PUS
3647,9,416.2,CTS,PUS
3648,9,420.4,CTS,PUS
3649,9,425.0,CTS,PUS
3650,9,430.0,CTS,PUS
3651,9,435.3,CTS,PUS
3652,9,441.0,CTS,PUS
3653,9,447.0,CTS,PUS
3654,9,453.2,CTS,PUS
3655,9,459.6,CTS,PUS
3656,9,466.3,CTS,PUS
3657,9,473.1,CTS,PUS
3658,9,480.0,CTS,PUS
3659,9,487.2,CTS,PUS
3660,9,494.4,CTS,PUS
3661,9,501.7,CTS,PUS
3662,9,509.2,CTS,PUS
3663,9,516.7,CTS,PUS
3664,9,524.3,CTS,PUS
3665,9,532.0,CTS,PUS
3666,9,539.8,CTS,PUS
3667,9,547.6,CTS,PUS
3668,9,555.5,CTS,PUS
3669,9,563.4,CTS,PUS
3670,9,571.4,CTS,PUS
3671,9,579.4,CTS,PUS
3672,9,587.5,CTS,PUS
3673,9,620.0,CTS,PUS
3674,9,414.0,CTS,PUS
3675,9,413.2,CTS,PUS
3676,9,413.1,CTS,PUS
3677,9,413.7,CTS,PUS
3678,9,414.8,CTS,PUS
3679,9,416.6,CTS,PUS
3680,9,418.9,CTS,PUS
3681,9,421.8,CTS,PUS
3682,9,425.2,CTS,PUS
3683,9,429.1,CTS,PUS
3684,9,433.4,CTS,PUS
3685,9,438.1,CTS,PUS
3686,9,443.2,CTS,PUS
3687,9,448.5,CTS,PUS
3688,9,454.2,CTS,PUS
3689,9,460.1,CTS,PUS
3690,9,466.3,CTS,PUS
3691,9,472.7,CTS,PUS
3692,9,479.3,CTS,PUS
3693,9,486.0,CTS,PUS
3694,9,492.9,CTS,PUS
3695,9,499.9,CTS,PUS
3696,9,507.1,CTS,PUS
3697,9,514.3,CTS,PUS
3698,9,521.7,CTS,PUS
3699,9,529.1,CTS,PUS
3700,9,536.7,CTS,PUS
3701,9,544.3,CTS,PUS
3702,9,551.9,CTS,PUS
3703,9,559.7,CTS,PUS
3704,9,567.5,CTS,PUS
3705,9,575.3,CTS,PUS
3706,9,583.2,CTS,PUS
3707,9,591.1,CTS,PUS
3708,9,623.3,CTS,PUS
3709,9,423.1,CTS,PUS
3710,9,423.6,CTS,PUS
3711,9,424.7,CTS,PUS
3712,9,426.3,CTS,PUS
3713,9,428.5,CTS,PUS
3714,9,431.2,CTS,PUS
3715,9,434.3,CTS,PUS
3716,9,438.0,CTS,PUS
3717,9,442.0,CTS,PUS
3718,9,446.4,CTS,PUS
3719,9,451.2,CTS,PUS
3720,9,456.3,CTS,PUS
3721,9,461.7,CTS,PUS
3722,9,467.4,CTS,PUS
3723,9,473.3,CTS,PUS
3724,9,479.5,CTS,PUS
3725,9,485.8,CTS,PUS
3726,9,492.3,CTS,PUS
3727,9,499.0,CTS,PUS
3728,9,505.8,CTS,PUS
3729,9,512.7,CTS,PUS
3730,9,519.8,CTS,PUS
3731,9,526.9,CTS,PUS
3732,9,534.2,CTS,PUS
3733,9,541.6,CTS,PUS
3734,9,549.0,CTS,PUS
3735,9,579.5,CTS,PUS
3736,9,587.3,CTS,PUS
3737,9,595.1,CTS,PUS
3738,9,634.8,CTS,PUS
3739,9,642.9,CTS,PUS
3740,9,433.2,CTS,PUS
3741,9,433.6,CTS,PUS
3742,9,434.6,CTS,PUS
3743,9,436.1,CTS,PUS
3744,9,438.1,CTS,PUS
3745,9,440.6,CTS,PUS
3746,9,443.6,CTS,PUS
3747,9,447.0,CTS,PUS
3748,9,450.8,CTS,PUS
3749,9,455.0,CTS,PUS
3750,9,459.5,CTS,PUS
3751,9,464.4,CTS,PUS
3752,9,469.5,CTS,PUS
3753,9,474.9,CTS,PUS
3754,9,480.6,CTS,PUS
3755,9,486.5,CTS,PUS
3756,9,492.6,CTS,PUS
3757,9,498.9,CTS,PUS
3758,9,505.3,CTS,PUS
3759,9,511.9,CTS,PUS
3760,9,518.7,CTS,PUS
3761,9,525.5,CTS,PUS
3762,9,532.5,CTS,PUS
3763,9,539.6,CTS,PUS
3764,9,591.7,CTS,PUS
3765,9,599.4,CTS,PUS
3766,9,607.1,CTS,PUS
3767,9,646.5,CTS,PUS
3768,9,654.5,CTS,PUS
3769,9,443.2,CTS,PUS
3770,9,443.6,CTS,PUS
3771,9,444.5,CTS,PUS
3772,9,445.9,CTS,PUS
3773,9,447.8,CTS,PUS
3774,9,450.2,CTS,PUS
3775,9,452.9,CTS,PUS
3776,9,456.1,CTS,PUS
3777,9,459.7,CTS,PUS
3778,9,463.7,CTS,PUS
3779,9,468.0,CTS,PUS
3780,9,472.6,CTS,PUS
3781,9,477.5,CTS,PUS
3782,9,482.7,CTS,PUS
3783,9,488.1,CTS,PUS
3784,9,493.8,CTS,PUS
3785,9,499.7,CTS,PUS
3786,9,505.7,CTS,PUS
3787,9,512.0,CTS,PUS
3788,9,518.4,CTS,PUS
3789,9,524.9,CTS,PUS
3790,9,531.6,CTS,PUS
3791,9,538.4,CTS,PUS
3792,9,603.9,CTS,PUS
3793,9,611.5,CTS,PUS
3794,9,658.2,CTS,PUS
3795,9,453.2,CTS,PUS
3796,9,453.6,CTS,PUS
3797,9,454.4,CTS,PUS
3798,9,455.8,CTS,PUS
3799,9,457.5,CTS,PUS
3800,9,459.7,CTS,PUS
3801,9,462.4,CTS,PUS
3802,9,465.4,CTS,PUS
3803,9,468.8,CTS,PUS
3804,9,472.5,CTS,PUS
3805,9,476.6,CTS,PUS
3806,9,481.0,CTS,PUS
3807,9,485.7,CTS,PUS
3808,9,490.7,CTS,PUS
3809,9,495.9,CTS,PUS
3810,9,501.3,CTS,PUS
3811,9,507.0,CTS,PUS
3812,9,512.8,CTS,PUS
3813,9,518.8,CTS,PUS
3814,9,623.7,CTS,PUS
3815,9,670.0,CTS,PUS
3816,9,677.9,CTS,PUS
3817,9,463.2,CTS,PUS
3818,9,463.6,CTS,PUS
3819,9,464.4,CTS,PUS
3820,9,465.6,CTS,PUS
3821,9,467.3,CTS,PUS
3822,9,469.4,CTS,PUS
3823,9,471.8,CTS,PUS
3824,9,474.7,CTS,PUS
3825,9,477.9,CTS,PUS
3826,9,481.5,CTS,PUS
3827,9,485.4,CTS,PUS
3828,9,489.6,CTS,PUS
3829,9,494.1,CTS,PUS
3830,9,498.8,CTS,PUS
3831,9,503.8,CTS,PUS
3832,9,509.0,CTS,PUS
3833,9,514.5,CTS,PUS
3834,9,681.9,CTS,PUS
3835,9,689.7,CTS,PUS
3836,9,697.6,CTS,PUS
3837,9,473.2,CTS,PUS
3838,9,473.6,CTS,PUS
3839,9,474.3,CTS,PUS
3840,9,475.5,CTS,PUS
3841,9,477.1,CTS,PUS
3842,9,479.0,CTS,PUS
3843,9,481.4,CTS,PUS
3844,9,484.1,CTS,PUS
3845,9,487.2,CTS,PUS
3846,9,490.5,CTS,PUS
3847,9,494.3,CTS,PUS
3848,9,498.3,CTS,PUS
3849,9,502.6,CTS,PUS
3850,9,507.1,CTS,PUS
3851,9,511.9,CTS,PUS
3852,9,686.2,CTS,PUS
3853,9,693.9,CTS,PUS
3854,9,701.6,CTS,PUS
3855,9,709.4,CTS,PUS
3856,9,717.2,CTS,PUS
3857,9,483.6,CTS,PUS
3858,9,484.3,CTS,PUS
3859,9,485.4,CTS,PUS
3860,9,486.9,CTS,PUS
3861,9,488.8,CTS,PUS
3862,9,491.0,CTS,PUS
3863,9,493.6,CTS,PUS
3864,9,496.5,CTS,PUS
3865,9,499.7,CTS,PUS
3866,9,503.2,CTS,PUS
3867,9,507.1,CTS,PUS
3868,9,511.2,CTS,PUS
3869,9,515.6,CTS,PUS
3870,9,698.2,CTS,PUS
3871,9,493.6,CTS,PUS
3872,9,494.3,CTS,PUS
3873,9,495.3,CTS,PUS
3874,9,496.7,CTS,PUS
3875,9,498.5,CTS,PUS
3876,9,500.6,CTS,PUS
3877,9,503.1,CTS,PUS
3878,9,505.8,CTS,PUS
3879,9,508.9,CTS,PUS
3880,9,512.3,CTS,PUS
3881,9,516.0,CTS,PUS
3882,9,503.6,CTS,PUS
3883,9,504.2,CTS,PUS
3884,9,505.2,CTS,PUS
3885,9,506.6,CTS,PUS
3886,9,508.3,CTS,PUS
3887,9,510.3,CTS,PUS
3888,9,512.6,CTS,PUS
3889,9,515.3,CTS,PUS
3890,9,518.2,CTS,PUS
3891,9,521.5,CTS,PUS
3892,9,513.6,CTS,PUS
3893,9,514.2,CTS,PUS
3894,9,515.1,CTS,PUS
3895,9,516.4,CTS,PUS
3896,9,518.0,CTS,PUS
3897,9,520.0,CTS,PUS
3898,9,522.2,CTS,PUS
3899,9,524.7,CTS,PUS
3900,9,527.6,CTS,PUS
3901,9,523.6,CTS,PUS
3902,9,524.2,CTS,PUS
3903,9,525.1,CTS,PUS
3904,9,526.3,CTS,PUS
3905,9,527.8,CTS,PUS
3906,9,529.7,CTS,PUS
3907,9,531.8,CTS,PUS
3908,9,534.3,CTS,PUS
3909,9,533.3,CTS,PUS
3910,9,533.6,CTS,PUS
3911,9,534.1,CTS,PUS
3912,9,535.0,CTS,PUS
3913,9,536.2,CTS,PUS
3914,9,537.7,CTS,PUS
3915,9,539.4,CTS,PUS
3916,9,541.5,CTS,PUS
3917,9,543.3,CTS,PUS
3918,9,543.6,CTS,PUS
3919,9,544.1,CTS,PUS
3920,9,545.0,CTS,PUS
3921,9,546.1,CTS,PUS
3922,9,547.5,CTS,PUS
3923,9,549.2,CTS,PUS
3924,9,551.2,CTS,PUS
3925,9,553.4,CTS,PUS
3926,9,553.4,CTS,PUS
3927,9,553.6,CTS,PUS
3928,9,554.1,CTS,PUS
3929,9,554.9,CTS,PUS
3930,9,556.0,CTS,PUS
3931,9,557.4,CTS,PUS
3932,9,559.0,CTS,PUS
3933,9,566.3,CTS,PUS
3934,9,565.2,CTS,PUS
3935,9,563.4,CTS,PUS
3936,9,563.4,CTS,PUS
3937,9,563.6,CTS,PUS
3938,9,564.1,CTS,PUS
3939,9,564.9,CTS,PUS
3940,9,565.9,CTS,PUS
3941,9,567.2,CTS,PUS
3942,9,573.4,CTS,PUS
3943,9,573.4,CTS,PUS
3944,9,573.6,CTS,PUS
3945,9,574.1,CTS,PUS
3946,9,574.8,CTS,PUS
3947,9,575.8,CTS,PUS
3948,9,583.4,CTS,PUS
3949,9,583.6,CTS,PUS
3950,9,584.1,CTS,PUS
3951,9,584.8,CTS,PUS
3952,9,594.1,CTS,PUS
0,10,357.9,ISG,ICN
1,10,347.3,ISG,ICN
2,10,346.0,ISG,ICN
3,10,302.7,ISG,ICN
4,10,316.1,ISG,ICN
5,10,309.4,ISG,ICN
6,10,313.5,SHI,ICN
7,10,323.4,SHI,ICN
8,10,300.4,SHI,ICN
9,10,311.1,SHI,ICN
10,10,262.2,OKA,CJU
11,10,253.5,OKA,CJU
12,10,264.2,OKA,CJU
13,10,267.4,OKA,CJU
14,10,274.9,OKA,CJU
15,10,282.0,OKA,CJU
16,10,290.8,OKA,CJU
17,10,289.3,OKA,CJU
18,10,303.8,OKA,CJU
19,10,311.3,OKA,CJU
20,10,1264.1,FSZ,ICN
21,10,311.8,OKA,CJU
22,10,318.4,OKA,CJU
23,10,326.0,OKA,CJU
24,10,1254.8,FSZ,ICN
25,10,312.6,OKA,CJU
26,10,333.0,OKA,CJU
27,10,340.6,OKA,CJU
28,10,347.6,OKA,CJU
29,10,465.2,OKA,CJU
30,10,473.3,OKA,CJU
31,10,516.3,OKA,CJU
32,10,530.7,OKA,CJU
33,10,532.4,OKA,CJU
34,10,538.6,OKA,CJU
35,10,546.7,OKA,CJU
36,10,553.0,OKA,CJU
37,10,587.7,OKA,CJU
38,10,567.3,OKA,CJU
39,10,573.9,OKA,CJU
40,10,508.0,KOJ,ICN
41,10,463.2,KOJ,ICN
42,10,421.0,KOJ,ICN
43,10,419.8,KOJ,ICN
44,10,411.1,KOJ,ICN
45,10,409.8,KOJ,ICN
46,10,401.2,KOJ,ICN
47,10,399.9,KOJ,ICN
48,10,399.9,KOJ,ICN
49,10,381.5,KOJ,ICN
50,10,371.7,KOJ,ICN
51,10,319.1,KOJ,ICN
52,10,320.5,KOJ,ICN
53,10,310.7,KOJ,ICN
54,10,309.1,KOJ,ICN
55,10,310.8,KOJ,ICN
56,10,313.9,KOJ,ICN
57,10,315.9,KOJ,ICN
58,10,309.7,KOJ,ICN
59,10,304.7,KOJ,ICN
60,10,301.1,KOJ,ICN
61,10,301.1,KOJ,ICN
62,10,304.7,KOJ,ICN
63,10,309.7,KOJ,ICN
64,10,316.3,KOJ,ICN
65,10,301.6,KOJ,ICN
66,10,295.8,KOJ,ICN
67,10,289.2,KOJ,ICN
68,10,291.5,KOJ,ICN
69,10,295.8,KOJ,ICN
70,10,301.0,KMI,ICN
71,10,294.3,KOJ,ICN
72,10,287.5,KOJ,ICN
73,10,279.3,KOJ,ICN
74,10,282.2,KOJ,ICN
75,10,287.5,KOJ,ICN
76,10,294.3,KOJ,ICN
77,10,295.5,KMI,ICN
78,10,291.4,KMI,ICN
79,10,288.1,KOJ,ICN
80,10,280.0,KOJ,ICN
81,10,273.4,KOJ,ICN
82,10,269.4,KOJ,ICN
83,10,273.4,KOJ,ICN
84,10,280.1,KOJ,ICN
85,10,288.1,KOJ,ICN
86,10,287.0,KMI,ICN
87,10,282.0,KMI,ICN
88,10,342.9,KOJ,ICN
89,10,283.5,KOJ,ICN
90,10,274.2,KOJ,ICN
91,10,265.8,KOJ,ICN
92,10,265.8,KOJ,ICN
93,10,274.2,KOJ,ICN
94,10,283.5,KOJ,ICN
95,10,279.6,KMI,ICN
96,10,273.0,KMI,ICN
97,10,269.5,KMI,ICN
98,10,291.3,KOJ,ICN
99,10,281.2,KOJ,ICN
100,10,271.1,KOJ,ICN
101,10,261.1,KOJ,ICN
102,10,251.6,KOJ,ICN
103,10,251.6,KOJ,ICN
104,10,261.2,KOJ,ICN
105,10,271.2,KOJ,ICN
106,10,281.3,KOJ,ICN
107,10,273.8,KMI,ICN
108,10,265.3,KMI,ICN
109,10,259.7,KMI,ICN
110,10,321.9,KOJ,ICN
111,10,291.7,KOJ,ICN
112,10,281.7,KOJ,ICN
113,10,271.8,KOJ,ICN
114,10,262.2,KOJ,ICN
115,10,254.0,KOJ,ICN
116,10,254.0,KOJ,ICN
117,10,262.2,KOJ,ICN
118,10,271.8,KOJ,ICN
119,10,281.3,KMI,ICN
120,10,271.2,KMI,ICN
121,10,261.1,KMI,ICN
122,10,251.2,KMI,ICN
123,10,294.2,KOJ,ICN
124,10,284.8,KOJ,ICN
125,10,276.0,KOJ,ICN
126,10,268.2,KOJ,ICN
127,10,263.1,KOJ,ICN
128,10,263.1,KOJ,ICN
129,10,268.2,KOJ,ICN
130,10,276.0,KOJ,ICN
131,10,282.3,KMI,ICN
132,10,272.7,KMI,ICN
133,10,263.5,KMI,ICN
134,10,256.9,KMI,ICN
135,10,298.5,KOJ,ICN
136,10,290.0,KOJ,ICN
137,10,282.4,KOJ,ICN
138,10,276.4,KOJ,ICN
139,10,272.8,KOJ,ICN
140,10,272.8,KOJ,ICN
141,10,276.4,KOJ,ICN
142,10,282.5,KOJ,ICN
143,10,286.1,KMI,ICN
144,10,277.6,KMI,ICN
145,10,270.6,KMI,ICN
146,10,266.7,KMI,ICN
147,10,299.3,NGS,PUS
148,10,290.2,KOJ,ICN
149,10,285.4,KOJ,ICN
150,10,282.7,KOJ,ICN
151,10,282.7,KOJ,ICN
152,10,285.4,KOJ,ICN
153,10,290.3,KOJ,ICN
154,10,291.8,KMI,ICN
155,10,284.7,KMI,ICN
156,10,279.3,KMI,ICN
157,10,276.6,KMI,ICN
158,10,277.3,KMI,ICN
159,10,287.7,NGS,PUS
160,10,291.6,KMJ,PUS
161,10,287.2,KMJ,PUS
162,10,284.0,KMJ,PUS
163,10,282.2,KMJ,PUS
164,10,281.8,KMJ,PUS
165,10,282.9,KMJ,PUS
166,10,285.4,KMJ,PUS
167,10,289.1,KMJ,PUS
168,10,288.6,KMI,ICN
169,10,286.6,KMI,ICN
170,10,287.1,KMI,ICN
171,10,277.8,NGS,PUS
172,10,280.0,NGS,PUS
173,10,288.2,NGS,PUS
174,10,278.0,KMJ,PUS
175,10,274.4,KMJ,PUS
176,10,272.2,KMJ,PUS
177,10,271.8,KMJ,PUS
178,10,273.0,KMJ,PUS
179,10,275.9,KMJ,PUS
180,10,280.2,KMJ,PUS
181,10,285.7,KMJ,PUS
182,10,292.0,KMJ,PUS
183,10,297.0,KMI,ICN
184,10,267.9,NGS,PUS
185,10,270.4,NGS,PUS
186,10,269.2,KMJ,PUS
187,10,264.9,KMJ,PUS
188,10,262.3,KMJ,PUS
189,10,261.8,KMJ,PUS
190,10,263.3,KMJ,PUS
191,10,266.7,KMJ,PUS
192,10,271.7,KMJ,PUS
193,10,277.9,KMJ,PUS
194,10,284.9,KMJ,PUS
195,10,292.6,KMJ,PUS
196,10,300.8,KMJ,PUS
197,10,261.1,NGS,PUS
198,10,271.8,NGS,PUS
199,10,260.7,KMJ,PUS
200,10,255.6,KMJ,PUS
201,10,252.5,KMJ,PUS
202,10,251.8,KMJ,PUS
203,10,253.7,KMJ,PUS
204,10,257.8,KMJ,PUS
205,10,263.7,KMJ,PUS
206,10,270.7,KMJ,PUS
207,10,278.6,KMJ,PUS
208,10,286.9,KMJ,PUS
209,10,295.7,KMJ,PUS
210,10,260.7,KMJ,PUS
211,10,246.8,KMJ,PUS
212,10,242.7,KMJ,PUS
213,10,241.8,KMJ,PUS
214,10,244.3,KMJ,PUS
215,10,249.6,KMJ,PUS
216,10,256.6,KMJ,PUS
217,10,264.6,KMJ,PUS
218,10,273.2,KMJ,PUS
219,10,282.3,KMJ,PUS
220,10,291.5,KMJ,PUS
221,10,323.7,NGS,PUS
222,10,314.0,NGS,PUS
223,10,250.4,NGS,PUS
224,10,258.4,NGS,PUS
225,10,246.7,KMJ,PUS
226,10,238.9,KMJ,PUS
227,10,233.2,KMJ,PUS
228,10,231.8,KMJ,PUS
229,10,235.5,KMJ,PUS
230,10,242.4,KMJ,PUS
231,10,250.8,KMJ,PUS
232,10,259.8,KMJ,PUS
233,10,269.2,KMJ,PUS
234,10,278.8,KMJ,PUS
235,10,288.5,KMJ,PUS
236,10,298.3,KMJ,PUS
237,10,229.7,NGS,PUS
238,10,226.9,NGS,PUS
239,10,229.7,NGS,PUS
240,10,244.5,NGS,PUS
241,10,253.6,NGS,PUS
242,10,233.0,KMJ,PUS
243,10,224.7,KMJ,PUS
244,10,222.0,KMJ,PUS
245,10,228.4,KMJ,PUS
246,10,237.4,KMJ,PUS
247,10,247.1,KMJ,PUS
248,10,256.9,KMJ,PUS
249,10,266.8,KMJ,PUS
250,10,276.7,KMJ,PUS
251,10,286.7,KMJ,PUS
252,10,296.7,KMJ,PUS
253,10,306.6,KMJ,PUS
254,10,336.7,MYJ,PUS
255,10,300.6,NGS,PUS
256,10,290.6,NGS,PUS
257,10,231.3,NGS,PUS
258,10,222.2,NGS,PUS
259,10,216.9,NGS,PUS
260,10,222.2,NGS,PUS
261,10,231.2,NGS,PUS
262,10,240.9,NGS,PUS
263,10,241.4,KMJ,PUS
264,10,231.4,KMJ,PUS
265,10,221.5,KMJ,PUS
266,10,216.7,KMJ,PUS
267,10,226.2,KMJ,PUS
268,10,236.1,KMJ,PUS
269,10,246.1,KMJ,PUS
270,10,256.1,KMJ,PUS
271,10,266.2,KMJ,PUS
272,10,276.2,KMJ,PUS
273,10,286.2,KMJ,PUS
274,10,296.2,KMJ,PUS
275,10,306.3,KMJ,PUS
276,10,311.2,OIT,ICN
277,10,326.3,MYJ,PUS
278,10,326.8,MYJ,PUS
279,10,328.2,MYJ,PUS
280,10,290.3,NGS,PUS
281,10,230.3,NGS,PUS
282,10,220.6,NGS,PUS
283,10,220.5,NGS,PUS
284,10,230.3,NGS,PUS
285,10,253.2,KMJ,PUS
286,10,243.8,KMJ,PUS
287,10,235.0,KMJ,PUS
288,10,227.8,KMJ,PUS
289,10,225.8,KMJ,PUS
290,10,230.9,KMJ,PUS
291,10,239.0,KMJ,PUS
292,10,248.2,KMJ,PUS
293,10,257.7,KMJ,PUS
294,10,267.5,KMJ,PUS
295,10,277.3,KMJ,PUS
296,10,287.1,KMJ,PUS
297,10,297.0,KMJ,PUS
298,10,299.2,OIT,ICN
299,10,301.7,OIT,ICN
300,10,305.6,OIT,ICN
301,10,316.7,MYJ,PUS
302,10,316.2,MYJ,PUS
303,10,316.8,MYJ,PUS
304,10,318.4,MYJ,PUS
305,10,291.3,NGS,PUS
306,10,242.9,NGS,PUS
307,10,234.0,NGS,PUS
308,10,223.2,NGS,PUS
309,10,226.6,NGS,PUS
310,10,234.0,NGS,PUS
311,10,253.3,HSG,ICN
312,10,249.0,KMJ,PUS
313,10,241.8,KMJ,PUS
314,10,236.9,KMJ,PUS
315,10,235.8,KMJ,PUS
316,10,238.9,KMJ,PUS
317,10,245.0,KMJ,PUS
318,10,252.8,KMJ,PUS
319,10,261.4,KMJ,PUS
320,10,270.5,KMJ,PUS
321,10,279.9,KMJ,PUS
322,10,289.3,OIT,ICN
323,10,288.3,OIT,ICN
324,10,289.4,OIT,ICN
325,10,308.3,MYJ,PUS
326,10,306.7,MYJ,PUS
327,10,306.2,MYJ,PUS
328,10,306.8,MYJ,PUS
329,10,308.6,MYJ,PUS
330,10,311.3,MYJ,PUS
331,10,240.7,NGS,PUS
332,10,235.3,NGS,PUS
333,10,233.2,NGS,PUS
334,10,235.3,NGS,PUS
335,10,248.6,HSG,ICN
336,10,256.0,KMJ,PUS
337,10,250.2,KMJ,PUS
338,10,246.5,KMJ,PUS
339,10,245.7,KMJ,PUS
340,10,248.0,KMJ,PUS
341,10,252.7,KMJ,PUS
342,10,259.2,KMJ,PUS
343,10,266.8,KMJ,PUS
344,10,275.1,KMJ,PUS
345,10,283.0,OIT,ICN
346,10,279.5,OIT,ICN
347,10,278.3,OIT,ICN
348,10,296.8,MYJ,PUS
349,10,296.2,MYJ,PUS
350,10,296.9,MYJ,PUS
351,10,298.8,MYJ,PUS
352,10,301.9,MYJ,PUS
353,10,306.0,MYJ,PUS
354,10,503.4,FSZ,ICN
355,10,509.4,FSZ,ICN
356,10,296.7,NGS,PUS
357,10,254.8,NGS,PUS
358,10,248.8,NGS,PUS
359,10,244.7,NGS,PUS
360,10,243.2,NGS,PUS
361,10,244.7,NGS,PUS
362,10,248.8,NGS,PUS
363,10,244.1,HSG,ICN
364,10,242.8,HSG,ICN
365,10,248.1,FUK,PUS
366,10,249.2,FUK,PUS
367,10,252.6,FUK,PUS
368,10,256.4,KMJ,PUS
369,10,255.7,KMJ,PUS
370,10,257.4,KMJ,PUS
371,10,261.2,KMJ,PUS
372,10,266.7,KMJ,PUS
373,10,273.3,KMJ,PUS
374,10,280.7,OIT,ICN
375,10,274.3,OIT,ICN
376,10,269.9,OIT,ICN
377,10,268.3,OIT,ICN
378,10,270.0,OIT,ICN
379,10,286.8,MYJ,PUS
380,10,286.2,MYJ,PUS
381,10,287.0,MYJ,PUS
382,10,289.2,MYJ,PUS
383,10,292.7,MYJ,PUS
384,10,297.3,MYJ,PUS
385,10,268.9,NGS,PUS
386,10,262.7,NGS,PUS
387,10,257.7,NGS,PUS
388,10,254.4,NGS,PUS
389,10,253.3,NGS,PUS
390,10,254.4,NGS,PUS
391,10,250.1,FUK,PUS
392,10,243.9,FUK,PUS
393,10,239.6,FUK,PUS
394,10,238.0,FUK,PUS
395,10,239.6,FUK,PUS
396,10,243.9,FUK,PUS
397,10,250.0,FUK,PUS
398,10,257.5,FUK,PUS
399,10,265.6,FUK,PUS
400,10,270.3,KMJ,PUS
401,10,274.9,KMJ,PUS
402,10,280.7,KMJ,PUS
403,10,274.4,OIT,ICN
404,10,276.9,MYJ,PUS
405,10,276.2,MYJ,PUS
406,10,277.1,MYJ,PUS
407,10,279.7,MYJ,PUS
408,10,283.7,MYJ,PUS
409,10,288.8,MYJ,PUS
410,10,294.9,MYJ,PUS
411,10,261.0,FUK,PUS
412,10,252.0,FUK,PUS
413,10,243.5,FUK,PUS
414,10,236.0,FUK,PUS
415,10,230.3,FUK,PUS
416,10,228.0,FUK,PUS
417,10,230.2,FUK,PUS
418,10,235.9,FUK,PUS
419,10,243.5,FUK,PUS
420,10,252.0,FUK,PUS
421,10,261.0,FUK,PUS
422,10,270.2,FUK,PUS
423,10,279.7,FUK,PUS
424,10,279.6,OIT,ICN
425,10,270.0,OIT,ICN
426,10,260.7,OIT,ICN
427,10,252.4,OIT,ICN
428,10,269.9,MYJ,PUS
429,10,267.1,MYJ,PUS
430,10,266.2,MYJ,PUS
431,10,267.3,MYJ,PUS
432,10,270.3,MYJ,PUS
433,10,275.0,MYJ,PUS
434,10,280.8,MYJ,PUS
435,10,287.7,MYJ,PUS
436,10,339.3,TAK,ICN
437,10,340.7,TAK,ICN
438,10,257.9,FUK,PUS
439,10,238.8,FUK,PUS
440,10,229.7,FUK,PUS
441,10,221.8,FUK,PUS
442,10,218.0,FUK,PUS
443,10,221.8,FUK,PUS
444,10,229.7,FUK,PUS
445,10,238.7,FUK,PUS
446,10,248.2,FUK,PUS
447,10,257.9,FUK,PUS
448,10,267.6,FUK,PUS
449,10,276.3,KKJ,ICN
450,10,278.6,OIT,ICN
451,10,268.6,OIT,ICN
452,10,258.6,OIT,ICN
453,10,248.7,OIT,ICN
454,10,266.1,MYJ,PUS
455,10,260.8,MYJ,PUS
456,10,257.3,MYJ,PUS
457,10,256.1,MYJ,PUS
458,10,257.6,MYJ,PUS
459,10,261.3,MYJ,PUS
460,10,266.8,MYJ,PUS
461,10,273.5,MYJ,PUS
462,10,281.2,MYJ,PUS
463,10,289.3,MYJ,PUS
464,10,297.9,MYJ,PUS
465,10,329.0,TAK,ICN
466,10,329.3,TAK,ICN
467,10,330.9,TAK,ICN
468,10,346.9,KIX,PUS
469,10,236.8,FUK,PUS
470,10,226.8,FUK,PUS
471,10,216.9,FUK,PUS
472,10,208.0,FUK,PUS
473,10,216.9,FUK,PUS
474,10,226.8,FUK,PUS
475,10,236.7,FUK,PUS
476,10,246.7,FUK,PUS
477,10,256.6,FUK,PUS
478,10,263.9,KKJ,ICN
479,10,267.1,KKJ,ICN
480,10,272.7,KKJ,ICN
481,10,261.4,OIT,ICN
482,10,253.4,OIT,ICN
483,10,252.2,MYJ,PUS
484,10,247.7,MYJ,PUS
485,10,246.1,MYJ,PUS
486,10,248.0,MYJ,PUS
487,10,252.8,MYJ,PUS
488,10,259.4,MYJ,PUS
489,10,267.2,MYJ,PUS
490,10,275.7,MYJ,PUS
491,10,284.5,MYJ,PUS
492,10,293.6,MYJ,PUS
493,10,302.9,MYJ,PUS
494,10,312.4,MYJ,PUS
495,10,321.9,MYJ,PUS
496,10,319.9,TAK,ICN
497,10,319.0,TAK,ICN
498,10,319.4,TAK,ICN
499,10,321.1,TAK,ICN
500,10,331.2,KIX,PUS
501,10,334.0,KIX,PUS
502,10,337.7,KIX,PUS
503,10,342.2,KIX,PUS
504,10,215.8,FUK,PUS
505,10,220.2,FUK,PUS
506,10,228.6,FUK,PUS
507,10,238.0,FUK,PUS
508,10,247.6,FUK,PUS
509,10,253.8,KKJ,ICN
510,10,267.5,OIT,ICN
511,10,261.8,OIT,ICN
512,10,236.1,MYJ,PUS
513,10,238.9,MYJ,PUS
514,10,245.3,MYJ,PUS
515,10,253.4,MYJ,PUS
516,10,262.3,MYJ,PUS
517,10,271.5,MYJ,PUS
518,10,280.9,MYJ,PUS
519,10,290.5,MYJ,PUS
520,10,300.2,MYJ,PUS
521,10,309.9,MYJ,PUS
522,10,312.7,TAK,ICN
523,10,310.0,TAK,ICN
524,10,308.9,TAK,ICN
525,10,309.4,TAK,ICN
526,10,311.5,TAK,ICN
527,10,310.2,TKS,ICN
528,10,306.3,TKS,ICN
529,10,319.4,KIX,PUS
530,10,321.5,KIX,PUS
531,10,324.6,KIX,PUS
532,10,328.7,KIX,PUS
533,10,333.6,KIX,PUS
534,10,339.1,KIX,PUS
535,10,279.0,FUK,PUS
536,10,228.2,FUK,PUS
537,10,234.3,FUK,PUS
538,10,242.2,FUK,PUS
539,10,250.8,KKJ,ICN
540,10,244.2,KKJ,ICN
541,10,226.1,MYJ,PUS
542,10,231.3,MYJ,PUS
543,10,240.1,MYJ,PUS
544,10,249.5,MYJ,PUS
545,10,259.2,MYJ,PUS
546,10,269.0,MYJ,PUS
547,10,278.8,MYJ,PUS
548,10,288.7,MYJ,PUS
549,10,298.5,MYJ,PUS
550,10,307.9,TAK,ICN
551,10,303.3,TAK,ICN
552,10,300.2,TAK,ICN
553,10,298.9,TAK,ICN
554,10,299.5,TAK,ICN
555,10,301.9,TAK,ICN
556,10,301.5,TKS,ICN
557,10,296.9,TKS,ICN
558,10,294.2,TKS,ICN
559,10,309.5,KIX,PUS
560,10,311.8,KIX,PUS
561,10,315.3,KIX,PUS
562,10,319.8,KIX,PUS
563,10,325.2,KIX,PUS
564,10,331.3,KIX,PUS
565,10,282.2,FUK,PUS
566,10,237.5,FUK,PUS
567,10,242.0,FUK,PUS
568,10,248.4,FUK,PUS
569,10,247.6,KKJ,ICN
570,10,220.4,MYJ,PUS
571,10,228.9,MYJ,PUS
572,10,238.7,MYJ,PUS
573,10,248.6,MYJ,PUS
574,10,258.5,MYJ,PUS
575,10,268.4,MYJ,PUS
576,10,278.3,MYJ,PUS
577,10,288.2,MYJ,PUS
578,10,298.1,MYJ,PUS
579,10,299.6,TAK,ICN
580,10,294.3,TAK,ICN
581,10,290.5,TAK,ICN
582,10,288.9,TAK,ICN
583,10,289.6,TAK,ICN
584,10,292.6,TAK,ICN
585,10,293.4,TKS,ICN
586,10,287.8,TKS,ICN
587,10,284.4,TKS,ICN
588,10,283.7,TKS,ICN
589,10,298.6,KIX,PUS
590,10,298.3,KIX,PUS
591,10,299.6,KIX,PUS
592,10,302.3,KIX,PUS
593,10,306.3,KIX,PUS
594,10,311.3,KIX,PUS
595,10,317.2,KIX,PUS
596,10,323.8,KIX,PUS
597,10,331.0,KIX,PUS
598,10,244.3,KKJ,ICN
599,10,278.4,MYJ,PUS
600,10,259.2,MYJ,PUS
601,10,234.2,MYJ,PUS
602,10,241.9,MYJ,PUS
603,10,250.8,MYJ,PUS
604,10,269.8,MYJ,PUS
605,10,279.4,MYJ,PUS
606,10,289.2,MYJ,PUS
607,10,299.0,MYJ,PUS
608,10,292.1,TAK,ICN
609,10,285.7,TAK,ICN
610,10,281.0,TAK,ICN
611,10,278.9,TAK,ICN
612,10,279.9,TAK,ICN
613,10,283.6,TAK,ICN
614,10,286.3,TKS,ICN
615,10,279.4,TKS,ICN
616,10,274.7,TKS,ICN
617,10,273.8,TKS,ICN
618,10,288.6,KIX,PUS
619,10,288.3,KIX,PUS
620,10,289.9,KIX,PUS
621,10,293.0,KIX,PUS
622,10,297.6,KIX,PUS
623,10,303.2,KIX,PUS
624,10,309.7,KIX,PUS
625,10,316.9,KIX,PUS
626,10,324.6,KIX,PUS
627,10,332.7,KIX,PUS
628,10,253.9,KKJ,ICN
629,10,246.9,UBJ,ICN
630,10,245.1,UBJ,ICN
631,10,250.7,UBJ,ICN
632,10,259.1,UBJ,ICN
633,10,277.8,UBJ,ICN
634,10,287.5,UBJ,ICN
635,10,290.5,MYJ,PUS
636,10,281.2,MYJ,PUS
637,10,272.0,MYJ,PUS
638,10,248.3,MYJ,PUS
639,10,255.7,MYJ,PUS
640,10,285.8,TAK,ICN
641,10,278.0,TAK,ICN
642,10,271.9,TAK,ICN
643,10,268.9,TAK,ICN
644,10,270.3,TAK,ICN
645,10,275.4,TAK,ICN
646,10,281.1,TKS,ICN
647,10,272.4,TKS,ICN
648,10,265.5,TKS,ICN
649,10,278.6,KIX,PUS
650,10,278.4,KIX,PUS
651,10,280.2,KIX,PUS
652,10,284.0,KIX,PUS
653,10,289.2,KIX,PUS
654,10,295.6,KIX,PUS
655,10,302.9,KIX,PUS
656,10,310.7,KIX,PUS
657,10,318.9,KIX,PUS
658,10,327.5,KIX,PUS
659,10,336.3,KIX,PUS
660,10,266.6,KKJ,ICN
661,10,263.7,KKJ,ICN
662,10,260.8,UBJ,ICN
663,10,255.9,UBJ,ICN
664,10,255.0,UBJ,ICN
665,10,258.4,UBJ,ICN
666,10,264.7,UBJ,ICN
667,10,272.6,UBJ,ICN
668,10,281.3,UBJ,ICN
669,10,290.3,UBJ,ICN
670,10,294.2,MYJ,PUS
671,10,285.3,MYJ,PUS
672,10,276.8,MYJ,PUS
673,10,255.7,MYJ,PUS
674,10,256.3,MYJ,PUS
675,10,262.4,MYJ,PUS
676,10,281.3,TAK,ICN
677,10,272.2,TAK,ICN
678,10,264.0,TAK,ICN
679,10,259.0,TAK,ICN
680,10,261.4,TAK,ICN
681,10,268.8,TAK,ICN
682,10,277.7,TAK,ICN
683,10,268.8,TKS,ICN
684,10,259.0,TKS,ICN
685,10,268.8,KIX,PUS
686,10,268.4,KIX,PUS
687,10,270.7,KIX,PUS
688,10,275.3,KIX,PUS
689,10,281.6,KIX,PUS
690,10,288.9,KIX,PUS
691,10,296.9,KIX,PUS
692,10,305.3,KIX,PUS
693,10,314.1,KIX,PUS
694,10,323.1,KIX,PUS
695,10,332.3,KIX,PUS
696,10,335.9,FUK,PUS
697,10,273.7,KKJ,ICN
698,10,269.1,UBJ,ICN
699,10,265.6,UBJ,ICN
700,10,264.9,UBJ,ICN
701,10,267.3,UBJ,ICN
702,10,272.2,UBJ,ICN
703,10,278.8,UBJ,ICN
704,10,286.4,UBJ,ICN
705,10,294.7,UBJ,ICN
706,10,298.9,MYJ,PUS
707,10,290.6,MYJ,PUS
708,10,282.8,MYJ,PUS
709,10,279.4,TAK,ICN
710,10,269.6,TAK,ICN
711,10,259.7,TAK,ICN
712,10,250.0,TAK,ICN
713,10,255.9,TAK,ICN
714,10,265.7,TAK,ICN
715,10,275.6,TAK,ICN
716,10,270.6,TKS,ICN
717,10,262.6,TKS,ICN
718,10,266.9,TKS,ICN
719,10,259.0,KIX,PUS
720,10,258.4,KIX,PUS
721,10,261.6,KIX,PUS
722,10,267.5,KIX,PUS
723,10,274.9,KIX,PUS
724,10,283.2,KIX,PUS
725,10,292.0,KIX,PUS
726,10,301.0,KIX,PUS
727,10,310.3,KIX,PUS
728,10,319.7,KIX,PUS
729,10,329.2,KIX,PUS
730,10,327.1,NGO,PUS
731,10,381.6,FSZ,ICN
732,10,341.5,FUK,PUS
733,10,333.6,FUK,PUS
734,10,282.8,UBJ,ICN
735,10,278.2,UBJ,ICN
736,10,275.4,UBJ,ICN
737,10,274.9,UBJ,ICN
738,10,276.7,UBJ,ICN
739,10,280.7,UBJ,ICN
740,10,286.2,UBJ,ICN
741,10,292.8,UBJ,ICN
742,10,300.3,UBJ,ICN
743,10,304.5,MYJ,PUS
744,10,296.9,MYJ,PUS
745,10,289.8,MYJ,PUS
746,10,283.4,MYJ,PUS
747,10,271.3,MYJ,PUS
748,10,265.4,HIJ,ICN
749,10,265.6,HIJ,ICN
750,10,271.4,TAK,ICN
751,10,262.7,TAK,ICN
752,10,257.1,TAK,ICN
753,10,259.9,TAK,ICN
754,10,267.9,TAK,ICN
755,10,274.0,TKS,ICN
756,10,272.3,KIX,PUS
757,10,249.4,KIX,PUS
758,10,248.6,KIX,PUS
759,10,253.4,KIX,PUS
760,10,261.1,KIX,PUS
761,10,269.8,KIX,PUS
762,10,279.0,KIX,PUS
763,10,288.5,KIX,PUS
764,10,298.0,KIX,PUS
765,10,307.7,KIX,PUS
766,10,317.4,KIX,PUS
767,10,324.3,NGO,PUS
768,10,318.5,NGO,PUS
769,10,313.6,NGO,PUS
770,10,309.8,NGO,PUS
771,10,306.3,NGO,PUS
772,10,347.6,FUK,PUS
773,10,287.6,UBJ,ICN
774,10,285.3,UBJ,ICN
775,10,284.9,UBJ,ICN
776,10,286.4,UBJ,ICN
777,10,289.6,UBJ,ICN
778,10,294.3,UBJ,ICN
779,10,300.2,UBJ,ICN
780,10,306.9,UBJ,ICN
781,10,310.9,MYJ,PUS
782,10,303.8,MYJ,PUS
783,10,297.4,MYJ,PUS
784,10,291.7,MYJ,PUS
785,10,286.9,MYJ,PUS
786,10,280.1,HIJ,ICN
787,10,270.4,HIJ,ICN
788,10,260.7,HIJ,ICN
789,10,251.6,HIJ,ICN
790,10,245.9,HIJ,ICN
791,10,251.9,HIJ,ICN
792,10,261.0,HIJ,ICN
793,10,280.4,HIJ,ICN
794,10,276.7,TAK,ICN
795,10,269.7,KIX,PUS
796,10,239.4,KIX,PUS
797,10,247.8,KIX,PUS
798,10,257.4,KIX,PUS
799,10,267.1,KIX,PUS
800,10,276.9,KIX,PUS
801,10,286.7,KIX,PUS
802,10,296.5,KIX,PUS
803,10,306.3,KIX,PUS
804,10,316.2,KIX,PUS
805,10,316.8,NGO,PUS
806,10,310.3,NGO,PUS
807,10,304.8,NGO,PUS
808,10,300.4,NGO,PUS
809,10,297.5,NGO,PUS
810,10,296.3,NGO,PUS
811,10,379.7,FSZ,ICN
812,10,346.9,FUK,PUS
813,10,298.9,UBJ,ICN
814,10,303.0,UBJ,ICN
815,10,308.1,UBJ,ICN
816,10,314.2,UBJ,ICN
817,10,317.9,MYJ,PUS
818,10,311.3,MYJ,PUS
819,10,305.4,MYJ,PUS
820,10,299.5,HIJ,ICN
821,10,289.7,HIJ,ICN
822,10,279.9,HIJ,ICN
823,10,270.2,HIJ,ICN
824,10,260.5,HIJ,ICN
825,10,251.1,HIJ,ICN
826,10,245.0,HIJ,ICN
827,10,251.4,HIJ,ICN
828,10,260.8,HIJ,ICN
829,10,270.5,HIJ,ICN
830,10,280.2,HIJ,ICN
831,10,290.0,HIJ,ICN
832,10,285.7,OKJ,ICN
833,10,276.6,OKJ,ICN
834,10,276.0,OKJ,ICN
835,10,277.0,TAK,ICN
836,10,288.0,TAK,ICN
837,10,269.8,KIX,PUS
838,10,248.2,KIX,PUS
839,10,257.6,KIX,PUS
840,10,267.2,KIX,PUS
841,10,277.0,KIX,PUS
842,10,286.7,KIX,PUS
843,10,296.5,KIX,PUS
844,10,306.4,KIX,PUS
845,10,316.2,KIX,PUS
846,10,310.0,NGO,PUS
847,10,302.8,NGO,PUS
848,10,296.4,NGO,PUS
849,10,291.3,NGO,PUS
850,10,287.7,NGO,PUS
851,10,286.2,NGO,PUS
852,10,354.1,FUK,PUS
853,10,311.9,UBJ,ICN
854,10,316.5,UBJ,ICN
855,10,322.0,UBJ,ICN
856,10,325.3,MYJ,PUS
857,10,319.3,MYJ,PUS
858,10,310.7,HIJ,ICN
859,10,301.1,HIJ,ICN
860,10,291.6,HIJ,ICN
861,10,282.3,HIJ,ICN
862,10,273.2,HIJ,ICN
863,10,264.8,HIJ,ICN
864,10,257.9,HIJ,ICN
865,10,255.0,HIJ,ICN
866,10,258.1,HIJ,ICN
867,10,265.0,HIJ,ICN
868,10,273.5,HIJ,ICN
869,10,282.6,HIJ,ICN
870,10,286.8,OKJ,ICN
871,10,278.7,OKJ,ICN
872,10,271.7,OKJ,ICN
873,10,267.0,OKJ,ICN
874,10,266.1,OKJ,ICN
875,10,269.4,OKJ,ICN
876,10,263.8,KIX,PUS
877,10,261.6,KIX,PUS
878,10,270.2,KIX,PUS
879,10,279.3,KIX,PUS
880,10,288.7,KIX,PUS
881,10,298.2,KIX,PUS
882,10,307.8,KIX,PUS
883,10,312.5,NGO,PUS
884,10,304.0,NGO,PUS
885,10,296.0,NGO,PUS
886,10,288.7,NGO,PUS
887,10,282.6,NGO,PUS
888,10,321.1,UBJ,ICN
889,10,325.3,UBJ,ICN
890,10,330.2,UBJ,ICN
891,10,332.2,HIJ,ICN
892,10,322.7,HIJ,ICN
893,10,313.4,HIJ,ICN
894,10,304.2,HIJ,ICN
895,10,295.3,HIJ,ICN
896,10,286.7,HIJ,ICN
897,10,278.7,HIJ,ICN
898,10,271.8,HIJ,ICN
899,10,266.8,HIJ,ICN
900,10,265.0,HIJ,ICN
901,10,267.0,HIJ,ICN
902,10,272.0,HIJ,ICN
903,10,279.0,HIJ,ICN
904,10,287.0,HIJ,ICN
905,10,282.7,OKJ,ICN
906,10,273.5,OKJ,ICN
907,10,264.8,OKJ,ICN
908,10,257.8,OKJ,ICN
909,10,256.2,OKJ,ICN
910,10,261.7,OKJ,ICN
911,10,269.9,OKJ,ICN
912,10,270.0,KIX,PUS
913,10,263.8,KIX,PUS
914,10,258.8,UKB,ICN
915,10,262.5,KIX,PUS
916,10,268.2,KIX,PUS
917,10,275.4,KIX,PUS
918,10,283.6,KIX,PUS
919,10,292.3,KIX,PUS
920,10,301.2,KIX,PUS
921,10,310.4,KIX,PUS
922,10,308.3,NGO,PUS
923,10,299.2,NGO,PUS
924,10,290.4,NGO,PUS
925,10,282.1,NGO,PUS
926,10,287.5,NGO,PUS
927,10,296.2,NGO,PUS
928,10,314.9,FSZ,ICN
929,10,290.7,FSZ,ICN
930,10,287.5,FSZ,ICN
931,10,332.2,FSZ,ICN
932,10,335.3,HIJ,ICN
933,10,326.2,HIJ,ICN
934,10,317.3,HIJ,ICN
935,10,308.7,HIJ,ICN
936,10,300.4,HIJ,ICN
937,10,292.7,HIJ,ICN
938,10,285.8,HIJ,ICN
939,10,280.1,HIJ,ICN
940,10,276.3,HIJ,ICN
941,10,275.0,HIJ,ICN
942,10,276.4,HIJ,ICN
943,10,280.3,HIJ,ICN
944,10,286.0,HIJ,ICN
945,10,290.9,OKJ,ICN
946,10,281.1,OKJ,ICN
947,10,271.3,OKJ,ICN
948,10,261.5,OKJ,ICN
949,10,251.7,OKJ,ICN
950,10,247.9,OKJ,ICN
951,10,257.5,OKJ,ICN
952,10,267.3,OKJ,ICN
953,10,277.1,OKJ,ICN
954,10,286.9,OKJ,ICN
955,10,296.8,OKJ,ICN
956,10,284.0,KIX,PUS
957,10,277.6,KIX,PUS
958,10,272.6,KIX,PUS
959,10,267.1,UKB,ICN
960,10,267.5,UKB,ICN
961,10,271.6,KIX,PUS
962,10,276.1,KIX,PUS
963,10,282.2,KIX,PUS
964,10,289.4,KIX,PUS
965,10,297.2,KIX,PUS
966,10,305.6,KIX,PUS
967,10,314.3,KIX,PUS
968,10,305.5,NGO,PUS
969,10,296.0,NGO,PUS
970,10,286.5,NGO,PUS
971,10,277.2,NGO,PUS
972,10,258.6,NGO,PUS
973,10,292.7,NGO,PUS
974,10,302.3,NGO,PUS
975,10,311.9,NGO,PUS
976,10,321.5,NGO,PUS
977,10,312.4,FSZ,ICN
978,10,302.7,FSZ,ICN
979,10,293.2,FSZ,ICN
980,10,283.9,FSZ,ICN
981,10,277.5,FSZ,ICN
982,10,330.4,FSZ,ICN
983,10,340.2,FSZ,ICN
984,10,375.8,HND,GMP
985,10,330.7,HIJ,ICN
986,10,322.3,HIJ,ICN
987,10,314.2,HIJ,ICN
988,10,306.7,HIJ,ICN
989,10,299.8,HIJ,ICN
990,10,293.8,HIJ,ICN
991,10,289.1,HIJ,ICN
992,10,286.1,HIJ,ICN
993,10,285.0,HIJ,ICN
994,10,286.1,HIJ,ICN
995,10,289.2,HIJ,ICN
996,10,294.0,HIJ,ICN
997,10,291.7,OKJ,ICN
998,10,282.1,OKJ,ICN
999,10,272.7,OKJ,ICN
1000,10,263.7,OKJ,ICN
1001,10,256.0,OKJ,ICN
1002,10,254.1,OKJ,ICN
1003,10,260.3,OKJ,ICN
1004,10,269.0,OKJ,ICN
1005,10,278.3,OKJ,ICN
1006,10,287.8,OKJ,ICN
1007,10,297.5,OKJ,ICN
1008,10,307.2,OKJ,ICN
1009,10,305.3,KIX,PUS
1010,10,298.1,KIX,PUS
1011,10,291.5,KIX,PUS
1012,10,286.0,KIX,PUS
1013,10,280.5,UKB,ICN
1014,10,276.8,UKB,ICN
1015,10,277.0,UKB,ICN
1016,10,281.0,UKB,ICN
1017,10,284.8,KIX,PUS
1018,10,289.9,KIX,PUS
1019,10,296.2,KIX,PUS
1020,10,303.3,KIX,PUS
1021,10,311.0,KIX,PUS
1022,10,314.1,NGO,PUS
1023,10,304.3,NGO,PUS
1024,10,294.5,NGO,PUS
1025,10,284.7,NGO,PUS
1026,10,274.9,NGO,PUS
1027,10,265.2,NGO,PUS
1028,10,252.2,NGO,PUS
1029,10,261.9,NGO,PUS
1030,10,271.6,NGO,PUS
1031,10,281.4,NGO,PUS
1032,10,291.2,NGO,PUS
1033,10,301.0,NGO,PUS
1034,10,310.8,NGO,PUS
1035,10,320.5,NGO,PUS
1036,10,312.3,FSZ,ICN
1037,10,302.6,FSZ,ICN
1038,10,293.0,FSZ,ICN
1039,10,283.6,FSZ,ICN
1040,10,276.8,FSZ,ICN
1041,10,282.3,FSZ,ICN
1042,10,330.4,FSZ,ICN
1043,10,340.1,FSZ,ICN
1044,10,349.9,FSZ,ICN
1045,10,328.1,HIJ,ICN
1046,10,320.7,HIJ,ICN
1047,10,313.8,HIJ,ICN
1048,10,307.6,HIJ,ICN
1049,10,302.4,HIJ,ICN
1050,10,298.4,HIJ,ICN
1051,10,295.9,HIJ,ICN
1052,10,295.1,HIJ,ICN
1053,10,296.0,HIJ,ICN
1054,10,298.5,HIJ,ICN
1055,10,301.2,YGJ,ICN
1056,10,294.6,OKJ,ICN
1057,10,285.7,OKJ,ICN
1058,10,277.3,OKJ,ICN
1059,10,270.0,OKJ,ICN
1060,10,264.9,OKJ,ICN
1061,10,263.9,OKJ,ICN
1062,10,267.6,OKJ,ICN
1063,10,274.2,OKJ,ICN
1064,10,282.2,OKJ,ICN
1065,10,291.0,OKJ,ICN
1066,10,300.0,OKJ,ICN
1067,10,309.3,OKJ,ICN
1068,10,312.1,KIX,PUS
1069,10,305.5,KIX,PUS
1070,10,299.7,KIX,PUS
1071,10,294.3,UKB,ICN
1072,10,289.4,UKB,ICN
1073,10,286.7,UKB,ICN
1074,10,286.9,UKB,ICN
1075,10,289.8,UKB,ICN
1076,10,293.9,KIX,PUS
1077,10,298.3,KIX,PUS
1078,10,303.8,KIX,PUS
1079,10,310.2,KIX,PUS
1080,10,317.3,KIX,PUS
1081,10,314.4,NGO,PUS
1082,10,304.7,NGO,PUS
1083,10,295.0,NGO,PUS
1084,10,285.3,NGO,PUS
1085,10,275.8,NGO,PUS
1086,10,266.4,NGO,PUS
1087,10,254.9,NGO,PUS
1088,10,263.3,NGO,PUS
1089,10,272.5,NGO,PUS
1090,10,282.1,NGO,PUS
1091,10,291.7,NGO,PUS
1092,10,301.4,NGO,PUS
1093,10,311.1,NGO,PUS
1094,10,320.9,NGO,PUS
1095,10,314.7,FSZ,ICN
1096,10,305.6,FSZ,ICN
1097,10,297.2,FSZ,ICN
1098,10,290.2,FSZ,ICN
1099,10,286.8,FSZ,ICN
1100,10,289.4,FSZ,ICN
1101,10,332.0,FSZ,ICN
1102,10,341.5,FSZ,ICN
1103,10,351.1,FSZ,ICN
1104,10,348.6,HND,GMP
1105,10,327.8,HIJ,ICN
1106,10,321.5,HIJ,ICN
1107,10,316.0,HIJ,ICN
1108,10,311.4,HIJ,ICN
1109,10,307.9,HIJ,ICN
1110,10,303.7,YGJ,ICN
1111,10,298.4,YGJ,ICN
1112,10,294.5,YGJ,ICN
1113,10,292.0,YGJ,ICN
1114,10,291.2,YGJ,ICN
1115,10,292.2,YGJ,ICN
1116,10,291.1,OKJ,ICN
1117,10,284.0,OKJ,ICN
1118,10,278.2,OKJ,ICN
1119,10,274.5,OKJ,ICN
1120,10,273.9,OKJ,ICN
1121,10,276.4,OKJ,ICN
1122,10,281.4,OKJ,ICN
1123,10,288.1,OKJ,ICN
1124,10,295.9,OKJ,ICN
1125,10,304.2,OKJ,ICN
1126,10,312.9,OKJ,ICN
1127,10,319.4,KIX,PUS
1128,10,313.5,KIX,PUS
1129,10,308.2,UKB,ICN
1130,10,302.7,UKB,ICN
1131,10,298.7,UKB,ICN
1132,10,296.7,UKB,ICN
1133,10,296.8,UKB,ICN
1134,10,299.1,UKB,ICN
1135,10,303.2,UKB,ICN
1136,10,307.1,KIX,PUS
1137,10,312.0,KIX,PUS
1138,10,317.8,KIX,PUS
1139,10,324.2,KIX,PUS
1140,10,316.2,NGO,PUS
1141,10,306.7,NGO,PUS
1142,10,297.4,NGO,PUS
1143,10,288.3,NGO,PUS
1144,10,279.5,NGO,PUS
1145,10,271.4,NGO,PUS
1146,10,264.8,NGO,PUS
1147,10,263.2,NGO,PUS
1148,10,268.9,NGO,PUS
1149,10,276.6,NGO,PUS
1150,10,285.2,NGO,PUS
1151,10,294.3,NGO,PUS
1152,10,303.5,NGO,PUS
1153,10,312.9,NGO,PUS
1154,10,322.4,NGO,PUS
1155,10,319.0,FSZ,ICN
1156,10,311.1,FSZ,ICN
1157,10,304.1,FSZ,ICN
1158,10,299.0,FSZ,ICN
1159,10,296.8,FSZ,ICN
1160,10,298.4,FSZ,ICN
1161,10,303.2,FSZ,ICN
1162,10,335.2,FSZ,ICN
1163,10,344.3,FSZ,ICN
1164,10,353.5,FSZ,ICN
1165,10,338.7,HND,GMP
1166,10,326.8,YGJ,ICN
1167,10,318.4,YGJ,ICN
1168,10,310.3,YGJ,ICN
1169,10,302.8,YGJ,ICN
1170,10,295.8,YGJ,ICN
1171,10,289.8,YGJ,ICN
1172,10,285.1,YGJ,ICN
1173,10,282.1,YGJ,ICN
1174,10,281.2,YGJ,ICN
1175,10,282.4,YGJ,ICN
1176,10,285.7,YGJ,ICN
1177,10,290.6,YGJ,ICN
1178,10,287.1,OKJ,ICN
1179,10,284.3,OKJ,ICN
1180,10,283.8,OKJ,ICN
1181,10,285.7,OKJ,ICN
1182,10,289.8,OKJ,ICN
1183,10,295.4,OKJ,ICN
1184,10,302.1,OKJ,ICN
1185,10,309.6,OKJ,ICN
1186,10,317.7,OKJ,ICN
1187,10,326.1,OKJ,ICN
1188,10,321.9,KIX,PUS
1189,10,316.3,UKB,ICN
1190,10,311.6,UKB,ICN
1191,10,308.3,UKB,ICN
1192,10,306.6,UKB,ICN
1193,10,306.7,UKB,ICN
1194,10,308.6,UKB,ICN
1195,10,312.1,UKB,ICN
1196,10,316.1,KIX,PUS
1197,10,320.5,KIX,PUS
1198,10,325.8,KIX,PUS
1199,10,328.4,NGO,PUS
1200,10,319.2,NGO,PUS
1201,10,310.2,NGO,PUS
1202,10,301.5,NGO,PUS
1203,10,293.1,NGO,PUS
1204,10,285.4,NGO,PUS
1205,10,278.7,NGO,PUS
1206,10,273.7,NGO,PUS
1207,10,271.5,NGO,PUS
1208,10,272.6,NGO,PUS
1209,10,276.8,NGO,PUS
1210,10,282.9,NGO,PUS
1211,10,290.4,NGO,PUS
1212,10,298.6,NGO,PUS
1213,10,307.2,NGO,PUS
1214,10,316.1,NGO,PUS
1215,10,325.2,NGO,PUS
1216,10,325.0,FSZ,ICN
1217,10,318.1,FSZ,ICN
1218,10,312.3,FSZ,ICN
1219,10,308.4,FSZ,ICN
1220,10,306.8,FSZ,ICN
1221,10,308.0,FSZ,ICN
1222,10,311.6,FSZ,ICN
1223,10,317.1,FSZ,ICN
1224,10,339.7,FSZ,ICN
1225,10,348.2,FSZ,ICN
1226,10,357.1,FSZ,ICN
1227,10,328.8,HND,GMP
1228,10,331.7,HND,GMP
1229,10,313.5,YGJ,ICN
1230,10,304.8,YGJ,ICN
1231,10,296.6,YGJ,ICN
1232,10,288.8,YGJ,ICN
1233,10,281.9,YGJ,ICN
1234,10,276.2,YGJ,ICN
1235,10,272.4,YGJ,ICN
1236,10,271.2,YGJ,ICN
1237,10,272.7,YGJ,ICN
1238,10,276.8,YGJ,ICN
1239,10,282.7,YGJ,ICN
1240,10,289.8,YGJ,ICN
1241,10,294.2,OKJ,ICN
1242,10,293.8,OKJ,ICN
1243,10,295.4,OKJ,ICN
1244,10,298.7,OKJ,ICN
1245,10,303.4,OKJ,ICN
1246,10,309.3,OKJ,ICN
1247,10,316.1,OKJ,ICN
1248,10,323.5,OKJ,ICN
1249,10,331.4,OKJ,ICN
1250,10,330.1,UKB,ICN
1251,10,325.0,UKB,ICN
1252,10,320.9,UKB,ICN
1253,10,318.0,UKB,ICN
1254,10,316.6,UKB,ICN
1255,10,316.7,UKB,ICN
1256,10,318.3,UKB,ICN
1257,10,321.3,UKB,ICN
1258,10,325.4,KIX,PUS
1259,10,329.4,KIX,PUS
1260,10,334.1,KIX,PUS
1261,10,332.1,NGO,PUS
1262,10,323.4,NGO,PUS
1263,10,314.9,NGO,PUS
1264,10,306.9,NGO,PUS
1265,10,299.3,NGO,PUS
1266,10,292.6,NGO,PUS
1267,10,287.1,NGO,PUS
1268,10,283.2,NGO,PUS
1269,10,281.5,NGO,PUS
1270,10,282.4,NGO,PUS
1271,10,285.5,NGO,PUS
1272,10,290.6,NGO,PUS
1273,10,296.9,NGO,PUS
1274,10,304.2,NGO,PUS
1275,10,312.1,NGO,PUS
1276,10,320.5,NGO,PUS
1277,10,329.1,NGO,PUS
1278,10,332.0,FSZ,ICN
1279,10,326.0,FSZ,ICN
1280,10,321.2,FSZ,ICN
1281,10,318.1,FSZ,ICN
1282,10,316.9,FSZ,ICN
1283,10,317.8,FSZ,ICN
1284,10,320.6,FSZ,ICN
1285,10,325.2,FSZ,ICN
1286,10,331.1,FSZ,ICN
1287,10,337.8,FSZ,ICN
1288,10,345.3,FSZ,ICN
1289,10,353.3,FSZ,ICN
1290,10,356.7,HND,GMP
1291,10,319.1,HND,GMP
1292,10,322.6,HND,GMP
1293,10,327.8,HND,GMP
1294,10,333.1,NRT,PUS
1295,10,331.6,NRT,PUS
1296,10,291.5,YGJ,ICN
1297,10,282.9,YGJ,ICN
1298,10,274.9,YGJ,ICN
1299,10,267.9,YGJ,ICN
1300,10,262.9,YGJ,ICN
1301,10,261.1,YGJ,ICN
1302,10,263.4,YGJ,ICN
1303,10,268.7,YGJ,ICN
1304,10,275.9,YGJ,ICN
1305,10,284.0,YGJ,ICN
1306,10,292.7,YGJ,ICN
1307,10,301.6,YGJ,ICN
1308,10,305.1,OKJ,ICN
1309,10,307.9,OKJ,ICN
1310,10,312.0,OKJ,ICN
1311,10,317.2,OKJ,ICN
1312,10,323.3,OKJ,ICN
1313,10,330.1,OKJ,ICN
1314,10,337.4,OKJ,ICN
1315,10,338.5,UKB,ICN
1316,10,333.9,UKB,ICN
1317,10,330.3,UKB,ICN
1318,10,327.9,UKB,ICN
1319,10,326.6,UKB,ICN
1320,10,326.7,UKB,ICN
1321,10,328.1,UKB,ICN
1322,10,330.6,UKB,ICN
1323,10,334.4,UKB,ICN
1324,10,338.4,KIX,PUS
1325,10,342.8,KIX,PUS
1326,10,336.8,NGO,PUS
1327,10,328.6,NGO,PUS
1328,10,320.7,NGO,PUS
1329,10,313.3,NGO,PUS
1330,10,306.5,NGO,PUS
1331,10,300.7,NGO,PUS
1332,10,296.0,NGO,PUS
1333,10,292.9,NGO,PUS
1334,10,291.5,NGO,PUS
1335,10,292.2,NGO,PUS
1336,10,294.7,NGO,PUS
1337,10,298.9,NGO,PUS
1338,10,304.4,NGO,PUS
1339,10,310.9,NGO,PUS
1340,10,318.1,NGO,PUS
1341,10,325.8,NGO,PUS
1342,10,334.0,NGO,PUS
1343,10,339.8,FSZ,ICN
1344,10,334.6,FSZ,ICN
1345,10,330.5,FSZ,ICN
1346,10,327.9,FSZ,ICN
1347,10,326.9,FSZ,ICN
1348,10,327.6,FSZ,ICN
1349,10,330.0,FSZ,ICN
1350,10,333.9,FSZ,ICN
1351,10,339.0,FSZ,ICN
1352,10,345.0,FSZ,ICN
1353,10,351.8,FSZ,ICN
1354,10,359.2,FSZ,ICN
1355,10,352.1,HND,GMP
1356,10,343.3,HND,GMP
1357,10,313.3,HND,GMP
1358,10,309.5,HND,GMP
1359,10,314.0,HND,GMP
1360,10,320.3,HND,GMP
1361,10,323.4,NRT,PUS
1362,10,321.6,NRT,PUS
1363,10,288.1,YGJ,ICN
1364,10,278.7,YGJ,ICN
1365,10,269.7,YGJ,ICN
1366,10,261.1,YGJ,ICN
1367,10,254.0,YGJ,ICN
1368,10,251.1,YGJ,ICN
1369,10,254.8,YGJ,ICN
1370,10,262.2,YGJ,ICN
1371,10,270.8,YGJ,ICN
1372,10,279.9,YGJ,ICN
1373,10,289.3,YGJ,ICN
1374,10,298.7,YGJ,ICN
1375,10,308.3,YGJ,ICN
1376,10,317.3,OKJ,ICN
1377,10,320.9,OKJ,ICN
1378,10,325.6,OKJ,ICN
1379,10,331.1,OKJ,ICN
1380,10,337.2,OKJ,ICN
1381,10,344.0,OKJ,ICN
1382,10,347.2,UKB,ICN
1383,10,343.1,UKB,ICN
1384,10,339.9,UKB,ICN
1385,10,337.7,UKB,ICN
1386,10,336.6,UKB,ICN
1387,10,336.7,UKB,ICN
1388,10,337.9,UKB,ICN
1389,10,340.2,UKB,ICN
1390,10,343.5,UKB,ICN
1391,10,347.6,KIX,PUS
1392,10,350.4,NGO,PUS
1393,10,342.3,NGO,PUS
1394,10,334.6,NGO,PUS
1395,10,327.2,NGO,PUS
1396,10,320.5,NGO,PUS
1397,10,314.4,NGO,PUS
1398,10,309.3,NGO,PUS
1399,10,305.3,NGO,PUS
1400,10,302.6,NGO,PUS
1401,10,301.6,NGO,PUS
1402,10,302.1,NGO,PUS
1403,10,304.2,NGO,PUS
1404,10,307.8,NGO,PUS
1405,10,312.6,NGO,PUS
1406,10,318.3,NGO,PUS
1407,10,324.9,NGO,PUS
1408,10,332.0,NGO,PUS
1409,10,339.6,NGO,PUS
1410,10,347.6,NGO,PUS
1411,10,343.5,FSZ,ICN
1412,10,340.0,FSZ,ICN
1413,10,337.7,FSZ,ICN
1414,10,336.9,FSZ,ICN
1415,10,337.5,FSZ,ICN
1416,10,339.6,FSZ,ICN
1417,10,342.9,FSZ,ICN
1418,10,347.4,FSZ,ICN
1419,10,352.8,FSZ,ICN
1420,10,359.0,FSZ,ICN
1421,10,358.1,HND,GMP
1422,10,348.7,HND,GMP
1423,10,339.4,HND,GMP
1424,10,330.3,HND,GMP
1425,10,321.4,HND,GMP
1426,10,313.0,HND,GMP
1427,10,305.4,HND,GMP
1428,10,306.3,HND,GMP
1429,10,314.0,HND,GMP
1430,10,313.9,NRT,PUS
1431,10,311.7,NRT,PUS
1432,10,276.7,YGJ,ICN
1433,10,267.1,YGJ,ICN
1434,10,257.4,YGJ,ICN
1435,10,247.9,YGJ,ICN
1436,10,241.2,YGJ,ICN
1437,10,258.6,YGJ,ICN
1438,10,268.3,YGJ,ICN
1439,10,278.0,YGJ,ICN
1440,10,287.7,YGJ,ICN
1441,10,297.4,YGJ,ICN
1442,10,307.1,YGJ,ICN
1443,10,316.8,YGJ,ICN
1444,10,326.6,YGJ,ICN
1445,10,334.3,OKJ,ICN
1446,10,339.2,OKJ,ICN
1447,10,344.9,OKJ,ICN
1448,10,351.2,OKJ,ICN
1449,10,356.2,UKB,ICN
1450,10,352.4,UKB,ICN
1451,10,349.6,UKB,ICN
1452,10,347.6,UKB,ICN
1453,10,346.6,UKB,ICN
1454,10,346.7,UKB,ICN
1455,10,347.8,UKB,ICN
1456,10,349.8,UKB,ICN
1457,10,352.8,UKB,ICN
1458,10,356.6,UKB,ICN
1459,10,356.1,NGO,PUS
1460,10,348.4,NGO,PUS
1461,10,341.2,NGO,PUS
1462,10,334.4,NGO,PUS
1463,10,328.3,NGO,PUS
1464,10,322.8,NGO,PUS
1465,10,318.3,NGO,PUS
1466,10,314.8,NGO,PUS
1467,10,312.5,NGO,PUS
1468,10,311.6,NGO,PUS
1469,10,312.0,NGO,PUS
1470,10,313.9,NGO,PUS
1471,10,317.0,NGO,PUS
1472,10,321.2,NGO,PUS
1473,10,326.3,NGO,PUS
1474,10,332.3,NGO,PUS
1475,10,338.8,NGO,PUS
1476,10,345.9,NGO,PUS
1477,10,353.4,NGO,PUS
1478,10,352.7,FSZ,ICN
1479,10,349.6,FSZ,ICN
1480,10,347.6,FSZ,ICN
1481,10,346.9,FSZ,ICN
1482,10,347.4,FSZ,ICN
1483,10,349.2,FSZ,ICN
1484,10,352.2,FSZ,ICN
1485,10,356.1,FSZ,ICN
1486,10,361.0,FSZ,ICN
1487,10,365.9,HND,GMP
1488,10,356.3,HND,GMP
1489,10,346.6,HND,GMP
1490,10,337.0,HND,GMP
1491,10,327.4,HND,GMP
1492,10,317.9,HND,GMP
1493,10,308.6,HND,GMP
1494,10,299.5,HND,GMP
1495,10,291.5,HND,GMP
1496,10,300.6,HND,GMP
1497,10,309.4,NRT,PUS
1498,10,304.5,NRT,PUS
1499,10,301.7,NRT,PUS
1500,10,250.0,YGJ,ICN
1501,10,245.7,YGJ,ICN
1502,10,336.5,YGJ,ICN
1503,10,346.1,YGJ,ICN
1504,10,353.0,OKJ,ICN
1505,10,358.8,OKJ,ICN
1506,10,365.2,OKJ,ICN
1507,10,361.9,UKB,ICN
1508,10,359.3,UKB,ICN
1509,10,357.5,UKB,ICN
1510,10,356.6,UKB,ICN
1511,10,365.7,UKB,ICN
1512,10,362.3,NGO,PUS
1513,10,355.2,NGO,PUS
1514,10,348.4,NGO,PUS
1515,10,342.1,NGO,PUS
1516,10,336.5,NGO,PUS
1517,10,331.6,NGO,PUS
1518,10,327.5,NGO,PUS
1519,10,324.4,NGO,PUS
1520,10,322.4,NGO,PUS
1521,10,321.6,NGO,PUS
1522,10,322.0,NGO,PUS
1523,10,323.6,NGO,PUS
1524,10,326.3,NGO,PUS
1525,10,330.1,NGO,PUS
1526,10,334.7,NGO,PUS
1527,10,340.1,NGO,PUS
1528,10,346.2,NGO,PUS
1529,10,352.8,NGO,PUS
1530,10,359.8,NGO,PUS
1531,10,362.1,FSZ,ICN
1532,10,359.3,FSZ,ICN
1533,10,357.6,FSZ,ICN
1534,10,356.9,FSZ,ICN
1535,10,357.4,FSZ,ICN
1536,10,359.0,FSZ,ICN
1537,10,361.6,FSZ,ICN
1538,10,365.2,FSZ,ICN
1539,10,369.6,FSZ,ICN
1540,10,365.4,HND,GMP
1541,10,355.7,HND,GMP
1542,10,346.0,HND,GMP
1543,10,336.3,HND,GMP
1544,10,326.6,HND,GMP
1545,10,316.9,HND,GMP
1546,10,307.1,HND,GMP
1547,10,297.4,HND,GMP
1548,10,287.7,HND,GMP
1549,10,279.7,HND,GMP
1550,10,301.9,NRT,PUS
1551,10,295.7,NRT,PUS
1552,10,291.9,NRT,PUS
1553,10,291.7,NRT,PUS
1554,10,356.8,YGJ,ICN
1555,10,366.4,YGJ,ICN
1556,10,372.7,OKJ,ICN
1557,10,371.5,UKB,ICN
1558,10,369.1,UKB,ICN
1559,10,367.4,UKB,ICN
1560,10,366.6,UKB,ICN
1561,10,346.3,KMQ,ICN
1562,10,343.2,KMQ,ICN
1563,10,341.0,KMQ,ICN
1564,10,340.0,KMQ,ICN
1565,10,336.9,NGO,PUS
1566,10,334.1,NGO,PUS
1567,10,332.3,NGO,PUS
1568,10,331.6,NGO,PUS
1569,10,332.0,NGO,PUS
1570,10,333.4,NGO,PUS
1571,10,335.8,NGO,PUS
1572,10,339.2,NGO,PUS
1573,10,343.4,NGO,PUS
1574,10,348.4,NGO,PUS
1575,10,354.0,NGO,PUS
1576,10,360.1,NGO,PUS
1577,10,366.8,NGO,PUS
1578,10,371.6,FSZ,ICN
1579,10,369.1,FSZ,ICN
1580,10,367.5,FSZ,ICN
1581,10,366.9,FSZ,ICN
1582,10,367.4,FSZ,ICN
1583,10,368.8,FSZ,ICN
1584,10,371.1,FSZ,ICN
1585,10,374.4,FSZ,ICN
1586,10,375.7,HND,GMP
1587,10,366.1,HND,GMP
1588,10,356.4,HND,GMP
1589,10,346.8,HND,GMP
1590,10,337.3,HND,GMP
1591,10,327.8,HND,GMP
1592,10,318.4,HND,GMP
1593,10,309.1,HND,GMP
1594,10,300.3,HND,GMP
1595,10,292.8,HND,GMP
1596,10,289.5,HND,GMP
1597,10,293.6,HND,GMP
1598,10,295.9,NRT,PUS
1599,10,288.0,NRT,PUS
1600,10,282.3,NRT,PUS
1601,10,282.0,NRT,PUS
1602,10,287.4,NRT,PUS
1603,10,376.6,UKB,ICN
1604,10,333.6,KMQ,ICN
1605,10,331.2,KMQ,ICN
1606,10,329.9,KMQ,ICN
1607,10,330.0,KMQ,ICN
1608,10,331.3,KMQ,ICN
1609,10,333.8,KMQ,ICN
1610,10,337.4,KMQ,ICN
1611,10,341.9,NGO,PUS
1612,10,343.2,NGO,PUS
1613,10,345.4,NGO,PUS
1614,10,348.3,TOY,PUS
1615,10,349.0,TOY,PUS
1616,10,350.6,TOY,PUS
1617,10,353.0,TOY,PUS
1618,10,356.3,TOY,PUS
1619,10,360.3,TOY,PUS
1620,10,364.9,TOY,PUS
1621,10,370.1,TOY,PUS
1622,10,375.9,TOY,PUS
1623,10,377.0,FSZ,ICN
1624,10,377.3,FSZ,ICN
1625,10,378.6,FSZ,ICN
1626,10,380.8,FSZ,ICN
1627,10,383.7,FSZ,ICN
1628,10,377.3,HND,GMP
1629,10,367.8,HND,GMP
1630,10,358.4,HND,GMP
1631,10,349.1,HND,GMP
1632,10,339.9,HND,GMP
1633,10,330.9,HND,GMP
1634,10,322.2,HND,GMP
1635,10,314.0,HND,GMP
1636,10,306.7,HND,GMP
1637,10,301.4,HND,GMP
1638,10,299.5,HND,GMP
1639,10,301.9,HND,GMP
1640,10,302.4,NRT,PUS
1641,10,292.7,NRT,PUS
1642,10,283.2,NRT,PUS
1643,10,274.1,NRT,PUS
1644,10,273.5,NRT,PUS
1645,10,282.4,NRT,PUS
1646,10,291.9,NRT,PUS
1647,10,301.6,NRT,PUS
1648,10,324.1,KMQ,ICN
1649,10,321.4,KMQ,ICN
1650,10,320.0,KMQ,ICN
1651,10,320.0,KMQ,ICN
1652,10,321.5,KMQ,ICN
1653,10,324.4,KMQ,ICN
1654,10,328.5,KMQ,ICN
1655,10,333.5,KMQ,ICN
1656,10,339.4,KMQ,ICN
1657,10,338.5,TOY,PUS
1658,10,338.3,TOY,PUS
1659,10,339.1,TOY,PUS
1660,10,340.8,TOY,PUS
1661,10,343.5,TOY,PUS
1662,10,347.1,TOY,PUS
1663,10,351.4,TOY,PUS
1664,10,356.4,TOY,PUS
1665,10,362.0,TOY,PUS
1666,10,368.1,TOY,PUS
1667,10,374.7,TOY,PUS
1668,10,381.6,TOY,PUS
1669,10,388.5,FSZ,ICN
1670,10,390.5,FSZ,ICN
1671,10,389.1,HND,GMP
1672,10,379.8,HND,GMP
1673,10,370.6,HND,GMP
1674,10,361.6,HND,GMP
1675,10,352.7,HND,GMP
1676,10,344.0,HND,GMP
1677,10,335.6,HND,GMP
1678,10,327.8,HND,GMP
1679,10,320.7,HND,GMP
1680,10,314.8,HND,GMP
1681,10,310.9,HND,GMP
1682,10,309.6,HND,GMP
1683,10,311.2,HND,GMP
1684,10,302.8,NRT,PUS
1685,10,293.4,NRT,PUS
1686,10,284.2,NRT,PUS
1687,10,276.3,NRT,PUS
1688,10,275.9,NRT,PUS
1689,10,283.5,NRT,PUS
1690,10,292.6,NRT,PUS
1691,10,302.0,NRT,PUS
1692,10,319.4,KMQ,ICN
1693,10,314.9,KMQ,ICN
1694,10,311.6,KMQ,ICN
1695,10,310.0,KMQ,ICN
1696,10,310.0,KMQ,ICN
1697,10,311.8,KMQ,ICN
1698,10,315.2,KMQ,ICN
1699,10,319.8,KMQ,ICN
1700,10,325.5,KMQ,ICN
1701,10,329.9,TOY,PUS
1702,10,328.5,TOY,PUS
1703,10,328.3,TOY,PUS
1704,10,329.1,TOY,PUS
1705,10,331.1,TOY,PUS
1706,10,334.1,TOY,PUS
1707,10,338.0,TOY,PUS
1708,10,342.8,TOY,PUS
1709,10,348.2,TOY,PUS
1710,10,354.2,TOY,PUS
1711,10,360.7,TOY,PUS
1712,10,367.7,TOY,PUS
1713,10,374.9,TOY,PUS
1714,10,382.5,TOY,PUS
1715,10,390.3,TOY,PUS
1716,10,392.3,HND,GMP
1717,10,383.3,HND,GMP
1718,10,374.4,HND,GMP
1719,10,365.8,HND,GMP
1720,10,357.3,HND,GMP
1721,10,349.2,HND,GMP
1722,10,341.6,HND,GMP
1723,10,334.6,HND,GMP
1724,10,328.5,HND,GMP
1725,10,323.7,HND,GMP
1726,10,320.6,HND,GMP
1727,10,319.6,HND,GMP
1728,10,314.9,NRT,PUS
1729,10,306.0,NRT,PUS
1730,10,297.6,NRT,PUS
1731,10,290.2,NRT,PUS
1732,10,285.3,NRT,PUS
1733,10,285.1,NRT,PUS
1734,10,289.7,NRT,PUS
1735,10,296.9,NRT,PUS
1736,10,298.8,YGJ,ICN
1737,10,311.2,KMQ,ICN
1738,10,305.9,KMQ,ICN
1739,10,302.0,KMQ,ICN
1740,10,300.0,KMQ,ICN
1741,10,300.1,KMQ,ICN
1742,10,302.2,KMQ,ICN
1743,10,306.2,KMQ,ICN
1744,10,311.7,KMQ,ICN
1745,10,318.1,KMQ,ICN
1746,10,320.1,TOY,PUS
1747,10,318.6,TOY,PUS
1748,10,318.3,TOY,PUS
1749,10,319.2,TOY,PUS
1750,10,321.5,TOY,PUS
1751,10,324.8,TOY,PUS
1752,10,329.2,TOY,PUS
1753,10,334.4,TOY,PUS
1754,10,340.3,TOY,PUS
1755,10,346.8,TOY,PUS
1756,10,353.8,TOY,PUS
1757,10,361.1,TOY,PUS
1758,10,368.8,TOY,PUS
1759,10,376.7,TOY,PUS
1760,10,384.9,TOY,PUS
1761,10,393.2,TOY,PUS
1762,10,387.5,HND,GMP
1763,10,379.1,HND,GMP
1764,10,370.9,HND,GMP
1765,10,363.0,HND,GMP
1766,10,355.5,HND,GMP
1767,10,348.5,HND,GMP
1768,10,342.3,HND,GMP
1769,10,337.0,HND,GMP
1770,10,332.9,HND,GMP
1771,10,330.4,HND,GMP
1772,10,327.8,NRT,PUS
1773,10,319.3,NRT,PUS
1774,10,311.3,NRT,PUS
1775,10,304.1,NRT,PUS
1776,10,298.4,NRT,PUS
1777,10,295.0,NRT,PUS
1778,10,294.9,NRT,PUS
1779,10,298.0,NRT,PUS
1780,10,308.3,YGJ,ICN
1781,10,303.7,KMQ,ICN
1782,10,297.4,KMQ,ICN
1783,10,292.6,KMQ,ICN
1784,10,290.0,KMQ,ICN
1785,10,290.1,KMQ,ICN
1786,10,292.9,KMQ,ICN
1787,10,297.8,KMQ,ICN
1788,10,304.2,KMQ,ICN
1789,10,311.6,KMQ,ICN
1790,10,310.4,TOY,PUS
1791,10,308.6,TOY,PUS
1792,10,308.2,TOY,PUS
1793,10,309.4,TOY,PUS
1794,10,312.0,TOY,PUS
1795,10,315.8,TOY,PUS
1796,10,320.7,TOY,PUS
1797,10,326.4,TOY,PUS
1798,10,332.9,TOY,PUS
1799,10,339.9,TOY,PUS
1800,10,347.3,TOY,PUS
1801,10,355.1,TOY,PUS
1802,10,363.2,TOY,PUS
1803,10,371.4,TOY,PUS
1804,10,379.9,TOY,PUS
1805,10,388.5,TOY,PUS
1806,10,392.5,HND,GMP
1807,10,384.5,HND,GMP
1808,10,376.7,HND,GMP
1809,10,369.3,HND,GMP
1810,10,362.4,HND,GMP
1811,10,356.1,HND,GMP
1812,10,350.5,HND,GMP
1813,10,345.9,HND,GMP
1814,10,342.4,HND,GMP
1815,10,340.3,HND,GMP
1816,10,332.8,NRT,PUS
1817,10,325.1,NRT,PUS
1818,10,318.1,NRT,PUS
1819,10,312.0,NRT,PUS
1820,10,307.5,NRT,PUS
1821,10,304.9,NRT,PUS
1822,10,304.8,NRT,PUS
1823,10,307.2,NRT,PUS
1824,10,289.8,KMQ,ICN
1825,10,283.7,KMQ,ICN
1826,10,280.2,KMQ,ICN
1827,10,280.3,KMQ,ICN
1828,10,284.1,KMQ,ICN
1829,10,290.3,KMQ,ICN
1830,10,297.9,KMQ,ICN
1831,10,304.5,TOY,PUS
1832,10,300.8,TOY,PUS
1833,10,298.6,TOY,PUS
1834,10,298.2,TOY,PUS
1835,10,299.6,TOY,PUS
1836,10,302.6,TOY,PUS
1837,10,307.0,TOY,PUS
1838,10,312.6,TOY,PUS
1839,10,319.0,TOY,PUS
1840,10,326.0,TOY,PUS
1841,10,333.6,TOY,PUS
1842,10,341.5,TOY,PUS
1843,10,349.7,TOY,PUS
1844,10,358.2,TOY,PUS
1845,10,366.8,TOY,PUS
1846,10,375.5,TOY,PUS
1847,10,384.4,TOY,PUS
1848,10,393.4,TOY,PUS
1849,10,390.5,HND,GMP
1850,10,383.2,HND,GMP
1851,10,376.3,HND,GMP
1852,10,369.9,HND,GMP
1853,10,364.2,HND,GMP
1854,10,359.2,HND,GMP
1855,10,355.1,HND,GMP
1856,10,352.1,HND,GMP
1857,10,346.5,NRT,PUS
1858,10,338.9,NRT,PUS
1859,10,332.0,NRT,PUS
1860,10,325.8,NRT,PUS
1861,10,320.6,NRT,PUS
1862,10,316.9,NRT,PUS
1863,10,314.9,NRT,PUS
1864,10,314.8,NRT,PUS
1865,10,316.7,NRT,PUS
1866,10,325.8,YGJ,ICN
1867,10,326.4,YGJ,ICN
1868,10,275.9,KMQ,ICN
1869,10,270.5,KMQ,ICN
1870,10,270.7,KMQ,ICN
1871,10,276.5,KMQ,ICN
1872,10,284.5,KMQ,ICN
1873,10,293.3,KMQ,ICN
1874,10,295.8,TOY,PUS
1875,10,291.4,TOY,PUS
1876,10,288.7,TOY,PUS
1877,10,288.2,TOY,PUS
1878,10,289.9,TOY,PUS
1879,10,293.6,TOY,PUS
1880,10,298.8,TOY,PUS
1881,10,305.1,TOY,PUS
1882,10,312.2,TOY,PUS
1883,10,319.9,TOY,PUS
1884,10,328.0,TOY,PUS
1885,10,336.5,TOY,PUS
1886,10,345.1,TOY,PUS
1887,10,353.9,TOY,PUS
1888,10,362.8,TOY,PUS
1889,10,371.8,TOY,PUS
1890,10,380.9,TOY,PUS
1891,10,390.1,TOY,PUS
1892,10,397.1,HND,GMP
1893,10,390.2,HND,GMP
1894,10,383.8,HND,GMP
1895,10,377.9,HND,GMP
1896,10,372.7,HND,GMP
1897,10,368.1,HND,GMP
1898,10,364.5,HND,GMP
1899,10,360.2,NRT,PUS
1900,10,352.8,NRT,PUS
1901,10,345.9,NRT,PUS
1902,10,339.6,NRT,PUS
1903,10,334.1,NRT,PUS
1904,10,329.7,NRT,PUS
1905,10,326.5,NRT,PUS
1906,10,324.8,NRT,PUS
1907,10,324.8,NRT,PUS
1908,10,326.3,NRT,PUS
1909,10,262.2,KMQ,ICN
1910,10,262.8,KMQ,ICN
1911,10,272.0,KMQ,ICN
1912,10,281.5,KMQ,ICN
1913,10,291.1,KMQ,ICN
1914,10,287.7,TOY,PUS
1915,10,282.3,TOY,PUS
1916,10,278.9,TOY,PUS
1917,10,278.2,TOY,PUS
1918,10,280.4,TOY,PUS
1919,10,285.0,TOY,PUS
1920,10,291.2,TOY,PUS
1921,10,298.5,TOY,PUS
1922,10,306.4,TOY,PUS
1923,10,314.8,TOY,PUS
1924,10,323.4,TOY,PUS
1925,10,332.3,TOY,PUS
1926,10,341.3,TOY,PUS
1927,10,350.4,TOY,PUS
1928,10,359.6,TOY,PUS
1929,10,368.8,TOY,PUS
1930,10,378.1,TOY,PUS
1931,10,387.5,TOY,PUS
1932,10,396.8,TOY,PUS
1933,10,397.7,HND,GMP
1934,10,391.7,HND,GMP
1935,10,386.2,HND,GMP
1936,10,381.4,HND,GMP
1937,10,377.3,HND,GMP
1938,10,373.9,NRT,PUS
1939,10,366.6,NRT,PUS
1940,10,359.7,NRT,PUS
1941,10,353.4,NRT,PUS
1942,10,347.7,NRT,PUS
1943,10,342.9,NRT,PUS
1944,10,339.0,NRT,PUS
1945,10,336.2,NRT,PUS
1946,10,334.8,NRT,PUS
1947,10,334.8,NRT,PUS
1948,10,336.1,NRT,PUS
1949,10,265.9,KMQ,ICN
1950,10,273.4,KMQ,ICN
1951,10,282.4,KMQ,ICN
1952,10,288.6,TOY,PUS
1953,10,280.7,TOY,PUS
1954,10,273.9,TOY,PUS
1955,10,269.3,TOY,PUS
1956,10,268.3,TOY,PUS
1957,10,271.4,TOY,PUS
1958,10,277.3,TOY,PUS
1959,10,284.8,TOY,PUS
1960,10,293.1,TOY,PUS
1961,10,301.8,TOY,PUS
1962,10,310.8,TOY,PUS
1963,10,319.9,TOY,PUS
1964,10,329.1,TOY,PUS
1965,10,338.4,TOY,PUS
1966,10,347.8,TOY,PUS
1967,10,357.2,TOY,PUS
1968,10,366.6,TOY,PUS
1969,10,376.0,TOY,PUS
1970,10,385.5,TOY,PUS
1971,10,395.0,TOY,PUS
1972,10,404.5,TOY,PUS
1973,10,399.9,HND,GMP
1974,10,394.8,HND,GMP
1975,10,390.4,HND,GMP
1976,10,386.6,HND,GMP
1977,10,380.5,NRT,PUS
1978,10,373.6,NRT,PUS
1979,10,367.2,NRT,PUS
1980,10,361.4,NRT,PUS
1981,10,356.3,NRT,PUS
1982,10,351.9,NRT,PUS
1983,10,348.4,NRT,PUS
1984,10,346.1,NRT,PUS
1985,10,344.8,NRT,PUS
1986,10,344.8,NRT,PUS
1987,10,345.9,NRT,PUS
1988,10,279.7,KMQ,ICN
1989,10,286.8,KMQ,ICN
1990,10,284.5,TOY,PUS
1991,10,275.5,TOY,PUS
1992,10,267.0,TOY,PUS
1993,10,260.1,TOY,PUS
1994,10,258.4,TOY,PUS
1995,10,263.5,TOY,PUS
1996,10,271.4,TOY,PUS
1997,10,280.3,TOY,PUS
1998,10,289.4,TOY,PUS
1999,10,298.7,TOY,PUS
2000,10,308.1,TOY,PUS
2001,10,317.6,TOY,PUS
2002,10,327.1,TOY,PUS
2003,10,336.6,TOY,PUS
2004,10,346.1,TOY,PUS
2005,10,355.6,TOY,PUS
2006,10,365.2,TOY,PUS
2007,10,374.7,TOY,PUS
2008,10,384.3,TOY,PUS
2009,10,393.8,TOY,PUS
2010,10,403.4,TOY,PUS
2011,10,408.3,HND,GMP
2012,10,403.6,HND,GMP
2013,10,399.5,HND,GMP
2014,10,394.3,NRT,PUS
2015,10,387.5,NRT,PUS
2016,10,381.1,NRT,PUS
2017,10,375.1,NRT,PUS
2018,10,369.8,NRT,PUS
2019,10,365.1,NRT,PUS
2020,10,361.1,NRT,PUS
2021,10,358.0,NRT,PUS
2022,10,355.9,NRT,PUS
2023,10,354.8,NRT,PUS
2024,10,354.8,NRT,PUS
2025,10,355.8,NRT,PUS
2026,10,292.4,TOY,PUS
2027,10,282.8,TOY,PUS
2028,10,273.2,TOY,PUS
2029,10,263.6,TOY,PUS
2030,10,254.1,TOY,PUS
2031,10,249.8,TOY,PUS
2032,10,259.2,TOY,PUS
2033,10,268.8,TOY,PUS
2034,10,278.4,TOY,PUS
2035,10,287.9,TOY,PUS
2036,10,297.5,TOY,PUS
2037,10,307.1,TOY,PUS
2038,10,316.7,TOY,PUS
2039,10,326.3,TOY,PUS
2040,10,335.8,TOY,PUS
2041,10,345.4,TOY,PUS
2042,10,355.0,TOY,PUS
2043,10,364.6,TOY,PUS
2044,10,374.2,TOY,PUS
2045,10,383.7,TOY,PUS
2046,10,393.3,TOY,PUS
2047,10,402.9,TOY,PUS
2048,10,412.5,TOY,PUS
2049,10,412.6,HND,GMP
2050,10,408.2,NRT,PUS
2051,10,401.4,NRT,PUS
2052,10,394.9,NRT,PUS
2053,10,388.9,NRT,PUS
2054,10,383.4,NRT,PUS
2055,10,378.4,NRT,PUS
2056,10,374.1,NRT,PUS
2057,10,370.5,NRT,PUS
2058,10,367.7,NRT,PUS
2059,10,365.8,NRT,PUS
2060,10,364.8,NRT,PUS
2061,10,364.8,NRT,PUS
2062,10,365.7,NRT,PUS
2063,10,367.5,NRT,PUS
2064,10,283.9,TOY,PUS
2065,10,274.7,TOY,PUS
2066,10,265.9,TOY,PUS
2067,10,258.4,TOY,PUS
2068,10,256.4,TOY,PUS
2069,10,262.1,TOY,PUS
2070,10,270.5,TOY,PUS
2071,10,279.6,TOY,PUS
2072,10,288.9,TOY,PUS
2073,10,298.3,TOY,PUS
2074,10,307.7,TOY,PUS
2075,10,317.2,TOY,PUS
2076,10,326.7,TOY,PUS
2077,10,336.2,TOY,PUS
2078,10,345.8,TOY,PUS
2079,10,355.3,TOY,PUS
2080,10,364.9,TOY,PUS
2081,10,374.4,TOY,PUS
2082,10,384.0,TOY,PUS
2083,10,393.5,TOY,PUS
2084,10,403.1,TOY,PUS
2085,10,409.9,KIJ,ICN
2086,10,409.8,KIJ,ICN
2087,10,410.4,KIJ,ICN
2088,10,408.8,NRT,PUS
2089,10,402.7,NRT,PUS
2090,10,397.0,NRT,PUS
2091,10,391.9,NRT,PUS
2092,10,387.3,NRT,PUS
2093,10,383.3,NRT,PUS
2094,10,380.0,NRT,PUS
2095,10,377.4,NRT,PUS
2096,10,375.7,NRT,PUS
2097,10,374.8,NRT,PUS
2098,10,374.8,NRT,PUS
2099,10,375.6,NRT,PUS
2100,10,377.3,NRT,PUS
2101,10,287.5,TOY,PUS
2102,10,279.3,TOY,PUS
2103,10,272.2,TOY,PUS
2104,10,275.9,TOY,PUS
2105,10,283.6,TOY,PUS
2106,10,292.1,TOY,PUS
2107,10,300.9,TOY,PUS
2108,10,310.0,TOY,PUS
2109,10,319.1,TOY,PUS
2110,10,328.4,TOY,PUS
2111,10,337.7,TOY,PUS
2112,10,347.1,TOY,PUS
2113,10,356.5,TOY,PUS
2114,10,366.0,TOY,PUS
2115,10,375.4,TOY,PUS
2116,10,384.9,TOY,PUS
2117,10,394.4,TOY,PUS
2118,10,400.7,KIJ,ICN
2119,10,399.9,KIJ,ICN
2120,10,399.8,KIJ,ICN
2121,10,400.4,KIJ,ICN
2122,10,401.7,KIJ,ICN
2123,10,403.7,KIJ,ICN
2124,10,405.4,NRT,PUS
2125,10,400.6,NRT,PUS
2126,10,396.3,NRT,PUS
2127,10,392.6,NRT,PUS
2128,10,389.6,NRT,PUS
2129,10,387.2,NRT,PUS
2130,10,385.6,NRT,PUS
2131,10,384.8,NRT,PUS
2132,10,384.8,NRT,PUS
2133,10,385.5,NRT,PUS
2134,10,387.1,NRT,PUS
2135,10,389.3,NRT,PUS
2136,10,293.0,TOY,PUS
2137,10,286.1,TOY,PUS
2138,10,280.4,TOY,PUS
2139,10,283.3,TOY,PUS
2140,10,289.7,TOY,PUS
2141,10,297.1,TOY,PUS
2142,10,305.2,TOY,PUS
2143,10,313.6,TOY,PUS
2144,10,322.4,TOY,PUS
2145,10,331.3,TOY,PUS
2146,10,340.3,TOY,PUS
2147,10,349.4,TOY,PUS
2148,10,358.6,TOY,PUS
2149,10,367.9,TOY,PUS
2150,10,377.2,TOY,PUS
2151,10,386.5,TOY,PUS
2152,10,392.5,KIJ,ICN
2153,10,390.8,KIJ,ICN
2154,10,389.9,KIJ,ICN
2155,10,389.8,KIJ,ICN
2156,10,390.5,KIJ,ICN
2157,10,391.9,KIJ,ICN
2158,10,394.0,KIJ,ICN
2159,10,396.8,KIJ,ICN
2160,10,400.3,KIJ,ICN
2161,10,404.4,KIJ,ICN
2162,10,402.0,NRT,PUS
2163,10,399.2,NRT,PUS
2164,10,397.0,NRT,PUS
2165,10,395.6,NRT,PUS
2166,10,394.8,NRT,PUS
2167,10,394.8,NRT,PUS
2168,10,395.5,NRT,PUS
2169,10,396.9,NRT,PUS
2170,10,399.0,NRT,PUS
2171,10,299.9,TOY,PUS
2172,10,294.0,TOY,PUS
2173,10,289.4,TOY,PUS
2174,10,310.7,TOY,PUS
2175,10,318.5,TOY,PUS
2176,10,326.7,TOY,PUS
2177,10,335.2,TOY,PUS
2178,10,343.8,TOY,PUS
2179,10,352.7,TOY,PUS
2180,10,361.6,TOY,PUS
2181,10,370.6,TOY,PUS
2182,10,379.7,TOY,PUS
2183,10,385.2,KIJ,ICN
2184,10,382.7,KIJ,ICN
2185,10,380.9,KIJ,ICN
2186,10,379.9,KIJ,ICN
2187,10,379.8,KIJ,ICN
2188,10,380.5,KIJ,ICN
2189,10,382.0,KIJ,ICN
2190,10,384.4,KIJ,ICN
2191,10,387.4,KIJ,ICN
2192,10,391.2,KIJ,ICN
2193,10,395.6,KIJ,ICN
2194,10,400.5,KIJ,ICN
2195,10,406.0,KIJ,ICN
2196,10,406.9,NRT,PUS
2197,10,405.5,NRT,PUS
2198,10,404.8,NRT,PUS
2199,10,404.8,NRT,PUS
2200,10,405.4,NRT,PUS
2201,10,406.8,NRT,PUS
2202,10,408.7,NRT,PUS
2203,10,411.3,NRT,PUS
2204,10,412.3,SDJ,ICN
2205,10,307.6,TOY,PUS
2206,10,332.0,TOY,PUS
2207,10,340.0,TOY,PUS
2208,10,348.2,TOY,PUS
2209,10,356.7,TOY,PUS
2210,10,365.3,TOY,PUS
2211,10,374.1,TOY,PUS
2212,10,379.3,KIJ,ICN
2213,10,375.8,KIJ,ICN
2214,10,373.0,KIJ,ICN
2215,10,371.0,KIJ,ICN
2216,10,369.9,KIJ,ICN
2217,10,369.8,KIJ,ICN
2218,10,370.6,KIJ,ICN
2219,10,372.3,KIJ,ICN
2220,10,374.8,KIJ,ICN
2221,10,378.2,KIJ,ICN
2222,10,382.2,KIJ,ICN
2223,10,387.0,KIJ,ICN
2224,10,392.2,KIJ,ICN
2225,10,398.0,KIJ,ICN
2226,10,404.3,KIJ,ICN
2227,10,410.8,KIJ,ICN
2228,10,413.1,SDJ,ICN
2229,10,409.6,SDJ,ICN
2230,10,406.7,SDJ,ICN
2231,10,404.5,SDJ,ICN
2232,10,403.0,SDJ,ICN
2233,10,402.3,SDJ,ICN
2234,10,402.3,SDJ,ICN
2235,10,321.4,TOY,PUS
2236,10,316.0,TOY,PUS
2237,10,311.6,TOY,PUS
2238,10,361.5,TOY,PUS
2239,10,369.8,TOY,PUS
2240,10,375.0,KIJ,ICN
2241,10,370.3,KIJ,ICN
2242,10,366.4,KIJ,ICN
2243,10,363.3,KIJ,ICN
2244,10,361.1,KIJ,ICN
2245,10,359.9,KIJ,ICN
2246,10,359.8,KIJ,ICN
2247,10,360.6,KIJ,ICN
2248,10,362.5,KIJ,ICN
2249,10,365.3,KIJ,ICN
2250,10,369.0,KIJ,ICN
2251,10,373.5,KIJ,ICN
2252,10,378.6,KIJ,ICN
2253,10,384.3,KIJ,ICN
2254,10,390.4,KIJ,ICN
2255,10,397.0,KIJ,ICN
2256,10,404.0,KIJ,ICN
2257,10,404.0,SDJ,ICN
2258,10,400.2,SDJ,ICN
2259,10,397.1,SDJ,ICN
2260,10,394.7,SDJ,ICN
2261,10,393.0,SDJ,ICN
2262,10,392.2,SDJ,ICN
2263,10,392.3,SDJ,ICN
2264,10,324.7,TOY,PUS
2265,10,320.9,TOY,PUS
2266,10,318.0,TOY,PUS
2267,10,372.3,KIJ,ICN
2268,10,366.6,KIJ,ICN
2269,10,361.5,KIJ,ICN
2270,10,357.2,KIJ,ICN
2271,10,353.7,KIJ,ICN
2272,10,351.3,KIJ,ICN
2273,10,349.9,KIJ,ICN
2274,10,349.8,KIJ,ICN
2275,10,350.7,KIJ,ICN
2276,10,352.9,KIJ,ICN
2277,10,356.0,KIJ,ICN
2278,10,360.1,KIJ,ICN
2279,10,364.9,KIJ,ICN
2280,10,370.5,KIJ,ICN
2281,10,376.6,KIJ,ICN
2282,10,383.2,KIJ,ICN
2283,10,390.2,KIJ,ICN
2284,10,397.5,KIJ,ICN
2285,10,395.0,SDJ,ICN
2286,10,390.9,SDJ,ICN
2287,10,387.5,SDJ,ICN
2288,10,384.9,SDJ,ICN
2289,10,383.1,SDJ,ICN
2290,10,382.2,SDJ,ICN
2291,10,382.3,SDJ,ICN
2292,10,333.8,TOY,PUS
2293,10,330.3,TOY,PUS
2294,10,327.8,TOY,PUS
2295,10,326.4,TOY,PUS
2296,10,326.2,TOY,PUS
2297,10,353.0,KIJ,ICN
2298,10,348.2,KIJ,ICN
2299,10,344.3,KIJ,ICN
2300,10,341.5,KIJ,ICN
2301,10,340.0,KIJ,ICN
2302,10,339.7,KIJ,ICN
2303,10,340.9,KIJ,ICN
2304,10,343.3,KIJ,ICN
2305,10,346.8,KIJ,ICN
2306,10,351.4,KIJ,ICN
2307,10,356.8,KIJ,ICN
2308,10,362.8,KIJ,ICN
2309,10,369.4,KIJ,ICN
2310,10,376.5,KIJ,ICN
2311,10,383.9,KIJ,ICN
2312,10,391.4,SDJ,ICN
2313,10,386.3,SDJ,ICN
2314,10,381.8,SDJ,ICN
2315,10,378.1,SDJ,ICN
2316,10,375.2,SDJ,ICN
2317,10,373.2,SDJ,ICN
2318,10,372.2,SDJ,ICN
2319,10,372.3,SDJ,ICN
2320,10,336.4,TOY,PUS
2321,10,336.2,TOY,PUS
2322,10,337.0,TOY,PUS
2323,10,344.8,KIJ,ICN
2324,10,339.4,KIJ,ICN
2325,10,335.0,KIJ,ICN
2326,10,331.8,KIJ,ICN
2327,10,330.0,KIJ,ICN
2328,10,329.7,KIJ,ICN
2329,10,331.1,KIJ,ICN
2330,10,333.9,KIJ,ICN
2331,10,337.9,KIJ,ICN
2332,10,343.1,KIJ,ICN
2333,10,349.0,KIJ,ICN
2334,10,355.7,KIJ,ICN
2335,10,362.8,KIJ,ICN
2336,10,370.3,KIJ,ICN
2337,10,378.2,KIJ,ICN
2338,10,383.4,SDJ,ICN
2339,10,377.8,SDJ,ICN
2340,10,372.9,SDJ,ICN
2341,10,368.8,SDJ,ICN
2342,10,365.5,SDJ,ICN
2343,10,363.3,SDJ,ICN
2344,10,362.2,SDJ,ICN
2345,10,362.3,SDJ,ICN
2346,10,331.1,KIJ,ICN
2347,10,326.0,KIJ,ICN
2348,10,322.2,KIJ,ICN
2349,10,320.0,KIJ,ICN
2350,10,319.7,KIJ,ICN
2351,10,321.4,KIJ,ICN
2352,10,324.7,KIJ,ICN
2353,10,329.4,KIJ,ICN
2354,10,335.3,KIJ,ICN
2355,10,341.9,KIJ,ICN
2356,10,349.1,KIJ,ICN
2357,10,356.8,KIJ,ICN
2358,10,364.8,KIJ,ICN
2359,10,373.1,KIJ,ICN
2360,10,375.7,SDJ,ICN
2361,10,369.7,SDJ,ICN
2362,10,364.2,SDJ,ICN
2363,10,359.6,SDJ,ICN
2364,10,356.0,SDJ,ICN
2365,10,353.5,SDJ,ICN
2366,10,352.2,SDJ,ICN
2367,10,352.3,SDJ,ICN
2368,10,317.5,KIJ,ICN
2369,10,312.9,KIJ,ICN
2370,10,310.1,KIJ,ICN
2371,10,309.8,KIJ,ICN
2372,10,311.8,KIJ,ICN
2373,10,315.9,KIJ,ICN
2374,10,321.5,KIJ,ICN
2375,10,328.2,KIJ,ICN
2376,10,335.6,KIJ,ICN
2377,10,343.5,KIJ,ICN
2378,10,351.7,KIJ,ICN
2379,10,360.2,KIJ,ICN
2380,10,368.8,KIJ,ICN
2381,10,368.6,SDJ,ICN
2382,10,361.9,SDJ,ICN
2383,10,356.0,SDJ,ICN
2384,10,350.8,SDJ,ICN
2385,10,346.6,SDJ,ICN
2386,10,343.7,SDJ,ICN
2387,10,342.2,SDJ,ICN
2388,10,342.3,SDJ,ICN
2389,10,309.7,KIJ,ICN
2390,10,303.9,KIJ,ICN
2391,10,300.3,KIJ,ICN
2392,10,299.8,KIJ,ICN
2393,10,302.5,KIJ,ICN
2394,10,307.7,KIJ,ICN
2395,10,314.5,KIJ,ICN
2396,10,322.1,KIJ,ICN
2397,10,330.3,KIJ,ICN
2398,10,338.8,KIJ,ICN
2399,10,347.6,KIJ,ICN
2400,10,356.5,KIJ,ICN
2401,10,365.5,KIJ,ICN
2402,10,362.1,SDJ,ICN
2403,10,354.8,SDJ,ICN
2404,10,348.2,SDJ,ICN
2405,10,342.3,SDJ,ICN
2406,10,337.5,SDJ,ICN
2407,10,334.0,SDJ,ICN
2408,10,332.3,SDJ,ICN
2409,10,332.3,SDJ,ICN
2410,10,295.9,KIJ,ICN
2411,10,290.7,KIJ,ICN
2412,10,289.9,KIJ,ICN
2413,10,294.0,KIJ,ICN
2414,10,300.9,KIJ,ICN
2415,10,308.9,KIJ,ICN
2416,10,317.5,KIJ,ICN
2417,10,326.4,KIJ,ICN
2418,10,335.5,KIJ,ICN
2419,10,344.6,KIJ,ICN
2420,10,353.8,KIJ,ICN
2421,10,363.1,KIJ,ICN
2422,10,356.4,SDJ,ICN
2423,10,348.5,SDJ,ICN
2424,10,341.1,SDJ,ICN
2425,10,334.4,SDJ,ICN
2426,10,328.7,SDJ,ICN
2427,10,324.5,SDJ,ICN
2428,10,322.3,SDJ,ICN
2429,10,322.4,SDJ,ICN
2430,10,345.9,KIJ,ICN
2431,10,336.5,KIJ,ICN
2432,10,282.2,KIJ,ICN
2433,10,280.4,KIJ,ICN
2434,10,287.6,KIJ,ICN
2435,10,296.5,KIJ,ICN
2436,10,305.6,KIJ,ICN
2437,10,314.9,KIJ,ICN
2438,10,324.3,KIJ,ICN
2439,10,333.6,KIJ,ICN
2440,10,343.0,KIJ,ICN
2441,10,352.4,KIJ,ICN
2442,10,360.5,SDJ,ICN
2443,10,351.7,SDJ,ICN
2444,10,343.3,SDJ,ICN
2445,10,335.1,SDJ,ICN
2446,10,327.4,SDJ,ICN
2447,10,320.7,SDJ,ICN
2448,10,315.4,SDJ,ICN
2449,10,312.4,SDJ,ICN
2450,10,336.3,KIJ,ICN
2451,10,326.9,KIJ,ICN
2452,10,286.9,KIJ,ICN
2453,10,296.0,KIJ,ICN
2454,10,305.3,KIJ,ICN
2455,10,314.7,KIJ,ICN
2456,10,324.0,KIJ,ICN
2457,10,333.4,KIJ,ICN
2458,10,342.8,KIJ,ICN
2459,10,352.2,KIJ,ICN
2460,10,357.5,SDJ,ICN
2461,10,348.4,SDJ,ICN
2462,10,339.3,SDJ,ICN
2463,10,330.5,SDJ,ICN
2464,10,321.9,SDJ,ICN
2465,10,313.9,SDJ,ICN
2466,10,306.9,SDJ,ICN
2467,10,302.6,SDJ,ICN
2468,10,346.9,KIJ,ICN
2469,10,337.7,KIJ,ICN
2470,10,299.7,KIJ,ICN
2471,10,308.0,KIJ,ICN
2472,10,316.8,KIJ,ICN
2473,10,325.8,KIJ,ICN
2474,10,334.9,KIJ,ICN
2475,10,344.1,KIJ,ICN
2476,10,353.3,KIJ,ICN
2477,10,355.8,SDJ,ICN
2478,10,346.4,SDJ,ICN
2479,10,337.1,SDJ,ICN
2480,10,327.8,SDJ,ICN
2481,10,318.6,SDJ,ICN
2482,10,309.4,SDJ,ICN
2483,10,300.6,SDJ,ICN
2484,10,293.3,SDJ,ICN
2485,10,340.6,KIJ,ICN
2486,10,313.2,KIJ,ICN
2487,10,321.0,KIJ,ICN
2488,10,329.3,KIJ,ICN
2489,10,337.9,KIJ,ICN
2490,10,346.7,KIJ,ICN
2491,10,355.6,KIJ,ICN
2492,10,355.5,SDJ,ICN
2493,10,346.2,SDJ,ICN
2494,10,336.8,SDJ,ICN
2495,10,327.4,SDJ,ICN
2496,10,318.1,SDJ,ICN
2497,10,308.7,SDJ,ICN
2498,10,299.5,SDJ,ICN
2499,10,290.9,SDJ,ICN
2500,10,336.7,KIJ,ICN
2501,10,319.9,KIJ,ICN
2502,10,326.7,KIJ,ICN
2503,10,334.3,KIJ,ICN
2504,10,342.2,KIJ,ICN
2505,10,350.5,KIJ,ICN
2506,10,359.1,KIJ,ICN
2507,10,356.7,SDJ,ICN
2508,10,347.5,SDJ,ICN
2509,10,338.4,SDJ,ICN
2510,10,329.4,SDJ,ICN
2511,10,320.5,SDJ,ICN
2512,10,312.1,SDJ,ICN
2513,10,304.6,SDJ,ICN
2514,10,299.5,SDJ,ICN
2515,10,299.7,SDJ,ICN
2516,10,327.7,KIJ,ICN
2517,10,333.6,KIJ,ICN
2518,10,340.4,KIJ,ICN
2519,10,347.7,KIJ,ICN
2520,10,355.4,KIJ,ICN
2521,10,363.5,KIJ,ICN
2522,10,359.2,SDJ,ICN
2523,10,350.4,SDJ,ICN
2524,10,341.7,SDJ,ICN
2525,10,333.4,SDJ,ICN
2526,10,325.4,SDJ,ICN
2527,10,318.3,SDJ,ICN
2528,10,312.6,SDJ,ICN
2529,10,309.2,SDJ,ICN
2530,10,309.4,SDJ,ICN
2531,10,342.4,SDJ,ICN
2532,10,341.3,KIJ,ICN
2533,10,347.3,KIJ,ICN
2534,10,354.0,KIJ,ICN
2535,10,361.2,KIJ,ICN
2536,10,368.8,KIJ,ICN
2537,10,362.9,SDJ,ICN
2538,10,354.6,SDJ,ICN
2539,10,346.5,SDJ,ICN
2540,10,338.9,SDJ,ICN
2541,10,332.0,SDJ,ICN
2542,10,326.0,SDJ,ICN
2543,10,321.6,SDJ,ICN
2544,10,319.1,SDJ,ICN
2545,10,319.2,SDJ,ICN
2546,10,321.8,SDJ,ICN
2547,10,326.5,SDJ,ICN
2548,10,332.5,SDJ,ICN
2549,10,339.5,SDJ,ICN
2550,10,349.5,KIJ,ICN
2551,10,355.0,KIJ,ICN
2552,10,361.0,KIJ,ICN
2553,10,367.7,KIJ,ICN
2554,10,374.7,KIJ,ICN
2555,10,367.7,SDJ,ICN
2556,10,359.9,SDJ,ICN
2557,10,352.5,SDJ,ICN
2558,10,345.7,SDJ,ICN
2559,10,339.6,SDJ,ICN
2560,10,334.6,SDJ,ICN
2561,10,331.0,SDJ,ICN
2562,10,329.1,SDJ,ICN
2563,10,329.2,SDJ,ICN
2564,10,331.2,SDJ,ICN
2565,10,335.0,SDJ,ICN
2566,10,340.1,SDJ,ICN
2567,10,346.2,SDJ,ICN
2568,10,353.1,SDJ,ICN
2569,10,363.0,KIJ,ICN
2570,10,368.6,KIJ,ICN
2571,10,374.7,KIJ,ICN
2572,10,381.0,SDJ,ICN
2573,10,373.4,SDJ,ICN
2574,10,366.1,SDJ,ICN
2575,10,359.4,SDJ,ICN
2576,10,353.3,SDJ,ICN
2577,10,347.9,SDJ,ICN
2578,10,343.6,SDJ,ICN
2579,10,340.6,SDJ,ICN
2580,10,339.1,SDJ,ICN
2581,10,339.1,SDJ,ICN
2582,10,340.8,SDJ,ICN
2583,10,343.9,SDJ,ICN
2584,10,348.3,SDJ,ICN
2585,10,353.7,SDJ,ICN
2586,10,359.9,SDJ,ICN
2587,10,371.5,KIJ,ICN
2588,10,376.6,KIJ,ICN
2589,10,382.3,KIJ,ICN
2590,10,386.9,SDJ,ICN
2591,10,379.8,SDJ,ICN
2592,10,373.1,SDJ,ICN
2593,10,366.9,SDJ,ICN
2594,10,361.4,SDJ,ICN
2595,10,356.7,SDJ,ICN
2596,10,353.0,SDJ,ICN
2597,10,350.4,SDJ,ICN
2598,10,349.1,SDJ,ICN
2599,10,349.1,SDJ,ICN
2600,10,350.5,SDJ,ICN
2601,10,353.2,SDJ,ICN
2602,10,357.0,SDJ,ICN
2603,10,361.8,SDJ,ICN
2604,10,367.4,SDJ,ICN
2605,10,384.9,KIJ,ICN
2606,10,390.2,KIJ,ICN
2607,10,393.4,SDJ,ICN
2608,10,386.7,SDJ,ICN
2609,10,380.6,SDJ,ICN
2610,10,374.9,SDJ,ICN
2611,10,369.9,SDJ,ICN
2612,10,365.7,SDJ,ICN
2613,10,362.4,SDJ,ICN
2614,10,360.2,SDJ,ICN
2615,10,359.1,SDJ,ICN
2616,10,359.1,SDJ,ICN
2617,10,360.3,SDJ,ICN
2618,10,362.7,SDJ,ICN
2619,10,366.0,SDJ,ICN
2620,10,370.3,SDJ,ICN
2621,10,375.3,SDJ,ICN
2622,10,398.4,KIJ,ICN
2623,10,400.4,SDJ,ICN
2624,10,394.2,SDJ,ICN
2625,10,388.5,SDJ,ICN
2626,10,383.3,SDJ,ICN
2627,10,378.8,SDJ,ICN
2628,10,375.0,SDJ,ICN
2629,10,372.1,SDJ,ICN
2630,10,370.1,SDJ,ICN
2631,10,369.1,SDJ,ICN
2632,10,369.1,SDJ,ICN
2633,10,370.2,SDJ,ICN
2634,10,372.3,SDJ,ICN
2635,10,375.3,SDJ,ICN
2636,10,379.1,SDJ,ICN
2637,10,383.7,SDJ,ICN
2638,10,388.9,SDJ,ICN
2639,10,406.8,KIJ,ICN
2640,10,407.9,SDJ,ICN
2641,10,402.1,SDJ,ICN
2642,10,396.7,SDJ,ICN
2643,10,392.0,SDJ,ICN
2644,10,387.8,SDJ,ICN
2645,10,384.4,SDJ,ICN
2646,10,381.7,SDJ,ICN
2647,10,380.0,SDJ,ICN
2648,10,379.1,SDJ,ICN
2649,10,379.1,SDJ,ICN
2650,10,380.1,SDJ,ICN
2651,10,381.9,SDJ,ICN
2652,10,384.6,SDJ,ICN
2653,10,388.1,SDJ,ICN
2654,10,392.3,SDJ,ICN
2655,10,397.1,SDJ,ICN
2656,10,415.5,KIJ,ICN
2657,10,415.6,SDJ,ICN
2658,10,410.2,SDJ,ICN
2659,10,405.3,SDJ,ICN
2660,10,400.8,SDJ,ICN
2661,10,397.0,SDJ,ICN
2662,10,393.9,SDJ,ICN
2663,10,391.5,SDJ,ICN
2664,10,389.9,SDJ,ICN
2665,10,389.1,SDJ,ICN
2666,10,389.1,SDJ,ICN
2667,10,390.0,SDJ,ICN
2668,10,391.7,SDJ,ICN
2669,10,394.1,SDJ,ICN
2670,10,397.3,SDJ,ICN
2671,10,401.2,SDJ,ICN
2672,10,405.6,SDJ,ICN
2673,10,410.6,SDJ,ICN
2674,10,416.1,SDJ,ICN
2675,10,424.3,KIJ,ICN
2676,10,423.7,SDJ,ICN
2677,10,418.6,SDJ,ICN
2678,10,414.0,SDJ,ICN
2679,10,409.9,SDJ,ICN
2680,10,406.4,SDJ,ICN
2681,10,403.5,SDJ,ICN
2682,10,401.3,SDJ,ICN
2683,10,399.8,SDJ,ICN
2684,10,399.1,SDJ,ICN
2685,10,399.1,SDJ,ICN
2686,10,399.9,SDJ,ICN
2687,10,401.4,SDJ,ICN
2688,10,403.7,SDJ,ICN
2689,10,406.6,SDJ,ICN
2690,10,410.2,SDJ,ICN
2691,10,414.3,SDJ,ICN
2692,10,419.0,SDJ,ICN
2693,10,424.1,SDJ,ICN
2694,10,432.0,SDJ,ICN
2695,10,427.2,SDJ,ICN
2696,10,422.9,SDJ,ICN
2697,10,419.1,SDJ,ICN
2698,10,415.8,SDJ,ICN
2699,10,413.2,SDJ,ICN
2700,10,411.1,SDJ,ICN
2701,10,409.8,SDJ,ICN
2702,10,409.1,SDJ,ICN
2703,10,409.1,SDJ,ICN
2704,10,409.8,SDJ,ICN
2705,10,411.3,SDJ,ICN
2706,10,413.3,SDJ,ICN
2707,10,416.1,SDJ,ICN
2708,10,419.4,SDJ,ICN
2709,10,423.2,SDJ,ICN
2710,10,427.6,SDJ,ICN
2711,10,432.4,SDJ,ICN
2712,10,440.5,SDJ,ICN
2713,10,436.0,SDJ,ICN
2714,10,432.0,SDJ,ICN
2715,10,428.4,SDJ,ICN
2716,10,425.3,SDJ,ICN
2717,10,422.9,SDJ,ICN
2718,10,421.0,SDJ,ICN
2719,10,419.7,SDJ,ICN
2720,10,419.1,SDJ,ICN
2721,10,419.1,SDJ,ICN
2722,10,419.8,SDJ,ICN
2723,10,421.1,SDJ,ICN
2724,10,423.0,SDJ,ICN
2725,10,425.6,SDJ,ICN
2726,10,428.6,SDJ,ICN
2727,10,432.3,SDJ,ICN
2728,10,436.4,SDJ,ICN
2729,10,440.9,SDJ,ICN
2730,10,438.7,AOJ,ICN
2731,10,436.1,AOJ,ICN
2732,10,433.9,AOJ,ICN
2733,10,432.3,AOJ,ICN
2734,10,431.3,AOJ,ICN
2735,10,430.8,AOJ,ICN
2736,10,429.7,SDJ,ICN
2737,10,429.1,SDJ,ICN
2738,10,429.1,SDJ,ICN
2739,10,429.8,SDJ,ICN
2740,10,431.0,SDJ,ICN
2741,10,432.8,SDJ,ICN
2742,10,435.1,SDJ,ICN
2743,10,438.0,SDJ,ICN
2744,10,441.4,SDJ,ICN
2745,10,445.3,SDJ,ICN
2746,10,449.6,SDJ,ICN
2747,10,454.3,SDJ,ICN
2748,10,429.3,AOJ,ICN
2749,10,426.4,AOJ,ICN
2750,10,424.1,AOJ,ICN
2751,10,422.4,AOJ,ICN
2752,10,421.3,AOJ,ICN
2753,10,420.8,AOJ,ICN
2754,10,420.9,AOJ,ICN
2755,10,421.6,AOJ,ICN
2756,10,422.9,AOJ,ICN
2757,10,424.8,AOJ,ICN
2758,10,427.3,AOJ,ICN
2759,10,430.3,AOJ,ICN
2760,10,433.8,AOJ,ICN
2761,10,437.8,AOJ,ICN
2762,10,442.2,AOJ,ICN
2763,10,447.0,AOJ,ICN
2764,10,452.2,AOJ,ICN
2765,10,457.7,AOJ,ICN
2766,10,419.9,AOJ,ICN
2767,10,416.8,AOJ,ICN
2768,10,414.4,AOJ,ICN
2769,10,412.5,AOJ,ICN
2770,10,411.3,AOJ,ICN
2771,10,410.7,AOJ,ICN
2772,10,410.8,AOJ,ICN
2773,10,411.6,AOJ,ICN
2774,10,413.0,AOJ,ICN
2775,10,415.1,AOJ,ICN
2776,10,417.7,AOJ,ICN
2777,10,421.0,AOJ,ICN
2778,10,424.7,AOJ,ICN
2779,10,428.9,AOJ,ICN
2780,10,433.6,AOJ,ICN
2781,10,438.7,AOJ,ICN
2782,10,444.1,AOJ,ICN
2783,10,449.9,AOJ,ICN
2784,10,410.6,AOJ,ICN
2785,10,407.3,AOJ,ICN
2786,10,404.7,AOJ,ICN
2787,10,402.7,AOJ,ICN
2788,10,401.3,AOJ,ICN
2789,10,400.7,AOJ,ICN
2790,10,400.8,AOJ,ICN
2791,10,401.7,AOJ,ICN
2792,10,403.2,AOJ,ICN
2793,10,405.4,AOJ,ICN
2794,10,408.3,AOJ,ICN
2795,10,411.8,AOJ,ICN
2796,10,415.8,AOJ,ICN
2797,10,420.3,AOJ,ICN
2798,10,425.2,AOJ,ICN
2799,10,430.6,AOJ,ICN
2800,10,436.3,AOJ,ICN
2801,10,442.4,AOJ,ICN
2802,10,401.4,AOJ,ICN
2803,10,397.9,AOJ,ICN
2804,10,395.0,AOJ,ICN
2805,10,392.8,AOJ,ICN
2806,10,391.4,AOJ,ICN
2807,10,390.7,AOJ,ICN
2808,10,390.8,AOJ,ICN
2809,10,391.8,AOJ,ICN
2810,10,393.4,AOJ,ICN
2811,10,395.8,AOJ,ICN
2812,10,398.9,AOJ,ICN
2813,10,402.7,AOJ,ICN
2814,10,407.0,AOJ,ICN
2815,10,411.8,AOJ,ICN
2816,10,417.1,AOJ,ICN
2817,10,422.7,AOJ,ICN
2818,10,428.8,AOJ,ICN
2819,10,435.1,AOJ,ICN
2820,10,407.4,AOJ,ICN
2821,10,396.9,AOJ,ICN
2822,10,392.4,AOJ,ICN
2823,10,388.6,AOJ,ICN
2824,10,385.4,AOJ,ICN
2825,10,383.0,AOJ,ICN
2826,10,381.4,AOJ,ICN
2827,10,380.7,AOJ,ICN
2828,10,380.8,AOJ,ICN
2829,10,381.8,AOJ,ICN
2830,10,383.7,AOJ,ICN
2831,10,386.3,AOJ,ICN
2832,10,389.7,AOJ,ICN
2833,10,393.8,AOJ,ICN
2834,10,398.4,AOJ,ICN
2835,10,403.6,AOJ,ICN
2836,10,409.2,AOJ,ICN
2837,10,415.2,AOJ,ICN
2838,10,421.5,AOJ,ICN
2839,10,428.2,AOJ,ICN
2840,10,393.8,AOJ,ICN
2841,10,388.4,AOJ,ICN
2842,10,383.6,AOJ,ICN
2843,10,379.4,AOJ,ICN
2844,10,375.9,AOJ,ICN
2845,10,373.3,AOJ,ICN
2846,10,371.5,AOJ,ICN
2847,10,370.7,AOJ,ICN
2848,10,370.8,AOJ,ICN
2849,10,372.0,AOJ,ICN
2850,10,374.0,AOJ,ICN
2851,10,376.9,AOJ,ICN
2852,10,380.6,AOJ,ICN
2853,10,385.1,AOJ,ICN
2854,10,390.1,AOJ,ICN
2855,10,395.6,AOJ,ICN
2856,10,401.6,AOJ,ICN
2857,10,408.0,AOJ,ICN
2858,10,414.7,AOJ,ICN
2859,10,421.7,AOJ,ICN
2860,10,380.3,AOJ,ICN
2861,10,375.0,AOJ,ICN
2862,10,370.4,AOJ,ICN
2863,10,366.6,AOJ,ICN
2864,10,363.6,AOJ,ICN
2865,10,361.6,AOJ,ICN
2866,10,360.7,AOJ,ICN
2867,10,360.9,AOJ,ICN
2868,10,362.1,AOJ,ICN
2869,10,364.4,AOJ,ICN
2870,10,367.7,AOJ,ICN
2871,10,371.8,AOJ,ICN
2872,10,376.6,AOJ,ICN
2873,10,382.1,AOJ,ICN
2874,10,388.1,AOJ,ICN
2875,10,394.5,AOJ,ICN
2876,10,401.2,AOJ,ICN
2877,10,408.3,AOJ,ICN
2878,10,372.6,AOJ,ICN
2879,10,366.8,AOJ,ICN
2880,10,361.7,AOJ,ICN
2881,10,357.4,AOJ,ICN
2882,10,354.0,AOJ,ICN
2883,10,351.7,AOJ,ICN
2884,10,350.7,AOJ,ICN
2885,10,350.9,AOJ,ICN
2886,10,352.3,AOJ,ICN
2887,10,355.0,AOJ,ICN
2888,10,358.6,AOJ,ICN
2889,10,363.2,AOJ,ICN
2890,10,368.6,AOJ,ICN
2891,10,374.5,AOJ,ICN
2892,10,380.9,AOJ,ICN
2893,10,387.8,AOJ,ICN
2894,10,395.0,AOJ,ICN
2895,10,402.4,AOJ,ICN
2896,10,359.0,AOJ,ICN
2897,10,353.3,AOJ,ICN
2898,10,348.4,AOJ,ICN
2899,10,344.6,AOJ,ICN
2900,10,341.9,AOJ,ICN
2901,10,340.7,AOJ,ICN
2902,10,340.9,AOJ,ICN
2903,10,342.6,AOJ,ICN
2904,10,345.7,AOJ,ICN
2905,10,349.9,AOJ,ICN
2906,10,355.0,AOJ,ICN
2907,10,360.9,AOJ,ICN
2908,10,367.4,AOJ,ICN
2909,10,374.4,AOJ,ICN
2910,10,381.7,AOJ,ICN
2911,10,389.3,AOJ,ICN
2912,10,351.8,AOJ,ICN
2913,10,345.5,AOJ,ICN
2914,10,339.9,AOJ,ICN
2915,10,335.4,AOJ,ICN
2916,10,332.2,AOJ,ICN
2917,10,330.7,AOJ,ICN
2918,10,331.0,AOJ,ICN
2919,10,333.0,AOJ,ICN
2920,10,336.7,AOJ,ICN
2921,10,341.6,AOJ,ICN
2922,10,347.4,AOJ,ICN
2923,10,354.0,AOJ,ICN
2924,10,361.1,AOJ,ICN
2925,10,368.5,AOJ,ICN
2926,10,376.3,AOJ,ICN
2927,10,384.3,AOJ,ICN
2928,10,353.1,AOJ,ICN
2929,10,345.5,AOJ,ICN
2930,10,338.4,AOJ,ICN
2931,10,331.9,AOJ,ICN
2932,10,326.5,AOJ,ICN
2933,10,322.6,AOJ,ICN
2934,10,320.7,AOJ,ICN
2935,10,321.1,AOJ,ICN
2936,10,323.7,AOJ,ICN
2937,10,328.1,AOJ,ICN
2938,10,333.9,AOJ,ICN
2939,10,340.6,AOJ,ICN
2940,10,347.8,AOJ,ICN
2941,10,355.5,AOJ,ICN
2942,10,363.5,AOJ,ICN
2943,10,371.8,AOJ,ICN
2944,10,348.5,AOJ,ICN
2945,10,340.3,AOJ,ICN
2946,10,332.4,AOJ,ICN
2947,10,325.0,AOJ,ICN
2948,10,318.4,AOJ,ICN
2949,10,313.4,AOJ,ICN
2950,10,310.7,AOJ,ICN
2951,10,311.2,AOJ,ICN
2952,10,314.8,AOJ,ICN
2953,10,320.4,AOJ,ICN
2954,10,327.2,AOJ,ICN
2955,10,334.8,AOJ,ICN
2956,10,342.8,AOJ,ICN
2957,10,351.1,AOJ,ICN
2958,10,359.6,AOJ,ICN
2959,10,354.0,AOJ,ICN
2960,10,345.2,AOJ,ICN
2961,10,336.5,AOJ,ICN
2962,10,327.9,AOJ,ICN
2963,10,319.5,AOJ,ICN
2964,10,311.7,AOJ,ICN
2965,10,304.9,AOJ,ICN
2966,10,300.8,AOJ,ICN
2967,10,301.7,AOJ,ICN
2968,10,306.9,AOJ,ICN
2969,10,314.1,AOJ,ICN
2970,10,322.1,AOJ,ICN
2971,10,330.6,AOJ,ICN
2972,10,339.2,AOJ,ICN
2973,10,348.0,AOJ,ICN
2974,10,343.5,AOJ,ICN
2975,10,334.5,AOJ,ICN
2976,10,325.5,AOJ,ICN
2977,10,316.5,AOJ,ICN
2978,10,307.6,AOJ,ICN
2979,10,298.9,AOJ,ICN
2980,10,291.5,AOJ,ICN
2981,10,293.4,AOJ,ICN
2982,10,301.6,AOJ,ICN
2983,10,310.4,AOJ,ICN
2984,10,319.4,AOJ,ICN
2985,10,328.4,AOJ,ICN
2986,10,337.4,AOJ,ICN
2987,10,346.4,AOJ,ICN
2988,10,316.7,AOJ,ICN
2989,10,307.8,AOJ,ICN
2990,10,299.3,AOJ,ICN
2991,10,292.3,AOJ,ICN
2992,10,294.1,AOJ,ICN
2993,10,301.9,AOJ,ICN
2994,10,310.6,AOJ,ICN
2995,10,319.5,AOJ,ICN
2996,10,328.4,AOJ,ICN
2997,10,337.4,AOJ,ICN
2998,10,346.4,AOJ,ICN
2999,10,319.9,AOJ,ICN
3000,10,312.2,AOJ,ICN
3001,10,305.6,AOJ,ICN
3002,10,301.8,AOJ,ICN
3003,10,307.5,AOJ,ICN
3004,10,314.6,AOJ,ICN
3005,10,322.5,AOJ,ICN
3006,10,330.8,AOJ,ICN
3007,10,339.4,AOJ,ICN
3008,10,325.5,AOJ,ICN
3009,10,319.1,AOJ,ICN
3010,10,314.2,AOJ,ICN
3011,10,311.7,AOJ,ICN
3012,10,315.5,AOJ,ICN
3013,10,321.0,AOJ,ICN
3014,10,343.1,AOJ,ICN
3015,10,332.6,AOJ,ICN
3016,10,327.3,AOJ,ICN
3017,10,323.5,AOJ,ICN
3018,10,348.2,AOJ,ICN
3019,10,340.6,AOJ,ICN
3020,10,336.2,AOJ,ICN
3021,10,333.1,AOJ,ICN
3022,10,354.4,AOJ,ICN
3023,10,343.5,AOJ,ICN
3024,10,346.5,AOJ,ICN
3025,10,350.6,AOJ,ICN
3026,10,360.5,HKD,ICN
3027,10,365.8,HKD,ICN
3028,10,338.7,HKD,ICN
3029,10,340.1,HKD,ICN
3030,10,343.0,HKD,ICN
3031,10,347.2,HKD,ICN
3032,10,352.3,HKD,ICN
3033,10,358.3,HKD,ICN
3034,10,328.7,HKD,ICN
3035,10,330.5,HKD,ICN
3036,10,334.0,HKD,ICN
3037,10,413.6,HKD,ICN
3038,10,354.6,HKD,ICN
3039,10,346.8,HKD,ICN
3040,10,359.2,HKD,ICN
3041,10,350.7,HKD,ICN
3042,10,342.3,HKD,ICN
3043,10,334.2,HKD,ICN
3044,10,357.1,HKD,ICN
3045,10,348.3,HKD,ICN
3046,10,339.5,HKD,ICN
3047,10,330.8,HKD,ICN
3048,10,322.2,HKD,ICN
3049,10,347.5,HKD,ICN
3050,10,338.6,HKD,ICN
3051,10,329.6,HKD,ICN
3052,10,320.7,HKD,ICN
3053,10,311.8,HKD,ICN
3054,10,294.0,HKD,ICN
3055,10,292.7,HKD,ICN
3056,10,301.6,HKD,ICN
3057,10,310.5,HKD,ICN
3058,10,339.6,HKD,ICN
3059,10,330.9,HKD,ICN
3060,10,322.4,HKD,ICN
3061,10,314.1,HKD,ICN
3062,10,306.4,HKD,ICN
3063,10,300.5,HKD,ICN
3064,10,300.0,HKD,ICN
3065,10,305.3,HKD,ICN
3066,10,312.9,HKD,ICN
3067,10,342.5,HKD,ICN
3068,10,334.5,HKD,ICN
3069,10,326.7,HKD,ICN
3070,10,319.6,HKD,ICN
3071,10,313.7,HKD,ICN
3072,10,310.0,HKD,ICN
3073,10,309.7,HKD,ICN
3074,10,449.9,CTS,PUS
3075,10,354.8,HKD,ICN
3076,10,347.1,HKD,ICN
3077,10,339.7,HKD,ICN
3078,10,332.9,HKD,ICN
3079,10,327.0,HKD,ICN
3080,10,322.5,HKD,ICN
3081,10,319.8,HKD,ICN
3082,10,436.9,CTS,PUS
3083,10,444.2,CTS,PUS
3084,10,407.7,HKD,ICN
3085,10,367.4,HKD,ICN
3086,10,360.0,HKD,ICN
3087,10,352.9,HKD,ICN
3088,10,346.3,HKD,ICN
3089,10,340.4,HKD,ICN
3090,10,416.6,CTS,PUS
3091,10,423.9,CTS,PUS
3092,10,431.3,CTS,PUS
3093,10,438.9,CTS,PUS
3094,10,380.3,HKD,ICN
3095,10,373.0,HKD,ICN
3096,10,366.1,HKD,ICN
3097,10,359.6,HKD,ICN
3098,10,353.7,HKD,ICN
3099,10,396.4,CTS,PUS
3100,10,403.6,CTS,PUS
3101,10,411.0,CTS,PUS
3102,10,418.6,CTS,PUS
3103,10,426.4,CTS,PUS
3104,10,434.2,CTS,PUS
3105,10,393.2,HKD,ICN
3106,10,386.1,HKD,ICN
3107,10,379.3,HKD,ICN
3108,10,373.0,HKD,ICN
3109,10,367.1,HKD,ICN
3110,10,350.8,HKD,ICN
3111,10,376.3,CTS,PUS
3112,10,383.4,CTS,PUS
3113,10,390.7,CTS,PUS
3114,10,398.3,CTS,PUS
3115,10,406.0,CTS,PUS
3116,10,413.9,CTS,PUS
3117,10,422.0,CTS,PUS
3118,10,430.1,CTS,PUS
3119,10,392.6,HKD,ICN
3120,10,386.3,HKD,ICN
3121,10,380.4,HKD,ICN
3122,10,375.0,HKD,ICN
3123,10,360.6,HKD,ICN
3124,10,358.5,CTS,PUS
3125,10,356.4,CTS,PUS
3126,10,363.2,CTS,PUS
3127,10,370.5,CTS,PUS
3128,10,378.0,CTS,PUS
3129,10,385.8,CTS,PUS
3130,10,393.7,CTS,PUS
3131,10,401.8,CTS,PUS
3132,10,410.0,CTS,PUS
3133,10,418.2,CTS,PUS
3134,10,426.5,CTS,PUS
3135,10,434.9,CTS,PUS
3136,10,399.6,HKD,ICN
3137,10,393.8,HKD,ICN
3138,10,388.3,HKD,ICN
3139,10,383.4,HKD,ICN
3140,10,379.1,HKD,ICN
3141,10,368.1,CTS,PUS
3142,10,360.3,CTS,PUS
3143,10,352.6,CTS,PUS
3144,10,345.4,CTS,PUS
3145,10,336.7,CTS,PUS
3146,10,343.2,CTS,PUS
3147,10,350.2,CTS,PUS
3148,10,357.7,CTS,PUS
3149,10,365.5,CTS,PUS
3150,10,373.5,CTS,PUS
3151,10,381.7,CTS,PUS
3152,10,390.0,CTS,PUS
3153,10,398.3,CTS,PUS
3154,10,406.7,CTS,PUS
3155,10,415.2,CTS,PUS
3156,10,423.7,CTS,PUS
3157,10,432.2,CTS,PUS
3158,10,440.8,CTS,PUS
3159,10,407.1,HKD,ICN
3160,10,401.6,HKD,ICN
3161,10,396.6,HKD,ICN
3162,10,392.1,HKD,ICN
3163,10,388.1,HKD,ICN
3164,10,384.9,HKD,ICN
3165,10,382.3,HKD,ICN
3166,10,372.9,CTS,PUS
3167,10,364.5,CTS,PUS
3168,10,356.1,CTS,PUS
3169,10,348.0,CTS,PUS
3170,10,340.0,CTS,PUS
3171,10,332.4,CTS,PUS
3172,10,325.5,CTS,PUS
3173,10,323.4,CTS,PUS
3174,10,330.1,CTS,PUS
3175,10,337.5,CTS,PUS
3176,10,345.3,CTS,PUS
3177,10,353.5,CTS,PUS
3178,10,361.7,CTS,PUS
3179,10,370.1,CTS,PUS
3180,10,378.6,CTS,PUS
3181,10,387.1,CTS,PUS
3182,10,395.7,CTS,PUS
3183,10,404.3,CTS,PUS
3184,10,412.9,CTS,PUS
3185,10,421.6,CTS,PUS
3186,10,430.2,CTS,PUS
3187,10,438.9,CTS,PUS
3188,10,414.9,HKD,ICN
3189,10,409.8,HKD,ICN
3190,10,405.1,HKD,ICN
3191,10,401.0,HKD,ICN
3192,10,397.4,HKD,ICN
3193,10,394.4,HKD,ICN
3194,10,388.1,CTS,PUS
3195,10,379.4,CTS,PUS
3196,10,370.8,CTS,PUS
3197,10,362.1,CTS,PUS
3198,10,353.4,CTS,PUS
3199,10,344.9,CTS,PUS
3200,10,336.3,CTS,PUS
3201,10,327.9,CTS,PUS
3202,10,319.8,CTS,PUS
3203,10,312.3,CTS,PUS
3204,10,306.5,CTS,PUS
3205,10,305.4,CTS,PUS
3206,10,310.1,CTS,PUS
3207,10,317.3,CTS,PUS
3208,10,325.3,CTS,PUS
3209,10,333.6,CTS,PUS
3210,10,342.1,CTS,PUS
3211,10,350.6,CTS,PUS
3212,10,359.3,CTS,PUS
3213,10,367.9,CTS,PUS
3214,10,376.6,CTS,PUS
3215,10,385.3,CTS,PUS
3216,10,394.0,CTS,PUS
3217,10,402.7,CTS,PUS
3218,10,411.5,CTS,PUS
3219,10,420.2,CTS,PUS
3220,10,428.9,CTS,PUS
3221,10,437.7,CTS,PUS
3222,10,446.0,AKJ,ICN
3223,10,410.0,HKD,ICN
3224,10,405.0,CTS,PUS
3225,10,396.2,CTS,PUS
3226,10,387.4,CTS,PUS
3227,10,378.7,CTS,PUS
3228,10,369.9,CTS,PUS
3229,10,361.1,CTS,PUS
3230,10,352.4,CTS,PUS
3231,10,343.6,CTS,PUS
3232,10,334.8,CTS,PUS
3233,10,326.1,CTS,PUS
3234,10,317.3,CTS,PUS
3235,10,308.6,CTS,PUS
3236,10,299.9,CTS,PUS
3237,10,297.1,CTS,PUS
3238,10,305.7,CTS,PUS
3239,10,314.5,CTS,PUS
3240,10,323.2,CTS,PUS
3241,10,332.0,CTS,PUS
3242,10,340.8,CTS,PUS
3243,10,349.5,CTS,PUS
3244,10,358.3,CTS,PUS
3245,10,367.0,CTS,PUS
3246,10,375.8,CTS,PUS
3247,10,384.6,CTS,PUS
3248,10,393.3,CTS,PUS
3249,10,402.1,CTS,PUS
3250,10,410.9,CTS,PUS
3251,10,419.6,CTS,PUS
3252,10,427.4,AKJ,ICN
3253,10,432.7,AKJ,ICN
3254,10,438.3,AKJ,ICN
3255,10,444.2,AKJ,ICN
3256,10,396.5,CTS,PUS
3257,10,387.8,CTS,PUS
3258,10,379.1,CTS,PUS
3259,10,370.4,CTS,PUS
3260,10,361.7,CTS,PUS
3261,10,353.0,CTS,PUS
3262,10,344.4,CTS,PUS
3263,10,335.8,CTS,PUS
3264,10,327.3,CTS,PUS
3265,10,318.9,CTS,PUS
3266,10,311.0,CTS,PUS
3267,10,304.6,CTS,PUS
3268,10,303.4,CTS,PUS
3269,10,308.7,CTS,PUS
3270,10,316.3,CTS,PUS
3271,10,324.5,CTS,PUS
3272,10,333.0,CTS,PUS
3273,10,341.6,CTS,PUS
3274,10,350.2,CTS,PUS
3275,10,358.8,CTS,PUS
3276,10,367.5,CTS,PUS
3277,10,376.2,CTS,PUS
3278,10,384.9,CTS,PUS
3279,10,393.7,CTS,PUS
3280,10,402.4,CTS,PUS
3281,10,409.4,AKJ,ICN
3282,10,414.2,AKJ,ICN
3283,10,419.4,AKJ,ICN
3284,10,425.0,AKJ,ICN
3285,10,430.9,AKJ,ICN
3286,10,437.2,AKJ,ICN
3287,10,443.7,AKJ,ICN
3288,10,450.4,AKJ,ICN
3289,10,397.8,CTS,PUS
3290,10,389.2,CTS,PUS
3291,10,380.6,CTS,PUS
3292,10,372.1,CTS,PUS
3293,10,363.7,CTS,PUS
3294,10,355.3,CTS,PUS
3295,10,347.0,CTS,PUS
3296,10,339.0,CTS,PUS
3297,10,331.2,CTS,PUS
3298,10,324.0,CTS,PUS
3299,10,317.9,CTS,PUS
3300,10,313.8,CTS,PUS
3301,10,313.1,CTS,PUS
3302,10,316.2,CTS,PUS
3303,10,321.8,CTS,PUS
3304,10,328.8,CTS,PUS
3305,10,336.4,CTS,PUS
3306,10,344.4,CTS,PUS
3307,10,352.6,CTS,PUS
3308,10,360.9,CTS,PUS
3309,10,369.4,CTS,PUS
3310,10,377.9,CTS,PUS
3311,10,386.4,CTS,PUS
3312,10,392.4,AKJ,ICN
3313,10,396.4,AKJ,ICN
3314,10,401.0,AKJ,ICN
3315,10,406.1,AKJ,ICN
3316,10,411.7,AKJ,ICN
3317,10,417.6,AKJ,ICN
3318,10,423.9,AKJ,ICN
3319,10,430.5,AKJ,ICN
3320,10,437.4,AKJ,ICN
3321,10,444.4,AKJ,ICN
3322,10,451.6,AKJ,ICN
3323,10,505.3,AKJ,ICN
3324,10,391.6,CTS,PUS
3325,10,383.3,CTS,PUS
3326,10,375.1,CTS,PUS
3327,10,367.0,CTS,PUS
3328,10,359.0,CTS,PUS
3329,10,351.3,CTS,PUS
3330,10,344.0,CTS,PUS
3331,10,337.2,CTS,PUS
3332,10,331.1,CTS,PUS
3333,10,326.4,CTS,PUS
3334,10,323.5,CTS,PUS
3335,10,323.1,CTS,PUS
3336,10,325.2,CTS,PUS
3337,10,329.4,CTS,PUS
3338,10,335.1,CTS,PUS
3339,10,341.7,CTS,PUS
3340,10,348.9,CTS,PUS
3341,10,356.5,CTS,PUS
3342,10,364.4,CTS,PUS
3343,10,372.4,CTS,PUS
3344,10,376.9,AKJ,ICN
3345,10,379.7,AKJ,ICN
3346,10,383.4,AKJ,ICN
3347,10,387.8,AKJ,ICN
3348,10,392.8,AKJ,ICN
3349,10,398.4,AKJ,ICN
3350,10,404.4,AKJ,ICN
3351,10,410.7,AKJ,ICN
3352,10,417.4,AKJ,ICN
3353,10,424.4,AKJ,ICN
3354,10,431.5,AKJ,ICN
3355,10,438.8,AKJ,ICN
3356,10,446.3,AKJ,ICN
3357,10,453.9,AKJ,ICN
3358,10,461.6,AKJ,ICN
3359,10,469.4,AKJ,ICN
3360,10,477.3,AKJ,ICN
3361,10,485.3,AKJ,ICN
3362,10,493.3,AKJ,ICN
3363,10,501.4,AKJ,ICN
3364,10,509.5,AKJ,ICN
3365,10,517.7,AKJ,ICN
3366,10,395.0,CTS,PUS
3367,10,387.0,CTS,PUS
3368,10,379.1,CTS,PUS
3369,10,371.5,CTS,PUS
3370,10,364.0,CTS,PUS
3371,10,357.0,CTS,PUS
3372,10,350.4,CTS,PUS
3373,10,344.4,CTS,PUS
3374,10,339.4,CTS,PUS
3375,10,335.6,CTS,PUS
3376,10,333.4,CTS,PUS
3377,10,333.1,CTS,PUS
3378,10,334.7,CTS,PUS
3379,10,338.0,CTS,PUS
3380,10,342.7,CTS,PUS
3381,10,348.3,CTS,PUS
3382,10,354.8,CTS,PUS
3383,10,361.7,CTS,PUS
3384,10,364.2,AKJ,ICN
3385,10,365.2,AKJ,ICN
3386,10,367.3,AKJ,ICN
3387,10,370.5,AKJ,ICN
3388,10,374.7,AKJ,ICN
3389,10,379.6,AKJ,ICN
3390,10,385.1,AKJ,ICN
3391,10,391.1,AKJ,ICN
3392,10,397.6,AKJ,ICN
3393,10,404.4,AKJ,ICN
3394,10,411.4,AKJ,ICN
3395,10,418.7,AKJ,ICN
3396,10,426.2,AKJ,ICN
3397,10,433.8,AKJ,ICN
3398,10,441.5,AKJ,ICN
3399,10,449.4,AKJ,ICN
3400,10,457.3,AKJ,ICN
3401,10,465.3,AKJ,ICN
3402,10,473.4,AKJ,ICN
3403,10,481.5,AKJ,ICN
3404,10,489.7,AKJ,ICN
3405,10,497.9,AKJ,ICN
3406,10,506.2,AKJ,ICN
3407,10,514.5,AKJ,ICN
3408,10,522.8,AKJ,ICN
3409,10,407.0,CTS,PUS
3410,10,399.2,CTS,PUS
3411,10,391.5,CTS,PUS
3412,10,384.1,CTS,PUS
3413,10,370.0,CTS,PUS
3414,10,348.2,CTS,PUS
3415,10,345.1,CTS,PUS
3416,10,343.3,CTS,PUS
3417,10,343.1,CTS,PUS
3418,10,344.3,CTS,PUS
3419,10,347.0,CTS,PUS
3420,10,351.0,CTS,PUS
3421,10,355.9,CTS,PUS
3422,10,356.2,AKJ,ICN
3423,10,354.5,AKJ,ICN
3424,10,354.2,AKJ,ICN
3425,10,355.3,AKJ,ICN
3426,10,357.9,AKJ,ICN
3427,10,361.6,AKJ,ICN
3428,10,366.3,AKJ,ICN
3429,10,371.8,AKJ,ICN
3430,10,377.9,AKJ,ICN
3431,10,384.5,AKJ,ICN
3432,10,391.4,AKJ,ICN
3433,10,398.6,AKJ,ICN
3434,10,406.1,AKJ,ICN
3435,10,413.7,AKJ,ICN
3436,10,421.5,AKJ,ICN
3437,10,429.4,AKJ,ICN
3438,10,437.4,AKJ,ICN
3439,10,445.4,AKJ,ICN
3440,10,453.5,AKJ,ICN
3441,10,461.7,AKJ,ICN
3442,10,470.0,AKJ,ICN
3443,10,478.2,AKJ,ICN
3444,10,486.6,AKJ,ICN
3445,10,494.9,AKJ,ICN
3446,10,503.3,AKJ,ICN
3447,10,511.7,AKJ,ICN
3448,10,520.1,AKJ,ICN
3449,10,528.5,AKJ,ICN
3450,10,537.0,AKJ,ICN
3451,10,545.5,AKJ,ICN
3452,10,553.9,AKJ,ICN
3453,10,562.4,AKJ,ICN
3454,10,411.6,CTS,PUS
3455,10,404.2,CTS,PUS
3456,10,357.4,CTS,PUS
3457,10,354.7,CTS,PUS
3458,10,353.3,CTS,PUS
3459,10,353.1,CTS,PUS
3460,10,354.1,CTS,PUS
3461,10,356.4,CTS,PUS
3462,10,355.3,AKJ,ICN
3463,10,350.4,AKJ,ICN
3464,10,346.7,AKJ,ICN
3465,10,344.6,AKJ,ICN
3466,10,344.2,AKJ,ICN
3467,10,345.6,AKJ,ICN
3468,10,348.7,AKJ,ICN
3469,10,353.1,AKJ,ICN
3470,10,358.6,AKJ,ICN
3471,10,364.7,AKJ,ICN
3472,10,371.5,AKJ,ICN
3473,10,378.6,AKJ,ICN
3474,10,386.0,AKJ,ICN
3475,10,393.7,AKJ,ICN
3476,10,401.5,AKJ,ICN
3477,10,409.4,AKJ,ICN
3478,10,417.5,AKJ,ICN
3479,10,425.6,AKJ,ICN
3480,10,433.8,AKJ,ICN
3481,10,442.1,AKJ,ICN
3482,10,450.4,AKJ,ICN
3483,10,458.7,AKJ,ICN
3484,10,467.1,AKJ,ICN
3485,10,475.5,AKJ,ICN
3486,10,483.9,AKJ,ICN
3487,10,492.4,AKJ,ICN
3488,10,500.8,AKJ,ICN
3489,10,509.3,AKJ,ICN
3490,10,517.8,AKJ,ICN
3491,10,526.3,AKJ,ICN
3492,10,534.9,AKJ,ICN
3493,10,543.4,AKJ,ICN
3494,10,560.5,AKJ,ICN
3495,10,364.5,CTS,PUS
3496,10,363.2,CTS,PUS
3497,10,363.1,CTS,PUS
3498,10,361.6,AKJ,ICN
3499,10,354.5,AKJ,ICN
3500,10,347.8,AKJ,ICN
3501,10,342.0,AKJ,ICN
3502,10,337.5,AKJ,ICN
3503,10,334.7,AKJ,ICN
3504,10,334.2,AKJ,ICN
3505,10,336.1,AKJ,ICN
3506,10,340.0,AKJ,ICN
3507,10,345.3,AKJ,ICN
3508,10,351.6,AKJ,ICN
3509,10,358.6,AKJ,ICN
3510,10,366.0,AKJ,ICN
3511,10,373.6,AKJ,ICN
3512,10,381.5,AKJ,ICN
3513,10,389.6,AKJ,ICN
3514,10,397.7,AKJ,ICN
3515,10,405.9,AKJ,ICN
3516,10,414.2,AKJ,ICN
3517,10,422.6,AKJ,ICN
3518,10,430.9,AKJ,ICN
3519,10,439.4,AKJ,ICN
3520,10,447.8,AKJ,ICN
3521,10,456.3,AKJ,ICN
3522,10,464.8,AKJ,ICN
3523,10,473.3,AKJ,ICN
3524,10,481.8,AKJ,ICN
3525,10,490.3,AKJ,ICN
3526,10,498.9,AKJ,ICN
3527,10,507.4,AKJ,ICN
3528,10,516.0,AKJ,ICN
3529,10,524.6,AKJ,ICN
3530,10,533.1,AKJ,ICN
3531,10,376.4,CTS,PUS
3532,10,374.3,CTS,PUS
3533,10,373.2,CTS,PUS
3534,10,365.1,AKJ,ICN
3535,10,357.0,AKJ,ICN
3536,10,349.1,AKJ,ICN
3537,10,341.6,AKJ,ICN
3538,10,334.7,AKJ,ICN
3539,10,328.8,AKJ,ICN
3540,10,325.0,AKJ,ICN
3541,10,324.2,AKJ,ICN
3542,10,326.9,AKJ,ICN
3543,10,332.1,AKJ,ICN
3544,10,338.6,AKJ,ICN
3545,10,345.9,AKJ,ICN
3546,10,353.7,AKJ,ICN
3547,10,361.7,AKJ,ICN
3548,10,369.8,AKJ,ICN
3549,10,378.1,AKJ,ICN
3550,10,386.5,AKJ,ICN
3551,10,394.9,AKJ,ICN
3552,10,403.3,AKJ,ICN
3553,10,411.8,AKJ,ICN
3554,10,420.3,AKJ,ICN
3555,10,428.8,AKJ,ICN
3556,10,437.4,AKJ,ICN
3557,10,445.9,AKJ,ICN
3558,10,454.5,AKJ,ICN
3559,10,463.1,AKJ,ICN
3560,10,471.6,AKJ,ICN
3561,10,480.2,AKJ,ICN
3562,10,488.8,AKJ,ICN
3563,10,497.4,AKJ,ICN
3564,10,506.0,AKJ,ICN
3565,10,514.6,AKJ,ICN
3566,10,523.2,AKJ,ICN
3567,10,386.0,CTS,PUS
3568,10,379.5,AKJ,ICN
3569,10,371.0,AKJ,ICN
3570,10,362.4,AKJ,ICN
3571,10,354.0,AKJ,ICN
3572,10,345.5,AKJ,ICN
3573,10,337.2,AKJ,ICN
3574,10,329.2,AKJ,ICN
3575,10,321.7,AKJ,ICN
3576,10,315.7,AKJ,ICN
3577,10,314.4,AKJ,ICN
3578,10,318.9,AKJ,ICN
3579,10,325.9,AKJ,ICN
3580,10,333.9,AKJ,ICN
3581,10,342.1,AKJ,ICN
3582,10,350.4,AKJ,ICN
3583,10,358.9,AKJ,ICN
3584,10,367.4,AKJ,ICN
3585,10,375.9,AKJ,ICN
3586,10,384.5,AKJ,ICN
3587,10,393.1,AKJ,ICN
3588,10,401.7,AKJ,ICN
3589,10,410.3,AKJ,ICN
3590,10,418.9,AKJ,ICN
3591,10,427.5,AKJ,ICN
3592,10,436.1,AKJ,ICN
3593,10,444.7,AKJ,ICN
3594,10,453.3,AKJ,ICN
3595,10,462.0,AKJ,ICN
3596,10,470.6,AKJ,ICN
3597,10,479.2,AKJ,ICN
3598,10,487.8,AKJ,ICN
3599,10,496.5,AKJ,ICN
3600,10,505.1,AKJ,ICN
3601,10,513.7,AKJ,ICN
3602,10,522.4,AKJ,ICN
3603,10,387.4,AKJ,ICN
3604,10,378.7,AKJ,ICN
3605,10,370.1,AKJ,ICN
3606,10,361.4,AKJ,ICN
3607,10,352.8,AKJ,ICN
3608,10,344.2,AKJ,ICN
3609,10,335.5,AKJ,ICN
3610,10,326.9,AKJ,ICN
3611,10,318.3,AKJ,ICN
3612,10,309.6,AKJ,ICN
3613,10,306.1,AKJ,ICN
3614,10,314.7,AKJ,ICN
3615,10,323.3,AKJ,ICN
3616,10,331.9,AKJ,ICN
3617,10,340.6,AKJ,ICN
3618,10,349.2,AKJ,ICN
3619,10,357.9,AKJ,ICN
3620,10,366.5,AKJ,ICN
3621,10,375.1,AKJ,ICN
3622,10,383.8,AKJ,ICN
3623,10,392.4,AKJ,ICN
3624,10,401.0,AKJ,ICN
3625,10,409.7,AKJ,ICN
3626,10,418.3,AKJ,ICN
3627,10,426.9,AKJ,ICN
3628,10,435.6,AKJ,ICN
3629,10,444.2,AKJ,ICN
3630,10,452.9,AKJ,ICN
3631,10,461.5,AKJ,ICN
3632,10,470.1,AKJ,ICN
3633,10,478.8,AKJ,ICN
3634,10,487.4,AKJ,ICN
3635,10,496.0,AKJ,ICN
3636,10,504.7,AKJ,ICN
3637,10,513.3,AKJ,ICN
3638,10,387.8,AKJ,ICN
3639,10,379.3,AKJ,ICN
3640,10,370.7,AKJ,ICN
3641,10,362.2,AKJ,ICN
3642,10,353.7,AKJ,ICN
3643,10,345.2,AKJ,ICN
3644,10,336.9,AKJ,ICN
3645,10,328.7,AKJ,ICN
3646,10,321.0,AKJ,ICN
3647,10,314.8,AKJ,ICN
3648,10,313.3,AKJ,ICN
3649,10,318.1,AKJ,ICN
3650,10,325.4,AKJ,ICN
3651,10,333.5,AKJ,ICN
3652,10,341.7,AKJ,ICN
3653,10,350.1,AKJ,ICN
3654,10,358.6,AKJ,ICN
3655,10,367.1,AKJ,ICN
3656,10,375.7,AKJ,ICN
3657,10,384.3,AKJ,ICN
3658,10,392.8,AKJ,ICN
3659,10,401.4,AKJ,ICN
3660,10,410.0,AKJ,ICN
3661,10,418.6,AKJ,ICN
3662,10,427.2,AKJ,ICN
3663,10,435.8,AKJ,ICN
3664,10,444.4,AKJ,ICN
3665,10,453.0,AKJ,ICN
3666,10,461.7,AKJ,ICN
3667,10,470.3,AKJ,ICN
3668,10,478.9,AKJ,ICN
3669,10,487.5,AKJ,ICN
3670,10,496.1,AKJ,ICN
3671,10,504.8,AKJ,ICN
3672,10,513.4,AKJ,ICN
3673,10,547.9,AKJ,ICN
3674,10,381.1,AKJ,ICN
3675,10,372.8,AKJ,ICN
3676,10,364.6,AKJ,ICN
3677,10,356.5,AKJ,ICN
3678,10,348.5,AKJ,ICN
3679,10,341.0,AKJ,ICN
3680,10,333.9,AKJ,ICN
3681,10,327.9,AKJ,ICN
3682,10,323.9,AKJ,ICN
3683,10,323.2,AKJ,ICN
3684,10,326.0,AKJ,ICN
3685,10,331.3,AKJ,ICN
3686,10,337.9,AKJ,ICN
3687,10,345.3,AKJ,ICN
3688,10,353.1,AKJ,ICN
3689,10,361.2,AKJ,ICN
3690,10,369.3,AKJ,ICN
3691,10,377.6,AKJ,ICN
3692,10,386.0,AKJ,ICN
3693,10,394.4,AKJ,ICN
3694,10,402.8,AKJ,ICN
3695,10,411.3,AKJ,ICN
3696,10,419.8,AKJ,ICN
3697,10,428.3,AKJ,ICN
3698,10,436.8,AKJ,ICN
3699,10,445.4,AKJ,ICN
3700,10,453.9,AKJ,ICN
3701,10,462.5,AKJ,ICN
3702,10,471.0,AKJ,ICN
3703,10,479.6,AKJ,ICN
3704,10,488.2,AKJ,ICN
3705,10,496.7,AKJ,ICN
3706,10,505.3,AKJ,ICN
3707,10,513.9,AKJ,ICN
3708,10,548.3,AKJ,ICN
3709,10,368.4,AKJ,ICN
3710,10,360.9,AKJ,ICN
3711,10,353.7,AKJ,ICN
3712,10,347.0,AKJ,ICN
3713,10,341.1,AKJ,ICN
3714,10,336.5,AKJ,ICN
3715,10,333.6,AKJ,ICN
3716,10,333.1,AKJ,ICN
3717,10,335.0,AKJ,ICN
3718,10,339.0,AKJ,ICN
3719,10,344.4,AKJ,ICN
3720,10,350.8,AKJ,ICN
3721,10,357.8,AKJ,ICN
3722,10,365.2,AKJ,ICN
3723,10,372.9,AKJ,ICN
3724,10,380.8,AKJ,ICN
3725,10,388.8,AKJ,ICN
3726,10,397.0,AKJ,ICN
3727,10,405.2,AKJ,ICN
3728,10,413.5,AKJ,ICN
3729,10,421.8,AKJ,ICN
3730,10,430.2,AKJ,ICN
3731,10,438.6,AKJ,ICN
3732,10,447.0,AKJ,ICN
3733,10,455.4,AKJ,ICN
3734,10,463.9,AKJ,ICN
3735,10,497.9,AKJ,ICN
3736,10,506.4,AKJ,ICN
3737,10,514.9,AKJ,ICN
3738,10,557.6,AKJ,ICN
3739,10,566.2,AKJ,ICN
3740,10,373.5,AKJ,ICN
3741,10,366.6,AKJ,ICN
3742,10,360.1,AKJ,ICN
3743,10,354.3,AKJ,ICN
3744,10,349.4,AKJ,ICN
3745,10,345.7,AKJ,ICN
3746,10,343.5,AKJ,ICN
3747,10,343.1,AKJ,ICN
3748,10,344.6,AKJ,ICN
3749,10,347.7,AKJ,ICN
3750,10,352.1,AKJ,ICN
3751,10,357.6,AKJ,ICN
3752,10,363.8,AKJ,ICN
3753,10,370.6,AKJ,ICN
3754,10,377.7,AKJ,ICN
3755,10,385.1,AKJ,ICN
3756,10,392.8,AKJ,ICN
3757,10,400.5,AKJ,ICN
3758,10,408.5,AKJ,ICN
3759,10,416.5,AKJ,ICN
3760,10,424.6,AKJ,ICN
3761,10,432.8,AKJ,ICN
3762,10,441.0,AKJ,ICN
3763,10,449.3,AKJ,ICN
3764,10,507.9,AKJ,ICN
3765,10,516.4,AKJ,ICN
3766,10,524.9,AKJ,ICN
3767,10,567.3,AKJ,ICN
3768,10,575.8,AKJ,ICN
3769,10,379.6,AKJ,ICN
3770,10,373.3,AKJ,ICN
3771,10,367.5,AKJ,ICN
3772,10,362.4,AKJ,ICN
3773,10,358.3,AKJ,ICN
3774,10,355.2,AKJ,ICN
3775,10,353.4,AKJ,ICN
3776,10,353.1,AKJ,ICN
3777,10,354.3,AKJ,ICN
3778,10,356.8,AKJ,ICN
3779,10,360.6,AKJ,ICN
3780,10,365.3,AKJ,ICN
3781,10,370.8,AKJ,ICN
3782,10,376.9,AKJ,ICN
3783,10,383.5,AKJ,ICN
3784,10,390.4,AKJ,ICN
3785,10,397.6,AKJ,ICN
3786,10,405.0,AKJ,ICN
3787,10,412.6,AKJ,ICN
3788,10,420.3,AKJ,ICN
3789,10,428.1,AKJ,ICN
3790,10,436.1,AKJ,ICN
3791,10,444.1,AKJ,ICN
3792,10,518.3,AKJ,ICN
3793,10,526.7,AKJ,ICN
3794,10,577.3,AKJ,ICN
3795,10,386.4,AKJ,ICN
3796,10,380.7,AKJ,ICN
3797,10,375.5,AKJ,ICN
3798,10,371.1,AKJ,ICN
3799,10,367.5,AKJ,ICN
3800,10,364.9,AKJ,ICN
3801,10,363.4,AKJ,ICN
3802,10,363.1,AKJ,ICN
3803,10,364.1,AKJ,ICN
3804,10,366.2,AKJ,ICN
3805,10,369.5,AKJ,ICN
3806,10,373.6,AKJ,ICN
3807,10,378.5,AKJ,ICN
3808,10,384.0,AKJ,ICN
3809,10,390.0,AKJ,ICN
3810,10,396.4,AKJ,ICN
3811,10,403.2,AKJ,ICN
3812,10,410.2,AKJ,ICN
3813,10,417.4,AKJ,ICN
3814,10,537.3,AKJ,ICN
3815,10,587.5,AKJ,ICN
3816,10,595.9,AKJ,ICN
3817,10,393.9,AKJ,ICN
3818,10,388.6,AKJ,ICN
3819,10,384.0,AKJ,ICN
3820,10,380.0,AKJ,ICN
3821,10,376.9,AKJ,ICN
3822,10,374.6,AKJ,ICN
3823,10,373.4,AKJ,ICN
3824,10,373.1,AKJ,ICN
3825,10,374.0,AKJ,ICN
3826,10,375.8,AKJ,ICN
3827,10,378.6,AKJ,ICN
3828,10,382.3,AKJ,ICN
3829,10,386.6,AKJ,ICN
3830,10,391.6,AKJ,ICN
3831,10,397.1,AKJ,ICN
3832,10,403.1,AKJ,ICN
3833,10,409.4,AKJ,ICN
3834,10,597.9,AKJ,ICN
3835,10,606.2,AKJ,ICN
3836,10,614.6,AKJ,ICN
3837,10,401.8,AKJ,ICN
3838,10,397.0,AKJ,ICN
3839,10,392.8,AKJ,ICN
3840,10,389.2,AKJ,ICN
3841,10,386.4,AKJ,ICN
3842,10,384.4,AKJ,ICN
3843,10,383.3,AKJ,ICN
3844,10,383.1,AKJ,ICN
3845,10,383.9,AKJ,ICN
3846,10,385.5,AKJ,ICN
3847,10,388.0,AKJ,ICN
3848,10,391.2,AKJ,ICN
3849,10,395.2,AKJ,ICN
3850,10,399.7,AKJ,ICN
3851,10,404.8,AKJ,ICN
3852,10,600.2,AKJ,ICN
3853,10,608.5,AKJ,ICN
3854,10,616.8,AKJ,ICN
3855,10,625.1,AKJ,ICN
3856,10,633.4,AKJ,ICN
3857,10,405.6,AKJ,ICN
3858,10,401.8,AKJ,ICN
3859,10,398.6,AKJ,ICN
3860,10,396.1,AKJ,ICN
3861,10,394.3,AKJ,ICN
3862,10,393.3,AKJ,ICN
3863,10,393.2,AKJ,ICN
3864,10,393.8,AKJ,ICN
3865,10,395.3,AKJ,ICN
3866,10,397.5,AKJ,ICN
3867,10,400.4,AKJ,ICN
3868,10,404.0,AKJ,ICN
3869,10,408.1,AKJ,ICN
3870,10,611.0,AKJ,ICN
3871,10,414.5,AKJ,ICN
3872,10,411.0,AKJ,ICN
3873,10,408.1,AKJ,ICN
3874,10,405.8,AKJ,ICN
3875,10,404.2,AKJ,ICN
3876,10,403.3,AKJ,ICN
3877,10,403.2,AKJ,ICN
3878,10,403.8,AKJ,ICN
3879,10,405.1,AKJ,ICN
3880,10,407.1,AKJ,ICN
3881,10,409.7,AKJ,ICN
3882,10,423.6,AKJ,ICN
3883,10,420.3,AKJ,ICN
3884,10,417.7,AKJ,ICN
3885,10,415.6,AKJ,ICN
3886,10,414.1,AKJ,ICN
3887,10,413.3,AKJ,ICN
3888,10,413.2,AKJ,ICN
3889,10,413.7,AKJ,ICN
3890,10,414.9,AKJ,ICN
3891,10,416.7,AKJ,ICN
3892,10,432.8,AKJ,ICN
3893,10,429.8,AKJ,ICN
3894,10,427.3,AKJ,ICN
3895,10,425.4,AKJ,ICN
3896,10,424.1,AKJ,ICN
3897,10,423.3,AKJ,ICN
3898,10,423.2,AKJ,ICN
3899,10,423.7,AKJ,ICN
3900,10,424.8,AKJ,ICN
3901,10,442.1,AKJ,ICN
3902,10,439.3,AKJ,ICN
3903,10,437.0,AKJ,ICN
3904,10,435.2,AKJ,ICN
3905,10,434.0,AKJ,ICN
3906,10,433.3,AKJ,ICN
3907,10,433.2,AKJ,ICN
3908,10,433.7,AKJ,ICN
3909,10,454.5,AKJ,ICN
3910,10,451.5,AKJ,ICN
3911,10,448.9,AKJ,ICN
3912,10,446.8,AKJ,ICN
3913,10,445.1,AKJ,ICN
3914,10,444.0,AKJ,ICN
3915,10,443.3,AKJ,ICN
3916,10,443.2,AKJ,ICN
3917,10,463.8,AKJ,ICN
3918,10,461.0,AKJ,ICN
3919,10,458.5,AKJ,ICN
3920,10,456.5,AKJ,ICN
3921,10,455.0,AKJ,ICN
3922,10,453.9,AKJ,ICN
3923,10,453.4,AKJ,ICN
3924,10,453.3,AKJ,ICN
3925,10,476.3,AKJ,ICN
3926,10,473.2,AKJ,ICN
3927,10,470.5,AKJ,ICN
3928,10,468.2,AKJ,ICN
3929,10,466.4,AKJ,ICN
3930,10,464.9,AKJ,ICN
3931,10,463.9,AKJ,ICN
3932,10,463.4,AKJ,ICN
3933,10,500.4,AKJ,ICN
3934,10,496.3,AKJ,ICN
3935,10,485.5,AKJ,ICN
3936,10,482.6,AKJ,ICN
3937,10,480.1,AKJ,ICN
3938,10,477.9,AKJ,ICN
3939,10,476.2,AKJ,ICN
3940,10,474.8,AKJ,ICN
3941,10,473.9,AKJ,ICN
3942,10,494.9,AKJ,ICN
3943,10,492.1,AKJ,ICN
3944,10,489.7,AKJ,ICN
3945,10,487.7,AKJ,ICN
3946,10,486.0,AKJ,ICN
3947,10,484.8,AKJ,ICN
3948,10,501.7,AKJ,ICN
3949,10,499.4,AKJ,ICN
3950,10,497.5,AKJ,ICN
3951,10,495.9,AKJ,ICN
3952,10,507.3,AKJ,ICN
0,11,357.9,ISG,ICN
1,11,347.3,ISG,ICN
2,11,346.0,ISG,ICN
3,11,302.7,ISG,ICN
4,11,316.1,ISG,ICN
5,11,309.4,ISG,ICN
6,11,313.5,SHI,ICN
7,11,323.4,SHI,ICN
8,11,300.4,SHI,ICN
9,11,311.1,SHI,ICN
10,11,276.1,OKA,PUS
11,11,267.4,OKA,PUS
12,11,278.1,OKA,PUS
13,11,281.3,OKA,PUS
14,11,288.8,OKA,PUS
15,11,296.0,OKA,PUS
16,11,304.8,OKA,PUS
17,11,303.2,OKA,PUS
18,11,317.7,OKA,PUS
19,11,325.2,OKA,PUS
20,11,1264.1,FSZ,ICN
21,11,325.7,OKA,PUS
22,11,332.3,OKA,PUS
23,11,339.9,OKA,PUS
24,11,1254.8,FSZ,ICN
25,11,326.5,OKA,PUS
26,11,346.9,OKA,PUS
27,11,354.5,OKA,PUS
28,11,361.5,OKA,PUS
29,11,479.2,OKA,PUS
30,11,487.2,OKA,PUS
31,11,530.2,OKA,PUS
32,11,544.6,OKA,PUS
33,11,546.3,OKA,PUS
34,11,552.5,OKA,PUS
35,11,560.6,OKA,PUS
36,11,566.9,OKA,PUS
37,11,601.6,OKA,PUS
38,11,581.2,OKA,PUS
39,11,587.8,OKA,PUS
40,11,508.0,KOJ,ICN
41,11,463.2,KOJ,ICN
42,11,421.0,KOJ,ICN
43,11,419.8,KOJ,ICN
44,11,411.1,KOJ,ICN
45,11,409.8,KOJ,ICN
46,11,401.2,KOJ,ICN
47,11,399.9,KOJ,ICN
48,11,399.9,KOJ,ICN
49,11,381.5,KOJ,ICN
50,11,371.7,KOJ,ICN
51,11,319.1,KOJ,ICN
52,11,320.5,KOJ,ICN
53,11,310.7,KOJ,ICN
54,11,309.1,KOJ,ICN
55,11,310.8,KOJ,ICN
56,11,313.9,KOJ,ICN
57,11,315.9,KOJ,ICN
58,11,309.7,KOJ,ICN
59,11,304.7,KOJ,ICN
60,11,301.1,KOJ,ICN
61,11,301.1,KOJ,ICN
62,11,304.7,KOJ,ICN
63,11,309.7,KOJ,ICN
64,11,316.3,KOJ,ICN
65,11,301.6,KOJ,ICN
66,11,295.8,KOJ,ICN
67,11,289.2,KOJ,ICN
68,11,291.5,KOJ,ICN
69,11,295.8,KOJ,ICN
70,11,301.0,KMI,ICN
71,11,294.3,KOJ,ICN
72,11,287.5,KOJ,ICN
73,11,279.3,KOJ,ICN
74,11,282.2,KOJ,ICN
75,11,287.5,KOJ,ICN
76,11,294.3,KOJ,ICN
77,11,295.5,KMI,ICN
78,11,291.4,KMI,ICN
79,11,288.1,KOJ,ICN
80,11,280.0,KOJ,ICN
81,11,273.4,KOJ,ICN
82,11,269.4,KOJ,ICN
83,11,273.4,KOJ,ICN
84,11,280.1,KOJ,ICN
85,11,288.1,KOJ,ICN
86,11,287.0,KMI,ICN
87,11,282.0,KMI,ICN
88,11,342.9,KOJ,ICN
89,11,283.5,KOJ,ICN
90,11,274.2,KOJ,ICN
91,11,265.8,KOJ,ICN
92,11,265.8,KOJ,ICN
93,11,274.2,KOJ,ICN
94,11,283.5,KOJ,ICN
95,11,279.6,KMI,ICN
96,11,273.0,KMI,ICN
97,11,269.5,KMI,ICN
98,11,291.3,KOJ,ICN
99,11,281.2,KOJ,ICN
100,11,271.1,KOJ,ICN
101,11,261.1,KOJ,ICN
102,11,251.6,KOJ,ICN
103,11,251.6,KOJ,ICN
104,11,261.2,KOJ,ICN
105,11,271.2,KOJ,ICN
106,11,281.3,KOJ,ICN
107,11,273.8,KMI,ICN
108,11,265.3,KMI,ICN
109,11,259.7,KMI,ICN
110,11,321.9,KOJ,ICN
111,11,291.7,KOJ,ICN
112,11,281.7,KOJ,ICN
113,11,271.8,KOJ,ICN
114,11,262.2,KOJ,ICN
115,11,254.0,KOJ,ICN
116,11,254.0,KOJ,ICN
117,11,262.2,KOJ,ICN
118,11,271.8,KOJ,ICN
119,11,281.3,KMI,ICN
120,11,271.2,KMI,ICN
121,11,261.1,KMI,ICN
122,11,251.2,KMI,ICN
123,11,294.2,KOJ,ICN
124,11,284.8,KOJ,ICN
125,11,276.0,KOJ,ICN
126,11,268.2,KOJ,ICN
127,11,263.1,KOJ,ICN
128,11,263.1,KOJ,ICN
129,11,268.2,KOJ,ICN
130,11,276.0,KOJ,ICN
131,11,282.3,KMI,ICN
132,11,272.7,KMI,ICN
133,11,263.5,KMI,ICN
134,11,256.9,KMI,ICN
135,11,298.5,KOJ,ICN
136,11,290.0,KOJ,ICN
137,11,282.4,KOJ,ICN
138,11,276.4,KOJ,ICN
139,11,272.8,KOJ,ICN
140,11,272.8,KOJ,ICN
141,11,276.4,KOJ,ICN
142,11,282.5,KOJ,ICN
143,11,286.1,KMI,ICN
144,11,277.6,KMI,ICN
145,11,270.6,KMI,ICN
146,11,266.7,KMI,ICN
147,11,312.3,KOJ,ICN
148,11,290.2,KOJ,ICN
149,11,285.4,KOJ,ICN
150,11,282.7,KOJ,ICN
151,11,282.7,KOJ,ICN
152,11,285.4,KOJ,ICN
153,11,290.3,KOJ,ICN
154,11,291.8,KMI,ICN
155,11,284.7,KMI,ICN
156,11,279.3,KMI,ICN
157,11,276.6,KMI,ICN
158,11,277.3,KMI,ICN
159,11,312.3,NGS,ICN
160,11,291.6,KMJ,PUS
161,11,287.2,KMJ,PUS
162,11,284.0,KMJ,PUS
163,11,282.2,KMJ,PUS
164,11,281.8,KMJ,PUS
165,11,282.9,KMJ,PUS
166,11,285.4,KMJ,PUS
167,11,289.1,KMJ,PUS
168,11,288.6,KMI,ICN
169,11,286.6,KMI,ICN
170,11,287.1,KMI,ICN
171,11,302.4,NGS,ICN
172,11,303.1,KMJ,PUS
173,11,288.9,KMJ,PUS
174,11,278.0,KMJ,PUS
175,11,274.4,KMJ,PUS
176,11,272.2,KMJ,PUS
177,11,271.8,KMJ,PUS
178,11,273.0,KMJ,PUS
179,11,275.9,KMJ,PUS
180,11,280.2,KMJ,PUS
181,11,285.7,KMJ,PUS
182,11,292.0,KMJ,PUS
183,11,297.0,KMI,ICN
184,11,292.5,NGS,ICN
185,11,295.1,NGS,ICN
186,11,269.2,KMJ,PUS
187,11,264.9,KMJ,PUS
188,11,262.3,KMJ,PUS
189,11,261.8,KMJ,PUS
190,11,263.3,KMJ,PUS
191,11,266.7,KMJ,PUS
192,11,271.7,KMJ,PUS
193,11,277.9,KMJ,PUS
194,11,284.9,KMJ,PUS
195,11,292.6,KMJ,PUS
196,11,300.8,KMJ,PUS
197,11,285.7,NGS,ICN
198,11,274.8,KMJ,PUS
199,11,260.7,KMJ,PUS
200,11,255.6,KMJ,PUS
201,11,252.5,KMJ,PUS
202,11,251.8,KMJ,PUS
203,11,253.7,KMJ,PUS
204,11,257.8,KMJ,PUS
205,11,263.7,KMJ,PUS
206,11,270.7,KMJ,PUS
207,11,278.6,KMJ,PUS
208,11,286.9,KMJ,PUS
209,11,295.7,KMJ,PUS
210,11,260.7,KMJ,PUS
211,11,246.8,KMJ,PUS
212,11,242.7,KMJ,PUS
213,11,241.8,KMJ,PUS
214,11,244.3,KMJ,PUS
215,11,249.6,KMJ,PUS
216,11,256.6,KMJ,PUS
217,11,264.6,KMJ,PUS
218,11,273.2,KMJ,PUS
219,11,282.3,KMJ,PUS
220,11,291.5,KMJ,PUS
221,11,348.4,NGS,ICN
222,11,338.6,NGS,ICN
223,11,274.2,KMJ,PUS
224,11,264.7,KMJ,PUS
225,11,246.7,KMJ,PUS
226,11,238.9,KMJ,PUS
227,11,233.2,KMJ,PUS
228,11,231.8,KMJ,PUS
229,11,235.5,KMJ,PUS
230,11,242.4,KMJ,PUS
231,11,250.8,KMJ,PUS
232,11,259.8,KMJ,PUS
233,11,269.2,KMJ,PUS
234,11,278.8,KMJ,PUS
235,11,288.5,KMJ,PUS
236,11,298.3,KMJ,PUS
237,11,254.3,NGS,ICN
238,11,251.6,NGS,ICN
239,11,254.3,NGS,ICN
240,11,269.2,NGS,ICN
241,11,262.1,KMJ,PUS
242,11,233.0,KMJ,PUS
243,11,224.7,KMJ,PUS
244,11,222.0,KMJ,PUS
245,11,228.4,KMJ,PUS
246,11,237.4,KMJ,PUS
247,11,247.1,KMJ,PUS
248,11,256.9,KMJ,PUS
249,11,266.8,KMJ,PUS
250,11,276.7,KMJ,PUS
251,11,286.7,KMJ,PUS
252,11,296.7,KMJ,PUS
253,11,306.6,KMJ,PUS
254,11,336.7,MYJ,PUS
255,11,325.2,NGS,ICN
256,11,315.2,NGS,ICN
257,11,255.9,NGS,ICN
258,11,246.9,NGS,ICN
259,11,241.6,NGS,ICN
260,11,246.8,NGS,ICN
261,11,255.9,NGS,ICN
262,11,265.5,NGS,ICN
263,11,241.4,KMJ,PUS
264,11,231.4,KMJ,PUS
265,11,221.5,KMJ,PUS
266,11,216.7,KMJ,PUS
267,11,226.2,KMJ,PUS
268,11,236.1,KMJ,PUS
269,11,246.1,KMJ,PUS
270,11,256.1,KMJ,PUS
271,11,266.2,KMJ,PUS
272,11,276.2,KMJ,PUS
273,11,286.2,KMJ,PUS
274,11,296.2,KMJ,PUS
275,11,306.3,KMJ,PUS
276,11,311.2,OIT,ICN
277,11,326.3,MYJ,PUS
278,11,326.8,MYJ,PUS
279,11,328.2,MYJ,PUS
280,11,315.0,NGS,ICN
281,11,255.0,NGS,ICN
282,11,245.2,NGS,ICN
283,11,245.2,NGS,ICN
284,11,255.0,NGS,ICN
285,11,253.2,KMJ,PUS
286,11,243.8,KMJ,PUS
287,11,235.0,KMJ,PUS
288,11,227.8,KMJ,PUS
289,11,225.8,KMJ,PUS
290,11,230.9,KMJ,PUS
291,11,239.0,KMJ,PUS
292,11,248.2,KMJ,PUS
293,11,257.7,KMJ,PUS
294,11,267.5,KMJ,PUS
295,11,277.3,KMJ,PUS
296,11,287.1,KMJ,PUS
297,11,297.0,KMJ,PUS
298,11,299.2,OIT,ICN
299,11,301.7,OIT,ICN
300,11,305.6,OIT,ICN
301,11,316.7,MYJ,PUS
302,11,316.2,MYJ,PUS
303,11,316.8,MYJ,PUS
304,11,318.4,MYJ,PUS
305,11,315.9,NGS,ICN
306,11,267.5,NGS,ICN
307,11,258.7,NGS,ICN
308,11,247.9,NGS,ICN
309,11,251.2,NGS,ICN
310,11,255.1,HSG,ICN
311,11,253.3,HSG,ICN
312,11,249.0,KMJ,PUS
313,11,241.8,KMJ,PUS
314,11,236.9,KMJ,PUS
315,11,235.8,KMJ,PUS
316,11,238.9,KMJ,PUS
317,11,245.0,KMJ,PUS
318,11,252.8,KMJ,PUS
319,11,261.4,KMJ,PUS
320,11,270.5,KMJ,PUS
321,11,279.9,KMJ,PUS
322,11,289.3,OIT,ICN
323,11,288.3,OIT,ICN
324,11,289.4,OIT,ICN
325,11,308.3,MYJ,PUS
326,11,306.7,MYJ,PUS
327,11,306.2,MYJ,PUS
328,11,306.8,MYJ,PUS
329,11,308.6,MYJ,PUS
330,11,311.3,MYJ,PUS
331,11,265.3,NGS,ICN
332,11,260.0,NGS,ICN
333,11,257.9,NGS,ICN
334,11,259.9,NGS,ICN
335,11,248.6,HSG,ICN
336,11,256.0,KMJ,PUS
337,11,250.2,KMJ,PUS
338,11,246.5,KMJ,PUS
339,11,245.7,KMJ,PUS
340,11,248.0,KMJ,PUS
341,11,252.7,KMJ,PUS
342,11,259.2,KMJ,PUS
343,11,266.8,KMJ,PUS
344,11,275.1,KMJ,PUS
345,11,283.0,OIT,ICN
346,11,279.5,OIT,ICN
347,11,278.3,OIT,ICN
348,11,296.8,MYJ,PUS
349,11,296.2,MYJ,PUS
350,11,296.9,MYJ,PUS
351,11,298.8,MYJ,PUS
352,11,301.9,MYJ,PUS
353,11,306.0,MYJ,PUS
354,11,503.4,FSZ,ICN
355,11,509.4,FSZ,ICN
356,11,321.4,NGS,ICN
357,11,279.5,NGS,ICN
358,11,273.5,NGS,ICN
359,11,269.4,NGS,ICN
360,11,267.9,NGS,ICN
361,11,261.7,HSG,ICN
362,11,252.3,HSG,ICN
363,11,244.1,HSG,ICN
364,11,242.8,HSG,ICN
365,11,248.1,FUK,PUS
366,11,249.2,FUK,PUS
367,11,252.6,FUK,PUS
368,11,256.4,KMJ,PUS
369,11,255.7,KMJ,PUS
370,11,257.4,KMJ,PUS
371,11,261.2,KMJ,PUS
372,11,266.7,KMJ,PUS
373,11,273.3,KMJ,PUS
374,11,280.7,OIT,ICN
375,11,274.3,OIT,ICN
376,11,269.9,OIT,ICN
377,11,268.3,OIT,ICN
378,11,270.0,OIT,ICN
379,11,286.8,MYJ,PUS
380,11,286.2,MYJ,PUS
381,11,287.0,MYJ,PUS
382,11,289.2,MYJ,PUS
383,11,292.7,MYJ,PUS
384,11,297.3,MYJ,PUS
385,11,293.6,NGS,ICN
386,11,287.3,NGS,ICN
387,11,282.3,NGS,ICN
388,11,274.3,FUK,PUS
389,11,265.7,FUK,PUS
390,11,257.5,FUK,PUS
391,11,250.1,FUK,PUS
392,11,243.9,FUK,PUS
393,11,239.6,FUK,PUS
394,11,238.0,FUK,PUS
395,11,239.6,FUK,PUS
396,11,243.9,FUK,PUS
397,11,250.0,FUK,PUS
398,11,257.5,FUK,PUS
399,11,265.6,FUK,PUS
400,11,270.3,KMJ,PUS
401,11,274.9,KMJ,PUS
402,11,280.7,KMJ,PUS
403,11,274.4,OIT,ICN
404,11,276.9,MYJ,PUS
405,11,276.2,MYJ,PUS
406,11,277.1,MYJ,PUS
407,11,279.7,MYJ,PUS
408,11,283.7,MYJ,PUS
409,11,288.8,MYJ,PUS
410,11,294.9,MYJ,PUS
411,11,261.0,FUK,PUS
412,11,252.0,FUK,PUS
413,11,243.5,FUK,PUS
414,11,236.0,FUK,PUS
415,11,230.3,FUK,PUS
416,11,228.0,FUK,PUS
417,11,230.2,FUK,PUS
418,11,235.9,FUK,PUS
419,11,243.5,FUK,PUS
420,11,252.0,FUK,PUS
421,11,261.0,FUK,PUS
422,11,270.2,FUK,PUS
423,11,279.7,FUK,PUS
424,11,279.6,OIT,ICN
425,11,270.0,OIT,ICN
426,11,260.7,OIT,ICN
427,11,252.4,OIT,ICN
428,11,269.9,MYJ,PUS
429,11,267.1,MYJ,PUS
430,11,266.2,MYJ,PUS
431,11,267.3,MYJ,PUS
432,11,270.3,MYJ,PUS
433,11,275.0,MYJ,PUS
434,11,280.8,MYJ,PUS
435,11,287.7,MYJ,PUS
436,11,339.3,TAK,ICN
437,11,336.3,TKS,CJU
438,11,257.9,FUK,PUS
439,11,238.8,FUK,PUS
440,11,229.7,FUK,PUS
441,11,221.8,FUK,PUS
442,11,218.0,FUK,PUS
443,11,221.8,FUK,PUS
444,11,229.7,FUK,PUS
445,11,238.7,FUK,PUS
446,11,248.2,FUK,PUS
447,11,257.9,FUK,PUS
448,11,267.6,FUK,PUS
449,11,276.3,KKJ,ICN
450,11,278.6,OIT,ICN
451,11,268.6,OIT,ICN
452,11,258.6,OIT,ICN
453,11,248.7,OIT,ICN
454,11,266.1,MYJ,PUS
455,11,260.8,MYJ,PUS
456,11,257.3,MYJ,PUS
457,11,256.1,MYJ,PUS
458,11,257.6,MYJ,PUS
459,11,261.3,MYJ,PUS
460,11,266.8,MYJ,PUS
461,11,273.5,MYJ,PUS
462,11,281.2,MYJ,PUS
463,11,289.3,MYJ,PUS
464,11,297.9,MYJ,PUS
465,11,329.0,TAK,ICN
466,11,329.3,TAK,ICN
467,11,327.2,TKS,CJU
468,11,346.9,KIX,PUS
469,11,236.8,FUK,PUS
470,11,226.8,FUK,PUS
471,11,216.9,FUK,PUS
472,11,208.0,FUK,PUS
473,11,216.9,FUK,PUS
474,11,226.8,FUK,PUS
475,11,236.7,FUK,PUS
476,11,246.7,FUK,PUS
477,11,256.6,FUK,PUS
478,11,263.9,KKJ,ICN
479,11,267.1,KKJ,ICN
480,11,272.7,KKJ,ICN
481,11,261.4,OIT,ICN
482,11,253.4,OIT,ICN
483,11,252.2,MYJ,PUS
484,11,247.7,MYJ,PUS
485,11,246.1,MYJ,PUS
486,11,248.0,MYJ,PUS
487,11,252.8,MYJ,PUS
488,11,259.4,MYJ,PUS
489,11,267.2,MYJ,PUS
490,11,275.7,MYJ,PUS
491,11,284.5,MYJ,PUS
492,11,293.6,MYJ,PUS
493,11,302.9,MYJ,PUS
494,11,312.4,MYJ,PUS
495,11,321.9,MYJ,PUS
496,11,319.9,TAK,ICN
497,11,319.0,TAK,ICN
498,11,319.4,TAK,ICN
499,11,318.5,TKS,CJU
500,11,331.2,KIX,PUS
501,11,334.0,KIX,PUS
502,11,337.7,KIX,PUS
503,11,342.2,KIX,PUS
504,11,215.8,FUK,PUS
505,11,220.2,FUK,PUS
506,11,228.6,FUK,PUS
507,11,238.0,FUK,PUS
508,11,247.6,FUK,PUS
509,11,253.8,KKJ,ICN
510,11,267.5,OIT,ICN
511,11,261.8,OIT,ICN
512,11,236.1,MYJ,PUS
513,11,238.9,MYJ,PUS
514,11,245.3,MYJ,PUS
515,11,253.4,MYJ,PUS
516,11,262.3,MYJ,PUS
517,11,271.5,MYJ,PUS
518,11,280.9,MYJ,PUS
519,11,290.5,MYJ,PUS
520,11,300.2,MYJ,PUS
521,11,309.9,MYJ,PUS
522,11,312.7,TAK,ICN
523,11,310.0,TAK,ICN
524,11,308.9,TAK,ICN
525,11,309.4,TAK,ICN
526,11,310.0,TKS,CJU
527,11,304.9,TKS,CJU
528,11,301.0,TKS,CJU
529,11,319.4,KIX,PUS
530,11,321.5,KIX,PUS
531,11,324.6,KIX,PUS
532,11,328.7,KIX,PUS
533,11,333.6,KIX,PUS
534,11,339.1,KIX,PUS
535,11,279.0,FUK,PUS
536,11,228.2,FUK,PUS
537,11,234.3,FUK,PUS
538,11,242.2,FUK,PUS
539,11,250.8,KKJ,ICN
540,11,244.2,KKJ,ICN
541,11,226.1,MYJ,PUS
542,11,231.3,MYJ,PUS
543,11,240.1,MYJ,PUS
544,11,249.5,MYJ,PUS
545,11,259.2,MYJ,PUS
546,11,269.0,MYJ,PUS
547,11,278.8,MYJ,PUS
548,11,288.7,MYJ,PUS
549,11,298.5,MYJ,PUS
550,11,307.9,TAK,ICN
551,11,303.3,TAK,ICN
552,11,300.2,TAK,ICN
553,11,298.9,TAK,ICN
554,11,299.5,TAK,ICN
555,11,301.9,TAK,ICN
556,11,296.2,TKS,CJU
557,11,291.6,TKS,CJU
558,11,288.9,TKS,CJU
559,11,309.5,KIX,PUS
560,11,311.8,KIX,PUS
561,11,315.3,KIX,PUS
562,11,319.8,KIX,PUS
563,11,325.2,KIX,PUS
564,11,331.3,KIX,PUS
565,11,282.2,FUK,PUS
566,11,237.5,FUK,PUS
567,11,242.0,FUK,PUS
568,11,248.4,FUK,PUS
569,11,247.6,KKJ,ICN
570,11,220.4,MYJ,PUS
571,11,228.9,MYJ,PUS
572,11,238.7,MYJ,PUS
573,11,248.6,MYJ,PUS
574,11,258.5,MYJ,PUS
575,11,268.4,MYJ,PUS
576,11,278.3,MYJ,PUS
577,11,288.2,MYJ,PUS
578,11,298.1,MYJ,PUS
579,11,299.6,TAK,ICN
580,11,294.3,TAK,ICN
581,11,290.5,TAK,ICN
582,11,288.9,TAK,ICN
583,11,289.6,TAK,ICN
584,11,292.6,TAK,ICN
585,11,288.1,TKS,CJU
586,11,282.5,TKS,CJU
587,11,279.1,TKS,CJU
588,11,278.4,TKS,CJU
589,11,298.6,KIX,PUS
590,11,298.3,KIX,PUS
591,11,299.6,KIX,PUS
592,11,302.3,KIX,PUS
593,11,306.3,KIX,PUS
594,11,311.3,KIX,PUS
595,11,317.2,KIX,PUS
596,11,323.8,KIX,PUS
597,11,331.0,KIX,PUS
598,11,244.3,KKJ,ICN
599,11,278.4,MYJ,PUS
600,11,259.2,MYJ,PUS
601,11,234.2,MYJ,PUS
602,11,241.9,MYJ,PUS
603,11,250.8,MYJ,PUS
604,11,269.8,MYJ,PUS
605,11,279.4,MYJ,PUS
606,11,289.2,MYJ,PUS
607,11,299.0,MYJ,PUS
608,11,292.1,TAK,ICN
609,11,285.7,TAK,ICN
610,11,281.0,TAK,ICN
611,11,278.9,TAK,ICN
612,11,279.9,TAK,ICN
613,11,283.6,TAK,ICN
614,11,281.0,TKS,CJU
615,11,274.1,TKS,CJU
616,11,269.4,TKS,CJU
617,11,268.5,TKS,CJU
618,11,288.6,KIX,PUS
619,11,288.3,KIX,PUS
620,11,289.9,KIX,PUS
621,11,293.0,KIX,PUS
622,11,297.6,KIX,PUS
623,11,303.2,KIX,PUS
624,11,309.7,KIX,PUS
625,11,316.9,KIX,PUS
626,11,324.6,KIX,PUS
627,11,332.7,KIX,PUS
628,11,253.9,KKJ,ICN
629,11,258.6,KKJ,ICN
630,11,265.7,KKJ,ICN
631,11,273.9,KKJ,ICN
632,11,282.7,KKJ,ICN
633,11,299.7,OIT,ICN
634,11,300.0,MYJ,PUS
635,11,290.5,MYJ,PUS
636,11,281.2,MYJ,PUS
637,11,272.0,MYJ,PUS
638,11,248.3,MYJ,PUS
639,11,255.7,MYJ,PUS
640,11,285.8,TAK,ICN
641,11,278.0,TAK,ICN
642,11,271.9,TAK,ICN
643,11,268.9,TAK,ICN
644,11,270.3,TAK,ICN
645,11,275.4,TAK,ICN
646,11,275.7,TKS,CJU
647,11,267.1,TKS,CJU
648,11,260.2,TKS,CJU
649,11,278.6,KIX,PUS
650,11,278.4,KIX,PUS
651,11,280.2,KIX,PUS
652,11,284.0,KIX,PUS
653,11,289.2,KIX,PUS
654,11,295.6,KIX,PUS
655,11,302.9,KIX,PUS
656,11,310.7,KIX,PUS
657,11,318.9,KIX,PUS
658,11,327.5,KIX,PUS
659,11,336.3,KIX,PUS
660,11,266.6,KKJ,ICN
661,11,263.7,KKJ,ICN
662,11,263.9,KKJ,ICN
663,11,267.1,KKJ,ICN
664,11,272.7,KKJ,ICN
665,11,279.7,KKJ,ICN
666,11,287.6,KKJ,ICN
667,11,296.1,KKJ,ICN
668,11,304.9,KKJ,ICN
669,11,303.2,MYJ,PUS
670,11,294.2,MYJ,PUS
671,11,285.3,MYJ,PUS
672,11,276.8,MYJ,PUS
673,11,255.7,MYJ,PUS
674,11,256.3,MYJ,PUS
675,11,262.4,MYJ,PUS
676,11,281.3,TAK,ICN
677,11,272.2,TAK,ICN
678,11,264.0,TAK,ICN
679,11,259.0,TAK,ICN
680,11,261.4,TAK,ICN
681,11,268.8,TAK,ICN
682,11,273.3,TKS,CJU
683,11,263.4,TKS,CJU
684,11,253.7,TKS,CJU
685,11,268.8,KIX,PUS
686,11,268.4,KIX,PUS
687,11,270.7,KIX,PUS
688,11,275.3,KIX,PUS
689,11,281.6,KIX,PUS
690,11,288.9,KIX,PUS
691,11,296.9,KIX,PUS
692,11,305.3,KIX,PUS
693,11,314.1,KIX,PUS
694,11,323.1,KIX,PUS
695,11,332.3,KIX,PUS
696,11,335.9,FUK,PUS
697,11,273.7,KKJ,ICN
698,11,273.8,KKJ,ICN
699,11,276.3,KKJ,ICN
700,11,280.8,KKJ,ICN
701,11,286.7,KKJ,ICN
702,11,293.7,KKJ,ICN
703,11,301.4,KKJ,ICN
704,11,309.6,KKJ,ICN
705,11,307.5,MYJ,PUS
706,11,298.9,MYJ,PUS
707,11,290.6,MYJ,PUS
708,11,282.8,MYJ,PUS
709,11,279.4,TAK,ICN
710,11,269.6,TAK,ICN
711,11,259.7,TAK,ICN
712,11,250.0,TAK,ICN
713,11,255.9,TAK,ICN
714,11,265.7,TAK,ICN
715,11,274.5,TKS,CJU
716,11,265.2,TKS,CJU
717,11,257.3,TKS,CJU
718,11,261.6,TKS,CJU
719,11,259.0,KIX,PUS
720,11,258.4,KIX,PUS
721,11,261.6,KIX,PUS
722,11,267.5,KIX,PUS
723,11,274.9,KIX,PUS
724,11,283.2,KIX,PUS
725,11,292.0,KIX,PUS
726,11,301.0,KIX,PUS
727,11,310.3,KIX,PUS
728,11,319.7,KIX,PUS
729,11,329.2,KIX,PUS
730,11,327.1,NGO,PUS
731,11,381.6,FSZ,ICN
732,11,341.5,FUK,PUS
733,11,333.6,FUK,PUS
734,11,283.6,KKJ,ICN
735,11,283.7,KKJ,ICN
736,11,285.8,KKJ,ICN
737,11,289.5,KKJ,ICN
738,11,294.6,KKJ,ICN
739,11,300.7,KKJ,ICN
740,11,307.7,KKJ,ICN
741,11,315.3,KKJ,ICN
742,11,312.6,MYJ,PUS
743,11,304.5,MYJ,PUS
744,11,296.9,MYJ,PUS
745,11,289.8,MYJ,PUS
746,11,283.4,MYJ,PUS
747,11,268.4,HIJ,CJU
748,11,260.1,HIJ,CJU
749,11,260.3,HIJ,CJU
750,11,271.4,TAK,ICN
751,11,262.7,TAK,ICN
752,11,257.1,TAK,ICN
753,11,259.9,TAK,ICN
754,11,267.9,TAK,ICN
755,11,268.7,TKS,CJU
756,11,272.3,KIX,PUS
757,11,249.4,KIX,PUS
758,11,248.6,KIX,PUS
759,11,253.4,KIX,PUS
760,11,261.1,KIX,PUS
761,11,269.8,KIX,PUS
762,11,279.0,KIX,PUS
763,11,288.5,KIX,PUS
764,11,298.0,KIX,PUS
765,11,307.7,KIX,PUS
766,11,317.4,KIX,PUS
767,11,324.3,NGO,PUS
768,11,318.5,NGO,PUS
769,11,313.6,NGO,PUS
770,11,309.8,NGO,PUS
771,11,306.3,NGO,PUS
772,11,347.6,FUK,PUS
773,11,293.7,KKJ,ICN
774,11,295.4,KKJ,ICN
775,11,298.6,KKJ,ICN
776,11,303.0,KKJ,ICN
777,11,308.5,KKJ,ICN
778,11,314.8,KKJ,ICN
779,11,321.8,KKJ,ICN
780,11,318.4,MYJ,PUS
781,11,310.9,MYJ,PUS
782,11,303.8,MYJ,PUS
783,11,297.4,MYJ,PUS
784,11,291.7,MYJ,PUS
785,11,284.5,HIJ,CJU
786,11,274.7,HIJ,CJU
787,11,265.0,HIJ,CJU
788,11,255.4,HIJ,CJU
789,11,246.2,HIJ,CJU
790,11,240.6,HIJ,CJU
791,11,246.5,HIJ,CJU
792,11,255.7,HIJ,CJU
793,11,275.0,HIJ,CJU
794,11,276.7,TAK,ICN
795,11,269.7,KIX,PUS
796,11,239.4,KIX,PUS
797,11,247.8,KIX,PUS
798,11,257.4,KIX,PUS
799,11,267.1,KIX,PUS
800,11,276.9,KIX,PUS
801,11,286.7,KIX,PUS
802,11,296.5,KIX,PUS
803,11,306.3,KIX,PUS
804,11,316.2,KIX,PUS
805,11,316.8,NGO,PUS
806,11,310.3,NGO,PUS
807,11,304.8,NGO,PUS
808,11,300.4,NGO,PUS
809,11,297.5,NGO,PUS
810,11,296.3,NGO,PUS
811,11,379.7,FSZ,ICN
812,11,346.9,FUK,PUS
813,11,316.7,KKJ,ICN
814,11,322.4,KKJ,ICN
815,11,328.8,KKJ,ICN
816,11,324.9,MYJ,PUS
817,11,317.9,MYJ,PUS
818,11,311.3,MYJ,PUS
819,11,304.0,HIJ,CJU
820,11,294.2,HIJ,CJU
821,11,284.4,HIJ,CJU
822,11,274.6,HIJ,CJU
823,11,264.8,HIJ,CJU
824,11,255.2,HIJ,CJU
825,11,245.8,HIJ,CJU
826,11,239.6,HIJ,CJU
827,11,246.1,HIJ,CJU
828,11,255.5,HIJ,CJU
829,11,265.1,HIJ,CJU
830,11,274.9,HIJ,CJU
831,11,284.7,HIJ,CJU
832,11,285.7,OKJ,ICN
833,11,276.6,OKJ,ICN
834,11,276.0,OKJ,ICN
835,11,277.0,TAK,ICN
836,11,288.0,TAK,ICN
837,11,269.8,KIX,PUS
838,11,248.2,KIX,PUS
839,11,257.6,KIX,PUS
840,11,267.2,KIX,PUS
841,11,277.0,KIX,PUS
842,11,286.7,KIX,PUS
843,11,296.5,KIX,PUS
844,11,306.4,KIX,PUS
845,11,316.2,KIX,PUS
846,11,310.0,NGO,PUS
847,11,302.8,NGO,PUS
848,11,296.4,NGO,PUS
849,11,291.3,NGO,PUS
850,11,287.7,NGO,PUS
851,11,286.2,NGO,PUS
852,11,354.1,FUK,PUS
853,11,330.5,KKJ,ICN
854,11,336.4,KKJ,ICN
855,11,331.9,MYJ,PUS
856,11,324.7,HIJ,CJU
857,11,315.0,HIJ,CJU
858,11,305.4,HIJ,CJU
859,11,295.8,HIJ,CJU
860,11,286.3,HIJ,CJU
861,11,276.9,HIJ,CJU
862,11,267.9,HIJ,CJU
863,11,259.4,HIJ,CJU
864,11,252.6,HIJ,CJU
865,11,249.6,HIJ,CJU
866,11,252.7,HIJ,CJU
867,11,259.7,HIJ,CJU
868,11,268.1,HIJ,CJU
869,11,277.2,HIJ,CJU
870,11,286.6,HIJ,CJU
871,11,278.7,OKJ,ICN
872,11,271.7,OKJ,ICN
873,11,267.0,OKJ,ICN
874,11,266.1,OKJ,ICN
875,11,269.4,OKJ,ICN
876,11,263.8,KIX,PUS
877,11,261.6,KIX,PUS
878,11,270.2,KIX,PUS
879,11,279.3,KIX,PUS
880,11,288.7,KIX,PUS
881,11,298.2,KIX,PUS
882,11,307.8,KIX,PUS
883,11,312.5,NGO,PUS
884,11,304.0,NGO,PUS
885,11,296.0,NGO,PUS
886,11,288.7,NGO,PUS
887,11,282.6,NGO,PUS
888,11,338.9,KKJ,ICN
889,11,344.3,KKJ,ICN
890,11,336.3,HIJ,CJU
891,11,326.8,HIJ,CJU
892,11,317.4,HIJ,CJU
893,11,308.1,HIJ,CJU
894,11,298.9,HIJ,CJU
895,11,289.9,HIJ,CJU
896,11,281.3,HIJ,CJU
897,11,273.4,HIJ,CJU
898,11,266.5,HIJ,CJU
899,11,261.5,HIJ,CJU
900,11,259.7,HIJ,CJU
901,11,261.6,HIJ,CJU
902,11,266.7,HIJ,CJU
903,11,273.6,HIJ,CJU
904,11,281.6,HIJ,CJU
905,11,282.7,OKJ,ICN
906,11,273.5,OKJ,ICN
907,11,264.8,OKJ,ICN
908,11,257.8,OKJ,ICN
909,11,256.2,OKJ,ICN
910,11,261.7,OKJ,ICN
911,11,269.9,OKJ,ICN
912,11,270.0,KIX,PUS
913,11,263.8,KIX,PUS
914,11,258.8,UKB,ICN
915,11,262.5,KIX,PUS
916,11,268.2,KIX,PUS
917,11,275.4,KIX,PUS
918,11,283.6,KIX,PUS
919,11,292.3,KIX,PUS
920,11,301.2,KIX,PUS
921,11,310.4,KIX,PUS
922,11,308.3,NGO,PUS
923,11,299.2,NGO,PUS
924,11,290.4,NGO,PUS
925,11,282.1,NGO,PUS
926,11,287.5,NGO,PUS
927,11,296.2,NGO,PUS
928,11,314.9,FSZ,ICN
929,11,290.7,FSZ,ICN
930,11,287.5,FSZ,ICN
931,11,332.2,FSZ,ICN
932,11,329.9,HIJ,CJU
933,11,320.9,HIJ,CJU
934,11,312.0,HIJ,CJU
935,11,303.3,HIJ,CJU
936,11,295.1,HIJ,CJU
937,11,287.3,HIJ,CJU
938,11,280.4,HIJ,CJU
939,11,274.8,HIJ,CJU
940,11,271.0,HIJ,CJU
941,11,269.7,HIJ,CJU
942,11,271.1,HIJ,CJU
943,11,275.0,HIJ,CJU
944,11,280.6,HIJ,CJU
945,11,287.6,HIJ,CJU
946,11,281.1,OKJ,ICN
947,11,271.3,OKJ,ICN
948,11,261.5,OKJ,ICN
949,11,251.7,OKJ,ICN
950,11,247.9,OKJ,ICN
951,11,257.5,OKJ,ICN
952,11,267.3,OKJ,ICN
953,11,277.1,OKJ,ICN
954,11,286.9,OKJ,ICN
955,11,296.8,OKJ,ICN
956,11,284.0,KIX,PUS
957,11,277.6,KIX,PUS
958,11,272.6,KIX,PUS
959,11,267.1,UKB,ICN
960,11,267.5,UKB,ICN
961,11,271.6,KIX,PUS
962,11,276.1,KIX,PUS
963,11,282.2,KIX,PUS
964,11,289.4,KIX,PUS
965,11,297.2,KIX,PUS
966,11,305.6,KIX,PUS
967,11,314.3,KIX,PUS
968,11,305.5,NGO,PUS
969,11,296.0,NGO,PUS
970,11,286.5,NGO,PUS
971,11,277.2,NGO,PUS
972,11,258.6,NGO,PUS
973,11,292.7,NGO,PUS
974,11,302.3,NGO,PUS
975,11,311.9,NGO,PUS
976,11,321.5,NGO,PUS
977,11,312.4,FSZ,ICN
978,11,302.7,FSZ,ICN
979,11,293.2,FSZ,ICN
980,11,283.9,FSZ,ICN
981,11,277.5,FSZ,ICN
982,11,330.4,FSZ,ICN
983,11,340.2,FSZ,ICN
984,11,375.8,HND,GMP
985,11,325.3,HIJ,CJU
986,11,316.9,HIJ,CJU
987,11,308.9,HIJ,CJU
988,11,301.3,HIJ,CJU
989,11,294.4,HIJ,CJU
990,11,288.5,HIJ,CJU
991,11,283.8,HIJ,CJU
992,11,280.7,HIJ,CJU
993,11,279.7,HIJ,CJU
994,11,280.8,HIJ,CJU
995,11,283.9,HIJ,CJU
996,11,288.6,HIJ,CJU
997,11,291.7,OKJ,ICN
998,11,282.1,OKJ,ICN
999,11,272.7,OKJ,ICN
1000,11,263.7,OKJ,ICN
1001,11,256.0,OKJ,ICN
1002,11,254.1,OKJ,ICN
1003,11,260.3,OKJ,ICN
1004,11,269.0,OKJ,ICN
1005,11,278.3,OKJ,ICN
1006,11,287.8,OKJ,ICN
1007,11,297.5,OKJ,ICN
1008,11,307.2,OKJ,ICN
1009,11,305.3,KIX,PUS
1010,11,298.1,KIX,PUS
1011,11,291.5,KIX,PUS
1012,11,286.0,KIX,PUS
1013,11,280.5,UKB,ICN
1014,11,276.8,UKB,ICN
1015,11,277.0,UKB,ICN
1016,11,281.0,UKB,ICN
1017,11,284.8,KIX,PUS
1018,11,289.9,KIX,PUS
1019,11,296.2,KIX,PUS
1020,11,303.3,KIX,PUS
1021,11,311.0,KIX,PUS
1022,11,314.1,NGO,PUS
1023,11,304.3,NGO,PUS
1024,11,294.5,NGO,PUS
1025,11,284.7,NGO,PUS
1026,11,274.9,NGO,PUS
1027,11,265.2,NGO,PUS
1028,11,252.2,NGO,PUS
1029,11,261.9,NGO,PUS
1030,11,271.6,NGO,PUS
1031,11,281.4,NGO,PUS
1032,11,291.2,NGO,PUS
1033,11,301.0,NGO,PUS
1034,11,310.8,NGO,PUS
1035,11,320.5,NGO,PUS
1036,11,312.3,FSZ,ICN
1037,11,302.6,FSZ,ICN
1038,11,293.0,FSZ,ICN
1039,11,283.6,FSZ,ICN
1040,11,276.8,FSZ,ICN
1041,11,282.3,FSZ,ICN
1042,11,330.4,FSZ,ICN
1043,11,340.1,FSZ,ICN
1044,11,349.9,FSZ,ICN
1045,11,322.8,HIJ,CJU
1046,11,315.3,HIJ,CJU
1047,11,308.4,HIJ,CJU
1048,11,302.3,HIJ,CJU
1049,11,297.1,HIJ,CJU
1050,11,293.1,HIJ,CJU
1051,11,290.6,HIJ,CJU
1052,11,289.7,HIJ,CJU
1053,11,290.6,HIJ,CJU
1054,11,293.2,HIJ,CJU
1055,11,297.2,HIJ,CJU
1056,11,294.6,OKJ,ICN
1057,11,285.7,OKJ,ICN
1058,11,277.3,OKJ,ICN
1059,11,270.0,OKJ,ICN
1060,11,264.9,OKJ,ICN
1061,11,263.9,OKJ,ICN
1062,11,267.6,OKJ,ICN
1063,11,274.2,OKJ,ICN
1064,11,282.2,OKJ,ICN
1065,11,291.0,OKJ,ICN
1066,11,300.0,OKJ,ICN
1067,11,309.3,OKJ,ICN
1068,11,312.1,KIX,PUS
1069,11,305.5,KIX,PUS
1070,11,299.7,KIX,PUS
1071,11,294.3,UKB,ICN
1072,11,289.4,UKB,ICN
1073,11,286.7,UKB,ICN
1074,11,286.9,UKB,ICN
1075,11,289.8,UKB,ICN
1076,11,293.9,KIX,PUS
1077,11,298.3,KIX,PUS
1078,11,303.8,KIX,PUS
1079,11,310.2,KIX,PUS
1080,11,317.3,KIX,PUS
1081,11,314.4,NGO,PUS
1082,11,304.7,NGO,PUS
1083,11,295.0,NGO,PUS
1084,11,285.3,NGO,PUS
1085,11,275.8,NGO,PUS
1086,11,266.4,NGO,PUS
1087,11,254.9,NGO,PUS
1088,11,263.3,NGO,PUS
1089,11,272.5,NGO,PUS
1090,11,282.1,NGO,PUS
1091,11,291.7,NGO,PUS
1092,11,301.4,NGO,PUS
1093,11,311.1,NGO,PUS
1094,11,320.9,NGO,PUS
1095,11,314.7,FSZ,ICN
1096,11,305.6,FSZ,ICN
1097,11,297.2,FSZ,ICN
1098,11,290.2,FSZ,ICN
1099,11,286.8,FSZ,ICN
1100,11,289.4,FSZ,ICN
1101,11,332.0,FSZ,ICN
1102,11,341.5,FSZ,ICN
1103,11,351.1,FSZ,ICN
1104,11,348.6,HND,GMP
1105,11,322.4,HIJ,CJU
1106,11,316.2,HIJ,CJU
1107,11,310.6,HIJ,CJU
1108,11,306.1,HIJ,CJU
1109,11,302.6,HIJ,CJU
1110,11,300.4,HIJ,CJU
1111,11,298.4,YGJ,ICN
1112,11,294.5,YGJ,ICN
1113,11,292.0,YGJ,ICN
1114,11,291.2,YGJ,ICN
1115,11,292.2,YGJ,ICN
1116,11,291.1,OKJ,ICN
1117,11,284.0,OKJ,ICN
1118,11,278.2,OKJ,ICN
1119,11,274.5,OKJ,ICN
1120,11,273.9,OKJ,ICN
1121,11,276.4,OKJ,ICN
1122,11,281.4,OKJ,ICN
1123,11,288.1,OKJ,ICN
1124,11,295.9,OKJ,ICN
1125,11,304.2,OKJ,ICN
1126,11,312.9,OKJ,ICN
1127,11,319.4,KIX,PUS
1128,11,313.5,KIX,PUS
1129,11,308.2,UKB,ICN
1130,11,302.7,UKB,ICN
1131,11,298.7,UKB,ICN
1132,11,296.7,UKB,ICN
1133,11,296.8,UKB,ICN
1134,11,299.1,UKB,ICN
1135,11,303.2,UKB,ICN
1136,11,307.1,KIX,PUS
1137,11,312.0,KIX,PUS
1138,11,317.8,KIX,PUS
1139,11,324.2,KIX,PUS
1140,11,316.2,NGO,PUS
1141,11,306.7,NGO,PUS
1142,11,297.4,NGO,PUS
1143,11,288.3,NGO,PUS
1144,11,279.5,NGO,PUS
1145,11,271.4,NGO,PUS
1146,11,264.8,NGO,PUS
1147,11,263.2,NGO,PUS
1148,11,268.9,NGO,PUS
1149,11,276.6,NGO,PUS
1150,11,285.2,NGO,PUS
1151,11,294.3,NGO,PUS
1152,11,303.5,NGO,PUS
1153,11,312.9,NGO,PUS
1154,11,322.4,NGO,PUS
1155,11,319.0,FSZ,ICN
1156,11,311.1,FSZ,ICN
1157,11,304.1,FSZ,ICN
1158,11,299.0,FSZ,ICN
1159,11,296.8,FSZ,ICN
1160,11,298.4,FSZ,ICN
1161,11,303.2,FSZ,ICN
1162,11,335.2,FSZ,ICN
1163,11,344.3,FSZ,ICN
1164,11,353.5,FSZ,ICN
1165,11,338.7,HND,GMP
1166,11,324.3,HIJ,CJU
1167,11,318.4,YGJ,ICN
1168,11,310.3,YGJ,ICN
1169,11,302.8,YGJ,ICN
1170,11,295.8,YGJ,ICN
1171,11,289.8,YGJ,ICN
1172,11,285.1,YGJ,ICN
1173,11,282.1,YGJ,ICN
1174,11,281.2,YGJ,ICN
1175,11,282.4,YGJ,ICN
1176,11,285.7,YGJ,ICN
1177,11,290.6,YGJ,ICN
1178,11,287.1,OKJ,ICN
1179,11,284.3,OKJ,ICN
1180,11,283.8,OKJ,ICN
1181,11,285.7,OKJ,ICN
1182,11,289.8,OKJ,ICN
1183,11,295.4,OKJ,ICN
1184,11,302.1,OKJ,ICN
1185,11,309.6,OKJ,ICN
1186,11,317.7,OKJ,ICN
1187,11,326.1,OKJ,ICN
1188,11,321.9,KIX,PUS
1189,11,316.3,UKB,ICN
1190,11,311.6,UKB,ICN
1191,11,308.3,UKB,ICN
1192,11,306.6,UKB,ICN
1193,11,306.7,UKB,ICN
1194,11,308.6,UKB,ICN
1195,11,312.1,UKB,ICN
1196,11,316.1,KIX,PUS
1197,11,320.5,KIX,PUS
1198,11,325.8,KIX,PUS
1199,11,328.4,NGO,PUS
1200,11,319.2,NGO,PUS
1201,11,310.2,NGO,PUS
1202,11,301.5,NGO,PUS
1203,11,293.1,NGO,PUS
1204,11,285.4,NGO,PUS
1205,11,278.7,NGO,PUS
1206,11,273.7,NGO,PUS
1207,11,271.5,NGO,PUS
1208,11,272.6,NGO,PUS
1209,11,276.8,NGO,PUS
1210,11,282.9,NGO,PUS
1211,11,290.4,NGO,PUS
1212,11,298.6,NGO,PUS
1213,11,307.2,NGO,PUS
1214,11,316.1,NGO,PUS
1215,11,325.2,NGO,PUS
1216,11,325.0,FSZ,ICN
1217,11,318.1,FSZ,ICN
1218,11,312.3,FSZ,ICN
1219,11,308.4,FSZ,ICN
1220,11,306.8,FSZ,ICN
1221,11,308.0,FSZ,ICN
1222,11,311.6,FSZ,ICN
1223,11,317.1,FSZ,ICN
1224,11,339.7,FSZ,ICN
1225,11,348.2,FSZ,ICN
1226,11,357.1,FSZ,ICN
1227,11,328.8,HND,GMP
1228,11,331.7,HND,GMP
1229,11,313.5,YGJ,ICN
1230,11,304.8,YGJ,ICN
1231,11,296.6,YGJ,ICN
1232,11,288.8,YGJ,ICN
1233,11,281.9,YGJ,ICN
1234,11,276.2,YGJ,ICN
1235,11,272.4,YGJ,ICN
1236,11,271.2,YGJ,ICN
1237,11,272.7,YGJ,ICN
1238,11,276.8,YGJ,ICN
1239,11,282.7,YGJ,ICN
1240,11,289.8,YGJ,ICN
1241,11,294.2,OKJ,ICN
1242,11,293.8,OKJ,ICN
1243,11,295.4,OKJ,ICN
1244,11,298.7,OKJ,ICN
1245,11,303.4,OKJ,ICN
1246,11,309.3,OKJ,ICN
1247,11,316.1,OKJ,ICN
1248,11,323.5,OKJ,ICN
1249,11,331.4,OKJ,ICN
1250,11,330.1,UKB,ICN
1251,11,325.0,UKB,ICN
1252,11,320.9,UKB,ICN
1253,11,318.0,UKB,ICN
1254,11,316.6,UKB,ICN
1255,11,316.7,UKB,ICN
1256,11,318.3,UKB,ICN
1257,11,321.3,UKB,ICN
1258,11,325.4,KIX,PUS
1259,11,329.4,KIX,PUS
1260,11,334.1,KIX,PUS
1261,11,332.1,NGO,PUS
1262,11,323.4,NGO,PUS
1263,11,314.9,NGO,PUS
1264,11,306.9,NGO,PUS
1265,11,299.3,NGO,PUS
1266,11,292.6,NGO,PUS
1267,11,287.1,NGO,PUS
1268,11,283.2,NGO,PUS
1269,11,281.5,NGO,PUS
1270,11,282.4,NGO,PUS
1271,11,285.5,NGO,PUS
1272,11,290.6,NGO,PUS
1273,11,296.9,NGO,PUS
1274,11,304.2,NGO,PUS
1275,11,312.1,NGO,PUS
1276,11,320.5,NGO,PUS
1277,11,329.1,NGO,PUS
1278,11,332.0,FSZ,ICN
1279,11,326.0,FSZ,ICN
1280,11,321.2,FSZ,ICN
1281,11,318.1,FSZ,ICN
1282,11,316.9,FSZ,ICN
1283,11,317.8,FSZ,ICN
1284,11,320.6,FSZ,ICN
1285,11,325.2,FSZ,ICN
1286,11,331.1,FSZ,ICN
1287,11,337.8,FSZ,ICN
1288,11,345.3,FSZ,ICN
1289,11,353.3,FSZ,ICN
1290,11,356.7,HND,GMP
1291,11,319.1,HND,GMP
1292,11,322.6,HND,GMP
1293,11,327.8,HND,GMP
1294,11,333.1,NRT,PUS
1295,11,331.6,NRT,PUS
1296,11,291.5,YGJ,ICN
1297,11,282.9,YGJ,ICN
1298,11,274.9,YGJ,ICN
1299,11,267.9,YGJ,ICN
1300,11,262.9,YGJ,ICN
1301,11,261.1,YGJ,ICN
1302,11,263.4,YGJ,ICN
1303,11,268.7,YGJ,ICN
1304,11,275.9,YGJ,ICN
1305,11,284.0,YGJ,ICN
1306,11,292.7,YGJ,ICN
1307,11,301.6,YGJ,ICN
1308,11,305.1,OKJ,ICN
1309,11,307.9,OKJ,ICN
1310,11,312.0,OKJ,ICN
1311,11,317.2,OKJ,ICN
1312,11,323.3,OKJ,ICN
1313,11,330.1,OKJ,ICN
1314,11,337.4,OKJ,ICN
1315,11,338.5,UKB,ICN
1316,11,333.9,UKB,ICN
1317,11,330.3,UKB,ICN
1318,11,327.9,UKB,ICN
1319,11,326.6,UKB,ICN
1320,11,326.7,UKB,ICN
1321,11,328.1,UKB,ICN
1322,11,330.6,UKB,ICN
1323,11,334.4,UKB,ICN
1324,11,338.4,KIX,PUS
1325,11,342.8,KIX,PUS
1326,11,336.8,NGO,PUS
1327,11,328.6,NGO,PUS
1328,11,320.7,NGO,PUS
1329,11,313.3,NGO,PUS
1330,11,306.5,NGO,PUS
1331,11,300.7,NGO,PUS
1332,11,296.0,NGO,PUS
1333,11,292.9,NGO,PUS
1334,11,291.5,NGO,PUS
1335,11,292.2,NGO,PUS
1336,11,294.7,NGO,PUS
1337,11,298.9,NGO,PUS
1338,11,304.4,NGO,PUS
1339,11,310.9,NGO,PUS
1340,11,318.1,NGO,PUS
1341,11,325.8,NGO,PUS
1342,11,334.0,NGO,PUS
1343,11,339.8,FSZ,ICN
1344,11,334.6,FSZ,ICN
1345,11,330.5,FSZ,ICN
1346,11,327.9,FSZ,ICN
1347,11,326.9,FSZ,ICN
1348,11,327.6,FSZ,ICN
1349,11,330.0,FSZ,ICN
1350,11,333.9,FSZ,ICN
1351,11,339.0,FSZ,ICN
1352,11,345.0,FSZ,ICN
1353,11,351.8,FSZ,ICN
1354,11,359.2,FSZ,ICN
1355,11,352.1,HND,GMP
1356,11,343.3,HND,GMP
1357,11,313.3,HND,GMP
1358,11,309.5,HND,GMP
1359,11,314.0,HND,GMP
1360,11,320.3,HND,GMP
1361,11,323.4,NRT,PUS
1362,11,321.6,NRT,PUS
1363,11,288.1,YGJ,ICN
1364,11,278.7,YGJ,ICN
1365,11,269.7,YGJ,ICN
1366,11,261.1,YGJ,ICN
1367,11,254.0,YGJ,ICN
1368,11,251.1,YGJ,ICN
1369,11,254.8,YGJ,ICN
1370,11,262.2,YGJ,ICN
1371,11,270.8,YGJ,ICN
1372,11,279.9,YGJ,ICN
1373,11,289.3,YGJ,ICN
1374,11,298.7,YGJ,ICN
1375,11,308.3,YGJ,ICN
1376,11,317.3,OKJ,ICN
1377,11,320.9,OKJ,ICN
1378,11,325.6,OKJ,ICN
1379,11,331.1,OKJ,ICN
1380,11,337.2,OKJ,ICN
1381,11,344.0,OKJ,ICN
1382,11,347.2,UKB,ICN
1383,11,343.1,UKB,ICN
1384,11,339.9,UKB,ICN
1385,11,337.7,UKB,ICN
1386,11,336.6,UKB,ICN
1387,11,336.7,UKB,ICN
1388,11,337.9,UKB,ICN
1389,11,340.2,UKB,ICN
1390,11,343.5,UKB,ICN
1391,11,347.6,KIX,PUS
1392,11,350.4,NGO,PUS
1393,11,342.3,NGO,PUS
1394,11,334.6,NGO,PUS
1395,11,327.2,NGO,PUS
1396,11,320.5,NGO,PUS
1397,11,314.4,NGO,PUS
1398,11,309.3,NGO,PUS
1399,11,305.3,NGO,PUS
1400,11,302.6,NGO,PUS
1401,11,301.6,NGO,PUS
1402,11,302.1,NGO,PUS
1403,11,304.2,NGO,PUS
1404,11,307.8,NGO,PUS
1405,11,312.6,NGO,PUS
1406,11,318.3,NGO,PUS
1407,11,324.9,NGO,PUS
1408,11,332.0,NGO,PUS
1409,11,339.6,NGO,PUS
1410,11,347.6,NGO,PUS
1411,11,343.5,FSZ,ICN
1412,11,340.0,FSZ,ICN
1413,11,337.7,FSZ,ICN
1414,11,336.9,FSZ,ICN
1415,11,337.5,FSZ,ICN
1416,11,339.6,FSZ,ICN
1417,11,342.9,FSZ,ICN
1418,11,347.4,FSZ,ICN
1419,11,352.8,FSZ,ICN
1420,11,359.0,FSZ,ICN
1421,11,358.1,HND,GMP
1422,11,348.7,HND,GMP
1423,11,339.4,HND,GMP
1424,11,330.3,HND,GMP
1425,11,321.4,HND,GMP
1426,11,313.0,HND,GMP
1427,11,305.4,HND,GMP
1428,11,306.3,HND,GMP
1429,11,314.0,HND,GMP
1430,11,313.9,NRT,PUS
1431,11,311.7,NRT,PUS
1432,11,276.7,YGJ,ICN
1433,11,267.1,YGJ,ICN
1434,11,257.4,YGJ,ICN
1435,11,247.9,YGJ,ICN
1436,11,241.2,YGJ,ICN
1437,11,258.6,YGJ,ICN
1438,11,268.3,YGJ,ICN
1439,11,278.0,YGJ,ICN
1440,11,287.7,YGJ,ICN
1441,11,297.4,YGJ,ICN
1442,11,307.1,YGJ,ICN
1443,11,316.8,YGJ,ICN
1444,11,326.6,YGJ,ICN
1445,11,334.3,OKJ,ICN
1446,11,339.2,OKJ,ICN
1447,11,344.9,OKJ,ICN
1448,11,351.2,OKJ,ICN
1449,11,356.2,UKB,ICN
1450,11,352.4,UKB,ICN
1451,11,349.6,UKB,ICN
1452,11,347.6,UKB,ICN
1453,11,346.6,UKB,ICN
1454,11,346.7,UKB,ICN
1455,11,347.8,UKB,ICN
1456,11,349.8,UKB,ICN
1457,11,352.8,UKB,ICN
1458,11,356.6,UKB,ICN
1459,11,356.1,NGO,PUS
1460,11,348.4,NGO,PUS
1461,11,341.2,NGO,PUS
1462,11,334.4,NGO,PUS
1463,11,328.3,NGO,PUS
1464,11,322.8,NGO,PUS
1465,11,318.3,NGO,PUS
1466,11,314.8,NGO,PUS
1467,11,312.5,NGO,PUS
1468,11,311.6,NGO,PUS
1469,11,312.0,NGO,PUS
1470,11,313.9,NGO,PUS
1471,11,317.0,NGO,PUS
1472,11,321.2,NGO,PUS
1473,11,326.3,NGO,PUS
1474,11,332.3,NGO,PUS
1475,11,338.8,NGO,PUS
1476,11,345.9,NGO,PUS
1477,11,353.4,NGO,PUS
1478,11,352.7,FSZ,ICN
1479,11,349.6,FSZ,ICN
1480,11,347.6,FSZ,ICN
1481,11,346.9,FSZ,ICN
1482,11,347.4,FSZ,ICN
1483,11,349.2,FSZ,ICN
1484,11,352.2,FSZ,ICN
1485,11,356.1,FSZ,ICN
1486,11,361.0,FSZ,ICN
1487,11,365.9,HND,GMP
1488,11,356.3,HND,GMP
1489,11,346.6,HND,GMP
1490,11,337.0,HND,GMP
1491,11,327.4,HND,GMP
1492,11,317.9,HND,GMP
1493,11,308.6,HND,GMP
1494,11,299.5,HND,GMP
1495,11,291.5,HND,GMP
1496,11,300.6,HND,GMP
1497,11,309.4,NRT,PUS
1498,11,304.5,NRT,PUS
1499,11,301.7,NRT,PUS
1500,11,250.0,YGJ,ICN
1501,11,245.7,YGJ,ICN
1502,11,336.5,YGJ,ICN
1503,11,346.1,YGJ,ICN
1504,11,353.0,OKJ,ICN
1505,11,358.8,OKJ,ICN
1506,11,365.2,OKJ,ICN
1507,11,361.9,UKB,ICN
1508,11,359.3,UKB,ICN
1509,11,357.5,UKB,ICN
1510,11,356.6,UKB,ICN
1511,11,365.7,UKB,ICN
1512,11,362.3,NGO,PUS
1513,11,355.2,NGO,PUS
1514,11,348.4,NGO,PUS
1515,11,342.1,NGO,PUS
1516,11,336.5,NGO,PUS
1517,11,331.6,NGO,PUS
1518,11,327.5,NGO,PUS
1519,11,324.4,NGO,PUS
1520,11,322.4,NGO,PUS
1521,11,321.6,NGO,PUS
1522,11,322.0,NGO,PUS
1523,11,323.6,NGO,PUS
1524,11,326.3,NGO,PUS
1525,11,330.1,NGO,PUS
1526,11,334.7,NGO,PUS
1527,11,340.1,NGO,PUS
1528,11,346.2,NGO,PUS
1529,11,352.8,NGO,PUS
1530,11,359.8,NGO,PUS
1531,11,362.1,FSZ,ICN
1532,11,359.3,FSZ,ICN
1533,11,357.6,FSZ,ICN
1534,11,356.9,FSZ,ICN
1535,11,357.4,FSZ,ICN
1536,11,359.0,FSZ,ICN
1537,11,361.6,FSZ,ICN
1538,11,365.2,FSZ,ICN
1539,11,369.6,FSZ,ICN
1540,11,365.4,HND,GMP
1541,11,355.7,HND,GMP
1542,11,346.0,HND,GMP
1543,11,336.3,HND,GMP
1544,11,326.6,HND,GMP
1545,11,316.9,HND,GMP
1546,11,307.1,HND,GMP
1547,11,297.4,HND,GMP
1548,11,287.7,HND,GMP
1549,11,279.7,HND,GMP
1550,11,301.9,NRT,PUS
1551,11,295.7,NRT,PUS
1552,11,291.9,NRT,PUS
1553,11,291.7,NRT,PUS
1554,11,356.8,YGJ,ICN
1555,11,366.4,YGJ,ICN
1556,11,372.7,OKJ,ICN
1557,11,371.5,UKB,ICN
1558,11,369.1,UKB,ICN
1559,11,367.4,UKB,ICN
1560,11,366.6,UKB,ICN
1561,11,346.3,KMQ,ICN
1562,11,343.2,KMQ,ICN
1563,11,341.0,KMQ,ICN
1564,11,340.0,KMQ,ICN
1565,11,336.9,NGO,PUS
1566,11,334.1,NGO,PUS
1567,11,332.3,NGO,PUS
1568,11,331.6,NGO,PUS
1569,11,332.0,NGO,PUS
1570,11,333.4,NGO,PUS
1571,11,335.8,NGO,PUS
1572,11,339.2,NGO,PUS
1573,11,343.4,NGO,PUS
1574,11,348.4,NGO,PUS
1575,11,354.0,NGO,PUS
1576,11,360.1,NGO,PUS
1577,11,366.8,NGO,PUS
1578,11,371.6,FSZ,ICN
1579,11,369.1,FSZ,ICN
1580,11,367.5,FSZ,ICN
1581,11,366.9,FSZ,ICN
1582,11,367.4,FSZ,ICN
1583,11,368.8,FSZ,ICN
1584,11,371.1,FSZ,ICN
1585,11,374.4,FSZ,ICN
1586,11,375.7,HND,GMP
1587,11,366.1,HND,GMP
1588,11,356.4,HND,GMP
1589,11,346.8,HND,GMP
1590,11,337.3,HND,GMP
1591,11,327.8,HND,GMP
1592,11,318.4,HND,GMP
1593,11,309.1,HND,GMP
1594,11,300.3,HND,GMP
1595,11,292.8,HND,GMP
1596,11,289.5,HND,GMP
1597,11,293.6,HND,GMP
1598,11,295.9,NRT,PUS
1599,11,288.0,NRT,PUS
1600,11,282.3,NRT,PUS
1601,11,282.0,NRT,PUS
1602,11,287.4,NRT,PUS
1603,11,376.6,UKB,ICN
1604,11,333.6,KMQ,ICN
1605,11,331.2,KMQ,ICN
1606,11,329.9,KMQ,ICN
1607,11,330.0,KMQ,ICN
1608,11,331.3,KMQ,ICN
1609,11,333.8,KMQ,ICN
1610,11,337.4,KMQ,ICN
1611,11,341.9,NGO,PUS
1612,11,343.2,NGO,PUS
1613,11,345.4,NGO,PUS
1614,11,348.5,NGO,PUS
1615,11,352.3,NGO,PUS
1616,11,356.9,NGO,PUS
1617,11,362.1,NGO,PUS
1618,11,367.8,NGO,PUS
1619,11,374.1,NGO,PUS
1620,11,379.6,TOY,ICN
1621,11,378.9,FSZ,ICN
1622,11,377.5,FSZ,ICN
1623,11,377.0,FSZ,ICN
1624,11,377.3,FSZ,ICN
1625,11,378.6,FSZ,ICN
1626,11,380.8,FSZ,ICN
1627,11,383.7,FSZ,ICN
1628,11,377.3,HND,GMP
1629,11,367.8,HND,GMP
1630,11,358.4,HND,GMP
1631,11,349.1,HND,GMP
1632,11,339.9,HND,GMP
1633,11,330.9,HND,GMP
1634,11,322.2,HND,GMP
1635,11,314.0,HND,GMP
1636,11,306.7,HND,GMP
1637,11,301.4,HND,GMP
1638,11,299.5,HND,GMP
1639,11,301.9,HND,GMP
1640,11,302.4,NRT,PUS
1641,11,292.7,NRT,PUS
1642,11,283.2,NRT,PUS
1643,11,274.1,NRT,PUS
1644,11,273.5,NRT,PUS
1645,11,282.4,NRT,PUS
1646,11,291.9,NRT,PUS
1647,11,301.6,NRT,PUS
1648,11,324.1,KMQ,ICN
1649,11,321.4,KMQ,ICN
1650,11,320.0,KMQ,ICN
1651,11,320.0,KMQ,ICN
1652,11,321.5,KMQ,ICN
1653,11,324.4,KMQ,ICN
1654,11,328.5,KMQ,ICN
1655,11,333.5,KMQ,ICN
1656,11,339.4,KMQ,ICN
1657,11,346.0,KMQ,ICN
1658,11,353.0,TOY,ICN
1659,11,353.8,TOY,ICN
1660,11,355.5,TOY,ICN
1661,11,358.2,TOY,ICN
1662,11,361.8,TOY,ICN
1663,11,366.1,TOY,ICN
1664,11,371.1,TOY,ICN
1665,11,376.7,TOY,ICN
1666,11,382.8,TOY,ICN
1667,11,387.0,FSZ,ICN
1668,11,387.3,FSZ,ICN
1669,11,388.5,FSZ,ICN
1670,11,390.5,FSZ,ICN
1671,11,389.1,HND,GMP
1672,11,379.8,HND,GMP
1673,11,370.6,HND,GMP
1674,11,361.6,HND,GMP
1675,11,352.7,HND,GMP
1676,11,344.0,HND,GMP
1677,11,335.6,HND,GMP
1678,11,327.8,HND,GMP
1679,11,320.7,HND,GMP
1680,11,314.8,HND,GMP
1681,11,310.9,HND,GMP
1682,11,309.6,HND,GMP
1683,11,311.2,HND,GMP
1684,11,302.8,NRT,PUS
1685,11,293.4,NRT,PUS
1686,11,284.2,NRT,PUS
1687,11,276.3,NRT,PUS
1688,11,275.9,NRT,PUS
1689,11,283.5,NRT,PUS
1690,11,292.6,NRT,PUS
1691,11,302.0,NRT,PUS
1692,11,319.4,KMQ,ICN
1693,11,314.9,KMQ,ICN
1694,11,311.6,KMQ,ICN
1695,11,310.0,KMQ,ICN
1696,11,310.0,KMQ,ICN
1697,11,311.8,KMQ,ICN
1698,11,315.2,KMQ,ICN
1699,11,319.8,KMQ,ICN
1700,11,325.5,KMQ,ICN
1701,11,332.0,KMQ,ICN
1702,11,339.2,KMQ,ICN
1703,11,343.0,TOY,ICN
1704,11,343.8,TOY,ICN
1705,11,345.8,TOY,ICN
1706,11,348.8,TOY,ICN
1707,11,352.7,TOY,ICN
1708,11,357.5,TOY,ICN
1709,11,362.9,TOY,ICN
1710,11,368.9,TOY,ICN
1711,11,375.4,TOY,ICN
1712,11,382.4,TOY,ICN
1713,11,389.7,TOY,ICN
1714,11,397.2,TOY,ICN
1715,11,400.2,FSZ,ICN
1716,11,392.3,HND,GMP
1717,11,383.3,HND,GMP
1718,11,374.4,HND,GMP
1719,11,365.8,HND,GMP
1720,11,357.3,HND,GMP
1721,11,349.2,HND,GMP
1722,11,341.6,HND,GMP
1723,11,334.6,HND,GMP
1724,11,328.5,HND,GMP
1725,11,323.7,HND,GMP
1726,11,320.6,HND,GMP
1727,11,319.6,HND,GMP
1728,11,314.9,NRT,PUS
1729,11,306.0,NRT,PUS
1730,11,297.6,NRT,PUS
1731,11,290.2,NRT,PUS
1732,11,285.3,NRT,PUS
1733,11,285.1,NRT,PUS
1734,11,289.7,NRT,PUS
1735,11,296.9,NRT,PUS
1736,11,298.8,YGJ,ICN
1737,11,311.2,KMQ,ICN
1738,11,305.9,KMQ,ICN
1739,11,302.0,KMQ,ICN
1740,11,300.0,KMQ,ICN
1741,11,300.1,KMQ,ICN
1742,11,302.2,KMQ,ICN
1743,11,306.2,KMQ,ICN
1744,11,311.7,KMQ,ICN
1745,11,318.1,KMQ,ICN
1746,11,325.3,KMQ,ICN
1747,11,333.1,KMQ,ICN
1748,11,333.0,TOY,ICN
1749,11,334.0,TOY,ICN
1750,11,336.2,TOY,ICN
1751,11,339.6,TOY,ICN
1752,11,343.9,TOY,ICN
1753,11,349.1,TOY,ICN
1754,11,355.0,TOY,ICN
1755,11,361.5,TOY,ICN
1756,11,368.5,TOY,ICN
1757,11,375.8,TOY,ICN
1758,11,383.5,TOY,ICN
1759,11,391.4,TOY,ICN
1760,11,399.6,TOY,ICN
1761,11,396.2,HND,GMP
1762,11,387.5,HND,GMP
1763,11,379.1,HND,GMP
1764,11,370.9,HND,GMP
1765,11,363.0,HND,GMP
1766,11,355.5,HND,GMP
1767,11,348.5,HND,GMP
1768,11,342.3,HND,GMP
1769,11,337.0,HND,GMP
1770,11,332.9,HND,GMP
1771,11,330.4,HND,GMP
1772,11,327.8,NRT,PUS
1773,11,319.3,NRT,PUS
1774,11,311.3,NRT,PUS
1775,11,304.1,NRT,PUS
1776,11,298.4,NRT,PUS
1777,11,295.0,NRT,PUS
1778,11,294.9,NRT,PUS
1779,11,298.0,NRT,PUS
1780,11,308.3,YGJ,ICN
1781,11,303.7,KMQ,ICN
1782,11,297.4,KMQ,ICN
1783,11,292.6,KMQ,ICN
1784,11,290.0,KMQ,ICN
1785,11,290.1,KMQ,ICN
1786,11,292.9,KMQ,ICN
1787,11,297.8,KMQ,ICN
1788,11,304.2,KMQ,ICN
1789,11,311.6,KMQ,ICN
1790,11,319.5,KMQ,ICN
1791,11,323.3,TOY,ICN
1792,11,323.0,TOY,ICN
1793,11,324.1,TOY,ICN
1794,11,326.7,TOY,ICN
1795,11,330.5,TOY,ICN
1796,11,335.4,TOY,ICN
1797,11,341.2,TOY,ICN
1798,11,347.6,TOY,ICN
1799,11,354.6,TOY,ICN
1800,11,362.0,TOY,ICN
1801,11,369.8,TOY,ICN
1802,11,377.9,TOY,ICN
1803,11,386.2,TOY,ICN
1804,11,394.6,TOY,ICN
1805,11,400.8,HND,GMP
1806,11,392.5,HND,GMP
1807,11,384.5,HND,GMP
1808,11,376.7,HND,GMP
1809,11,369.3,HND,GMP
1810,11,362.4,HND,GMP
1811,11,356.1,HND,GMP
1812,11,350.5,HND,GMP
1813,11,345.9,HND,GMP
1814,11,342.4,HND,GMP
1815,11,340.3,HND,GMP
1816,11,332.8,NRT,PUS
1817,11,325.1,NRT,PUS
1818,11,318.1,NRT,PUS
1819,11,312.0,NRT,PUS
1820,11,303.2,IBR,ICN
1821,11,295.7,IBR,ICN
1822,11,293.2,IBR,ICN
1823,11,298.7,IBR,ICN
1824,11,289.8,KMQ,ICN
1825,11,283.7,KMQ,ICN
1826,11,280.2,KMQ,ICN
1827,11,280.3,KMQ,ICN
1828,11,284.1,KMQ,ICN
1829,11,290.3,KMQ,ICN
1830,11,297.9,KMQ,ICN
1831,11,306.2,KMQ,ICN
1832,11,314.9,KMQ,ICN
1833,11,313.4,TOY,ICN
1834,11,312.9,TOY,ICN
1835,11,314.3,TOY,ICN
1836,11,317.3,TOY,ICN
1837,11,321.8,TOY,ICN
1838,11,327.3,TOY,ICN
1839,11,333.7,TOY,ICN
1840,11,340.8,TOY,ICN
1841,11,348.3,TOY,ICN
1842,11,356.2,TOY,ICN
1843,11,364.4,TOY,ICN
1844,11,372.9,TOY,ICN
1845,11,381.5,TOY,ICN
1846,11,390.2,TOY,ICN
1847,11,399.1,TOY,ICN
1848,11,398.1,HND,GMP
1849,11,390.5,HND,GMP
1850,11,383.2,HND,GMP
1851,11,376.3,HND,GMP
1852,11,369.9,HND,GMP
1853,11,364.2,HND,GMP
1854,11,359.2,HND,GMP
1855,11,355.1,HND,GMP
1856,11,352.1,HND,GMP
1857,11,346.5,NRT,PUS
1858,11,338.9,NRT,PUS
1859,11,329.8,IBR,ICN
1860,11,320.2,IBR,ICN
1861,11,310.6,IBR,ICN
1862,11,300.9,IBR,ICN
1863,11,291.3,IBR,ICN
1864,11,286.0,IBR,ICN
1865,11,295.5,IBR,ICN
1866,11,325.8,YGJ,ICN
1867,11,326.4,YGJ,ICN
1868,11,275.9,KMQ,ICN
1869,11,270.5,KMQ,ICN
1870,11,270.7,KMQ,ICN
1871,11,276.5,KMQ,ICN
1872,11,284.5,KMQ,ICN
1873,11,293.3,KMQ,ICN
1874,11,302.4,KMQ,ICN
1875,11,306.1,TOY,ICN
1876,11,303.5,TOY,ICN
1877,11,302.9,TOY,ICN
1878,11,304.6,TOY,ICN
1879,11,308.3,TOY,ICN
1880,11,313.5,TOY,ICN
1881,11,319.8,TOY,ICN
1882,11,326.9,TOY,ICN
1883,11,334.6,TOY,ICN
1884,11,342.8,TOY,ICN
1885,11,351.2,TOY,ICN
1886,11,359.8,TOY,ICN
1887,11,368.6,TOY,ICN
1888,11,377.5,TOY,ICN
1889,11,386.5,TOY,ICN
1890,11,395.6,TOY,ICN
1891,11,404.3,HND,GMP
1892,11,397.1,HND,GMP
1893,11,390.2,HND,GMP
1894,11,383.8,HND,GMP
1895,11,377.9,HND,GMP
1896,11,372.7,HND,GMP
1897,11,368.1,HND,GMP
1898,11,364.5,HND,GMP
1899,11,359.5,IBR,ICN
1900,11,349.9,IBR,ICN
1901,11,340.5,IBR,ICN
1902,11,331.0,IBR,ICN
1903,11,321.7,IBR,ICN
1904,11,312.6,IBR,ICN
1905,11,304.0,IBR,ICN
1906,11,296.9,IBR,ICN
1907,11,294.7,IBR,ICN
1908,11,299.7,IBR,ICN
1909,11,262.2,KMQ,ICN
1910,11,262.8,KMQ,ICN
1911,11,272.0,KMQ,ICN
1912,11,281.5,KMQ,ICN
1913,11,291.1,KMQ,ICN
1914,11,300.6,KMQ,ICN
1915,11,297.0,TOY,ICN
1916,11,293.6,TOY,ICN
1917,11,293.0,TOY,ICN
1918,11,295.1,TOY,ICN
1919,11,299.7,TOY,ICN
1920,11,305.9,TOY,ICN
1921,11,313.2,TOY,ICN
1922,11,321.1,TOY,ICN
1923,11,329.5,TOY,ICN
1924,11,338.1,TOY,ICN
1925,11,347.0,TOY,ICN
1926,11,356.0,TOY,ICN
1927,11,365.1,TOY,ICN
1928,11,374.3,TOY,ICN
1929,11,383.5,TOY,ICN
1930,11,392.8,TOY,ICN
1931,11,402.2,TOY,ICN
1932,11,404.1,HND,GMP
1933,11,397.7,HND,GMP
1934,11,391.7,HND,GMP
1935,11,386.2,HND,GMP
1936,11,381.4,HND,GMP
1937,11,377.3,HND,GMP
1938,11,370.8,IBR,ICN
1939,11,361.5,IBR,ICN
1940,11,352.3,IBR,ICN
1941,11,343.2,IBR,ICN
1942,11,334.3,IBR,ICN
1943,11,325.7,IBR,ICN
1944,11,317.7,IBR,ICN
1945,11,310.7,IBR,ICN
1946,11,305.9,IBR,ICN
1947,11,304.7,IBR,ICN
1948,11,307.6,IBR,ICN
1949,11,265.9,KMQ,ICN
1950,11,273.4,KMQ,ICN
1951,11,282.4,KMQ,ICN
1952,11,291.7,KMQ,ICN
1953,11,295.4,TOY,ICN
1954,11,288.6,TOY,ICN
1955,11,284.0,TOY,ICN
1956,11,283.0,TOY,ICN
1957,11,286.1,TOY,ICN
1958,11,292.0,TOY,ICN
1959,11,299.5,TOY,ICN
1960,11,307.8,TOY,ICN
1961,11,316.5,TOY,ICN
1962,11,325.5,TOY,ICN
1963,11,334.6,TOY,ICN
1964,11,343.8,TOY,ICN
1965,11,353.1,TOY,ICN
1966,11,362.5,TOY,ICN
1967,11,371.9,TOY,ICN
1968,11,381.3,TOY,ICN
1969,11,390.8,TOY,ICN
1970,11,400.2,TOY,ICN
1971,11,409.7,TOY,ICN
1972,11,405.5,HND,GMP
1973,11,399.9,HND,GMP
1974,11,394.8,HND,GMP
1975,11,390.4,HND,GMP
1976,11,382.8,IBR,ICN
1977,11,373.7,IBR,ICN
1978,11,364.7,IBR,ICN
1979,11,355.9,IBR,ICN
1980,11,347.3,IBR,ICN
1981,11,339.1,IBR,ICN
1982,11,331.4,IBR,ICN
1983,11,324.6,IBR,ICN
1984,11,319.0,IBR,ICN
1985,11,315.5,IBR,ICN
1986,11,314.7,IBR,ICN
1987,11,316.7,IBR,ICN
1988,11,279.7,KMQ,ICN
1989,11,286.8,KMQ,ICN
1990,11,295.0,KMQ,ICN
1991,11,290.2,TOY,ICN
1992,11,281.7,TOY,ICN
1993,11,274.8,TOY,ICN
1994,11,273.1,TOY,ICN
1995,11,278.2,TOY,ICN
1996,11,286.1,TOY,ICN
1997,11,295.0,TOY,ICN
1998,11,304.1,TOY,ICN
1999,11,313.5,TOY,ICN
2000,11,322.9,TOY,ICN
2001,11,332.3,TOY,ICN
2002,11,341.8,TOY,ICN
2003,11,351.3,TOY,ICN
2004,11,360.8,TOY,ICN
2005,11,370.3,TOY,ICN
2006,11,379.9,TOY,ICN
2007,11,389.4,TOY,ICN
2008,11,399.0,TOY,ICN
2009,11,408.5,TOY,ICN
2010,11,413.6,HND,GMP
2011,11,408.3,HND,GMP
2012,11,403.6,HND,GMP
2013,11,395.2,IBR,ICN
2014,11,386.3,IBR,ICN
2015,11,377.5,IBR,ICN
2016,11,369.0,IBR,ICN
2017,11,360.7,IBR,ICN
2018,11,352.7,IBR,ICN
2019,11,345.2,IBR,ICN
2020,11,338.4,IBR,ICN
2021,11,332.6,IBR,ICN
2022,11,328.0,IBR,ICN
2023,11,325.3,IBR,ICN
2024,11,324.7,IBR,ICN
2025,11,326.2,IBR,ICN
2026,11,293.5,KMQ,ICN
2027,11,297.5,TOY,ICN
2028,11,287.9,TOY,ICN
2029,11,278.4,TOY,ICN
2030,11,268.8,TOY,ICN
2031,11,264.5,TOY,ICN
2032,11,273.9,TOY,ICN
2033,11,283.5,TOY,ICN
2034,11,293.1,TOY,ICN
2035,11,302.7,TOY,ICN
2036,11,312.2,TOY,ICN
2037,11,321.8,TOY,ICN
2038,11,331.4,TOY,ICN
2039,11,341.0,TOY,ICN
2040,11,350.6,TOY,ICN
2041,11,360.1,TOY,ICN
2042,11,369.7,TOY,ICN
2043,11,379.3,TOY,ICN
2044,11,388.9,TOY,ICN
2045,11,398.5,TOY,ICN
2046,11,408.0,TOY,ICN
2047,11,417.6,TOY,ICN
2048,11,416.7,IBR,ICN
2049,11,407.9,IBR,ICN
2050,11,399.2,IBR,ICN
2051,11,390.6,IBR,ICN
2052,11,382.3,IBR,ICN
2053,11,374.2,IBR,ICN
2054,11,366.4,IBR,ICN
2055,11,359.1,IBR,ICN
2056,11,352.3,IBR,ICN
2057,11,346.3,IBR,ICN
2058,11,341.2,IBR,ICN
2059,11,337.4,IBR,ICN
2060,11,335.2,IBR,ICN
2061,11,334.7,IBR,ICN
2062,11,335.9,IBR,ICN
2063,11,338.9,IBR,ICN
2064,11,298.6,TOY,ICN
2065,11,289.4,TOY,ICN
2066,11,280.6,TOY,ICN
2067,11,273.1,TOY,ICN
2068,11,271.1,TOY,ICN
2069,11,276.8,TOY,ICN
2070,11,285.2,TOY,ICN
2071,11,294.3,TOY,ICN
2072,11,303.6,TOY,ICN
2073,11,313.0,TOY,ICN
2074,11,322.4,TOY,ICN
2075,11,331.9,TOY,ICN
2076,11,341.4,TOY,ICN
2077,11,350.9,TOY,ICN
2078,11,360.5,TOY,ICN
2079,11,370.0,TOY,ICN
2080,11,379.6,TOY,ICN
2081,11,389.1,TOY,ICN
2082,11,398.7,TOY,ICN
2083,11,408.2,TOY,ICN
2084,11,410.7,KIJ,ICN
2085,11,409.9,KIJ,ICN
2086,11,409.8,KIJ,ICN
2087,11,403.9,IBR,ICN
2088,11,395.7,IBR,ICN
2089,11,387.8,IBR,ICN
2090,11,380.1,IBR,ICN
2091,11,372.9,IBR,ICN
2092,11,366.1,IBR,ICN
2093,11,360.0,IBR,ICN
2094,11,354.6,IBR,ICN
2095,11,350.2,IBR,ICN
2096,11,347.0,IBR,ICN
2097,11,345.1,IBR,ICN
2098,11,344.7,IBR,ICN
2099,11,345.7,IBR,ICN
2100,11,348.3,IBR,ICN
2101,11,302.2,TOY,ICN
2102,11,294.0,TOY,ICN
2103,11,286.9,TOY,ICN
2104,11,290.6,TOY,ICN
2105,11,298.3,TOY,ICN
2106,11,306.8,TOY,ICN
2107,11,315.6,TOY,ICN
2108,11,324.7,TOY,ICN
2109,11,333.8,TOY,ICN
2110,11,343.1,TOY,ICN
2111,11,352.5,TOY,ICN
2112,11,361.8,TOY,ICN
2113,11,371.2,TOY,ICN
2114,11,380.7,TOY,ICN
2115,11,390.1,TOY,ICN
2116,11,399.6,TOY,ICN
2117,11,402.3,KIJ,ICN
2118,11,400.7,KIJ,ICN
2119,11,399.9,KIJ,ICN
2120,11,399.8,KIJ,ICN
2121,11,400.4,KIJ,ICN
2122,11,401.4,IBR,ICN
2123,11,393.9,IBR,ICN
2124,11,386.7,IBR,ICN
2125,11,380.0,IBR,ICN
2126,11,373.8,IBR,ICN
2127,11,368.2,IBR,ICN
2128,11,363.4,IBR,ICN
2129,11,359.5,IBR,ICN
2130,11,356.7,IBR,ICN
2131,11,355.0,IBR,ICN
2132,11,354.7,IBR,ICN
2133,11,355.6,IBR,ICN
2134,11,357.8,IBR,ICN
2135,11,361.1,IBR,ICN
2136,11,307.7,TOY,ICN
2137,11,300.8,TOY,ICN
2138,11,295.1,TOY,ICN
2139,11,298.0,TOY,ICN
2140,11,304.4,TOY,ICN
2141,11,311.8,TOY,ICN
2142,11,319.9,TOY,ICN
2143,11,328.3,TOY,ICN
2144,11,337.1,TOY,ICN
2145,11,346.0,TOY,ICN
2146,11,355.0,TOY,ICN
2147,11,364.1,TOY,ICN
2148,11,373.4,TOY,ICN
2149,11,382.6,TOY,ICN
2150,11,391.9,TOY,ICN
2151,11,394.8,KIJ,ICN
2152,11,392.5,KIJ,ICN
2153,11,390.8,KIJ,ICN
2154,11,389.9,KIJ,ICN
2155,11,389.8,KIJ,ICN
2156,11,390.5,KIJ,ICN
2157,11,391.9,KIJ,ICN
2158,11,394.0,KIJ,ICN
2159,11,393.8,IBR,ICN
2160,11,387.6,IBR,ICN
2161,11,381.8,IBR,ICN
2162,11,376.8,IBR,ICN
2163,11,372.4,IBR,ICN
2164,11,369.0,IBR,ICN
2165,11,366.5,IBR,ICN
2166,11,365.0,IBR,ICN
2167,11,364.7,IBR,ICN
2168,11,365.5,IBR,ICN
2169,11,367.4,IBR,ICN
2170,11,370.4,IBR,ICN
2171,11,314.6,TOY,ICN
2172,11,308.7,TOY,ICN
2173,11,304.1,TOY,ICN
2174,11,325.5,TOY,ICN
2175,11,333.2,TOY,ICN
2176,11,341.4,TOY,ICN
2177,11,349.9,TOY,ICN
2178,11,358.6,TOY,ICN
2179,11,367.4,TOY,ICN
2180,11,376.3,TOY,ICN
2181,11,385.3,TOY,ICN
2182,11,388.5,KIJ,ICN
2183,11,385.2,KIJ,ICN
2184,11,382.7,KIJ,ICN
2185,11,380.9,KIJ,ICN
2186,11,379.9,KIJ,ICN
2187,11,379.8,KIJ,ICN
2188,11,380.5,KIJ,ICN
2189,11,382.0,KIJ,ICN
2190,11,384.4,KIJ,ICN
2191,11,387.4,KIJ,ICN
2192,11,391.2,KIJ,ICN
2193,11,390.2,IBR,ICN
2194,11,385.6,IBR,ICN
2195,11,381.6,IBR,ICN
2196,11,378.5,IBR,ICN
2197,11,376.3,IBR,ICN
2198,11,375.0,IBR,ICN
2199,11,374.7,IBR,ICN
2200,11,375.4,IBR,ICN
2201,11,377.1,IBR,ICN
2202,11,379.8,IBR,ICN
2203,11,383.3,IBR,ICN
2204,11,387.5,IBR,ICN
2205,11,322.4,TOY,ICN
2206,11,346.7,TOY,ICN
2207,11,354.7,TOY,ICN
2208,11,363.0,TOY,ICN
2209,11,371.4,TOY,ICN
2210,11,380.0,TOY,ICN
2211,11,383.6,KIJ,ICN
2212,11,379.3,KIJ,ICN
2213,11,375.8,KIJ,ICN
2214,11,373.0,KIJ,ICN
2215,11,371.0,KIJ,ICN
2216,11,369.9,KIJ,ICN
2217,11,369.8,KIJ,ICN
2218,11,370.6,KIJ,ICN
2219,11,372.3,KIJ,ICN
2220,11,374.8,KIJ,ICN
2221,11,378.2,KIJ,ICN
2222,11,382.2,KIJ,ICN
2223,11,387.0,KIJ,ICN
2224,11,392.2,KIJ,ICN
2225,11,391.0,IBR,ICN
2226,11,388.2,IBR,ICN
2227,11,386.1,IBR,ICN
2228,11,385.0,IBR,ICN
2229,11,384.7,IBR,ICN
2230,11,385.4,IBR,ICN
2231,11,386.9,IBR,ICN
2232,11,389.3,IBR,ICN
2233,11,392.5,IBR,ICN
2234,11,396.4,IBR,ICN
2235,11,336.1,TOY,ICN
2236,11,330.7,TOY,ICN
2237,11,326.3,TOY,ICN
2238,11,376.2,TOY,ICN
2239,11,380.3,KIJ,ICN
2240,11,375.0,KIJ,ICN
2241,11,370.3,KIJ,ICN
2242,11,366.4,KIJ,ICN
2243,11,363.3,KIJ,ICN
2244,11,361.1,KIJ,ICN
2245,11,359.9,KIJ,ICN
2246,11,359.8,KIJ,ICN
2247,11,360.6,KIJ,ICN
2248,11,362.5,KIJ,ICN
2249,11,365.3,KIJ,ICN
2250,11,369.0,KIJ,ICN
2251,11,373.5,KIJ,ICN
2252,11,378.6,KIJ,ICN
2253,11,384.3,KIJ,ICN
2254,11,390.4,KIJ,ICN
2255,11,397.0,KIJ,ICN
2256,11,396.0,IBR,ICN
2257,11,395.0,IBR,ICN
2258,11,394.7,IBR,ICN
2259,11,395.3,IBR,ICN
2260,11,394.7,SDJ,ICN
2261,11,393.0,SDJ,ICN
2262,11,392.2,SDJ,ICN
2263,11,392.3,SDJ,ICN
2264,11,339.4,TOY,ICN
2265,11,335.6,TOY,ICN
2266,11,332.8,TOY,ICN
2267,11,372.3,KIJ,ICN
2268,11,366.6,KIJ,ICN
2269,11,361.5,KIJ,ICN
2270,11,357.2,KIJ,ICN
2271,11,353.7,KIJ,ICN
2272,11,351.3,KIJ,ICN
2273,11,349.9,KIJ,ICN
2274,11,349.8,KIJ,ICN
2275,11,350.7,KIJ,ICN
2276,11,352.9,KIJ,ICN
2277,11,356.0,KIJ,ICN
2278,11,360.1,KIJ,ICN
2279,11,364.9,KIJ,ICN
2280,11,370.5,KIJ,ICN
2281,11,376.6,KIJ,ICN
2282,11,383.2,KIJ,ICN
2283,11,390.2,KIJ,ICN
2284,11,397.5,KIJ,ICN
2285,11,395.0,SDJ,ICN
2286,11,390.9,SDJ,ICN
2287,11,387.5,SDJ,ICN
2288,11,384.9,SDJ,ICN
2289,11,383.1,SDJ,ICN
2290,11,382.2,SDJ,ICN
2291,11,382.3,SDJ,ICN
2292,11,348.5,TOY,ICN
2293,11,345.0,TOY,ICN
2294,11,342.5,TOY,ICN
2295,11,341.1,TOY,ICN
2296,11,340.9,TOY,ICN
2297,11,353.0,KIJ,ICN
2298,11,348.2,KIJ,ICN
2299,11,344.3,KIJ,ICN
2300,11,341.5,KIJ,ICN
2301,11,340.0,KIJ,ICN
2302,11,339.7,KIJ,ICN
2303,11,340.9,KIJ,ICN
2304,11,343.3,KIJ,ICN
2305,11,346.8,KIJ,ICN
2306,11,351.4,KIJ,ICN
2307,11,356.8,KIJ,ICN
2308,11,362.8,KIJ,ICN
2309,11,369.4,KIJ,ICN
2310,11,376.5,KIJ,ICN
2311,11,383.9,KIJ,ICN
2312,11,391.4,SDJ,ICN
2313,11,386.3,SDJ,ICN
2314,11,381.8,SDJ,ICN
2315,11,378.1,SDJ,ICN
2316,11,375.2,SDJ,ICN
2317,11,373.2,SDJ,ICN
2318,11,372.2,SDJ,ICN
2319,11,372.3,SDJ,ICN
2320,11,351.1,TOY,ICN
2321,11,350.9,TOY,ICN
2322,11,351.7,TOY,ICN
2323,11,344.8,KIJ,ICN
2324,11,339.4,KIJ,ICN
2325,11,335.0,KIJ,ICN
2326,11,331.8,KIJ,ICN
2327,11,330.0,KIJ,ICN
2328,11,329.7,KIJ,ICN
2329,11,331.1,KIJ,ICN
2330,11,333.9,KIJ,ICN
2331,11,337.9,KIJ,ICN
2332,11,343.1,KIJ,ICN
2333,11,349.0,KIJ,ICN
2334,11,355.7,KIJ,ICN
2335,11,362.8,KIJ,ICN
2336,11,370.3,KIJ,ICN
2337,11,378.2,KIJ,ICN
2338,11,383.4,SDJ,ICN
2339,11,377.8,SDJ,ICN
2340,11,372.9,SDJ,ICN
2341,11,368.8,SDJ,ICN
2342,11,365.5,SDJ,ICN
2343,11,363.3,SDJ,ICN
2344,11,362.2,SDJ,ICN
2345,11,362.3,SDJ,ICN
2346,11,331.1,KIJ,ICN
2347,11,326.0,KIJ,ICN
2348,11,322.2,KIJ,ICN
2349,11,320.0,KIJ,ICN
2350,11,319.7,KIJ,ICN
2351,11,321.4,KIJ,ICN
2352,11,324.7,KIJ,ICN
2353,11,329.4,KIJ,ICN
2354,11,335.3,KIJ,ICN
2355,11,341.9,KIJ,ICN
2356,11,349.1,KIJ,ICN
2357,11,356.8,KIJ,ICN
2358,11,364.8,KIJ,ICN
2359,11,373.1,KIJ,ICN
2360,11,375.7,SDJ,ICN
2361,11,369.7,SDJ,ICN
2362,11,364.2,SDJ,ICN
2363,11,359.6,SDJ,ICN
2364,11,356.0,SDJ,ICN
2365,11,353.5,SDJ,ICN
2366,11,352.2,SDJ,ICN
2367,11,352.3,SDJ,ICN
2368,11,317.5,KIJ,ICN
2369,11,312.9,KIJ,ICN
2370,11,310.1,KIJ,ICN
2371,11,309.8,KIJ,ICN
2372,11,311.8,KIJ,ICN
2373,11,315.9,KIJ,ICN
2374,11,321.5,KIJ,ICN
2375,11,328.2,KIJ,ICN
2376,11,335.6,KIJ,ICN
2377,11,343.5,KIJ,ICN
2378,11,351.7,KIJ,ICN
2379,11,360.2,KIJ,ICN
2380,11,368.8,KIJ,ICN
2381,11,368.6,SDJ,ICN
2382,11,361.9,SDJ,ICN
2383,11,356.0,SDJ,ICN
2384,11,350.8,SDJ,ICN
2385,11,346.6,SDJ,ICN
2386,11,343.7,SDJ,ICN
2387,11,342.2,SDJ,ICN
2388,11,342.3,SDJ,ICN
2389,11,309.7,KIJ,ICN
2390,11,303.9,KIJ,ICN
2391,11,300.3,KIJ,ICN
2392,11,299.8,KIJ,ICN
2393,11,302.5,KIJ,ICN
2394,11,307.7,KIJ,ICN
2395,11,314.5,KIJ,ICN
2396,11,322.1,KIJ,ICN
2397,11,330.3,KIJ,ICN
2398,11,338.8,KIJ,ICN
2399,11,347.6,KIJ,ICN
2400,11,356.5,KIJ,ICN
2401,11,365.5,KIJ,ICN
2402,11,362.1,SDJ,ICN
2403,11,354.8,SDJ,ICN
2404,11,348.2,SDJ,ICN
2405,11,342.3,SDJ,ICN
2406,11,337.5,SDJ,ICN
2407,11,334.0,SDJ,ICN
2408,11,332.3,SDJ,ICN
2409,11,332.3,SDJ,ICN
2410,11,295.9,KIJ,ICN
2411,11,290.7,KIJ,ICN
2412,11,289.9,KIJ,ICN
2413,11,294.0,KIJ,ICN
2414,11,300.9,KIJ,ICN
2415,11,308.9,KIJ,ICN
2416,11,317.5,KIJ,ICN
2417,11,326.4,KIJ,ICN
2418,11,335.5,KIJ,ICN
2419,11,344.6,KIJ,ICN
2420,11,353.8,KIJ,ICN
2421,11,363.1,KIJ,ICN
2422,11,356.4,SDJ,ICN
2423,11,348.5,SDJ,ICN
2424,11,341.1,SDJ,ICN
2425,11,334.4,SDJ,ICN
2426,11,328.7,SDJ,ICN
2427,11,324.5,SDJ,ICN
2428,11,322.3,SDJ,ICN
2429,11,322.4,SDJ,ICN
2430,11,345.9,KIJ,ICN
2431,11,336.5,KIJ,ICN
2432,11,282.2,KIJ,ICN
2433,11,280.4,KIJ,ICN
2434,11,287.6,KIJ,ICN
2435,11,296.5,KIJ,ICN
2436,11,305.6,KIJ,ICN
2437,11,314.9,KIJ,ICN
2438,11,324.3,KIJ,ICN
2439,11,333.6,KIJ,ICN
2440,11,343.0,KIJ,ICN
2441,11,352.4,KIJ,ICN
2442,11,360.5,SDJ,ICN
2443,11,351.7,SDJ,ICN
2444,11,343.3,SDJ,ICN
2445,11,335.1,SDJ,ICN
2446,11,327.4,SDJ,ICN
2447,11,320.7,SDJ,ICN
2448,11,315.4,SDJ,ICN
2449,11,312.4,SDJ,ICN
2450,11,336.3,KIJ,ICN
2451,11,326.9,KIJ,ICN
2452,11,286.9,KIJ,ICN
2453,11,296.0,KIJ,ICN
2454,11,305.3,KIJ,ICN
2455,11,314.7,KIJ,ICN
2456,11,324.0,KIJ,ICN
2457,11,333.4,KIJ,ICN
2458,11,342.8,KIJ,ICN
2459,11,352.2,KIJ,ICN
2460,11,357.5,SDJ,ICN
2461,11,348.4,SDJ,ICN
2462,11,339.3,SDJ,ICN
2463,11,330.5,SDJ,ICN
2464,11,321.9,SDJ,ICN
2465,11,313.9,SDJ,ICN
2466,11,306.9,SDJ,ICN
2467,11,302.6,SDJ,ICN
2468,11,346.9,KIJ,ICN
2469,11,337.7,KIJ,ICN
2470,11,299.7,KIJ,ICN
2471,11,308.0,KIJ,ICN
2472,11,316.8,KIJ,ICN
2473,11,325.8,KIJ,ICN
2474,11,334.9,KIJ,ICN
2475,11,344.1,KIJ,ICN
2476,11,353.3,KIJ,ICN
2477,11,355.8,SDJ,ICN
2478,11,346.4,SDJ,ICN
2479,11,337.1,SDJ,ICN
2480,11,327.8,SDJ,ICN
2481,11,318.6,SDJ,ICN
2482,11,309.4,SDJ,ICN
2483,11,300.6,SDJ,ICN
2484,11,293.3,SDJ,ICN
2485,11,340.6,KIJ,ICN
2486,11,313.2,KIJ,ICN
2487,11,321.0,KIJ,ICN
2488,11,329.3,KIJ,ICN
2489,11,337.9,KIJ,ICN
2490,11,346.7,KIJ,ICN
2491,11,355.6,KIJ,ICN
2492,11,355.5,SDJ,ICN
2493,11,346.2,SDJ,ICN
2494,11,336.8,SDJ,ICN
2495,11,327.4,SDJ,ICN
2496,11,318.1,SDJ,ICN
2497,11,308.7,SDJ,ICN
2498,11,299.5,SDJ,ICN
2499,11,290.9,SDJ,ICN
2500,11,336.7,KIJ,ICN
2501,11,319.9,KIJ,ICN
2502,11,326.7,KIJ,ICN
2503,11,334.3,KIJ,ICN
2504,11,342.2,KIJ,ICN
2505,11,350.5,KIJ,ICN
2506,11,359.1,KIJ,ICN
2507,11,356.7,SDJ,ICN
2508,11,347.5,SDJ,ICN
2509,11,338.4,SDJ,ICN
2510,11,329.4,SDJ,ICN
2511,11,320.5,SDJ,ICN
2512,11,312.1,SDJ,ICN
2513,11,304.6,SDJ,ICN
2514,11,299.5,SDJ,ICN
2515,11,299.7,SDJ,ICN
2516,11,327.7,KIJ,ICN
2517,11,333.6,KIJ,ICN
2518,11,340.4,KIJ,ICN
2519,11,347.7,KIJ,ICN
2520,11,355.4,KIJ,ICN
2521,11,363.5,KIJ,ICN
2522,11,359.2,SDJ,ICN
2523,11,350.4,SDJ,ICN
2524,11,341.7,SDJ,ICN
2525,11,333.4,SDJ,ICN
2526,11,325.4,SDJ,ICN
2527,11,318.3,SDJ,ICN
2528,11,312.6,SDJ,ICN
2529,11,309.2,SDJ,ICN
2530,11,309.4,SDJ,ICN
2531,11,342.4,SDJ,ICN
2532,11,341.3,KIJ,ICN
2533,11,347.3,KIJ,ICN
2534,11,354.0,KIJ,ICN
2535,11,361.2,KIJ,ICN
2536,11,368.8,KIJ,ICN
2537,11,362.9,SDJ,ICN
2538,11,354.6,SDJ,ICN
2539,11,346.5,SDJ,ICN
2540,11,338.9,SDJ,ICN
2541,11,332.0,SDJ,ICN
2542,11,326.0,SDJ,ICN
2543,11,321.6,SDJ,ICN
2544,11,319.1,SDJ,ICN
2545,11,319.2,SDJ,ICN
2546,11,321.8,SDJ,ICN
2547,11,326.5,SDJ,ICN
2548,11,332.5,SDJ,ICN
2549,11,339.5,SDJ,ICN
2550,11,349.5,KIJ,ICN
2551,11,355.0,KIJ,ICN
2552,11,361.0,KIJ,ICN
2553,11,367.7,KIJ,ICN
2554,11,374.7,KIJ,ICN
2555,11,367.7,SDJ,ICN
2556,11,359.9,SDJ,ICN
2557,11,352.5,SDJ,ICN
2558,11,345.7,SDJ,ICN
2559,11,339.6,SDJ,ICN
2560,11,334.6,SDJ,ICN
2561,11,331.0,SDJ,ICN
2562,11,329.1,SDJ,ICN
2563,11,329.2,SDJ,ICN
2564,11,331.2,SDJ,ICN
2565,11,335.0,SDJ,ICN
2566,11,340.1,SDJ,ICN
2567,11,346.2,SDJ,ICN
2568,11,353.1,SDJ,ICN
2569,11,363.0,KIJ,ICN
2570,11,368.6,KIJ,ICN
2571,11,374.7,KIJ,ICN
2572,11,381.0,SDJ,ICN
2573,11,373.4,SDJ,ICN
2574,11,366.1,SDJ,ICN
2575,11,359.4,SDJ,ICN
2576,11,353.3,SDJ,ICN
2577,11,347.9,SDJ,ICN
2578,11,343.6,SDJ,ICN
2579,11,340.6,SDJ,ICN
2580,11,339.1,SDJ,ICN
2581,11,339.1,SDJ,ICN
2582,11,340.8,SDJ,ICN
2583,11,343.9,SDJ,ICN
2584,11,348.3,SDJ,ICN
2585,11,353.7,SDJ,ICN
2586,11,359.9,SDJ,ICN
2587,11,371.5,KIJ,ICN
2588,11,376.6,KIJ,ICN
2589,11,382.3,KIJ,ICN
2590,11,386.9,SDJ,ICN
2591,11,379.8,SDJ,ICN
2592,11,373.1,SDJ,ICN
2593,11,366.9,SDJ,ICN
2594,11,361.4,SDJ,ICN
2595,11,356.7,SDJ,ICN
2596,11,353.0,SDJ,ICN
2597,11,350.4,SDJ,ICN
2598,11,349.1,SDJ,ICN
2599,11,349.1,SDJ,ICN
2600,11,350.5,SDJ,ICN
2601,11,353.2,SDJ,ICN
2602,11,357.0,SDJ,ICN
2603,11,361.8,SDJ,ICN
2604,11,367.4,SDJ,ICN
2605,11,384.9,KIJ,ICN
2606,11,390.2,KIJ,ICN
2607,11,393.4,SDJ,ICN
2608,11,386.7,SDJ,ICN
2609,11,380.6,SDJ,ICN
2610,11,374.9,SDJ,ICN
2611,11,369.9,SDJ,ICN
2612,11,365.7,SDJ,ICN
2613,11,362.4,SDJ,ICN
2614,11,360.2,SDJ,ICN
2615,11,359.1,SDJ,ICN
2616,11,359.1,SDJ,ICN
2617,11,360.3,SDJ,ICN
2618,11,362.7,SDJ,ICN
2619,11,366.0,SDJ,ICN
2620,11,370.3,SDJ,ICN
2621,11,375.3,SDJ,ICN
2622,11,398.4,KIJ,ICN
2623,11,400.4,SDJ,ICN
2624,11,394.2,SDJ,ICN
2625,11,388.5,SDJ,ICN
2626,11,383.3,SDJ,ICN
2627,11,378.8,SDJ,ICN
2628,11,375.0,SDJ,ICN
2629,11,372.1,SDJ,ICN
2630,11,370.1,SDJ,ICN
2631,11,369.1,SDJ,ICN
2632,11,369.1,SDJ,ICN
2633,11,370.2,SDJ,ICN
2634,11,372.3,SDJ,ICN
2635,11,375.3,SDJ,ICN
2636,11,379.1,SDJ,ICN
2637,11,383.7,SDJ,ICN
2638,11,388.9,SDJ,ICN
2639,11,406.8,KIJ,ICN
2640,11,407.9,SDJ,ICN
2641,11,402.1,SDJ,ICN
2642,11,396.7,SDJ,ICN
2643,11,392.0,SDJ,ICN
2644,11,387.8,SDJ,ICN
2645,11,384.4,SDJ,ICN
2646,11,381.7,SDJ,ICN
2647,11,380.0,SDJ,ICN
2648,11,379.1,SDJ,ICN
2649,11,379.1,SDJ,ICN
2650,11,380.1,SDJ,ICN
2651,11,381.9,SDJ,ICN
2652,11,384.6,SDJ,ICN
2653,11,388.1,SDJ,ICN
2654,11,392.3,SDJ,ICN
2655,11,397.1,SDJ,ICN
2656,11,415.5,KIJ,ICN
2657,11,415.6,SDJ,ICN
2658,11,410.2,SDJ,ICN
2659,11,405.3,SDJ,ICN
2660,11,400.8,SDJ,ICN
2661,11,397.0,SDJ,ICN
2662,11,393.9,SDJ,ICN
2663,11,391.5,SDJ,ICN
2664,11,389.9,SDJ,ICN
2665,11,389.1,SDJ,ICN
2666,11,389.1,SDJ,ICN
2667,11,390.0,SDJ,ICN
2668,11,391.7,SDJ,ICN
2669,11,394.1,SDJ,ICN
2670,11,397.3,SDJ,ICN
2671,11,401.2,SDJ,ICN
2672,11,405.6,SDJ,ICN
2673,11,410.6,SDJ,ICN
2674,11,416.1,SDJ,ICN
2675,11,424.3,KIJ,ICN
2676,11,423.7,SDJ,ICN
2677,11,418.6,SDJ,ICN
2678,11,414.0,SDJ,ICN
2679,11,409.9,SDJ,ICN
2680,11,406.4,SDJ,ICN
2681,11,403.5,SDJ,ICN
2682,11,401.3,SDJ,ICN
2683,11,399.8,SDJ,ICN
2684,11,399.1,SDJ,ICN
2685,11,399.1,SDJ,ICN
2686,11,399.9,SDJ,ICN
2687,11,401.4,SDJ,ICN
2688,11,403.7,SDJ,ICN
2689,11,406.6,SDJ,ICN
2690,11,410.2,SDJ,ICN
2691,11,414.3,SDJ,ICN
2692,11,419.0,SDJ,ICN
2693,11,424.1,SDJ,ICN
2694,11,432.0,SDJ,ICN
2695,11,427.2,SDJ,ICN
2696,11,422.9,SDJ,ICN
2697,11,419.1,SDJ,ICN
2698,11,415.8,SDJ,ICN
2699,11,413.2,SDJ,ICN
2700,11,411.1,SDJ,ICN
2701,11,409.8,SDJ,ICN
2702,11,409.1,SDJ,ICN
2703,11,409.1,SDJ,ICN
2704,11,409.8,SDJ,ICN
2705,11,411.3,SDJ,ICN
2706,11,413.3,SDJ,ICN
2707,11,416.1,SDJ,ICN
2708,11,419.4,SDJ,ICN
2709,11,423.2,SDJ,ICN
2710,11,427.6,SDJ,ICN
2711,11,432.4,SDJ,ICN
2712,11,440.5,SDJ,ICN
2713,11,436.0,SDJ,ICN
2714,11,432.0,SDJ,ICN
2715,11,428.4,SDJ,ICN
2716,11,425.3,SDJ,ICN
2717,11,422.9,SDJ,ICN
2718,11,421.0,SDJ,ICN
2719,11,419.7,SDJ,ICN
2720,11,419.1,SDJ,ICN
2721,11,419.1,SDJ,ICN
2722,11,419.8,SDJ,ICN
2723,11,421.1,SDJ,ICN
2724,11,423.0,SDJ,ICN
2725,11,425.6,SDJ,ICN
2726,11,428.6,SDJ,ICN
2727,11,432.3,SDJ,ICN
2728,11,436.4,SDJ,ICN
2729,11,440.9,SDJ,ICN
2730,11,438.7,AOJ,ICN
2731,11,436.1,AOJ,ICN
2732,11,433.9,AOJ,ICN
2733,11,432.3,AOJ,ICN
2734,11,431.3,AOJ,ICN
2735,11,430.8,AOJ,ICN
2736,11,429.7,SDJ,ICN
2737,11,429.1,SDJ,ICN
2738,11,429.1,SDJ,ICN
2739,11,429.8,SDJ,ICN
2740,11,431.0,SDJ,ICN
2741,11,432.8,SDJ,ICN
2742,11,435.1,SDJ,ICN
2743,11,438.0,SDJ,ICN
2744,11,441.4,SDJ,ICN
2745,11,445.3,SDJ,ICN
2746,11,449.6,SDJ,ICN
2747,11,454.3,SDJ,ICN
2748,11,429.3,AOJ,ICN
2749,11,426.4,AOJ,ICN
2750,11,424.1,AOJ,ICN
2751,11,422.4,AOJ,ICN
2752,11,421.3,AOJ,ICN
2753,11,420.8,AOJ,ICN
2754,11,420.9,AOJ,ICN
2755,11,421.6,AOJ,ICN
2756,11,422.9,AOJ,ICN
2757,11,424.8,AOJ,ICN
2758,11,427.3,AOJ,ICN
2759,11,430.3,AOJ,ICN
2760,11,433.8,AOJ,ICN
2761,11,437.8,AOJ,ICN
2762,11,442.2,AOJ,ICN
2763,11,447.0,AOJ,ICN
2764,11,452.2,AOJ,ICN
2765,11,457.7,AOJ,ICN
2766,11,419.9,AOJ,ICN
2767,11,416.8,AOJ,ICN
2768,11,414.4,AOJ,ICN
2769,11,412.5,AOJ,ICN
2770,11,411.3,AOJ,ICN
2771,11,410.7,AOJ,ICN
2772,11,410.8,AOJ,ICN
2773,11,411.6,AOJ,ICN
2774,11,413.0,AOJ,ICN
2775,11,415.1,AOJ,ICN
2776,11,417.7,AOJ,ICN
2777,11,421.0,AOJ,ICN
2778,11,424.7,AOJ,ICN
2779,11,428.9,AOJ,ICN
2780,11,433.6,AOJ,ICN
2781,11,438.7,AOJ,ICN
2782,11,444.1,AOJ,ICN
2783,11,449.9,AOJ,ICN
2784,11,410.6,AOJ,ICN
2785,11,407.3,AOJ,ICN
2786,11,404.7,AOJ,ICN
2787,11,402.7,AOJ,ICN
2788,11,401.3,AOJ,ICN
2789,11,400.7,AOJ,ICN
2790,11,400.8,AOJ,ICN
2791,11,401.7,AOJ,ICN
2792,11,403.2,AOJ,ICN
2793,11,405.4,AOJ,ICN
2794,11,408.3,AOJ,ICN
2795,11,411.8,AOJ,ICN
2796,11,415.8,AOJ,ICN
2797,11,420.3,AOJ,ICN
2798,11,425.2,AOJ,ICN
2799,11,430.6,AOJ,ICN
2800,11,436.3,AOJ,ICN
2801,11,442.4,AOJ,ICN
2802,11,401.4,AOJ,ICN
2803,11,397.9,AOJ,ICN
2804,11,395.0,AOJ,ICN
2805,11,392.8,AOJ,ICN
2806,11,391.4,AOJ,ICN
2807,11,390.7,AOJ,ICN
2808,11,390.8,AOJ,ICN
2809,11,391.8,AOJ,ICN
2810,11,393.4,AOJ,ICN
2811,11,395.8,AOJ,ICN
2812,11,398.9,AOJ,ICN
2813,11,402.7,AOJ,ICN
2814,11,407.0,AOJ,ICN
2815,11,411.8,AOJ,ICN
2816,11,417.1,AOJ,ICN
2817,11,422.7,AOJ,ICN
2818,11,428.8,AOJ,ICN
2819,11,435.1,AOJ,ICN
2820,11,407.4,AOJ,ICN
2821,11,396.9,AOJ,ICN
2822,11,392.4,AOJ,ICN
2823,11,388.6,AOJ,ICN
2824,11,385.4,AOJ,ICN
2825,11,383.0,AOJ,ICN
2826,11,381.4,AOJ,ICN
2827,11,380.7,AOJ,ICN
2828,11,380.8,AOJ,ICN
2829,11,381.8,AOJ,ICN
2830,11,383.7,AOJ,ICN
2831,11,386.3,AOJ,ICN
2832,11,389.7,AOJ,ICN
2833,11,393.8,AOJ,ICN
2834,11,398.4,AOJ,ICN
2835,11,403.6,AOJ,ICN
2836,11,409.2,AOJ,ICN
2837,11,415.2,AOJ,ICN
2838,11,421.5,AOJ,ICN
2839,11,428.2,AOJ,ICN
2840,11,393.8,AOJ,ICN
2841,11,388.4,AOJ,ICN
2842,11,383.6,AOJ,ICN
2843,11,379.4,AOJ,ICN
2844,11,375.9,AOJ,ICN
2845,11,373.3,AOJ,ICN
2846,11,371.5,AOJ,ICN
2847,11,370.7,AOJ,ICN
2848,11,370.8,AOJ,ICN
2849,11,372.0,AOJ,ICN
2850,11,374.0,AOJ,ICN
2851,11,376.9,AOJ,ICN
2852,11,380.6,AOJ,ICN
2853,11,385.1,AOJ,ICN
2854,11,390.1,AOJ,ICN
2855,11,395.6,AOJ,ICN
2856,11,401.6,AOJ,ICN
2857,11,408.0,AOJ,ICN
2858,11,414.7,AOJ,ICN
2859,11,421.7,AOJ,ICN
2860,11,380.3,AOJ,ICN
2861,11,375.0,AOJ,ICN
2862,11,370.4,AOJ,ICN
2863,11,366.6,AOJ,ICN
2864,11,363.6,AOJ,ICN
2865,11,361.6,AOJ,ICN
2866,11,360.7,AOJ,ICN
2867,11,360.9,AOJ,ICN
2868,11,362.1,AOJ,ICN
2869,11,364.4,AOJ,ICN
2870,11,367.7,AOJ,ICN
2871,11,371.8,AOJ,ICN
2872,11,376.6,AOJ,ICN
2873,11,382.1,AOJ,ICN
2874,11,388.1,AOJ,ICN
2875,11,394.5,AOJ,ICN
2876,11,401.2,AOJ,ICN
2877,11,408.3,AOJ,ICN
2878,11,372.6,AOJ,ICN
2879,11,366.8,AOJ,ICN
2880,11,361.7,AOJ,ICN
2881,11,357.4,AOJ,ICN
2882,11,354.0,AOJ,ICN
2883,11,351.7,AOJ,ICN
2884,11,350.7,AOJ,ICN
2885,11,350.9,AOJ,ICN
2886,11,352.3,AOJ,ICN
2887,11,355.0,AOJ,ICN
2888,11,358.6,AOJ,ICN
2889,11,363.2,AOJ,ICN
2890,11,368.6,AOJ,ICN
2891,11,374.5,AOJ,ICN
2892,11,380.9,AOJ,ICN
2893,11,387.8,AOJ,ICN
2894,11,395.0,AOJ,ICN
2895,11,402.4,AOJ,ICN
2896,11,359.0,AOJ,ICN
2897,11,353.3,AOJ,ICN
2898,11,348.4,AOJ,ICN
2899,11,344.6,AOJ,ICN
2900,11,341.9,AOJ,ICN
2901,11,340.7,AOJ,ICN
2902,11,340.9,AOJ,ICN
2903,11,342.6,AOJ,ICN
2904,11,345.7,AOJ,ICN
2905,11,349.9,AOJ,ICN
2906,11,355.0,AOJ,ICN
2907,11,360.9,AOJ,ICN
2908,11,367.4,AOJ,ICN
2909,11,374.4,AOJ,ICN
2910,11,381.7,AOJ,ICN
2911,11,389.3,AOJ,ICN
2912,11,351.8,AOJ,ICN
2913,11,345.5,AOJ,ICN
2914,11,339.9,AOJ,ICN
2915,11,335.4,AOJ,ICN
2916,11,332.2,AOJ,ICN
2917,11,330.7,AOJ,ICN
2918,11,331.0,AOJ,ICN
2919,11,333.0,AOJ,ICN
2920,11,336.7,AOJ,ICN
2921,11,341.6,AOJ,ICN
2922,11,347.4,AOJ,ICN
2923,11,354.0,AOJ,ICN
2924,11,361.1,AOJ,ICN
2925,11,368.5,AOJ,ICN
2926,11,376.3,AOJ,ICN
2927,11,384.3,AOJ,ICN
2928,11,353.1,AOJ,ICN
2929,11,345.5,AOJ,ICN
2930,11,338.4,AOJ,ICN
2931,11,331.9,AOJ,ICN
2932,11,326.5,AOJ,ICN
2933,11,322.6,AOJ,ICN
2934,11,320.7,AOJ,ICN
2935,11,321.1,AOJ,ICN
2936,11,323.7,AOJ,ICN
2937,11,328.1,AOJ,ICN
2938,11,333.9,AOJ,ICN
2939,11,340.6,AOJ,ICN
2940,11,347.8,AOJ,ICN
2941,11,355.5,AOJ,ICN
2942,11,363.5,AOJ,ICN
2943,11,371.8,AOJ,ICN
2944,11,348.5,AOJ,ICN
2945,11,340.3,AOJ,ICN
2946,11,332.4,AOJ,ICN
2947,11,325.0,AOJ,ICN
2948,11,318.4,AOJ,ICN
2949,11,313.4,AOJ,ICN
2950,11,310.7,AOJ,ICN
2951,11,311.2,AOJ,ICN
2952,11,314.8,AOJ,ICN
2953,11,320.4,AOJ,ICN
2954,11,327.2,AOJ,ICN
2955,11,334.8,AOJ,ICN
2956,11,342.8,AOJ,ICN
2957,11,351.1,AOJ,ICN
2958,11,359.6,AOJ,ICN
2959,11,354.0,AOJ,ICN
2960,11,345.2,AOJ,ICN
2961,11,336.5,AOJ,ICN
2962,11,327.9,AOJ,ICN
2963,11,319.5,AOJ,ICN
2964,11,311.7,AOJ,ICN
2965,11,304.9,AOJ,ICN
2966,11,300.8,AOJ,ICN
2967,11,301.7,AOJ,ICN
2968,11,306.9,AOJ,ICN
2969,11,314.1,AOJ,ICN
2970,11,322.1,AOJ,ICN
2971,11,330.6,AOJ,ICN
2972,11,339.2,AOJ,ICN
2973,11,348.0,AOJ,ICN
2974,11,343.5,AOJ,ICN
2975,11,334.5,AOJ,ICN
2976,11,325.5,AOJ,ICN
2977,11,316.5,AOJ,ICN
2978,11,307.6,AOJ,ICN
2979,11,298.9,AOJ,ICN
2980,11,291.5,AOJ,ICN
2981,11,293.4,AOJ,ICN
2982,11,301.6,AOJ,ICN
2983,11,310.4,AOJ,ICN
2984,11,319.4,AOJ,ICN
2985,11,328.4,AOJ,ICN
2986,11,337.4,AOJ,ICN
2987,11,346.4,AOJ,ICN
2988,11,316.7,AOJ,ICN
2989,11,307.8,AOJ,ICN
2990,11,299.3,AOJ,ICN
2991,11,292.3,AOJ,ICN
2992,11,294.1,AOJ,ICN
2993,11,301.9,AOJ,ICN
2994,11,310.6,AOJ,ICN
2995,11,319.5,AOJ,ICN
2996,11,328.4,AOJ,ICN
2997,11,337.4,AOJ,ICN
2998,11,346.4,AOJ,ICN
2999,11,319.9,AOJ,ICN
3000,11,312.2,AOJ,ICN
3001,11,305.6,AOJ,ICN
3002,11,301.8,AOJ,ICN
3003,11,307.5,AOJ,ICN
3004,11,314.6,AOJ,ICN
3005,11,322.5,AOJ,ICN
3006,11,330.8,AOJ,ICN
3007,11,339.4,AOJ,ICN
3008,11,325.5,AOJ,ICN
3009,11,319.1,AOJ,ICN
3010,11,314.2,AOJ,ICN
3011,11,311.7,AOJ,ICN
3012,11,315.5,AOJ,ICN
3013,11,321.0,AOJ,ICN
3014,11,343.1,AOJ,ICN
3015,11,332.6,AOJ,ICN
3016,11,327.3,AOJ,ICN
3017,11,323.5,AOJ,ICN
3018,11,348.2,AOJ,ICN
3019,11,340.6,AOJ,ICN
3020,11,336.2,AOJ,ICN
3021,11,333.1,AOJ,ICN
3022,11,354.4,AOJ,ICN
3023,11,343.5,AOJ,ICN
3024,11,346.5,AOJ,ICN
3025,11,350.6,AOJ,ICN
3026,11,360.5,HKD,ICN
3027,11,365.8,HKD,ICN
3028,11,338.7,HKD,ICN
3029,11,340.1,HKD,ICN
3030,11,343.0,HKD,ICN
3031,11,347.2,HKD,ICN
3032,11,352.3,HKD,ICN
3033,11,358.3,HKD,ICN
3034,11,328.7,HKD,ICN
3035,11,330.5,HKD,ICN
3036,11,334.0,HKD,ICN
3037,11,413.6,HKD,ICN
3038,11,354.6,HKD,ICN
3039,11,346.8,HKD,ICN
3040,11,359.2,HKD,ICN
3041,11,350.7,HKD,ICN
3042,11,342.3,HKD,ICN
3043,11,334.2,HKD,ICN
3044,11,357.1,HKD,ICN
3045,11,348.3,HKD,ICN
3046,11,339.5,HKD,ICN
3047,11,330.8,HKD,ICN
3048,11,322.2,HKD,ICN
3049,11,347.5,HKD,ICN
3050,11,338.6,HKD,ICN
3051,11,329.6,HKD,ICN
3052,11,320.7,HKD,ICN
3053,11,311.8,HKD,ICN
3054,11,294.0,HKD,ICN
3055,11,292.7,HKD,ICN
3056,11,301.6,HKD,ICN
3057,11,310.5,HKD,ICN
3058,11,339.6,HKD,ICN
3059,11,330.9,HKD,ICN
3060,11,322.4,HKD,ICN
3061,11,314.1,HKD,ICN
3062,11,306.4,HKD,ICN
3063,11,300.5,HKD,ICN
3064,11,300.0,HKD,ICN
3065,11,305.3,HKD,ICN
3066,11,312.9,HKD,ICN
3067,11,342.5,HKD,ICN
3068,11,334.5,HKD,ICN
3069,11,326.7,HKD,ICN
3070,11,319.6,HKD,ICN
3071,11,313.7,HKD,ICN
3072,11,310.0,HKD,ICN
3073,11,309.7,HKD,ICN
3074,11,392.0,OBO,ICN
3075,11,354.8,HKD,ICN
3076,11,347.1,HKD,ICN
3077,11,339.7,HKD,ICN
3078,11,332.9,HKD,ICN
3079,11,327.0,HKD,ICN
3080,11,322.5,HKD,ICN
3081,11,319.8,HKD,ICN
3082,11,382.4,OBO,ICN
3083,11,382.0,OBO,ICN
3084,11,407.7,HKD,ICN
3085,11,367.4,HKD,ICN
3086,11,360.0,HKD,ICN
3087,11,352.9,HKD,ICN
3088,11,346.3,HKD,ICN
3089,11,340.4,HKD,ICN
3090,11,376.6,OBO,ICN
3091,11,374.0,OBO,ICN
3092,11,372.4,OBO,ICN
3093,11,372.0,OBO,ICN
3094,11,380.3,HKD,ICN
3095,11,373.0,HKD,ICN
3096,11,366.1,HKD,ICN
3097,11,359.6,HKD,ICN
3098,11,353.7,HKD,ICN
3099,11,376.4,OBO,ICN
3100,11,371.4,OBO,ICN
3101,11,367.3,OBO,ICN
3102,11,364.3,OBO,ICN
3103,11,362.5,OBO,ICN
3104,11,361.9,OBO,ICN
3105,11,393.2,HKD,ICN
3106,11,386.1,HKD,ICN
3107,11,379.3,HKD,ICN
3108,11,373.0,HKD,ICN
3109,11,367.1,HKD,ICN
3110,11,350.8,HKD,ICN
3111,11,376.3,CTS,PUS
3112,11,374.9,OBO,ICN
3113,11,368.7,OBO,ICN
3114,11,363.1,OBO,ICN
3115,11,358.4,OBO,ICN
3116,11,354.8,OBO,ICN
3117,11,352.5,OBO,ICN
3118,11,351.9,OBO,ICN
3119,11,392.6,HKD,ICN
3120,11,386.3,HKD,ICN
3121,11,380.4,HKD,ICN
3122,11,375.0,HKD,ICN
3123,11,360.6,HKD,ICN
3124,11,358.5,CTS,PUS
3125,11,356.4,CTS,PUS
3126,11,363.2,CTS,PUS
3127,11,370.5,CTS,PUS
3128,11,368.7,OBO,ICN
3129,11,361.7,OBO,ICN
3130,11,355.3,OBO,ICN
3131,11,349.8,OBO,ICN
3132,11,345.5,OBO,ICN
3133,11,342.7,OBO,ICN
3134,11,341.9,OBO,ICN
3135,11,343.2,OBO,ICN
3136,11,399.6,HKD,ICN
3137,11,393.8,HKD,ICN
3138,11,388.3,HKD,ICN
3139,11,383.4,HKD,ICN
3140,11,379.1,HKD,ICN
3141,11,368.1,CTS,PUS
3142,11,360.3,CTS,PUS
3143,11,352.6,CTS,PUS
3144,11,345.4,CTS,PUS
3145,11,336.7,CTS,PUS
3146,11,343.2,CTS,PUS
3147,11,350.2,CTS,PUS
3148,11,357.7,CTS,PUS
3149,11,365.5,CTS,PUS
3150,11,363.4,OBO,ICN
3151,11,355.8,OBO,ICN
3152,11,348.5,OBO,ICN
3153,11,342.0,OBO,ICN
3154,11,336.6,OBO,ICN
3155,11,333.0,OBO,ICN
3156,11,331.9,OBO,ICN
3157,11,333.6,OBO,ICN
3158,11,337.8,OBO,ICN
3159,11,407.1,HKD,ICN
3160,11,401.6,HKD,ICN
3161,11,396.6,HKD,ICN
3162,11,392.1,HKD,ICN
3163,11,388.1,HKD,ICN
3164,11,384.9,HKD,ICN
3165,11,382.3,HKD,ICN
3166,11,372.9,CTS,PUS
3167,11,364.5,CTS,PUS
3168,11,356.1,CTS,PUS
3169,11,348.0,CTS,PUS
3170,11,340.0,CTS,PUS
3171,11,332.4,CTS,PUS
3172,11,325.5,CTS,PUS
3173,11,323.4,CTS,PUS
3174,11,330.1,CTS,PUS
3175,11,337.5,CTS,PUS
3176,11,345.3,CTS,PUS
3177,11,353.5,CTS,PUS
3178,11,361.7,CTS,PUS
3179,11,359.5,OBO,ICN
3180,11,351.3,OBO,ICN
3181,11,343.2,OBO,ICN
3182,11,335.5,OBO,ICN
3183,11,328.7,OBO,ICN
3184,11,323.6,OBO,ICN
3185,11,321.9,OBO,ICN
3186,11,324.6,OBO,ICN
3187,11,330.2,OBO,ICN
3188,11,414.9,HKD,ICN
3189,11,409.8,HKD,ICN
3190,11,405.1,HKD,ICN
3191,11,401.0,HKD,ICN
3192,11,397.4,HKD,ICN
3193,11,394.4,HKD,ICN
3194,11,388.1,CTS,PUS
3195,11,379.4,CTS,PUS
3196,11,370.8,CTS,PUS
3197,11,362.1,CTS,PUS
3198,11,353.4,CTS,PUS
3199,11,344.9,CTS,PUS
3200,11,336.3,CTS,PUS
3201,11,327.9,CTS,PUS
3202,11,319.8,CTS,PUS
3203,11,312.3,CTS,PUS
3204,11,306.5,CTS,PUS
3205,11,305.4,CTS,PUS
3206,11,310.1,CTS,PUS
3207,11,317.3,CTS,PUS
3208,11,325.3,CTS,PUS
3209,11,333.6,CTS,PUS
3210,11,342.1,CTS,PUS
3211,11,350.6,CTS,PUS
3212,11,359.3,CTS,PUS
3213,11,357.3,OBO,ICN
3214,11,348.7,OBO,ICN
3215,11,340.0,OBO,ICN
3216,11,331.4,OBO,ICN
3217,11,323.1,OBO,ICN
3218,11,315.4,OBO,ICN
3219,11,311.9,OBO,ICN
3220,11,317.1,OBO,ICN
3221,11,325.1,OBO,ICN
3222,11,333.5,OBO,ICN
3223,11,410.0,HKD,ICN
3224,11,405.0,CTS,PUS
3225,11,396.2,CTS,PUS
3226,11,387.4,CTS,PUS
3227,11,378.7,CTS,PUS
3228,11,369.9,CTS,PUS
3229,11,361.1,CTS,PUS
3230,11,352.4,CTS,PUS
3231,11,343.6,CTS,PUS
3232,11,334.8,CTS,PUS
3233,11,326.1,CTS,PUS
3234,11,317.3,CTS,PUS
3235,11,308.6,CTS,PUS
3236,11,299.9,CTS,PUS
3237,11,297.1,CTS,PUS
3238,11,305.7,CTS,PUS
3239,11,314.5,CTS,PUS
3240,11,323.2,CTS,PUS
3241,11,332.0,CTS,PUS
3242,11,340.8,CTS,PUS
3243,11,349.5,CTS,PUS
3244,11,358.3,CTS,PUS
3245,11,357.0,OBO,ICN
3246,11,348.3,OBO,ICN
3247,11,339.5,OBO,ICN
3248,11,330.8,OBO,ICN
3249,11,322.2,OBO,ICN
3250,11,313.8,OBO,ICN
3251,11,309.0,OBO,ICN
3252,11,315.8,OBO,ICN
3253,11,324.3,OBO,ICN
3254,11,333.0,OBO,ICN
3255,11,341.7,OBO,ICN
3256,11,396.5,CTS,PUS
3257,11,387.8,CTS,PUS
3258,11,379.1,CTS,PUS
3259,11,370.4,CTS,PUS
3260,11,361.7,CTS,PUS
3261,11,353.0,CTS,PUS
3262,11,344.4,CTS,PUS
3263,11,335.8,CTS,PUS
3264,11,327.3,CTS,PUS
3265,11,318.9,CTS,PUS
3266,11,311.0,CTS,PUS
3267,11,304.6,CTS,PUS
3268,11,303.4,CTS,PUS
3269,11,308.7,CTS,PUS
3270,11,316.3,CTS,PUS
3271,11,324.5,CTS,PUS
3272,11,333.0,CTS,PUS
3273,11,341.6,CTS,PUS
3274,11,350.2,CTS,PUS
3275,11,358.8,CTS,PUS
3276,11,358.6,OBO,ICN
3277,11,350.2,OBO,ICN
3278,11,341.9,OBO,ICN
3279,11,334.0,OBO,ICN
3280,11,326.7,OBO,ICN
3281,11,320.9,OBO,ICN
3282,11,318.9,OBO,ICN
3283,11,322.1,OBO,ICN
3284,11,328.4,OBO,ICN
3285,11,335.9,OBO,ICN
3286,11,343.9,OBO,ICN
3287,11,352.2,OBO,ICN
3288,11,360.7,OBO,ICN
3289,11,397.8,CTS,PUS
3290,11,389.2,CTS,PUS
3291,11,380.6,CTS,PUS
3292,11,372.1,CTS,PUS
3293,11,363.7,CTS,PUS
3294,11,355.3,CTS,PUS
3295,11,347.0,CTS,PUS
3296,11,339.0,CTS,PUS
3297,11,331.2,CTS,PUS
3298,11,324.0,CTS,PUS
3299,11,317.9,CTS,PUS
3300,11,313.8,CTS,PUS
3301,11,313.1,CTS,PUS
3302,11,316.2,CTS,PUS
3303,11,321.8,CTS,PUS
3304,11,328.8,CTS,PUS
3305,11,336.4,CTS,PUS
3306,11,344.4,CTS,PUS
3307,11,352.6,CTS,PUS
3308,11,360.9,CTS,PUS
3309,11,362.0,OBO,ICN
3310,11,354.1,OBO,ICN
3311,11,346.7,OBO,ICN
3312,11,339.9,OBO,ICN
3313,11,334.1,OBO,ICN
3314,11,330.1,OBO,ICN
3315,11,328.9,OBO,ICN
3316,11,330.9,OBO,ICN
3317,11,335.4,OBO,ICN
3318,11,341.4,OBO,ICN
3319,11,348.5,OBO,ICN
3320,11,356.0,OBO,ICN
3321,11,363.9,OBO,ICN
3322,11,372.0,OBO,ICN
3323,11,431.2,OBO,ICN
3324,11,391.6,CTS,PUS
3325,11,383.3,CTS,PUS
3326,11,375.1,CTS,PUS
3327,11,367.0,CTS,PUS
3328,11,359.0,CTS,PUS
3329,11,351.3,CTS,PUS
3330,11,344.0,CTS,PUS
3331,11,337.2,CTS,PUS
3332,11,331.1,CTS,PUS
3333,11,326.4,CTS,PUS
3334,11,323.5,CTS,PUS
3335,11,323.1,CTS,PUS
3336,11,325.2,CTS,PUS
3337,11,329.4,CTS,PUS
3338,11,335.1,CTS,PUS
3339,11,341.7,CTS,PUS
3340,11,348.9,CTS,PUS
3341,11,356.5,CTS,PUS
3342,11,364.4,CTS,PUS
3343,11,366.8,OBO,ICN
3344,11,359.7,OBO,ICN
3345,11,353.1,OBO,ICN
3346,11,347.3,OBO,ICN
3347,11,342.7,OBO,ICN
3348,11,339.8,OBO,ICN
3349,11,339.0,OBO,ICN
3350,11,340.3,OBO,ICN
3351,11,343.7,OBO,ICN
3352,11,348.6,OBO,ICN
3353,11,354.6,OBO,ICN
3354,11,361.4,OBO,ICN
3355,11,368.6,OBO,ICN
3356,11,376.1,OBO,ICN
3357,11,384.0,OBO,ICN
3358,11,391.9,OBO,ICN
3359,11,400.1,OBO,ICN
3360,11,408.3,OBO,ICN
3361,11,416.6,OBO,ICN
3362,11,425.0,OBO,ICN
3363,11,433.4,OBO,ICN
3364,11,441.9,OBO,ICN
3365,11,450.4,OBO,ICN
3366,11,395.0,CTS,PUS
3367,11,387.0,CTS,PUS
3368,11,379.1,CTS,PUS
3369,11,371.5,CTS,PUS
3370,11,364.0,CTS,PUS
3371,11,357.0,CTS,PUS
3372,11,350.4,CTS,PUS
3373,11,344.4,CTS,PUS
3374,11,339.4,CTS,PUS
3375,11,335.6,CTS,PUS
3376,11,333.4,CTS,PUS
3377,11,333.1,CTS,PUS
3378,11,334.7,CTS,PUS
3379,11,338.0,CTS,PUS
3380,11,342.7,CTS,PUS
3381,11,348.3,CTS,PUS
3382,11,354.8,CTS,PUS
3383,11,361.7,CTS,PUS
3384,11,369.0,CTS,PUS
3385,11,372.8,OBO,ICN
3386,11,366.4,OBO,ICN
3387,11,360.6,OBO,ICN
3388,11,355.7,OBO,ICN
3389,11,351.9,OBO,ICN
3390,11,349.6,OBO,ICN
3391,11,349.0,OBO,ICN
3392,11,350.0,OBO,ICN
3393,11,352.7,OBO,ICN
3394,11,356.8,OBO,ICN
3395,11,361.9,OBO,ICN
3396,11,367.9,OBO,ICN
3397,11,374.4,OBO,ICN
3398,11,381.4,OBO,ICN
3399,11,388.7,OBO,ICN
3400,11,396.2,OBO,ICN
3401,11,404.0,OBO,ICN
3402,11,411.9,OBO,ICN
3403,11,420.0,OBO,ICN
3404,11,428.1,OBO,ICN
3405,11,436.3,OBO,ICN
3406,11,444.6,OBO,ICN
3407,11,452.9,OBO,ICN
3408,11,461.3,OBO,ICN
3409,11,407.0,CTS,PUS
3410,11,399.2,CTS,PUS
3411,11,391.5,CTS,PUS
3412,11,384.1,CTS,PUS
3413,11,370.0,CTS,PUS
3414,11,348.2,CTS,PUS
3415,11,345.1,CTS,PUS
3416,11,343.3,CTS,PUS
3417,11,343.1,CTS,PUS
3418,11,344.3,CTS,PUS
3419,11,347.0,CTS,PUS
3420,11,351.0,CTS,PUS
3421,11,355.9,CTS,PUS
3422,11,361.6,CTS,PUS
3423,11,367.9,CTS,PUS
3424,11,374.6,CTS,PUS
3425,11,379.6,OBO,ICN
3426,11,373.9,OBO,ICN
3427,11,368.8,OBO,ICN
3428,11,364.6,OBO,ICN
3429,11,361.4,OBO,ICN
3430,11,359.5,OBO,ICN
3431,11,359.0,OBO,ICN
3432,11,359.9,OBO,ICN
3433,11,362.1,OBO,ICN
3434,11,365.5,OBO,ICN
3435,11,369.9,OBO,ICN
3436,11,375.2,OBO,ICN
3437,11,381.1,OBO,ICN
3438,11,387.5,OBO,ICN
3439,11,394.3,OBO,ICN
3440,11,401.4,OBO,ICN
3441,11,408.8,OBO,ICN
3442,11,416.3,OBO,ICN
3443,11,424.1,OBO,ICN
3444,11,431.9,OBO,ICN
3445,11,439.9,OBO,ICN
3446,11,447.9,OBO,ICN
3447,11,456.1,OBO,ICN
3448,11,464.3,OBO,ICN
3449,11,472.5,OBO,ICN
3450,11,480.8,OBO,ICN
3451,11,489.1,OBO,ICN
3452,11,497.5,OBO,ICN
3453,11,505.9,OBO,ICN
3454,11,411.6,CTS,PUS
3455,11,404.2,CTS,PUS
3456,11,357.4,CTS,PUS
3457,11,354.7,CTS,PUS
3458,11,353.3,CTS,PUS
3459,11,353.1,CTS,PUS
3460,11,354.1,CTS,PUS
3461,11,356.4,CTS,PUS
3462,11,359.8,CTS,PUS
3463,11,364.1,CTS,PUS
3464,11,369.1,CTS,PUS
3465,11,374.8,CTS,PUS
3466,11,381.0,CTS,PUS
3467,11,387.1,OBO,ICN
3468,11,381.9,OBO,ICN
3469,11,377.4,OBO,ICN
3470,11,373.8,OBO,ICN
3471,11,371.1,OBO,ICN
3472,11,369.5,OBO,ICN
3473,11,369.0,OBO,ICN
3474,11,369.7,OBO,ICN
3475,11,371.6,OBO,ICN
3476,11,374.6,OBO,ICN
3477,11,378.5,OBO,ICN
3478,11,383.1,OBO,ICN
3479,11,388.5,OBO,ICN
3480,11,394.3,OBO,ICN
3481,11,400.6,OBO,ICN
3482,11,407.3,OBO,ICN
3483,11,414.2,OBO,ICN
3484,11,421.4,OBO,ICN
3485,11,428.8,OBO,ICN
3486,11,436.4,OBO,ICN
3487,11,444.1,OBO,ICN
3488,11,451.9,OBO,ICN
3489,11,459.8,OBO,ICN
3490,11,467.8,OBO,ICN
3491,11,475.9,OBO,ICN
3492,11,484.0,OBO,ICN
3493,11,492.2,OBO,ICN
3494,11,508.7,OBO,ICN
3495,11,364.5,CTS,PUS
3496,11,363.2,CTS,PUS
3497,11,363.1,CTS,PUS
3498,11,364.0,CTS,PUS
3499,11,365.9,CTS,PUS
3500,11,368.9,CTS,PUS
3501,11,372.7,CTS,PUS
3502,11,377.2,CTS,PUS
3503,11,382.4,CTS,PUS
3504,11,388.1,CTS,PUS
3505,11,394.2,CTS,PUS
3506,11,390.4,OBO,ICN
3507,11,386.4,OBO,ICN
3508,11,383.2,OBO,ICN
3509,11,380.8,OBO,ICN
3510,11,379.4,OBO,ICN
3511,11,379.0,OBO,ICN
3512,11,379.7,OBO,ICN
3513,11,381.3,OBO,ICN
3514,11,383.9,OBO,ICN
3515,11,387.3,OBO,ICN
3516,11,391.5,OBO,ICN
3517,11,396.3,OBO,ICN
3518,11,401.7,OBO,ICN
3519,11,407.6,OBO,ICN
3520,11,413.8,OBO,ICN
3521,11,420.3,OBO,ICN
3522,11,427.2,OBO,ICN
3523,11,434.2,OBO,ICN
3524,11,441.5,OBO,ICN
3525,11,448.9,OBO,ICN
3526,11,456.4,OBO,ICN
3527,11,464.1,OBO,ICN
3528,11,471.9,OBO,ICN
3529,11,479.8,OBO,ICN
3530,11,487.7,OBO,ICN
3531,11,376.4,CTS,PUS
3532,11,374.3,CTS,PUS
3533,11,373.2,CTS,PUS
3534,11,373.1,CTS,PUS
3535,11,373.9,CTS,PUS
3536,11,375.6,CTS,PUS
3537,11,378.2,CTS,PUS
3538,11,381.6,CTS,PUS
3539,11,385.7,CTS,PUS
3540,11,390.4,CTS,PUS
3541,11,395.6,CTS,PUS
3542,11,401.3,CTS,PUS
3543,11,399.2,OBO,ICN
3544,11,395.6,OBO,ICN
3545,11,392.7,OBO,ICN
3546,11,390.6,OBO,ICN
3547,11,389.4,OBO,ICN
3548,11,389.0,OBO,ICN
3549,11,389.6,OBO,ICN
3550,11,391.0,OBO,ICN
3551,11,393.3,OBO,ICN
3552,11,396.4,OBO,ICN
3553,11,400.2,OBO,ICN
3554,11,404.6,OBO,ICN
3555,11,409.5,OBO,ICN
3556,11,415.0,OBO,ICN
3557,11,420.8,OBO,ICN
3558,11,427.0,OBO,ICN
3559,11,433.4,OBO,ICN
3560,11,440.1,OBO,ICN
3561,11,447.1,OBO,ICN
3562,11,454.2,OBO,ICN
3563,11,461.5,OBO,ICN
3564,11,468.9,OBO,ICN
3565,11,476.5,OBO,ICN
3566,11,484.1,OBO,ICN
3567,11,386.0,CTS,PUS
3568,11,384.2,CTS,PUS
3569,11,383.2,CTS,PUS
3570,11,383.1,CTS,PUS
3571,11,383.8,CTS,PUS
3572,11,385.3,CTS,PUS
3573,11,387.7,CTS,PUS
3574,11,390.7,CTS,PUS
3575,11,394.4,CTS,PUS
3576,11,398.7,CTS,PUS
3577,11,403.6,CTS,PUS
3578,11,408.9,CTS,PUS
3579,11,408.2,OBO,ICN
3580,11,405.0,OBO,ICN
3581,11,402.3,OBO,ICN
3582,11,400.5,OBO,ICN
3583,11,399.4,OBO,ICN
3584,11,399.1,OBO,ICN
3585,11,399.6,OBO,ICN
3586,11,400.9,OBO,ICN
3587,11,402.9,OBO,ICN
3588,11,405.7,OBO,ICN
3589,11,409.1,OBO,ICN
3590,11,413.2,OBO,ICN
3591,11,417.7,OBO,ICN
3592,11,422.8,OBO,ICN
3593,11,428.2,OBO,ICN
3594,11,434.0,OBO,ICN
3595,11,440.1,OBO,ICN
3596,11,446.5,OBO,ICN
3597,11,453.1,OBO,ICN
3598,11,460.0,OBO,ICN
3599,11,467.0,OBO,ICN
3600,11,474.2,OBO,ICN
3601,11,481.5,OBO,ICN
3602,11,488.9,OBO,ICN
3603,11,395.7,CTS,PUS
3604,11,394.1,CTS,PUS
3605,11,393.2,CTS,PUS
3606,11,393.1,CTS,PUS
3607,11,393.7,CTS,PUS
3608,11,395.1,CTS,PUS
3609,11,397.2,CTS,PUS
3610,11,400.0,CTS,PUS
3611,11,403.4,CTS,PUS
3612,11,407.4,CTS,PUS
3613,11,411.8,CTS,PUS
3614,11,416.8,CTS,PUS
3615,11,417.4,OBO,ICN
3616,11,414.4,OBO,ICN
3617,11,412.0,OBO,ICN
3618,11,410.3,OBO,ICN
3619,11,409.3,OBO,ICN
3620,11,409.1,OBO,ICN
3621,11,409.5,OBO,ICN
3622,11,410.7,OBO,ICN
3623,11,412.6,OBO,ICN
3624,11,415.1,OBO,ICN
3625,11,418.2,OBO,ICN
3626,11,422.0,OBO,ICN
3627,11,426.2,OBO,ICN
3628,11,430.9,OBO,ICN
3629,11,436.0,OBO,ICN
3630,11,441.4,OBO,ICN
3631,11,447.2,OBO,ICN
3632,11,453.3,OBO,ICN
3633,11,459.6,OBO,ICN
3634,11,466.2,OBO,ICN
3635,11,472.9,OBO,ICN
3636,11,479.8,OBO,ICN
3637,11,486.9,OBO,ICN
3638,11,405.5,CTS,PUS
3639,11,404.0,CTS,PUS
3640,11,403.2,CTS,PUS
3641,11,403.1,CTS,PUS
3642,11,403.7,CTS,PUS
3643,11,404.9,CTS,PUS
3644,11,406.9,CTS,PUS
3645,11,409.4,CTS,PUS
3646,11,412.5,CTS,PUS
3647,11,416.2,CTS,PUS
3648,11,420.4,CTS,PUS
3649,11,425.0,CTS,PUS
3650,11,426.7,OBO,ICN
3651,11,424.0,OBO,ICN
3652,11,421.8,OBO,ICN
3653,11,420.2,OBO,ICN
3654,11,419.3,OBO,ICN
3655,11,419.1,OBO,ICN
3656,11,419.5,OBO,ICN
3657,11,420.6,OBO,ICN
3658,11,422.3,OBO,ICN
3659,11,424.6,OBO,ICN
3660,11,427.5,OBO,ICN
3661,11,430.9,OBO,ICN
3662,11,434.9,OBO,ICN
3663,11,439.2,OBO,ICN
3664,11,444.0,OBO,ICN
3665,11,449.2,OBO,ICN
3666,11,454.7,OBO,ICN
3667,11,460.4,OBO,ICN
3668,11,466.5,OBO,ICN
3669,11,472.7,OBO,ICN
3670,11,479.2,OBO,ICN
3671,11,485.9,OBO,ICN
3672,11,492.7,OBO,ICN
3673,11,521.4,OBO,ICN
3674,11,414.0,CTS,PUS
3675,11,413.2,CTS,PUS
3676,11,413.1,CTS,PUS
3677,11,413.7,CTS,PUS
3678,11,414.8,CTS,PUS
3679,11,416.6,CTS,PUS
3680,11,418.9,CTS,PUS
3681,11,421.8,CTS,PUS
3682,11,425.2,CTS,PUS
3683,11,429.1,CTS,PUS
3684,11,433.4,CTS,PUS
3685,11,436.2,OBO,ICN
3686,11,433.6,OBO,ICN
3687,11,431.6,OBO,ICN
3688,11,430.2,OBO,ICN
3689,11,429.3,OBO,ICN
3690,11,429.1,OBO,ICN
3691,11,429.5,OBO,ICN
3692,11,430.5,OBO,ICN
3693,11,432.0,OBO,ICN
3694,11,434.2,OBO,ICN
3695,11,436.9,OBO,ICN
3696,11,440.1,OBO,ICN
3697,11,443.7,OBO,ICN
3698,11,447.8,OBO,ICN
3699,11,452.3,OBO,ICN
3700,11,457.2,OBO,ICN
3701,11,462.4,OBO,ICN
3702,11,467.9,OBO,ICN
3703,11,473.6,OBO,ICN
3704,11,479.6,OBO,ICN
3705,11,485.9,OBO,ICN
3706,11,492.3,OBO,ICN
3707,11,498.9,OBO,ICN
3708,11,526.7,OBO,ICN
3709,11,423.1,CTS,PUS
3710,11,423.6,CTS,PUS
3711,11,424.7,CTS,PUS
3712,11,426.3,CTS,PUS
3713,11,428.5,CTS,PUS
3714,11,431.2,CTS,PUS
3715,11,434.3,CTS,PUS
3716,11,438.0,CTS,PUS
3717,11,442.0,CTS,PUS
3718,11,445.7,OBO,ICN
3719,11,443.3,OBO,ICN
3720,11,441.4,OBO,ICN
3721,11,440.1,OBO,ICN
3722,11,439.3,OBO,ICN
3723,11,439.1,OBO,ICN
3724,11,439.5,OBO,ICN
3725,11,440.4,OBO,ICN
3726,11,441.8,OBO,ICN
3727,11,443.8,OBO,ICN
3728,11,446.3,OBO,ICN
3729,11,449.3,OBO,ICN
3730,11,452.7,OBO,ICN
3731,11,456.6,OBO,ICN
3732,11,460.8,OBO,ICN
3733,11,465.4,OBO,ICN
3734,11,470.3,OBO,ICN
3735,11,492.8,OBO,ICN
3736,11,499.0,OBO,ICN
3737,11,505.4,OBO,ICN
3738,11,539.5,OBO,ICN
3739,11,546.6,OBO,ICN
3740,11,433.2,CTS,PUS
3741,11,433.6,CTS,PUS
3742,11,434.6,CTS,PUS
3743,11,436.1,CTS,PUS
3744,11,438.1,CTS,PUS
3745,11,440.6,CTS,PUS
3746,11,443.6,CTS,PUS
3747,11,447.0,CTS,PUS
3748,11,450.8,CTS,PUS
3749,11,455.0,CTS,PUS
3750,11,453.0,OBO,ICN
3751,11,451.3,OBO,ICN
3752,11,450.1,OBO,ICN
3753,11,449.3,OBO,ICN
3754,11,449.1,OBO,ICN
3755,11,449.5,OBO,ICN
3756,11,450.3,OBO,ICN
3757,11,451.7,OBO,ICN
3758,11,453.5,OBO,ICN
3759,11,455.8,OBO,ICN
3760,11,458.6,OBO,ICN
3761,11,461.9,OBO,ICN
3762,11,465.5,OBO,ICN
3763,11,469.5,OBO,ICN
3764,11,506.0,OBO,ICN
3765,11,512.1,OBO,ICN
3766,11,518.4,OBO,ICN
3767,11,552.2,OBO,ICN
3768,11,559.3,OBO,ICN
3769,11,443.2,CTS,PUS
3770,11,443.6,CTS,PUS
3771,11,444.5,CTS,PUS
3772,11,445.9,CTS,PUS
3773,11,447.8,CTS,PUS
3774,11,450.2,CTS,PUS
3775,11,452.9,CTS,PUS
3776,11,456.1,CTS,PUS
3777,11,459.7,CTS,PUS
3778,11,463.7,CTS,PUS
3779,11,462.8,OBO,ICN
3780,11,461.2,OBO,ICN
3781,11,460.0,OBO,ICN
3782,11,459.3,OBO,ICN
3783,11,459.2,OBO,ICN
3784,11,459.5,OBO,ICN
3785,11,460.2,OBO,ICN
3786,11,461.5,OBO,ICN
3787,11,463.3,OBO,ICN
3788,11,465.4,OBO,ICN
3789,11,468.1,OBO,ICN
3790,11,471.1,OBO,ICN
3791,11,474.5,OBO,ICN
3792,11,519.1,OBO,ICN
3793,11,525.2,OBO,ICN
3794,11,565.0,OBO,ICN
3795,11,453.2,CTS,PUS
3796,11,453.6,CTS,PUS
3797,11,454.4,CTS,PUS
3798,11,455.8,CTS,PUS
3799,11,457.5,CTS,PUS
3800,11,459.7,CTS,PUS
3801,11,462.4,CTS,PUS
3802,11,465.4,CTS,PUS
3803,11,468.8,CTS,PUS
3804,11,472.5,CTS,PUS
3805,11,472.6,OBO,ICN
3806,11,471.1,OBO,ICN
3807,11,470.0,OBO,ICN
3808,11,469.3,OBO,ICN
3809,11,469.2,OBO,ICN
3810,11,469.5,OBO,ICN
3811,11,470.2,OBO,ICN
3812,11,471.4,OBO,ICN
3813,11,473.0,OBO,ICN
3814,11,538.4,OBO,ICN
3815,11,577.8,OBO,ICN
3816,11,584.8,OBO,ICN
3817,11,463.2,CTS,PUS
3818,11,463.6,CTS,PUS
3819,11,464.4,CTS,PUS
3820,11,465.6,CTS,PUS
3821,11,467.3,CTS,PUS
3822,11,469.4,CTS,PUS
3823,11,471.8,CTS,PUS
3824,11,474.7,CTS,PUS
3825,11,477.9,CTS,PUS
3826,11,481.5,CTS,PUS
3827,11,482.4,OBO,ICN
3828,11,481.0,OBO,ICN
3829,11,479.9,OBO,ICN
3830,11,479.4,OBO,ICN
3831,11,479.2,OBO,ICN
3832,11,479.5,OBO,ICN
3833,11,480.2,OBO,ICN
3834,11,590.6,OBO,ICN
3835,11,597.5,OBO,ICN
3836,11,604.5,OBO,ICN
3837,11,473.2,CTS,PUS
3838,11,473.6,CTS,PUS
3839,11,474.3,CTS,PUS
3840,11,475.5,CTS,PUS
3841,11,477.1,CTS,PUS
3842,11,479.0,CTS,PUS
3843,11,481.4,CTS,PUS
3844,11,484.1,CTS,PUS
3845,11,487.2,CTS,PUS
3846,11,490.5,CTS,PUS
3847,11,492.2,OBO,ICN
3848,11,490.9,OBO,ICN
3849,11,489.9,OBO,ICN
3850,11,489.4,OBO,ICN
3851,11,489.2,OBO,ICN
3852,11,596.7,OBO,ICN
3853,11,603.4,OBO,ICN
3854,11,610.3,OBO,ICN
3855,11,617.2,OBO,ICN
3856,11,624.3,OBO,ICN
3857,11,483.6,CTS,PUS
3858,11,484.3,CTS,PUS
3859,11,485.4,CTS,PUS
3860,11,486.9,CTS,PUS
3861,11,488.8,CTS,PUS
3862,11,491.0,CTS,PUS
3863,11,493.6,CTS,PUS
3864,11,496.5,CTS,PUS
3865,11,499.7,CTS,PUS
3866,11,502.1,OBO,ICN
3867,11,500.8,OBO,ICN
3868,11,499.9,OBO,ICN
3869,11,499.4,OBO,ICN
3870,11,609.6,OBO,ICN
3871,11,493.6,CTS,PUS
3872,11,494.3,CTS,PUS
3873,11,495.3,CTS,PUS
3874,11,496.7,CTS,PUS
3875,11,498.5,CTS,PUS
3876,11,500.6,CTS,PUS
3877,11,503.1,CTS,PUS
3878,11,505.8,CTS,PUS
3879,11,508.9,CTS,PUS
3880,11,512.0,OBO,ICN
3881,11,510.8,OBO,ICN
3882,11,503.6,CTS,PUS
3883,11,504.2,CTS,PUS
3884,11,505.2,CTS,PUS
3885,11,506.6,CTS,PUS
3886,11,508.3,CTS,PUS
3887,11,510.3,CTS,PUS
3888,11,512.6,CTS,PUS
3889,11,515.3,CTS,PUS
3890,11,518.2,CTS,PUS
3891,11,521.5,CTS,PUS
3892,11,513.6,CTS,PUS
3893,11,514.2,CTS,PUS
3894,11,515.1,CTS,PUS
3895,11,516.4,CTS,PUS
3896,11,518.0,CTS,PUS
3897,11,520.0,CTS,PUS
3898,11,522.2,CTS,PUS
3899,11,524.7,CTS,PUS
3900,11,527.6,CTS,PUS
3901,11,523.6,CTS,PUS
3902,11,524.2,CTS,PUS
3903,11,525.1,CTS,PUS
3904,11,526.3,CTS,PUS
3905,11,527.8,CTS,PUS
3906,11,529.7,CTS,PUS
3907,11,531.8,CTS,PUS
3908,11,534.3,CTS,PUS
3909,11,533.3,CTS,PUS
3910,11,533.6,CTS,PUS
3911,11,534.1,CTS,PUS
3912,11,535.0,CTS,PUS
3913,11,536.2,CTS,PUS
3914,11,537.7,CTS,PUS
3915,11,539.4,CTS,PUS
3916,11,541.5,CTS,PUS
3917,11,543.3,CTS,PUS
3918,11,543.6,CTS,PUS
3919,11,544.1,CTS,PUS
3920,11,545.0,CTS,PUS
3921,11,546.1,CTS,PUS
3922,11,547.5,CTS,PUS
3923,11,549.2,CTS,PUS
3924,11,551.2,CTS,PUS
3925,11,553.4,CTS,PUS
3926,11,553.4,CTS,PUS
3927,11,553.6,CTS,PUS
3928,11,554.1,CTS,PUS
3929,11,554.9,CTS,PUS
3930,11,556.0,CTS,PUS
3931,11,557.4,CTS,PUS
3932,11,559.0,CTS,PUS
3933,11,566.3,CTS,PUS
3934,11,565.2,CTS,PUS
3935,11,563.4,CTS,PUS
3936,11,563.4,CTS,PUS
3937,11,563.6,CTS,PUS
3938,11,564.1,CTS,PUS
3939,11,564.9,CTS,PUS
3940,11,565.9,CTS,PUS
3941,11,567.2,CTS,PUS
3942,11,573.4,CTS,PUS
3943,11,573.4,CTS,PUS
3944,11,573.6,CTS,PUS
3945,11,574.1,CTS,PUS
3946,11,574.8,CTS,PUS
3947,11,575.8,CTS,PUS
3948,11,583.4,CTS,PUS
3949,11,583.6,CTS,PUS
3950,11,584.1,CTS,PUS
3951,11,584.8,CTS,PUS
3952,11,594.1,CTS,PUS
0,12,357.9,ISG,ICN
1,12,347.3,ISG,ICN
2,12,346.0,ISG,ICN
3,12,302.7,ISG,ICN
4,12,316.1,ISG,ICN
5,12,309.4,ISG,ICN
6,12,313.5,SHI,ICN
7,12,323.4,SHI,ICN
8,12,300.4,SHI,ICN
9,12,311.1,SHI,ICN
10,12,276.1,OKA,PUS
11,12,267.4,OKA,PUS
12,12,278.1,OKA,PUS
13,12,281.3,OKA,PUS
14,12,288.8,OKA,PUS
15,12,296.0,OKA,PUS
16,12,304.8,OKA,PUS
17,12,303.2,OKA,PUS
18,12,317.7,OKA,PUS
19,12,325.2,OKA,PUS
20,12,1264.1,FSZ,ICN
21,12,325.7,OKA,PUS
22,12,332.3,OKA,PUS
23,12,339.9,OKA,PUS
24,12,1254.8,FSZ,ICN
25,12,326.5,OKA,PUS
26,12,346.9,OKA,PUS
27,12,354.5,OKA,PUS
28,12,361.5,OKA,PUS
29,12,479.2,OKA,PUS
30,12,487.2,OKA,PUS
31,12,530.2,OKA,PUS
32,12,544.6,OKA,PUS
33,12,546.3,OKA,PUS
34,12,552.5,OKA,PUS
35,12,560.6,OKA,PUS
36,12,566.9,OKA,PUS
37,12,601.6,OKA,PUS
38,12,581.2,OKA,PUS
39,12,587.8,OKA,PUS
40,12,508.0,KOJ,ICN
41,12,463.2,KOJ,ICN
42,12,421.0,KOJ,ICN
43,12,419.8,KOJ,ICN
44,12,411.1,KOJ,ICN
45,12,409.8,KOJ,ICN
46,12,401.2,KOJ,ICN
47,12,399.9,KOJ,ICN
48,12,399.9,KOJ,ICN
49,12,381.5,KOJ,ICN
50,12,371.7,KOJ,ICN
51,12,319.1,KOJ,ICN
52,12,320.5,KOJ,ICN
53,12,310.7,KOJ,ICN
54,12,309.1,KOJ,ICN
55,12,310.8,KOJ,ICN
56,12,313.9,KOJ,ICN
57,12,315.9,KOJ,ICN
58,12,309.7,KOJ,ICN
59,12,304.7,KOJ,ICN
60,12,301.1,KOJ,ICN
61,12,301.1,KOJ,ICN
62,12,304.7,KOJ,ICN
63,12,309.7,KOJ,ICN
64,12,316.3,KOJ,ICN
65,12,301.6,KOJ,ICN
66,12,295.8,KOJ,ICN
67,12,289.2,KOJ,ICN
68,12,291.5,KOJ,ICN
69,12,295.8,KOJ,ICN
70,12,301.0,KMI,ICN
71,12,294.3,KOJ,ICN
72,12,287.5,KOJ,ICN
73,12,279.3,KOJ,ICN
74,12,282.2,KOJ,ICN
75,12,287.5,KOJ,ICN
76,12,294.3,KOJ,ICN
77,12,295.5,KMI,ICN
78,12,291.4,KMI,ICN
79,12,288.1,KOJ,ICN
80,12,280.0,KOJ,ICN
81,12,273.4,KOJ,ICN
82,12,269.4,KOJ,ICN
83,12,273.4,KOJ,ICN
84,12,280.1,KOJ,ICN
85,12,288.1,KOJ,ICN
86,12,287.0,KMI,ICN
87,12,282.0,KMI,ICN
88,12,342.9,KOJ,ICN
89,12,283.5,KOJ,ICN
90,12,274.2,KOJ,ICN
91,12,265.8,KOJ,ICN
92,12,265.8,KOJ,ICN
93,12,274.2,KOJ,ICN
94,12,283.5,KOJ,ICN
95,12,279.6,KMI,ICN
96,12,273.0,KMI,ICN
97,12,269.5,KMI,ICN
98,12,291.3,KOJ,ICN
99,12,281.2,KOJ,ICN
100,12,271.1,KOJ,ICN
101,12,261.1,KOJ,ICN
102,12,251.6,KOJ,ICN
103,12,251.6,KOJ,ICN
104,12,261.2,KOJ,ICN
105,12,271.2,KOJ,ICN
106,12,281.3,KOJ,ICN
107,12,273.8,KMI,ICN
108,12,265.3,KMI,ICN
109,12,259.7,KMI,ICN
110,12,321.9,KOJ,ICN
111,12,291.7,KOJ,ICN
112,12,281.7,KOJ,ICN
113,12,271.8,KOJ,ICN
114,12,262.2,KOJ,ICN
115,12,254.0,KOJ,ICN
116,12,254.0,KOJ,ICN
117,12,262.2,KOJ,ICN
118,12,271.8,KOJ,ICN
119,12,281.3,KMI,ICN
120,12,271.2,KMI,ICN
121,12,261.1,KMI,ICN
122,12,251.2,KMI,ICN
123,12,294.2,KOJ,ICN
124,12,284.8,KOJ,ICN
125,12,276.0,KOJ,ICN
126,12,268.2,KOJ,ICN
127,12,263.1,KOJ,ICN
128,12,263.1,KOJ,ICN
129,12,268.2,KOJ,ICN
130,12,276.0,KOJ,ICN
131,12,282.3,KMI,ICN
132,12,272.7,KMI,ICN
133,12,263.5,KMI,ICN
134,12,256.9,KMI,ICN
135,12,298.5,KOJ,ICN
136,12,290.0,KOJ,ICN
137,12,282.4,KOJ,ICN
138,12,276.4,KOJ,ICN
139,12,272.8,KOJ,ICN
140,12,272.8,KOJ,ICN
141,12,276.4,KOJ,ICN
142,12,282.5,KOJ,ICN
143,12,286.1,KMI,ICN
144,12,277.6,KMI,ICN
145,12,270.6,KMI,ICN
146,12,266.7,KMI,ICN
147,12,312.3,KOJ,ICN
148,12,290.2,KOJ,ICN
149,12,285.4,KOJ,ICN
150,12,282.7,KOJ,ICN
151,12,282.7,KOJ,ICN
152,12,285.4,KOJ,ICN
153,12,290.3,KOJ,ICN
154,12,291.8,KMI,ICN
155,12,284.7,KMI,ICN
156,12,279.3,KMI,ICN
157,12,276.6,KMI,ICN
158,12,277.3,KMI,ICN
159,12,312.3,NGS,ICN
160,12,291.6,KMJ,PUS
161,12,287.2,KMJ,PUS
162,12,284.0,KMJ,PUS
163,12,282.2,KMJ,PUS
164,12,281.8,KMJ,PUS
165,12,282.9,KMJ,PUS
166,12,285.4,KMJ,PUS
167,12,289.1,KMJ,PUS
168,12,288.6,KMI,ICN
169,12,286.6,KMI,ICN
170,12,287.1,KMI,ICN
171,12,302.4,NGS,ICN
172,12,303.1,KMJ,PUS
173,12,288.9,KMJ,PUS
174,12,278.0,KMJ,PUS
175,12,274.4,KMJ,PUS
176,12,272.2,KMJ,PUS
177,12,271.8,KMJ,PUS
178,12,273.0,KMJ,PUS
179,12,275.9,KMJ,PUS
180,12,280.2,KMJ,PUS
181,12,285.7,KMJ,PUS
182,12,292.0,KMJ,PUS
183,12,297.0,KMI,ICN
184,12,292.5,NGS,ICN
185,12,295.1,NGS,ICN
186,12,269.2,KMJ,PUS
187,12,264.9,KMJ,PUS
188,12,262.3,KMJ,PUS
189,12,261.8,KMJ,PUS
190,12,263.3,KMJ,PUS
191,12,266.7,KMJ,PUS
192,12,271.7,KMJ,PUS
193,12,277.9,KMJ,PUS
194,12,284.9,KMJ,PUS
195,12,292.6,KMJ,PUS
196,12,300.8,KMJ,PUS
197,12,285.7,NGS,ICN
198,12,274.8,KMJ,PUS
199,12,260.7,KMJ,PUS
200,12,255.6,KMJ,PUS
201,12,252.5,KMJ,PUS
202,12,251.8,KMJ,PUS
203,12,253.7,KMJ,PUS
204,12,257.8,KMJ,PUS
205,12,263.7,KMJ,PUS
206,12,270.7,KMJ,PUS
207,12,278.6,KMJ,PUS
208,12,286.9,KMJ,PUS
209,12,295.7,KMJ,PUS
210,12,260.7,KMJ,PUS
211,12,246.8,KMJ,PUS
212,12,242.7,KMJ,PUS
213,12,241.8,KMJ,PUS
214,12,244.3,KMJ,PUS
215,12,249.6,KMJ,PUS
216,12,256.6,KMJ,PUS
217,12,264.6,KMJ,PUS
218,12,273.2,KMJ,PUS
219,12,282.3,KMJ,PUS
220,12,291.5,KMJ,PUS
221,12,348.4,NGS,ICN
222,12,338.6,NGS,ICN
223,12,274.2,KMJ,PUS
224,12,264.7,KMJ,PUS
225,12,246.7,KMJ,PUS
226,12,238.9,KMJ,PUS
227,12,233.2,KMJ,PUS
228,12,231.8,KMJ,PUS
229,12,235.5,KMJ,PUS
230,12,242.4,KMJ,PUS
231,12,250.8,KMJ,PUS
232,12,259.8,KMJ,PUS
233,12,269.2,KMJ,PUS
234,12,278.8,KMJ,PUS
235,12,288.5,KMJ,PUS
236,12,298.3,KMJ,PUS
237,12,254.3,NGS,ICN
238,12,251.6,NGS,ICN
239,12,254.3,NGS,ICN
240,12,269.2,NGS,ICN
241,12,262.1,KMJ,PUS
242,12,233.0,KMJ,PUS
243,12,224.7,KMJ,PUS
244,12,222.0,KMJ,PUS
245,12,228.4,KMJ,PUS
246,12,237.4,KMJ,PUS
247,12,247.1,KMJ,PUS
248,12,256.9,KMJ,PUS
249,12,266.8,KMJ,PUS
250,12,276.7,KMJ,PUS
251,12,286.7,KMJ,PUS
252,12,296.7,KMJ,PUS
253,12,306.6,KMJ,PUS
254,12,336.7,MYJ,PUS
255,12,325.2,NGS,ICN
256,12,315.2,NGS,ICN
257,12,255.9,NGS,ICN
258,12,246.9,NGS,ICN
259,12,241.6,NGS,ICN
260,12,246.8,NGS,ICN
261,12,255.9,NGS,ICN
262,12,265.5,NGS,ICN
263,12,241.4,KMJ,PUS
264,12,231.4,KMJ,PUS
265,12,221.5,KMJ,PUS
266,12,216.7,KMJ,PUS
267,12,226.2,KMJ,PUS
268,12,236.1,KMJ,PUS
269,12,246.1,KMJ,PUS
270,12,256.1,KMJ,PUS
271,12,266.2,KMJ,PUS
272,12,276.2,KMJ,PUS
273,12,286.2,KMJ,PUS
274,12,296.2,KMJ,PUS
275,12,306.3,KMJ,PUS
276,12,311.2,OIT,ICN
277,12,326.3,MYJ,PUS
278,12,326.8,MYJ,PUS
279,12,328.2,MYJ,PUS
280,12,315.0,NGS,ICN
281,12,255.0,NGS,ICN
282,12,245.2,NGS,ICN
283,12,245.2,NGS,ICN
284,12,255.0,NGS,ICN
285,12,253.2,KMJ,PUS
286,12,243.8,KMJ,PUS
287,12,235.0,KMJ,PUS
288,12,227.8,KMJ,PUS
289,12,225.8,KMJ,PUS
290,12,230.9,KMJ,PUS
291,12,239.0,KMJ,PUS
292,12,248.2,KMJ,PUS
293,12,257.7,KMJ,PUS
294,12,267.5,KMJ,PUS
295,12,277.3,KMJ,PUS
296,12,287.1,KMJ,PUS
297,12,297.0,KMJ,PUS
298,12,299.2,OIT,ICN
299,12,301.7,OIT,ICN
300,12,305.6,OIT,ICN
301,12,316.7,MYJ,PUS
302,12,316.2,MYJ,PUS
303,12,316.8,MYJ,PUS
304,12,318.4,MYJ,PUS
305,12,315.9,NGS,ICN
306,12,267.5,NGS,ICN
307,12,258.7,NGS,ICN
308,12,247.9,NGS,ICN
309,12,251.2,NGS,ICN
310,12,255.1,HSG,ICN
311,12,253.3,HSG,ICN
312,12,249.0,KMJ,PUS
313,12,241.8,KMJ,PUS
314,12,236.9,KMJ,PUS
315,12,235.8,KMJ,PUS
316,12,238.9,KMJ,PUS
317,12,245.0,KMJ,PUS
318,12,252.8,KMJ,PUS
319,12,261.4,KMJ,PUS
320,12,270.5,KMJ,PUS
321,12,279.9,KMJ,PUS
322,12,289.3,OIT,ICN
323,12,288.3,OIT,ICN
324,12,289.4,OIT,ICN
325,12,308.3,MYJ,PUS
326,12,306.7,MYJ,PUS
327,12,306.2,MYJ,PUS
328,12,306.8,MYJ,PUS
329,12,308.6,MYJ,PUS
330,12,311.3,MYJ,PUS
331,12,265.3,NGS,ICN
332,12,260.0,NGS,ICN
333,12,257.9,NGS,ICN
334,12,259.9,NGS,ICN
335,12,248.6,HSG,ICN
336,12,256.0,KMJ,PUS
337,12,250.2,KMJ,PUS
338,12,246.5,KMJ,PUS
339,12,245.7,KMJ,PUS
340,12,248.0,KMJ,PUS
341,12,252.7,KMJ,PUS
342,12,259.2,KMJ,PUS
343,12,266.8,KMJ,PUS
344,12,275.1,KMJ,PUS
345,12,283.0,OIT,ICN
346,12,279.5,OIT,ICN
347,12,278.3,OIT,ICN
348,12,296.8,MYJ,PUS
349,12,296.2,MYJ,PUS
350,12,296.9,MYJ,PUS
351,12,298.8,MYJ,PUS
352,12,301.9,MYJ,PUS
353,12,306.0,MYJ,PUS
354,12,503.4,FSZ,ICN
355,12,509.4,FSZ,ICN
356,12,321.4,NGS,ICN
357,12,279.5,NGS,ICN
358,12,273.5,NGS,ICN
359,12,269.4,NGS,ICN
360,12,267.9,NGS,ICN
361,12,261.7,HSG,ICN
362,12,252.3,HSG,ICN
363,12,244.1,HSG,ICN
364,12,242.8,HSG,ICN
365,12,248.1,FUK,PUS
366,12,249.2,FUK,PUS
367,12,252.6,FUK,PUS
368,12,256.4,KMJ,PUS
369,12,255.7,KMJ,PUS
370,12,257.4,KMJ,PUS
371,12,261.2,KMJ,PUS
372,12,266.7,KMJ,PUS
373,12,273.3,KMJ,PUS
374,12,280.7,OIT,ICN
375,12,274.3,OIT,ICN
376,12,269.9,OIT,ICN
377,12,268.3,OIT,ICN
378,12,270.0,OIT,ICN
379,12,286.8,MYJ,PUS
380,12,286.2,MYJ,PUS
381,12,287.0,MYJ,PUS
382,12,289.2,MYJ,PUS
383,12,292.7,MYJ,PUS
384,12,297.3,MYJ,PUS
385,12,293.6,NGS,ICN
386,12,287.3,NGS,ICN
387,12,282.3,NGS,ICN
388,12,274.3,FUK,PUS
389,12,265.7,FUK,PUS
390,12,257.5,FUK,PUS
391,12,250.1,FUK,PUS
392,12,243.9,FUK,PUS
393,12,239.6,FUK,PUS
394,12,238.0,FUK,PUS
395,12,239.6,FUK,PUS
396,12,243.9,FUK,PUS
397,12,250.0,FUK,PUS
398,12,257.5,FUK,PUS
399,12,265.6,FUK,PUS
400,12,270.3,KMJ,PUS
401,12,274.9,KMJ,PUS
402,12,280.7,KMJ,PUS
403,12,274.4,OIT,ICN
404,12,276.9,MYJ,PUS
405,12,276.2,MYJ,PUS
406,12,277.1,MYJ,PUS
407,12,279.7,MYJ,PUS
408,12,283.7,MYJ,PUS
409,12,288.8,MYJ,PUS
410,12,294.9,MYJ,PUS
411,12,261.0,FUK,PUS
412,12,252.0,FUK,PUS
413,12,243.5,FUK,PUS
414,12,236.0,FUK,PUS
415,12,230.3,FUK,PUS
416,12,228.0,FUK,PUS
417,12,230.2,FUK,PUS
418,12,235.9,FUK,PUS
419,12,243.5,FUK,PUS
420,12,252.0,FUK,PUS
421,12,261.0,FUK,PUS
422,12,270.2,FUK,PUS
423,12,279.7,FUK,PUS
424,12,279.6,OIT,ICN
425,12,270.0,OIT,ICN
426,12,260.7,OIT,ICN
427,12,252.4,OIT,ICN
428,12,269.9,MYJ,PUS
429,12,267.1,MYJ,PUS
430,12,266.2,MYJ,PUS
431,12,267.3,MYJ,PUS
432,12,270.3,MYJ,PUS
433,12,275.0,MYJ,PUS
434,12,280.8,MYJ,PUS
435,12,287.7,MYJ,PUS
436,12,339.3,TAK,ICN
437,12,340.7,TAK,ICN
438,12,257.9,FUK,PUS
439,12,238.8,FUK,PUS
440,12,229.7,FUK,PUS
441,12,221.8,FUK,PUS
442,12,218.0,FUK,PUS
443,12,221.8,FUK,PUS
444,12,229.7,FUK,PUS
445,12,238.7,FUK,PUS
446,12,248.2,FUK,PUS
447,12,257.9,FUK,PUS
448,12,267.6,FUK,PUS
449,12,276.3,KKJ,ICN
450,12,278.6,OIT,ICN
451,12,268.6,OIT,ICN
452,12,258.6,OIT,ICN
453,12,248.7,OIT,ICN
454,12,266.1,MYJ,PUS
455,12,260.8,MYJ,PUS
456,12,257.3,MYJ,PUS
457,12,256.1,MYJ,PUS
458,12,257.6,MYJ,PUS
459,12,261.3,MYJ,PUS
460,12,266.8,MYJ,PUS
461,12,273.5,MYJ,PUS
462,12,281.2,MYJ,PUS
463,12,289.3,MYJ,PUS
464,12,297.9,MYJ,PUS
465,12,329.0,TAK,ICN
466,12,329.3,TAK,ICN
467,12,330.9,TAK,ICN
468,12,346.9,KIX,PUS
469,12,236.8,FUK,PUS
470,12,226.8,FUK,PUS
471,12,216.9,FUK,PUS
472,12,208.0,FUK,PUS
473,12,216.9,FUK,PUS
474,12,226.8,FUK,PUS
475,12,236.7,FUK,PUS
476,12,246.7,FUK,PUS
477,12,256.6,FUK,PUS
478,12,263.9,KKJ,ICN
479,12,267.1,KKJ,ICN
480,12,272.7,KKJ,ICN
481,12,261.4,OIT,ICN
482,12,253.4,OIT,ICN
483,12,252.2,MYJ,PUS
484,12,247.7,MYJ,PUS
485,12,246.1,MYJ,PUS
486,12,248.0,MYJ,PUS
487,12,252.8,MYJ,PUS
488,12,259.4,MYJ,PUS
489,12,267.2,MYJ,PUS
490,12,275.7,MYJ,PUS
491,12,284.5,MYJ,PUS
492,12,293.6,MYJ,PUS
493,12,302.9,MYJ,PUS
494,12,312.4,MYJ,PUS
495,12,321.9,MYJ,PUS
496,12,319.9,TAK,ICN
497,12,319.0,TAK,ICN
498,12,319.4,TAK,ICN
499,12,321.1,TAK,ICN
500,12,331.2,KIX,PUS
501,12,334.0,KIX,PUS
502,12,337.7,KIX,PUS
503,12,342.2,KIX,PUS
504,12,215.8,FUK,PUS
505,12,220.2,FUK,PUS
506,12,228.6,FUK,PUS
507,12,238.0,FUK,PUS
508,12,247.6,FUK,PUS
509,12,253.8,KKJ,ICN
510,12,267.5,OIT,ICN
511,12,261.8,OIT,ICN
512,12,236.1,MYJ,PUS
513,12,238.9,MYJ,PUS
514,12,245.3,MYJ,PUS
515,12,253.4,MYJ,PUS
516,12,262.3,MYJ,PUS
517,12,271.5,MYJ,PUS
518,12,280.9,MYJ,PUS
519,12,290.5,MYJ,PUS
520,12,300.2,MYJ,PUS
521,12,309.9,MYJ,PUS
522,12,312.7,TAK,ICN
523,12,310.0,TAK,ICN
524,12,308.9,TAK,ICN
525,12,309.4,TAK,ICN
526,12,311.5,TAK,ICN
527,12,310.2,TKS,ICN
528,12,306.3,TKS,ICN
529,12,319.4,KIX,PUS
530,12,321.5,KIX,PUS
531,12,324.6,KIX,PUS
532,12,328.7,KIX,PUS
533,12,333.6,KIX,PUS
534,12,339.1,KIX,PUS
535,12,279.0,FUK,PUS
536,12,228.2,FUK,PUS
537,12,234.3,FUK,PUS
538,12,242.2,FUK,PUS
539,12,250.8,KKJ,ICN
540,12,244.2,KKJ,ICN
541,12,226.1,MYJ,PUS
542,12,231.3,MYJ,PUS
543,12,240.1,MYJ,PUS
544,12,249.5,MYJ,PUS
545,12,259.2,MYJ,PUS
546,12,269.0,MYJ,PUS
547,12,278.8,MYJ,PUS
548,12,288.7,MYJ,PUS
549,12,298.5,MYJ,PUS
550,12,307.9,TAK,ICN
551,12,303.3,TAK,ICN
552,12,300.2,TAK,ICN
553,12,298.9,TAK,ICN
554,12,299.5,TAK,ICN
555,12,301.9,TAK,ICN
556,12,301.5,TKS,ICN
557,12,296.9,TKS,ICN
558,12,294.2,TKS,ICN
559,12,309.5,KIX,PUS
560,12,311.8,KIX,PUS
561,12,315.3,KIX,PUS
562,12,319.8,KIX,PUS
563,12,325.2,KIX,PUS
564,12,331.3,KIX,PUS
565,12,282.2,FUK,PUS
566,12,237.5,FUK,PUS
567,12,242.0,FUK,PUS
568,12,248.4,FUK,PUS
569,12,247.6,KKJ,ICN
570,12,220.4,MYJ,PUS
571,12,228.9,MYJ,PUS
572,12,238.7,MYJ,PUS
573,12,248.6,MYJ,PUS
574,12,258.5,MYJ,PUS
575,12,268.4,MYJ,PUS
576,12,278.3,MYJ,PUS
577,12,288.2,MYJ,PUS
578,12,298.1,MYJ,PUS
579,12,299.6,TAK,ICN
580,12,294.3,TAK,ICN
581,12,290.5,TAK,ICN
582,12,288.9,TAK,ICN
583,12,289.6,TAK,ICN
584,12,292.6,TAK,ICN
585,12,293.4,TKS,ICN
586,12,287.8,TKS,ICN
587,12,284.4,TKS,ICN
588,12,283.7,TKS,ICN
589,12,298.6,KIX,PUS
590,12,298.3,KIX,PUS
591,12,299.6,KIX,PUS
592,12,302.3,KIX,PUS
593,12,306.3,KIX,PUS
594,12,311.3,KIX,PUS
595,12,317.2,KIX,PUS
596,12,323.8,KIX,PUS
597,12,331.0,KIX,PUS
598,12,244.3,KKJ,ICN
599,12,278.4,MYJ,PUS
600,12,259.2,MYJ,PUS
601,12,234.2,MYJ,PUS
602,12,241.9,MYJ,PUS
603,12,250.8,MYJ,PUS
604,12,269.8,MYJ,PUS
605,12,279.4,MYJ,PUS
606,12,289.2,MYJ,PUS
607,12,299.0,MYJ,PUS
608,12,292.1,TAK,ICN
609,12,285.7,TAK,ICN
610,12,281.0,TAK,ICN
611,12,278.9,TAK,ICN
612,12,279.9,TAK,ICN
613,12,283.6,TAK,ICN
614,12,286.3,TKS,ICN
615,12,279.4,TKS,ICN
616,12,274.7,TKS,ICN
617,12,273.8,TKS,ICN
618,12,288.6,KIX,PUS
619,12,288.3,KIX,PUS
620,12,289.9,KIX,PUS
621,12,293.0,KIX,PUS
622,12,297.6,KIX,PUS
623,12,303.2,KIX,PUS
624,12,309.7,KIX,PUS
625,12,316.9,KIX,PUS
626,12,324.6,KIX,PUS
627,12,332.7,KIX,PUS
628,12,253.9,KKJ,ICN
629,12,258.6,KKJ,ICN
630,12,265.7,KKJ,ICN
631,12,273.9,KKJ,ICN
632,12,282.7,KKJ,ICN
633,12,299.7,OIT,ICN
634,12,300.0,MYJ,PUS
635,12,290.5,MYJ,PUS
636,12,281.2,MYJ,PUS
637,12,272.0,MYJ,PUS
638,12,248.3,MYJ,PUS
639,12,255.7,MYJ,PUS
640,12,285.8,TAK,ICN
641,12,278.0,TAK,ICN
642,12,271.9,TAK,ICN
643,12,268.9,TAK,ICN
644,12,270.3,TAK,ICN
645,12,275.4,TAK,ICN
646,12,281.1,TKS,ICN
647,12,272.4,TKS,ICN
648,12,265.5,TKS,ICN
649,12,278.6,KIX,PUS
650,12,278.4,KIX,PUS
651,12,280.2,KIX,PUS
652,12,284.0,KIX,PUS
653,12,289.2,KIX,PUS
654,12,295.6,KIX,PUS
655,12,302.9,KIX,PUS
656,12,310.7,KIX,PUS
657,12,318.9,KIX,PUS
658,12,327.5,KIX,PUS
659,12,336.3,KIX,PUS
660,12,266.6,KKJ,ICN
661,12,263.7,KKJ,ICN
662,12,263.9,KKJ,ICN
663,12,267.1,KKJ,ICN
664,12,272.7,KKJ,ICN
665,12,279.7,KKJ,ICN
666,12,287.6,KKJ,ICN
667,12,296.1,KKJ,ICN
668,12,304.9,KKJ,ICN
669,12,303.2,MYJ,PUS
670,12,294.2,MYJ,PUS
671,12,285.3,MYJ,PUS
672,12,276.8,MYJ,PUS
673,12,255.7,MYJ,PUS
674,12,256.3,MYJ,PUS
675,12,262.4,MYJ,PUS
676,12,281.3,TAK,ICN
677,12,272.2,TAK,ICN
678,12,264.0,TAK,ICN
679,12,259.0,TAK,ICN
680,12,261.4,TAK,ICN
681,12,268.8,TAK,ICN
682,12,277.7,TAK,ICN
683,12,268.8,TKS,ICN
684,12,259.0,TKS,ICN
685,12,268.8,KIX,PUS
686,12,268.4,KIX,PUS
687,12,270.7,KIX,PUS
688,12,275.3,KIX,PUS
689,12,281.6,KIX,PUS
690,12,288.9,KIX,PUS
691,12,296.9,KIX,PUS
692,12,305.3,KIX,PUS
693,12,314.1,KIX,PUS
694,12,323.1,KIX,PUS
695,12,332.3,KIX,PUS
696,12,335.9,FUK,PUS
697,12,273.7,KKJ,ICN
698,12,273.8,KKJ,ICN
699,12,276.3,KKJ,ICN
700,12,280.8,KKJ,ICN
701,12,286.7,KKJ,ICN
702,12,293.7,KKJ,ICN
703,12,301.4,KKJ,ICN
704,12,309.6,KKJ,ICN
705,12,307.5,MYJ,PUS
706,12,298.9,MYJ,PUS
707,12,290.6,MYJ,PUS
708,12,282.8,MYJ,PUS
709,12,279.4,TAK,ICN
710,12,269.6,TAK,ICN
711,12,259.7,TAK,ICN
712,12,250.0,TAK,ICN
713,12,255.9,TAK,ICN
714,12,265.7,TAK,ICN
715,12,275.6,TAK,ICN
716,12,270.6,TKS,ICN
717,12,262.6,TKS,ICN
718,12,266.9,TKS,ICN
719,12,259.0,KIX,PUS
720,12,258.4,KIX,PUS
721,12,261.6,KIX,PUS
722,12,267.5,KIX,PUS
723,12,274.9,KIX,PUS
724,12,283.2,KIX,PUS
725,12,292.0,KIX,PUS
726,12,301.0,KIX,PUS
727,12,310.3,KIX,PUS
728,12,319.7,KIX,PUS
729,12,329.2,KIX,PUS
730,12,327.1,NGO,PUS
731,12,381.6,FSZ,ICN
732,12,341.5,FUK,PUS
733,12,333.6,FUK,PUS
734,12,283.6,KKJ,ICN
735,12,283.7,KKJ,ICN
736,12,285.8,KKJ,ICN
737,12,289.5,KKJ,ICN
738,12,294.6,KKJ,ICN
739,12,300.7,KKJ,ICN
740,12,307.7,KKJ,ICN
741,12,315.3,KKJ,ICN
742,12,312.6,MYJ,PUS
743,12,304.5,MYJ,PUS
744,12,296.9,MYJ,PUS
745,12,289.8,MYJ,PUS
746,12,283.4,MYJ,PUS
747,12,268.4,HIJ,CJU
748,12,260.1,HIJ,CJU
749,12,260.3,HIJ,CJU
750,12,271.4,TAK,ICN
751,12,262.7,TAK,ICN
752,12,257.1,TAK,ICN
753,12,259.9,TAK,ICN
754,12,267.9,TAK,ICN
755,12,274.0,TKS,ICN
756,12,272.3,KIX,PUS
757,12,249.4,KIX,PUS
758,12,248.6,KIX,PUS
759,12,253.4,KIX,PUS
760,12,261.1,KIX,PUS
761,12,269.8,KIX,PUS
762,12,279.0,KIX,PUS
763,12,288.5,KIX,PUS
764,12,298.0,KIX,PUS
765,12,307.7,KIX,PUS
766,12,317.4,KIX,PUS
767,12,324.3,NGO,PUS
768,12,318.5,NGO,PUS
769,12,313.6,NGO,PUS
770,12,309.8,NGO,PUS
771,12,306.3,NGO,PUS
772,12,347.6,FUK,PUS
773,12,293.7,KKJ,ICN
774,12,295.4,KKJ,ICN
775,12,298.6,KKJ,ICN
776,12,303.0,KKJ,ICN
777,12,308.5,KKJ,ICN
778,12,314.8,KKJ,ICN
779,12,321.8,KKJ,ICN
780,12,318.4,MYJ,PUS
781,12,310.9,MYJ,PUS
782,12,303.8,MYJ,PUS
783,12,297.4,MYJ,PUS
784,12,291.7,MYJ,PUS
785,12,284.5,HIJ,CJU
786,12,274.7,HIJ,CJU
787,12,265.0,HIJ,CJU
788,12,255.4,HIJ,CJU
789,12,246.2,HIJ,CJU
790,12,240.6,HIJ,CJU
791,12,246.5,HIJ,CJU
792,12,255.7,HIJ,CJU
793,12,275.0,HIJ,CJU
794,12,276.7,TAK,ICN
795,12,269.7,KIX,PUS
796,12,239.4,KIX,PUS
797,12,247.8,KIX,PUS
798,12,257.4,KIX,PUS
799,12,267.1,KIX,PUS
800,12,276.9,KIX,PUS
801,12,286.7,KIX,PUS
802,12,296.5,KIX,PUS
803,12,306.3,KIX,PUS
804,12,316.2,KIX,PUS
805,12,316.8,NGO,PUS
806,12,310.3,NGO,PUS
807,12,304.8,NGO,PUS
808,12,300.4,NGO,PUS
809,12,297.5,NGO,PUS
810,12,296.3,NGO,PUS
811,12,379.7,FSZ,ICN
812,12,346.9,FUK,PUS
813,12,316.7,KKJ,ICN
814,12,322.4,KKJ,ICN
815,12,328.8,KKJ,ICN
816,12,324.9,MYJ,PUS
817,12,317.9,MYJ,PUS
818,12,311.3,MYJ,PUS
819,12,304.0,HIJ,CJU
820,12,294.2,HIJ,CJU
821,12,284.4,HIJ,CJU
822,12,274.6,HIJ,CJU
823,12,264.8,HIJ,CJU
824,12,255.2,HIJ,CJU
825,12,245.8,HIJ,CJU
826,12,239.6,HIJ,CJU
827,12,246.1,HIJ,CJU
828,12,255.5,HIJ,CJU
829,12,265.1,HIJ,CJU
830,12,274.9,HIJ,CJU
831,12,284.7,HIJ,CJU
832,12,285.7,OKJ,ICN
833,12,276.6,OKJ,ICN
834,12,276.0,OKJ,ICN
835,12,277.0,TAK,ICN
836,12,288.0,TAK,ICN
837,12,269.8,KIX,PUS
838,12,248.2,KIX,PUS
839,12,257.6,KIX,PUS
840,12,267.2,KIX,PUS
841,12,277.0,KIX,PUS
842,12,286.7,KIX,PUS
843,12,296.5,KIX,PUS
844,12,306.4,KIX,PUS
845,12,316.2,KIX,PUS
846,12,310.0,NGO,PUS
847,12,302.8,NGO,PUS
848,12,296.4,NGO,PUS
849,12,291.3,NGO,PUS
850,12,287.7,NGO,PUS
851,12,286.2,NGO,PUS
852,12,354.1,FUK,PUS
853,12,330.5,KKJ,ICN
854,12,336.4,KKJ,ICN
855,12,331.9,MYJ,PUS
856,12,324.7,HIJ,CJU
857,12,315.0,HIJ,CJU
858,12,305.4,HIJ,CJU
859,12,295.8,HIJ,CJU
860,12,286.3,HIJ,CJU
861,12,276.9,HIJ,CJU
862,12,267.9,HIJ,CJU
863,12,259.4,HIJ,CJU
864,12,252.6,HIJ,CJU
865,12,249.6,HIJ,CJU
866,12,252.7,HIJ,CJU
867,12,259.7,HIJ,CJU
868,12,268.1,HIJ,CJU
869,12,277.2,HIJ,CJU
870,12,286.6,HIJ,CJU
871,12,278.7,OKJ,ICN
872,12,271.7,OKJ,ICN
873,12,267.0,OKJ,ICN
874,12,266.1,OKJ,ICN
875,12,269.4,OKJ,ICN
876,12,263.8,KIX,PUS
877,12,261.6,KIX,PUS
878,12,270.2,KIX,PUS
879,12,279.3,KIX,PUS
880,12,288.7,KIX,PUS
881,12,298.2,KIX,PUS
882,12,307.8,KIX,PUS
883,12,312.5,NGO,PUS
884,12,304.0,NGO,PUS
885,12,296.0,NGO,PUS
886,12,288.7,NGO,PUS
887,12,282.6,NGO,PUS
888,12,338.9,KKJ,ICN
889,12,344.3,KKJ,ICN
890,12,336.3,HIJ,CJU
891,12,326.8,HIJ,CJU
892,12,317.4,HIJ,CJU
893,12,308.1,HIJ,CJU
894,12,298.9,HIJ,CJU
895,12,289.9,HIJ,CJU
896,12,281.3,HIJ,CJU
897,12,273.4,HIJ,CJU
898,12,266.5,HIJ,CJU
899,12,261.5,HIJ,CJU
900,12,259.7,HIJ,CJU
901,12,261.6,HIJ,CJU
902,12,266.7,HIJ,CJU
903,12,273.6,HIJ,CJU
904,12,281.6,HIJ,CJU
905,12,282.7,OKJ,ICN
906,12,273.5,OKJ,ICN
907,12,264.8,OKJ,ICN
908,12,257.8,OKJ,ICN
909,12,256.2,OKJ,ICN
910,12,261.7,OKJ,ICN
911,12,269.9,OKJ,ICN
912,12,270.0,KIX,PUS
913,12,263.8,KIX,PUS
914,12,258.8,UKB,ICN
915,12,262.5,KIX,PUS
916,12,268.2,KIX,PUS
917,12,275.4,KIX,PUS
918,12,283.6,KIX,PUS
919,12,292.3,KIX,PUS
920,12,301.2,KIX,PUS
921,12,310.4,KIX,PUS
922,12,308.3,NGO,PUS
923,12,299.2,NGO,PUS
924,12,290.4,NGO,PUS
925,12,282.1,NGO,PUS
926,12,287.5,NGO,PUS
927,12,296.2,NGO,PUS
928,12,314.9,FSZ,ICN
929,12,290.7,FSZ,ICN
930,12,287.5,FSZ,ICN
931,12,332.2,FSZ,ICN
932,12,329.9,HIJ,CJU
933,12,320.9,HIJ,CJU
934,12,312.0,HIJ,CJU
935,12,303.3,HIJ,CJU
936,12,295.1,HIJ,CJU
937,12,287.3,HIJ,CJU
938,12,280.4,HIJ,CJU
939,12,274.8,HIJ,CJU
940,12,271.0,HIJ,CJU
941,12,269.7,HIJ,CJU
942,12,271.1,HIJ,CJU
943,12,275.0,HIJ,CJU
944,12,280.6,HIJ,CJU
945,12,287.6,HIJ,CJU
946,12,281.1,OKJ,ICN
947,12,271.3,OKJ,ICN
948,12,261.5,OKJ,ICN
949,12,251.7,OKJ,ICN
950,12,247.9,OKJ,ICN
951,12,257.5,OKJ,ICN
952,12,267.3,OKJ,ICN
953,12,277.1,OKJ,ICN
954,12,286.9,OKJ,ICN
955,12,296.8,OKJ,ICN
956,12,284.0,KIX,PUS
957,12,277.6,KIX,PUS
958,12,272.6,KIX,PUS
959,12,267.1,UKB,ICN
960,12,267.5,UKB,ICN
961,12,271.6,KIX,PUS
962,12,276.1,KIX,PUS
963,12,282.2,KIX,PUS
964,12,289.4,KIX,PUS
965,12,297.2,KIX,PUS
966,12,305.6,KIX,PUS
967,12,314.3,KIX,PUS
968,12,305.5,NGO,PUS
969,12,296.0,NGO,PUS
970,12,286.5,NGO,PUS
971,12,277.2,NGO,PUS
972,12,258.6,NGO,PUS
973,12,292.7,NGO,PUS
974,12,302.3,NGO,PUS
975,12,311.9,NGO,PUS
976,12,321.5,NGO,PUS
977,12,312.4,FSZ,ICN
978,12,302.7,FSZ,ICN
979,12,293.2,FSZ,ICN
980,12,283.9,FSZ,ICN
981,12,277.5,FSZ,ICN
982,12,330.4,FSZ,ICN
983,12,340.2,FSZ,ICN
984,12,375.8,HND,GMP
985,12,325.3,HIJ,CJU
986,12,316.9,HIJ,CJU
987,12,308.9,HIJ,CJU
988,12,301.3,HIJ,CJU
989,12,294.4,HIJ,CJU
990,12,288.5,HIJ,CJU
991,12,283.8,HIJ,CJU
992,12,280.7,HIJ,CJU
993,12,279.7,HIJ,CJU
994,12,280.8,HIJ,CJU
995,12,283.9,HIJ,CJU
996,12,288.6,HIJ,CJU
997,12,291.7,OKJ,ICN
998,12,282.1,OKJ,ICN
999,12,272.7,OKJ,ICN
1000,12,263.7,OKJ,ICN
1001,12,256.0,OKJ,ICN
1002,12,254.1,OKJ,ICN
1003,12,260.3,OKJ,ICN
1004,12,269.0,OKJ,ICN
1005,12,278.3,OKJ,ICN
1006,12,287.8,OKJ,ICN
1007,12,297.5,OKJ,ICN
1008,12,307.2,OKJ,ICN
1009,12,305.3,KIX,PUS
1010,12,298.1,KIX,PUS
1011,12,291.5,KIX,PUS
1012,12,286.0,KIX,PUS
1013,12,280.5,UKB,ICN
1014,12,276.8,UKB,ICN
1015,12,277.0,UKB,ICN
1016,12,281.0,UKB,ICN
1017,12,284.8,KIX,PUS
1018,12,289.9,KIX,PUS
1019,12,296.2,KIX,PUS
1020,12,303.3,KIX,PUS
1021,12,311.0,KIX,PUS
1022,12,314.1,NGO,PUS
1023,12,304.3,NGO,PUS
1024,12,294.5,NGO,PUS
1025,12,284.7,NGO,PUS
1026,12,274.9,NGO,PUS
1027,12,265.2,NGO,PUS
1028,12,252.2,NGO,PUS
1029,12,261.9,NGO,PUS
1030,12,271.6,NGO,PUS
1031,12,281.4,NGO,PUS
1032,12,291.2,NGO,PUS
1033,12,301.0,NGO,PUS
1034,12,310.8,NGO,PUS
1035,12,320.5,NGO,PUS
1036,12,312.3,FSZ,ICN
1037,12,302.6,FSZ,ICN
1038,12,293.0,FSZ,ICN
1039,12,283.6,FSZ,ICN
1040,12,276.8,FSZ,ICN
1041,12,282.3,FSZ,ICN
1042,12,330.4,FSZ,ICN
1043,12,340.1,FSZ,ICN
1044,12,349.9,FSZ,ICN
1045,12,322.8,HIJ,CJU
1046,12,315.3,HIJ,CJU
1047,12,308.4,HIJ,CJU
1048,12,302.3,HIJ,CJU
1049,12,297.1,HIJ,CJU
1050,12,293.1,HIJ,CJU
1051,12,290.6,HIJ,CJU
1052,12,289.7,HIJ,CJU
1053,12,290.6,HIJ,CJU
1054,12,293.2,HIJ,CJU
1055,12,297.2,HIJ,CJU
1056,12,294.6,OKJ,ICN
1057,12,285.7,OKJ,ICN
1058,12,277.3,OKJ,ICN
1059,12,270.0,OKJ,ICN
1060,12,264.9,OKJ,ICN
1061,12,263.9,OKJ,ICN
1062,12,267.6,OKJ,ICN
1063,12,274.2,OKJ,ICN
1064,12,282.2,OKJ,ICN
1065,12,291.0,OKJ,ICN
1066,12,300.0,OKJ,ICN
1067,12,309.3,OKJ,ICN
1068,12,312.1,KIX,PUS
1069,12,305.5,KIX,PUS
1070,12,299.7,KIX,PUS
1071,12,294.3,UKB,ICN
1072,12,289.4,UKB,ICN
1073,12,286.7,UKB,ICN
1074,12,286.9,UKB,ICN
1075,12,289.8,UKB,ICN
1076,12,293.9,KIX,PUS
1077,12,298.3,KIX,PUS
1078,12,303.8,KIX,PUS
1079,12,310.2,KIX,PUS
1080,12,317.3,KIX,PUS
1081,12,314.4,NGO,PUS
1082,12,304.7,NGO,PUS
1083,12,295.0,NGO,PUS
1084,12,285.3,NGO,PUS
1085,12,275.8,NGO,PUS
1086,12,266.4,NGO,PUS
1087,12,254.9,NGO,PUS
1088,12,263.3,NGO,PUS
1089,12,272.5,NGO,PUS
1090,12,282.1,NGO,PUS
1091,12,291.7,NGO,PUS
1092,12,301.4,NGO,PUS
1093,12,311.1,NGO,PUS
1094,12,320.9,NGO,PUS
1095,12,314.7,FSZ,ICN
1096,12,305.6,FSZ,ICN
1097,12,297.2,FSZ,ICN
1098,12,290.2,FSZ,ICN
1099,12,286.8,FSZ,ICN
1100,12,289.4,FSZ,ICN
1101,12,332.0,FSZ,ICN
1102,12,341.5,FSZ,ICN
1103,12,351.1,FSZ,ICN
1104,12,348.6,HND,GMP
1105,12,322.4,HIJ,CJU
1106,12,316.2,HIJ,CJU
1107,12,310.6,HIJ,CJU
1108,12,306.1,HIJ,CJU
1109,12,302.6,HIJ,CJU
1110,12,300.4,HIJ,CJU
1111,12,298.4,YGJ,ICN
1112,12,294.5,YGJ,ICN
1113,12,292.0,YGJ,ICN
1114,12,291.2,YGJ,ICN
1115,12,292.2,YGJ,ICN
1116,12,291.1,OKJ,ICN
1117,12,284.0,OKJ,ICN
1118,12,278.2,OKJ,ICN
1119,12,274.5,OKJ,ICN
1120,12,273.9,OKJ,ICN
1121,12,276.4,OKJ,ICN
1122,12,281.4,OKJ,ICN
1123,12,288.1,OKJ,ICN
1124,12,295.9,OKJ,ICN
1125,12,304.2,OKJ,ICN
1126,12,312.9,OKJ,ICN
1127,12,319.4,KIX,PUS
1128,12,313.5,KIX,PUS
1129,12,308.2,UKB,ICN
1130,12,302.7,UKB,ICN
1131,12,298.7,UKB,ICN
1132,12,296.7,UKB,ICN
1133,12,296.8,UKB,ICN
1134,12,299.1,UKB,ICN
1135,12,303.2,UKB,ICN
1136,12,307.1,KIX,PUS
1137,12,312.0,KIX,PUS
1138,12,317.8,KIX,PUS
1139,12,324.2,KIX,PUS
1140,12,316.2,NGO,PUS
1141,12,306.7,NGO,PUS
1142,12,297.4,NGO,PUS
1143,12,288.3,NGO,PUS
1144,12,279.5,NGO,PUS
1145,12,271.4,NGO,PUS
1146,12,264.8,NGO,PUS
1147,12,263.2,NGO,PUS
1148,12,268.9,NGO,PUS
1149,12,276.6,NGO,PUS
1150,12,285.2,NGO,PUS
1151,12,294.3,NGO,PUS
1152,12,303.5,NGO,PUS
1153,12,312.9,NGO,PUS
1154,12,322.4,NGO,PUS
1155,12,319.0,FSZ,ICN
1156,12,311.1,FSZ,ICN
1157,12,304.1,FSZ,ICN
1158,12,299.0,FSZ,ICN
1159,12,296.8,FSZ,ICN
1160,12,298.4,FSZ,ICN
1161,12,303.2,FSZ,ICN
1162,12,335.2,FSZ,ICN
1163,12,344.3,FSZ,ICN
1164,12,353.5,FSZ,ICN
1165,12,338.7,HND,GMP
1166,12,324.3,HIJ,CJU
1167,12,318.4,YGJ,ICN
1168,12,310.3,YGJ,ICN
1169,12,302.8,YGJ,ICN
1170,12,295.8,YGJ,ICN
1171,12,289.8,YGJ,ICN
1172,12,285.1,YGJ,ICN
1173,12,282.1,YGJ,ICN
1174,12,281.2,YGJ,ICN
1175,12,282.4,YGJ,ICN
1176,12,285.7,YGJ,ICN
1177,12,290.6,YGJ,ICN
1178,12,287.1,OKJ,ICN
1179,12,284.3,OKJ,ICN
1180,12,283.8,OKJ,ICN
1181,12,285.7,OKJ,ICN
1182,12,289.8,OKJ,ICN
1183,12,295.4,OKJ,ICN
1184,12,302.1,OKJ,ICN
1185,12,309.6,OKJ,ICN
1186,12,317.7,OKJ,ICN
1187,12,326.1,OKJ,ICN
1188,12,321.9,KIX,PUS
1189,12,316.3,UKB,ICN
1190,12,311.6,UKB,ICN
1191,12,308.3,UKB,ICN
1192,12,306.6,UKB,ICN
1193,12,306.7,UKB,ICN
1194,12,308.6,UKB,ICN
1195,12,312.1,UKB,ICN
1196,12,316.1,KIX,PUS
1197,12,320.5,KIX,PUS
1198,12,325.8,KIX,PUS
1199,12,328.4,NGO,PUS
1200,12,319.2,NGO,PUS
1201,12,310.2,NGO,PUS
1202,12,301.5,NGO,PUS
1203,12,293.1,NGO,PUS
1204,12,285.4,NGO,PUS
1205,12,278.7,NGO,PUS
1206,12,273.7,NGO,PUS
1207,12,271.5,NGO,PUS
1208,12,272.6,NGO,PUS
1209,12,276.8,NGO,PUS
1210,12,282.9,NGO,PUS
1211,12,290.4,NGO,PUS
1212,12,298.6,NGO,PUS
1213,12,307.2,NGO,PUS
1214,12,316.1,NGO,PUS
1215,12,325.2,NGO,PUS
1216,12,325.0,FSZ,ICN
1217,12,318.1,FSZ,ICN
1218,12,312.3,FSZ,ICN
1219,12,308.4,FSZ,ICN
1220,12,306.8,FSZ,ICN
1221,12,308.0,FSZ,ICN
1222,12,311.6,FSZ,ICN
1223,12,317.1,FSZ,ICN
1224,12,339.7,FSZ,ICN
1225,12,348.2,FSZ,ICN
1226,12,357.1,FSZ,ICN
1227,12,328.8,HND,GMP
1228,12,331.7,HND,GMP
1229,12,313.5,YGJ,ICN
1230,12,304.8,YGJ,ICN
1231,12,296.6,YGJ,ICN
1232,12,288.8,YGJ,ICN
1233,12,281.9,YGJ,ICN
1234,12,276.2,YGJ,ICN
1235,12,272.4,YGJ,ICN
1236,12,271.2,YGJ,ICN
1237,12,272.7,YGJ,ICN
1238,12,276.8,YGJ,ICN
1239,12,282.7,YGJ,ICN
1240,12,289.8,YGJ,ICN
1241,12,294.2,OKJ,ICN
1242,12,293.8,OKJ,ICN
1243,12,295.4,OKJ,ICN
1244,12,298.7,OKJ,ICN
1245,12,303.4,OKJ,ICN
1246,12,309.3,OKJ,ICN
1247,12,316.1,OKJ,ICN
1248,12,323.5,OKJ,ICN
1249,12,331.4,OKJ,ICN
1250,12,330.1,UKB,ICN
1251,12,325.0,UKB,ICN
1252,12,320.9,UKB,ICN
1253,12,318.0,UKB,ICN
1254,12,316.6,UKB,ICN
1255,12,316.7,UKB,ICN
1256,12,318.3,UKB,ICN
1257,12,321.3,UKB,ICN
1258,12,325.4,KIX,PUS
1259,12,329.4,KIX,PUS
1260,12,334.1,KIX,PUS
1261,12,332.1,NGO,PUS
1262,12,323.4,NGO,PUS
1263,12,314.9,NGO,PUS
1264,12,306.9,NGO,PUS
1265,12,299.3,NGO,PUS
1266,12,292.6,NGO,PUS
1267,12,287.1,NGO,PUS
1268,12,283.2,NGO,PUS
1269,12,281.5,NGO,PUS
1270,12,282.4,NGO,PUS
1271,12,285.5,NGO,PUS
1272,12,290.6,NGO,PUS
1273,12,296.9,NGO,PUS
1274,12,304.2,NGO,PUS
1275,12,312.1,NGO,PUS
1276,12,320.5,NGO,PUS
1277,12,329.1,NGO,PUS
1278,12,332.0,FSZ,ICN
1279,12,326.0,FSZ,ICN
1280,12,321.2,FSZ,ICN
1281,12,318.1,FSZ,ICN
1282,12,316.9,FSZ,ICN
1283,12,317.8,FSZ,ICN
1284,12,320.6,FSZ,ICN
1285,12,325.2,FSZ,ICN
1286,12,331.1,FSZ,ICN
1287,12,337.8,FSZ,ICN
1288,12,345.3,FSZ,ICN
1289,12,353.3,FSZ,ICN
1290,12,356.7,HND,GMP
1291,12,319.1,HND,GMP
1292,12,322.6,HND,GMP
1293,12,327.8,HND,GMP
1294,12,333.1,NRT,PUS
1295,12,331.6,NRT,PUS
1296,12,291.5,YGJ,ICN
1297,12,282.9,YGJ,ICN
1298,12,274.9,YGJ,ICN
1299,12,267.9,YGJ,ICN
1300,12,262.9,YGJ,ICN
1301,12,261.1,YGJ,ICN
1302,12,263.4,YGJ,ICN
1303,12,268.7,YGJ,ICN
1304,12,275.9,YGJ,ICN
1305,12,284.0,YGJ,ICN
1306,12,292.7,YGJ,ICN
1307,12,301.6,YGJ,ICN
1308,12,305.1,OKJ,ICN
1309,12,307.9,OKJ,ICN
1310,12,312.0,OKJ,ICN
1311,12,317.2,OKJ,ICN
1312,12,323.3,OKJ,ICN
1313,12,330.1,OKJ,ICN
1314,12,337.4,OKJ,ICN
1315,12,338.5,UKB,ICN
1316,12,333.9,UKB,ICN
1317,12,330.3,UKB,ICN
1318,12,327.9,UKB,ICN
1319,12,326.6,UKB,ICN
1320,12,326.7,UKB,ICN
1321,12,328.1,UKB,ICN
1322,12,330.6,UKB,ICN
1323,12,334.4,UKB,ICN
1324,12,338.4,KIX,PUS
1325,12,342.8,KIX,PUS
1326,12,336.8,NGO,PUS
1327,12,328.6,NGO,PUS
1328,12,320.7,NGO,PUS
1329,12,313.3,NGO,PUS
1330,12,306.5,NGO,PUS
1331,12,300.7,NGO,PUS
1332,12,296.0,NGO,PUS
1333,12,292.9,NGO,PUS
1334,12,291.5,NGO,PUS
1335,12,292.2,NGO,PUS
1336,12,294.7,NGO,PUS
1337,12,298.9,NGO,PUS
1338,12,304.4,NGO,PUS
1339,12,310.9,NGO,PUS
1340,12,318.1,NGO,PUS
1341,12,325.8,NGO,PUS
1342,12,334.0,NGO,PUS
1343,12,339.8,FSZ,ICN
1344,12,334.6,FSZ,ICN
1345,12,330.5,FSZ,ICN
1346,12,327.9,FSZ,ICN
1347,12,326.9,FSZ,ICN
1348,12,327.6,FSZ,ICN
1349,12,330.0,FSZ,ICN
1350,12,333.9,FSZ,ICN
1351,12,339.0,FSZ,ICN
1352,12,345.0,FSZ,ICN
1353,12,351.8,FSZ,ICN
1354,12,359.2,FSZ,ICN
1355,12,352.1,HND,GMP
1356,12,343.3,HND,GMP
1357,12,313.3,HND,GMP
1358,12,309.5,HND,GMP
1359,12,314.0,HND,GMP
1360,12,320.3,HND,GMP
1361,12,323.4,NRT,PUS
1362,12,321.6,NRT,PUS
1363,12,288.1,YGJ,ICN
1364,12,278.7,YGJ,ICN
1365,12,269.7,YGJ,ICN
1366,12,261.1,YGJ,ICN
1367,12,254.0,YGJ,ICN
1368,12,251.1,YGJ,ICN
1369,12,254.8,YGJ,ICN
1370,12,262.2,YGJ,ICN
1371,12,270.8,YGJ,ICN
1372,12,279.9,YGJ,ICN
1373,12,289.3,YGJ,ICN
1374,12,298.7,YGJ,ICN
1375,12,308.3,YGJ,ICN
1376,12,317.3,OKJ,ICN
1377,12,320.9,OKJ,ICN
1378,12,325.6,OKJ,ICN
1379,12,331.1,OKJ,ICN
1380,12,337.2,OKJ,ICN
1381,12,344.0,OKJ,ICN
1382,12,347.2,UKB,ICN
1383,12,343.1,UKB,ICN
1384,12,339.9,UKB,ICN
1385,12,337.7,UKB,ICN
1386,12,336.6,UKB,ICN
1387,12,336.7,UKB,ICN
1388,12,337.9,UKB,ICN
1389,12,340.2,UKB,ICN
1390,12,343.5,UKB,ICN
1391,12,347.6,KIX,PUS
1392,12,350.4,NGO,PUS
1393,12,342.3,NGO,PUS
1394,12,334.6,NGO,PUS
1395,12,327.2,NGO,PUS
1396,12,320.5,NGO,PUS
1397,12,314.4,NGO,PUS
1398,12,309.3,NGO,PUS
1399,12,305.3,NGO,PUS
1400,12,302.6,NGO,PUS
1401,12,301.6,NGO,PUS
1402,12,302.1,NGO,PUS
1403,12,304.2,NGO,PUS
1404,12,307.8,NGO,PUS
1405,12,312.6,NGO,PUS
1406,12,318.3,NGO,PUS
1407,12,324.9,NGO,PUS
1408,12,332.0,NGO,PUS
1409,12,339.6,NGO,PUS
1410,12,347.6,NGO,PUS
1411,12,343.5,FSZ,ICN
1412,12,340.0,FSZ,ICN
1413,12,337.7,FSZ,ICN
1414,12,336.9,FSZ,ICN
1415,12,337.5,FSZ,ICN
1416,12,339.6,FSZ,ICN
1417,12,342.9,FSZ,ICN
1418,12,347.4,FSZ,ICN
1419,12,352.8,FSZ,ICN
1420,12,359.0,FSZ,ICN
1421,12,358.1,HND,GMP
1422,12,348.7,HND,GMP
1423,12,339.4,HND,GMP
1424,12,330.3,HND,GMP
1425,12,321.4,HND,GMP
1426,12,313.0,HND,GMP
1427,12,305.4,HND,GMP
1428,12,306.3,HND,GMP
1429,12,314.0,HND,GMP
1430,12,313.9,NRT,PUS
1431,12,311.7,NRT,PUS
1432,12,276.7,YGJ,ICN
1433,12,267.1,YGJ,ICN
1434,12,257.4,YGJ,ICN
1435,12,247.9,YGJ,ICN
1436,12,241.2,YGJ,ICN
1437,12,258.6,YGJ,ICN
1438,12,268.3,YGJ,ICN
1439,12,278.0,YGJ,ICN
1440,12,287.7,YGJ,ICN
1441,12,297.4,YGJ,ICN
1442,12,307.1,YGJ,ICN
1443,12,316.8,YGJ,ICN
1444,12,326.6,YGJ,ICN
1445,12,334.3,OKJ,ICN
1446,12,339.2,OKJ,ICN
1447,12,344.9,OKJ,ICN
1448,12,351.2,OKJ,ICN
1449,12,356.2,UKB,ICN
1450,12,352.4,UKB,ICN
1451,12,349.6,UKB,ICN
1452,12,347.6,UKB,ICN
1453,12,346.6,UKB,ICN
1454,12,346.7,UKB,ICN
1455,12,347.8,UKB,ICN
1456,12,349.8,UKB,ICN
1457,12,352.8,UKB,ICN
1458,12,356.6,UKB,ICN
1459,12,356.1,NGO,PUS
1460,12,348.4,NGO,PUS
1461,12,341.2,NGO,PUS
1462,12,334.4,NGO,PUS
1463,12,328.3,NGO,PUS
1464,12,322.8,NGO,PUS
1465,12,318.3,NGO,PUS
1466,12,314.8,NGO,PUS
1467,12,312.5,NGO,PUS
1468,12,311.6,NGO,PUS
1469,12,312.0,NGO,PUS
1470,12,313.9,NGO,PUS
1471,12,317.0,NGO,PUS
1472,12,321.2,NGO,PUS
1473,12,326.3,NGO,PUS
1474,12,332.3,NGO,PUS
1475,12,338.8,NGO,PUS
1476,12,345.9,NGO,PUS
1477,12,353.4,NGO,PUS
1478,12,352.7,FSZ,ICN
1479,12,349.6,FSZ,ICN
1480,12,347.6,FSZ,ICN
1481,12,346.9,FSZ,ICN
1482,12,347.4,FSZ,ICN
1483,12,349.2,FSZ,ICN
1484,12,352.2,FSZ,ICN
1485,12,356.1,FSZ,ICN
1486,12,361.0,FSZ,ICN
1487,12,365.9,HND,GMP
1488,12,356.3,HND,GMP
1489,12,346.6,HND,GMP
1490,12,337.0,HND,GMP
1491,12,327.4,HND,GMP
1492,12,317.9,HND,GMP
1493,12,308.6,HND,GMP
1494,12,299.5,HND,GMP
1495,12,291.5,HND,GMP
1496,12,300.6,HND,GMP
1497,12,309.4,NRT,PUS
1498,12,304.5,NRT,PUS
1499,12,301.7,NRT,PUS
1500,12,250.0,YGJ,ICN
1501,12,245.7,YGJ,ICN
1502,12,336.5,YGJ,ICN
1503,12,346.1,YGJ,ICN
1504,12,353.0,OKJ,ICN
1505,12,358.8,OKJ,ICN
1506,12,365.2,OKJ,ICN
1507,12,361.9,UKB,ICN
1508,12,359.3,UKB,ICN
1509,12,357.5,UKB,ICN
1510,12,356.6,UKB,ICN
1511,12,365.7,UKB,ICN
1512,12,362.3,NGO,PUS
1513,12,355.2,NGO,PUS
1514,12,348.4,NGO,PUS
1515,12,342.1,NGO,PUS
1516,12,336.5,NGO,PUS
1517,12,331.6,NGO,PUS
1518,12,327.5,NGO,PUS
1519,12,324.4,NGO,PUS
1520,12,322.4,NGO,PUS
1521,12,321.6,NGO,PUS
1522,12,322.0,NGO,PUS
1523,12,323.6,NGO,PUS
1524,12,326.3,NGO,PUS
1525,12,330.1,NGO,PUS
1526,12,334.7,NGO,PUS
1527,12,340.1,NGO,PUS
1528,12,346.2,NGO,PUS
1529,12,352.8,NGO,PUS
1530,12,359.8,NGO,PUS
1531,12,362.1,FSZ,ICN
1532,12,359.3,FSZ,ICN
1533,12,357.6,FSZ,ICN
1534,12,356.9,FSZ,ICN
1535,12,357.4,FSZ,ICN
1536,12,359.0,FSZ,ICN
1537,12,361.6,FSZ,ICN
1538,12,365.2,FSZ,ICN
1539,12,369.6,FSZ,ICN
1540,12,365.4,HND,GMP
1541,12,355.7,HND,GMP
1542,12,346.0,HND,GMP
1543,12,336.3,HND,GMP
1544,12,326.6,HND,GMP
1545,12,316.9,HND,GMP
1546,12,307.1,HND,GMP
1547,12,297.4,HND,GMP
1548,12,287.7,HND,GMP
1549,12,279.7,HND,GMP
1550,12,301.9,NRT,PUS
1551,12,295.7,NRT,PUS
1552,12,291.9,NRT,PUS
1553,12,291.7,NRT,PUS
1554,12,356.8,YGJ,ICN
1555,12,366.4,YGJ,ICN
1556,12,372.7,OKJ,ICN
1557,12,371.5,UKB,ICN
1558,12,369.1,UKB,ICN
1559,12,367.4,UKB,ICN
1560,12,366.6,UKB,ICN
1561,12,346.3,KMQ,ICN
1562,12,343.2,KMQ,ICN
1563,12,341.0,KMQ,ICN
1564,12,340.0,KMQ,ICN
1565,12,336.9,NGO,PUS
1566,12,334.1,NGO,PUS
1567,12,332.3,NGO,PUS
1568,12,331.6,NGO,PUS
1569,12,332.0,NGO,PUS
1570,12,333.4,NGO,PUS
1571,12,335.8,NGO,PUS
1572,12,339.2,NGO,PUS
1573,12,343.4,NGO,PUS
1574,12,348.4,NGO,PUS
1575,12,354.0,NGO,PUS
1576,12,360.1,NGO,PUS
1577,12,366.8,NGO,PUS
1578,12,371.6,FSZ,ICN
1579,12,369.1,FSZ,ICN
1580,12,367.5,FSZ,ICN
1581,12,366.9,FSZ,ICN
1582,12,367.4,FSZ,ICN
1583,12,368.8,FSZ,ICN
1584,12,371.1,FSZ,ICN
1585,12,374.4,FSZ,ICN
1586,12,375.7,HND,GMP
1587,12,366.1,HND,GMP
1588,12,356.4,HND,GMP
1589,12,346.8,HND,GMP
1590,12,337.3,HND,GMP
1591,12,327.8,HND,GMP
1592,12,318.4,HND,GMP
1593,12,309.1,HND,GMP
1594,12,300.3,HND,GMP
1595,12,292.8,HND,GMP
1596,12,289.5,HND,GMP
1597,12,293.6,HND,GMP
1598,12,295.9,NRT,PUS
1599,12,288.0,NRT,PUS
1600,12,282.3,NRT,PUS
1601,12,282.0,NRT,PUS
1602,12,287.4,NRT,PUS
1603,12,376.6,UKB,ICN
1604,12,333.6,KMQ,ICN
1605,12,331.2,KMQ,ICN
1606,12,329.9,KMQ,ICN
1607,12,330.0,KMQ,ICN
1608,12,331.3,KMQ,ICN
1609,12,333.8,KMQ,ICN
1610,12,337.4,KMQ,ICN
1611,12,341.9,NGO,PUS
1612,12,343.2,NGO,PUS
1613,12,345.4,NGO,PUS
1614,12,348.5,NGO,PUS
1615,12,352.3,NGO,PUS
1616,12,356.9,NGO,PUS
1617,12,362.1,NGO,PUS
1618,12,367.8,NGO,PUS
1619,12,374.1,NGO,PUS
1620,12,380.7,NGO,PUS
1621,12,378.9,FSZ,ICN
1622,12,377.5,FSZ,ICN
1623,12,377.0,FSZ,ICN
1624,12,377.3,FSZ,ICN
1625,12,378.6,FSZ,ICN
1626,12,380.8,FSZ,ICN
1627,12,383.7,FSZ,ICN
1628,12,377.3,HND,GMP
1629,12,367.8,HND,GMP
1630,12,358.4,HND,GMP
1631,12,349.1,HND,GMP
1632,12,339.9,HND,GMP
1633,12,330.9,HND,GMP
1634,12,322.2,HND,GMP
1635,12,314.0,HND,GMP
1636,12,306.7,HND,GMP
1637,12,301.4,HND,GMP
1638,12,299.5,HND,GMP
1639,12,301.9,HND,GMP
1640,12,302.4,NRT,PUS
1641,12,292.7,NRT,PUS
1642,12,283.2,NRT,PUS
1643,12,274.1,NRT,PUS
1644,12,273.5,NRT,PUS
1645,12,282.4,NRT,PUS
1646,12,291.9,NRT,PUS
1647,12,301.6,NRT,PUS
1648,12,324.1,KMQ,ICN
1649,12,321.4,KMQ,ICN
1650,12,320.0,KMQ,ICN
1651,12,320.0,KMQ,ICN
1652,12,321.5,KMQ,ICN
1653,12,324.4,KMQ,ICN
1654,12,328.5,KMQ,ICN
1655,12,333.5,KMQ,ICN
1656,12,339.4,KMQ,ICN
1657,12,346.0,KMQ,ICN
1658,12,353.0,KMQ,ICN
1659,12,360.5,KMQ,ICN
1660,12,365.7,NGO,PUS
1661,12,370.5,NGO,PUS
1662,12,375.9,NGO,PUS
1663,12,381.7,NGO,PUS
1664,12,388.0,NGO,PUS
1665,12,388.7,FSZ,ICN
1666,12,387.5,FSZ,ICN
1667,12,387.0,FSZ,ICN
1668,12,387.3,FSZ,ICN
1669,12,388.5,FSZ,ICN
1670,12,390.5,FSZ,ICN
1671,12,389.1,HND,GMP
1672,12,379.8,HND,GMP
1673,12,370.6,HND,GMP
1674,12,361.6,HND,GMP
1675,12,352.7,HND,GMP
1676,12,344.0,HND,GMP
1677,12,335.6,HND,GMP
1678,12,327.8,HND,GMP
1679,12,320.7,HND,GMP
1680,12,314.8,HND,GMP
1681,12,310.9,HND,GMP
1682,12,309.6,HND,GMP
1683,12,311.2,HND,GMP
1684,12,302.8,NRT,PUS
1685,12,293.4,NRT,PUS
1686,12,284.2,NRT,PUS
1687,12,276.3,NRT,PUS
1688,12,275.9,NRT,PUS
1689,12,283.5,NRT,PUS
1690,12,292.6,NRT,PUS
1691,12,302.0,NRT,PUS
1692,12,319.4,KMQ,ICN
1693,12,314.9,KMQ,ICN
1694,12,311.6,KMQ,ICN
1695,12,310.0,KMQ,ICN
1696,12,310.0,KMQ,ICN
1697,12,311.8,KMQ,ICN
1698,12,315.2,KMQ,ICN
1699,12,319.8,KMQ,ICN
1700,12,325.5,KMQ,ICN
1701,12,332.0,KMQ,ICN
1702,12,339.2,KMQ,ICN
1703,12,346.8,KMQ,ICN
1704,12,354.7,KMQ,ICN
1705,12,363.0,KMQ,ICN
1706,12,371.4,KMQ,ICN
1707,12,380.1,KMQ,ICN
1708,12,388.9,KMQ,ICN
1709,12,395.6,NGO,PUS
1710,12,398.6,FSZ,ICN
1711,12,397.4,FSZ,ICN
1712,12,397.0,FSZ,ICN
1713,12,397.3,FSZ,ICN
1714,12,398.4,FSZ,ICN
1715,12,400.2,FSZ,ICN
1716,12,392.3,HND,GMP
1717,12,383.3,HND,GMP
1718,12,374.4,HND,GMP
1719,12,365.8,HND,GMP
1720,12,357.3,HND,GMP
1721,12,349.2,HND,GMP
1722,12,341.6,HND,GMP
1723,12,334.6,HND,GMP
1724,12,328.5,HND,GMP
1725,12,323.7,HND,GMP
1726,12,320.6,HND,GMP
1727,12,319.6,HND,GMP
1728,12,314.9,NRT,PUS
1729,12,306.0,NRT,PUS
1730,12,297.6,NRT,PUS
1731,12,290.2,NRT,PUS
1732,12,285.3,NRT,PUS
1733,12,285.1,NRT,PUS
1734,12,289.7,NRT,PUS
1735,12,296.9,NRT,PUS
1736,12,298.8,YGJ,ICN
1737,12,311.2,KMQ,ICN
1738,12,305.9,KMQ,ICN
1739,12,302.0,KMQ,ICN
1740,12,300.0,KMQ,ICN
1741,12,300.1,KMQ,ICN
1742,12,302.2,KMQ,ICN
1743,12,306.2,KMQ,ICN
1744,12,311.7,KMQ,ICN
1745,12,318.1,KMQ,ICN
1746,12,325.3,KMQ,ICN
1747,12,333.1,KMQ,ICN
1748,12,341.2,KMQ,ICN
1749,12,349.7,KMQ,ICN
1750,12,358.3,KMQ,ICN
1751,12,367.1,KMQ,ICN
1752,12,376.1,KMQ,ICN
1753,12,385.1,KMQ,ICN
1754,12,394.2,KMQ,ICN
1755,12,403.4,KMQ,ICN
1756,12,407.4,FSZ,ICN
1757,12,407.0,FSZ,ICN
1758,12,407.3,FSZ,ICN
1759,12,408.3,FSZ,ICN
1760,12,405.0,HND,GMP
1761,12,396.2,HND,GMP
1762,12,387.5,HND,GMP
1763,12,379.1,HND,GMP
1764,12,370.9,HND,GMP
1765,12,363.0,HND,GMP
1766,12,355.5,HND,GMP
1767,12,348.5,HND,GMP
1768,12,342.3,HND,GMP
1769,12,337.0,HND,GMP
1770,12,332.9,HND,GMP
1771,12,330.4,HND,GMP
1772,12,327.8,NRT,PUS
1773,12,319.3,NRT,PUS
1774,12,311.3,NRT,PUS
1775,12,304.1,NRT,PUS
1776,12,298.4,NRT,PUS
1777,12,295.0,NRT,PUS
1778,12,294.9,NRT,PUS
1779,12,298.0,NRT,PUS
1780,12,308.3,YGJ,ICN
1781,12,303.7,KMQ,ICN
1782,12,297.4,KMQ,ICN
1783,12,292.6,KMQ,ICN
1784,12,290.0,KMQ,ICN
1785,12,290.1,KMQ,ICN
1786,12,292.9,KMQ,ICN
1787,12,297.8,KMQ,ICN
1788,12,304.2,KMQ,ICN
1789,12,311.6,KMQ,ICN
1790,12,319.5,KMQ,ICN
1791,12,327.9,KMQ,ICN
1792,12,336.6,KMQ,ICN
1793,12,345.5,KMQ,ICN
1794,12,354.5,KMQ,ICN
1795,12,363.6,KMQ,ICN
1796,12,372.8,KMQ,ICN
1797,12,382.0,KMQ,ICN
1798,12,391.4,KMQ,ICN
1799,12,400.7,KMQ,ICN
1800,12,410.1,KMQ,ICN
1801,12,417.0,FSZ,ICN
1802,12,417.3,FSZ,ICN
1803,12,417.9,HND,GMP
1804,12,409.3,HND,GMP
1805,12,400.8,HND,GMP
1806,12,392.5,HND,GMP
1807,12,384.5,HND,GMP
1808,12,376.7,HND,GMP
1809,12,369.3,HND,GMP
1810,12,362.4,HND,GMP
1811,12,356.1,HND,GMP
1812,12,350.5,HND,GMP
1813,12,345.9,HND,GMP
1814,12,342.4,HND,GMP
1815,12,340.3,HND,GMP
1816,12,332.8,NRT,PUS
1817,12,325.1,NRT,PUS
1818,12,318.1,NRT,PUS
1819,12,312.0,NRT,PUS
1820,12,303.2,IBR,ICN
1821,12,295.7,IBR,ICN
1822,12,293.2,IBR,ICN
1823,12,298.7,IBR,ICN
1824,12,289.8,KMQ,ICN
1825,12,283.7,KMQ,ICN
1826,12,280.2,KMQ,ICN
1827,12,280.3,KMQ,ICN
1828,12,284.1,KMQ,ICN
1829,12,290.3,KMQ,ICN
1830,12,297.9,KMQ,ICN
1831,12,306.2,KMQ,ICN
1832,12,314.9,KMQ,ICN
1833,12,323.9,KMQ,ICN
1834,12,333.0,KMQ,ICN
1835,12,342.2,KMQ,ICN
1836,12,351.5,KMQ,ICN
1837,12,360.9,KMQ,ICN
1838,12,370.3,KMQ,ICN
1839,12,379.7,KMQ,ICN
1840,12,389.2,KMQ,ICN
1841,12,398.7,KMQ,ICN
1842,12,408.2,KMQ,ICN
1843,12,417.7,KMQ,ICN
1844,12,427.3,KMQ,ICN
1845,12,422.5,HND,GMP
1846,12,414.2,HND,GMP
1847,12,406.1,HND,GMP
1848,12,398.1,HND,GMP
1849,12,390.5,HND,GMP
1850,12,383.2,HND,GMP
1851,12,376.3,HND,GMP
1852,12,369.9,HND,GMP
1853,12,364.2,HND,GMP
1854,12,359.2,HND,GMP
1855,12,355.1,HND,GMP
1856,12,352.1,HND,GMP
1857,12,346.5,NRT,PUS
1858,12,338.9,NRT,PUS
1859,12,329.8,IBR,ICN
1860,12,320.2,IBR,ICN
1861,12,310.6,IBR,ICN
1862,12,300.9,IBR,ICN
1863,12,291.3,IBR,ICN
1864,12,286.0,IBR,ICN
1865,12,295.5,IBR,ICN
1866,12,325.8,YGJ,ICN
1867,12,326.4,YGJ,ICN
1868,12,275.9,KMQ,ICN
1869,12,270.5,KMQ,ICN
1870,12,270.7,KMQ,ICN
1871,12,276.5,KMQ,ICN
1872,12,284.5,KMQ,ICN
1873,12,293.3,KMQ,ICN
1874,12,302.4,KMQ,ICN
1875,12,311.7,KMQ,ICN
1876,12,321.1,KMQ,ICN
1877,12,330.6,KMQ,ICN
1878,12,340.0,KMQ,ICN
1879,12,349.6,KMQ,ICN
1880,12,359.1,KMQ,ICN
1881,12,368.6,KMQ,ICN
1882,12,378.2,KMQ,ICN
1883,12,387.8,KMQ,ICN
1884,12,397.4,KMQ,ICN
1885,12,406.9,KMQ,ICN
1886,12,416.5,KMQ,ICN
1887,12,426.1,KMQ,ICN
1888,12,427.7,HND,GMP
1889,12,419.6,HND,GMP
1890,12,411.8,HND,GMP
1891,12,404.3,HND,GMP
1892,12,397.1,HND,GMP
1893,12,390.2,HND,GMP
1894,12,383.8,HND,GMP
1895,12,377.9,HND,GMP
1896,12,372.7,HND,GMP
1897,12,368.1,HND,GMP
1898,12,364.5,HND,GMP
1899,12,359.5,IBR,ICN
1900,12,349.9,IBR,ICN
1901,12,340.5,IBR,ICN
1902,12,331.0,IBR,ICN
1903,12,321.7,IBR,ICN
1904,12,312.6,IBR,ICN
1905,12,304.0,IBR,ICN
1906,12,296.9,IBR,ICN
1907,12,294.7,IBR,ICN
1908,12,299.7,IBR,ICN
1909,12,262.2,KMQ,ICN
1910,12,262.8,KMQ,ICN
1911,12,272.0,KMQ,ICN
1912,12,281.5,KMQ,ICN
1913,12,291.1,KMQ,ICN
1914,12,300.6,KMQ,ICN
1915,12,310.2,KMQ,ICN
1916,12,319.8,KMQ,ICN
1917,12,329.4,KMQ,ICN
1918,12,339.1,KMQ,ICN
1919,12,348.7,KMQ,ICN
1920,12,358.3,KMQ,ICN
1921,12,367.9,KMQ,ICN
1922,12,377.5,KMQ,ICN
1923,12,387.1,KMQ,ICN
1924,12,396.7,KMQ,ICN
1925,12,406.3,KMQ,ICN
1926,12,415.9,KMQ,ICN
1927,12,425.6,KMQ,ICN
1928,12,433.3,HND,GMP
1929,12,425.6,HND,GMP
1930,12,418.1,HND,GMP
1931,12,410.9,HND,GMP
1932,12,404.1,HND,GMP
1933,12,397.7,HND,GMP
1934,12,391.7,HND,GMP
1935,12,386.2,HND,GMP
1936,12,381.4,HND,GMP
1937,12,377.3,HND,GMP
1938,12,370.8,IBR,ICN
1939,12,361.5,IBR,ICN
1940,12,352.3,IBR,ICN
1941,12,343.2,IBR,ICN
1942,12,334.3,IBR,ICN
1943,12,325.7,IBR,ICN
1944,12,317.7,IBR,ICN
1945,12,310.7,IBR,ICN
1946,12,305.9,IBR,ICN
1947,12,304.7,IBR,ICN
1948,12,307.6,IBR,ICN
1949,12,265.9,KMQ,ICN
1950,12,273.4,KMQ,ICN
1951,12,282.4,KMQ,ICN
1952,12,291.7,KMQ,ICN
1953,12,301.1,KMQ,ICN
1954,12,310.6,KMQ,ICN
1955,12,320.2,KMQ,ICN
1956,12,329.7,KMQ,ICN
1957,12,339.3,KMQ,ICN
1958,12,348.9,KMQ,ICN
1959,12,358.4,KMQ,ICN
1960,12,368.0,KMQ,ICN
1961,12,377.6,KMQ,ICN
1962,12,387.2,KMQ,ICN
1963,12,396.8,KMQ,ICN
1964,12,406.4,KMQ,ICN
1965,12,416.0,KMQ,ICN
1966,12,425.6,KMQ,ICN
1967,12,435.2,KMQ,ICN
1968,12,431.9,HND,GMP
1969,12,424.8,HND,GMP
1970,12,418.0,HND,GMP
1971,12,411.5,HND,GMP
1972,12,405.5,HND,GMP
1973,12,399.9,HND,GMP
1974,12,394.8,HND,GMP
1975,12,390.4,HND,GMP
1976,12,382.8,IBR,ICN
1977,12,373.7,IBR,ICN
1978,12,364.7,IBR,ICN
1979,12,355.9,IBR,ICN
1980,12,347.3,IBR,ICN
1981,12,339.1,IBR,ICN
1982,12,331.4,IBR,ICN
1983,12,324.6,IBR,ICN
1984,12,319.0,IBR,ICN
1985,12,315.5,IBR,ICN
1986,12,314.7,IBR,ICN
1987,12,316.7,IBR,ICN
1988,12,279.7,KMQ,ICN
1989,12,286.8,KMQ,ICN
1990,12,295.0,KMQ,ICN
1991,12,303.8,KMQ,ICN
1992,12,312.8,KMQ,ICN
1993,12,322.0,KMQ,ICN
1994,12,331.3,KMQ,ICN
1995,12,340.7,KMQ,ICN
1996,12,350.1,KMQ,ICN
1997,12,359.6,KMQ,ICN
1998,12,369.1,KMQ,ICN
1999,12,378.6,KMQ,ICN
2000,12,388.1,KMQ,ICN
2001,12,397.6,KMQ,ICN
2002,12,407.1,KMQ,ICN
2003,12,416.7,KMQ,ICN
2004,12,426.2,KMQ,ICN
2005,12,435.8,KMQ,ICN
2006,12,438.7,HND,GMP
2007,12,431.9,HND,GMP
2008,12,425.4,HND,GMP
2009,12,419.3,HND,GMP
2010,12,413.6,HND,GMP
2011,12,408.3,HND,GMP
2012,12,403.6,HND,GMP
2013,12,395.2,IBR,ICN
2014,12,386.3,IBR,ICN
2015,12,377.5,IBR,ICN
2016,12,369.0,IBR,ICN
2017,12,360.7,IBR,ICN
2018,12,352.7,IBR,ICN
2019,12,345.2,IBR,ICN
2020,12,338.4,IBR,ICN
2021,12,332.6,IBR,ICN
2022,12,328.0,IBR,ICN
2023,12,325.3,IBR,ICN
2024,12,324.7,IBR,ICN
2025,12,326.2,IBR,ICN
2026,12,293.5,KMQ,ICN
2027,12,300.5,KMQ,ICN
2028,12,308.3,KMQ,ICN
2029,12,316.7,KMQ,ICN
2030,12,325.4,KMQ,ICN
2031,12,334.3,KMQ,ICN
2032,12,343.3,KMQ,ICN
2033,12,352.4,KMQ,ICN
2034,12,361.7,KMQ,ICN
2035,12,371.0,KMQ,ICN
2036,12,380.3,KMQ,ICN
2037,12,389.7,KMQ,ICN
2038,12,399.1,KMQ,ICN
2039,12,408.5,KMQ,ICN
2040,12,418.0,KMQ,ICN
2041,12,427.4,KMQ,ICN
2042,12,432.9,KIJ,ICN
2043,12,429.4,KIJ,ICN
2044,12,426.3,KIJ,ICN
2045,12,423.9,KIJ,ICN
2046,12,422.0,KIJ,ICN
2047,12,420.7,KIJ,ICN
2048,12,416.7,IBR,ICN
2049,12,407.9,IBR,ICN
2050,12,399.2,IBR,ICN
2051,12,390.6,IBR,ICN
2052,12,382.3,IBR,ICN
2053,12,374.2,IBR,ICN
2054,12,366.4,IBR,ICN
2055,12,359.1,IBR,ICN
2056,12,352.3,IBR,ICN
2057,12,346.3,IBR,ICN
2058,12,341.2,IBR,ICN
2059,12,337.4,IBR,ICN
2060,12,335.2,IBR,ICN
2061,12,334.7,IBR,ICN
2062,12,335.9,IBR,ICN
2063,12,338.9,IBR,ICN
2064,12,307.4,KMQ,ICN
2065,12,314.3,KMQ,ICN
2066,12,321.8,KMQ,ICN
2067,12,329.9,KMQ,ICN
2068,12,338.3,KMQ,ICN
2069,12,346.9,KMQ,ICN
2070,12,355.7,KMQ,ICN
2071,12,364.7,KMQ,ICN
2072,12,373.7,KMQ,ICN
2073,12,382.8,KMQ,ICN
2074,12,392.0,KMQ,ICN
2075,12,401.3,KMQ,ICN
2076,12,410.6,KMQ,ICN
2077,12,419.9,KMQ,ICN
2078,12,428.0,KIJ,ICN
2079,12,423.7,KIJ,ICN
2080,12,420.0,KIJ,ICN
2081,12,416.8,KIJ,ICN
2082,12,414.1,KIJ,ICN
2083,12,412.1,KIJ,ICN
2084,12,410.7,KIJ,ICN
2085,12,409.9,KIJ,ICN
2086,12,409.8,KIJ,ICN
2087,12,403.9,IBR,ICN
2088,12,395.7,IBR,ICN
2089,12,387.8,IBR,ICN
2090,12,380.1,IBR,ICN
2091,12,372.9,IBR,ICN
2092,12,366.1,IBR,ICN
2093,12,360.0,IBR,ICN
2094,12,354.6,IBR,ICN
2095,12,350.2,IBR,ICN
2096,12,347.0,IBR,ICN
2097,12,345.1,IBR,ICN
2098,12,344.7,IBR,ICN
2099,12,345.7,IBR,ICN
2100,12,348.3,IBR,ICN
2101,12,315.2,KMQ,ICN
2102,12,321.2,KMQ,ICN
2103,12,328.1,KMQ,ICN
2104,12,359.9,KMQ,ICN
2105,12,368.5,KMQ,ICN
2106,12,377.2,KMQ,ICN
2107,12,386.1,KMQ,ICN
2108,12,395.1,KMQ,ICN
2109,12,404.1,KMQ,ICN
2110,12,413.2,KMQ,ICN
2111,12,422.4,KMQ,ICN
2112,12,419.2,KIJ,ICN
2113,12,414.7,KIJ,ICN
2114,12,410.7,KIJ,ICN
2115,12,407.3,KIJ,ICN
2116,12,404.5,KIJ,ICN
2117,12,402.3,KIJ,ICN
2118,12,400.7,KIJ,ICN
2119,12,399.9,KIJ,ICN
2120,12,399.8,KIJ,ICN
2121,12,400.4,KIJ,ICN
2122,12,401.4,IBR,ICN
2123,12,393.9,IBR,ICN
2124,12,386.7,IBR,ICN
2125,12,380.0,IBR,ICN
2126,12,373.8,IBR,ICN
2127,12,368.2,IBR,ICN
2128,12,363.4,IBR,ICN
2129,12,359.5,IBR,ICN
2130,12,356.7,IBR,ICN
2131,12,355.0,IBR,ICN
2132,12,354.7,IBR,ICN
2133,12,355.6,IBR,ICN
2134,12,357.8,IBR,ICN
2135,12,361.1,IBR,ICN
2136,12,323.6,KMQ,ICN
2137,12,328.9,KMQ,ICN
2138,12,335.1,KMQ,ICN
2139,12,364.8,KMQ,ICN
2140,12,373.0,KMQ,ICN
2141,12,381.5,KMQ,ICN
2142,12,390.0,KMQ,ICN
2143,12,398.7,KMQ,ICN
2144,12,407.6,KMQ,ICN
2145,12,416.5,KMQ,ICN
2146,12,415.8,KIJ,ICN
2147,12,410.6,KIJ,ICN
2148,12,405.8,KIJ,ICN
2149,12,401.5,KIJ,ICN
2150,12,397.9,KIJ,ICN
2151,12,394.8,KIJ,ICN
2152,12,392.5,KIJ,ICN
2153,12,390.8,KIJ,ICN
2154,12,389.9,KIJ,ICN
2155,12,389.8,KIJ,ICN
2156,12,390.5,KIJ,ICN
2157,12,391.9,KIJ,ICN
2158,12,394.0,KIJ,ICN
2159,12,393.8,IBR,ICN
2160,12,387.6,IBR,ICN
2161,12,381.8,IBR,ICN
2162,12,376.8,IBR,ICN
2163,12,372.4,IBR,ICN
2164,12,369.0,IBR,ICN
2165,12,366.5,IBR,ICN
2166,12,365.0,IBR,ICN
2167,12,364.7,IBR,ICN
2168,12,365.5,IBR,ICN
2169,12,367.4,IBR,ICN
2170,12,370.4,IBR,ICN
2171,12,332.3,KMQ,ICN
2172,12,337.1,KMQ,ICN
2173,12,342.7,KMQ,ICN
2174,12,394.6,KMQ,ICN
2175,12,403.0,KMQ,ICN
2176,12,411.6,KMQ,ICN
2177,12,413.7,KIJ,ICN
2178,12,407.7,KIJ,ICN
2179,12,402.2,KIJ,ICN
2180,12,397.1,KIJ,ICN
2181,12,392.5,KIJ,ICN
2182,12,388.5,KIJ,ICN
2183,12,385.2,KIJ,ICN
2184,12,382.7,KIJ,ICN
2185,12,380.9,KIJ,ICN
2186,12,379.9,KIJ,ICN
2187,12,379.8,KIJ,ICN
2188,12,380.5,KIJ,ICN
2189,12,382.0,KIJ,ICN
2190,12,384.4,KIJ,ICN
2191,12,387.4,KIJ,ICN
2192,12,391.2,KIJ,ICN
2193,12,390.2,IBR,ICN
2194,12,385.6,IBR,ICN
2195,12,381.6,IBR,ICN
2196,12,378.5,IBR,ICN
2197,12,376.3,IBR,ICN
2198,12,375.0,IBR,ICN
2199,12,374.7,IBR,ICN
2200,12,375.4,IBR,ICN
2201,12,377.1,IBR,ICN
2202,12,379.8,IBR,ICN
2203,12,383.3,IBR,ICN
2204,12,387.5,IBR,ICN
2205,12,341.4,KMQ,ICN
2206,12,412.9,KIJ,ICN
2207,12,406.3,KIJ,ICN
2208,12,399.9,KIJ,ICN
2209,12,394.0,KIJ,ICN
2210,12,388.5,KIJ,ICN
2211,12,383.6,KIJ,ICN
2212,12,379.3,KIJ,ICN
2213,12,375.8,KIJ,ICN
2214,12,373.0,KIJ,ICN
2215,12,371.0,KIJ,ICN
2216,12,369.9,KIJ,ICN
2217,12,369.8,KIJ,ICN
2218,12,370.6,KIJ,ICN
2219,12,372.3,KIJ,ICN
2220,12,374.8,KIJ,ICN
2221,12,378.2,KIJ,ICN
2222,12,382.2,KIJ,ICN
2223,12,387.0,KIJ,ICN
2224,12,392.2,KIJ,ICN
2225,12,391.0,IBR,ICN
2226,12,388.2,IBR,ICN
2227,12,386.1,IBR,ICN
2228,12,385.0,IBR,ICN
2229,12,384.7,IBR,ICN
2230,12,385.4,IBR,ICN
2231,12,386.9,IBR,ICN
2232,12,389.3,IBR,ICN
2233,12,392.5,IBR,ICN
2234,12,396.4,IBR,ICN
2235,12,347.7,KMQ,ICN
2236,12,350.7,KMQ,ICN
2237,12,354.5,KMQ,ICN
2238,12,386.1,KIJ,ICN
2239,12,380.3,KIJ,ICN
2240,12,375.0,KIJ,ICN
2241,12,370.3,KIJ,ICN
2242,12,366.4,KIJ,ICN
2243,12,363.3,KIJ,ICN
2244,12,361.1,KIJ,ICN
2245,12,359.9,KIJ,ICN
2246,12,359.8,KIJ,ICN
2247,12,360.6,KIJ,ICN
2248,12,362.5,KIJ,ICN
2249,12,365.3,KIJ,ICN
2250,12,369.0,KIJ,ICN
2251,12,373.5,KIJ,ICN
2252,12,378.6,KIJ,ICN
2253,12,384.3,KIJ,ICN
2254,12,390.4,KIJ,ICN
2255,12,397.0,KIJ,ICN
2256,12,396.0,IBR,ICN
2257,12,395.0,IBR,ICN
2258,12,394.7,IBR,ICN
2259,12,395.3,IBR,ICN
2260,12,394.7,SDJ,ICN
2261,12,393.0,SDJ,ICN
2262,12,392.2,SDJ,ICN
2263,12,392.3,SDJ,ICN
2264,12,360.1,KMQ,ICN
2265,12,363.6,KMQ,ICN
2266,12,367.8,KMQ,ICN
2267,12,372.3,KIJ,ICN
2268,12,366.6,KIJ,ICN
2269,12,361.5,KIJ,ICN
2270,12,357.2,KIJ,ICN
2271,12,353.7,KIJ,ICN
2272,12,351.3,KIJ,ICN
2273,12,349.9,KIJ,ICN
2274,12,349.8,KIJ,ICN
2275,12,350.7,KIJ,ICN
2276,12,352.9,KIJ,ICN
2277,12,356.0,KIJ,ICN
2278,12,360.1,KIJ,ICN
2279,12,364.9,KIJ,ICN
2280,12,370.5,KIJ,ICN
2281,12,376.6,KIJ,ICN
2282,12,383.2,KIJ,ICN
2283,12,390.2,KIJ,ICN
2284,12,397.5,KIJ,ICN
2285,12,395.0,SDJ,ICN
2286,12,390.9,SDJ,ICN
2287,12,387.5,SDJ,ICN
2288,12,384.9,SDJ,ICN
2289,12,383.1,SDJ,ICN
2290,12,382.2,SDJ,ICN
2291,12,382.3,SDJ,ICN
2292,12,369.6,KMQ,ICN
2293,12,372.8,KMQ,ICN
2294,12,376.7,KMQ,ICN
2295,12,381.2,KMQ,ICN
2296,12,386.3,KMQ,ICN
2297,12,353.0,KIJ,ICN
2298,12,348.2,KIJ,ICN
2299,12,344.3,KIJ,ICN
2300,12,341.5,KIJ,ICN
2301,12,340.0,KIJ,ICN
2302,12,339.7,KIJ,ICN
2303,12,340.9,KIJ,ICN
2304,12,343.3,KIJ,ICN
2305,12,346.8,KIJ,ICN
2306,12,351.4,KIJ,ICN
2307,12,356.8,KIJ,ICN
2308,12,362.8,KIJ,ICN
2309,12,369.4,KIJ,ICN
2310,12,376.5,KIJ,ICN
2311,12,383.9,KIJ,ICN
2312,12,391.4,SDJ,ICN
2313,12,386.3,SDJ,ICN
2314,12,381.8,SDJ,ICN
2315,12,378.1,SDJ,ICN
2316,12,375.2,SDJ,ICN
2317,12,373.2,SDJ,ICN
2318,12,372.2,SDJ,ICN
2319,12,372.3,SDJ,ICN
2320,12,389.9,KMQ,ICN
2321,12,394.7,KMQ,ICN
2322,12,399.9,KMQ,ICN
2323,12,344.8,KIJ,ICN
2324,12,339.4,KIJ,ICN
2325,12,335.0,KIJ,ICN
2326,12,331.8,KIJ,ICN
2327,12,330.0,KIJ,ICN
2328,12,329.7,KIJ,ICN
2329,12,331.1,KIJ,ICN
2330,12,333.9,KIJ,ICN
2331,12,337.9,KIJ,ICN
2332,12,343.1,KIJ,ICN
2333,12,349.0,KIJ,ICN
2334,12,355.7,KIJ,ICN
2335,12,362.8,KIJ,ICN
2336,12,370.3,KIJ,ICN
2337,12,378.2,KIJ,ICN
2338,12,383.4,SDJ,ICN
2339,12,377.8,SDJ,ICN
2340,12,372.9,SDJ,ICN
2341,12,368.8,SDJ,ICN
2342,12,365.5,SDJ,ICN
2343,12,363.3,SDJ,ICN
2344,12,362.2,SDJ,ICN
2345,12,362.3,SDJ,ICN
2346,12,331.1,KIJ,ICN
2347,12,326.0,KIJ,ICN
2348,12,322.2,KIJ,ICN
2349,12,320.0,KIJ,ICN
2350,12,319.7,KIJ,ICN
2351,12,321.4,KIJ,ICN
2352,12,324.7,KIJ,ICN
2353,12,329.4,KIJ,ICN
2354,12,335.3,KIJ,ICN
2355,12,341.9,KIJ,ICN
2356,12,349.1,KIJ,ICN
2357,12,356.8,KIJ,ICN
2358,12,364.8,KIJ,ICN
2359,12,373.1,KIJ,ICN
2360,12,375.7,SDJ,ICN
2361,12,369.7,SDJ,ICN
2362,12,364.2,SDJ,ICN
2363,12,359.6,SDJ,ICN
2364,12,356.0,SDJ,ICN
2365,12,353.5,SDJ,ICN
2366,12,352.2,SDJ,ICN
2367,12,352.3,SDJ,ICN
2368,12,317.5,KIJ,ICN
2369,12,312.9,KIJ,ICN
2370,12,310.1,KIJ,ICN
2371,12,309.8,KIJ,ICN
2372,12,311.8,KIJ,ICN
2373,12,315.9,KIJ,ICN
2374,12,321.5,KIJ,ICN
2375,12,328.2,KIJ,ICN
2376,12,335.6,KIJ,ICN
2377,12,343.5,KIJ,ICN
2378,12,351.7,KIJ,ICN
2379,12,360.2,KIJ,ICN
2380,12,368.8,KIJ,ICN
2381,12,368.6,SDJ,ICN
2382,12,361.9,SDJ,ICN
2383,12,356.0,SDJ,ICN
2384,12,350.8,SDJ,ICN
2385,12,346.6,SDJ,ICN
2386,12,343.7,SDJ,ICN
2387,12,342.2,SDJ,ICN
2388,12,342.3,SDJ,ICN
2389,12,309.7,KIJ,ICN
2390,12,303.9,KIJ,ICN
2391,12,300.3,KIJ,ICN
2392,12,299.8,KIJ,ICN
2393,12,302.5,KIJ,ICN
2394,12,307.7,KIJ,ICN
2395,12,314.5,KIJ,ICN
2396,12,322.1,KIJ,ICN
2397,12,330.3,KIJ,ICN
2398,12,338.8,KIJ,ICN
2399,12,347.6,KIJ,ICN
2400,12,356.5,KIJ,ICN
2401,12,365.5,KIJ,ICN
2402,12,362.1,SDJ,ICN
2403,12,354.8,SDJ,ICN
2404,12,348.2,SDJ,ICN
2405,12,342.3,SDJ,ICN
2406,12,337.5,SDJ,ICN
2407,12,334.0,SDJ,ICN
2408,12,332.3,SDJ,ICN
2409,12,332.3,SDJ,ICN
2410,12,295.9,KIJ,ICN
2411,12,290.7,KIJ,ICN
2412,12,289.9,KIJ,ICN
2413,12,294.0,KIJ,ICN
2414,12,300.9,KIJ,ICN
2415,12,308.9,KIJ,ICN
2416,12,317.5,KIJ,ICN
2417,12,326.4,KIJ,ICN
2418,12,335.5,KIJ,ICN
2419,12,344.6,KIJ,ICN
2420,12,353.8,KIJ,ICN
2421,12,363.1,KIJ,ICN
2422,12,356.4,SDJ,ICN
2423,12,348.5,SDJ,ICN
2424,12,341.1,SDJ,ICN
2425,12,334.4,SDJ,ICN
2426,12,328.7,SDJ,ICN
2427,12,324.5,SDJ,ICN
2428,12,322.3,SDJ,ICN
2429,12,322.4,SDJ,ICN
2430,12,345.9,KIJ,ICN
2431,12,336.5,KIJ,ICN
2432,12,282.2,KIJ,ICN
2433,12,280.4,KIJ,ICN
2434,12,287.6,KIJ,ICN
2435,12,296.5,KIJ,ICN
2436,12,305.6,KIJ,ICN
2437,12,314.9,KIJ,ICN
2438,12,324.3,KIJ,ICN
2439,12,333.6,KIJ,ICN
2440,12,343.0,KIJ,ICN
2441,12,352.4,KIJ,ICN
2442,12,360.5,SDJ,ICN
2443,12,351.7,SDJ,ICN
2444,12,343.3,SDJ,ICN
2445,12,335.1,SDJ,ICN
2446,12,327.4,SDJ,ICN
2447,12,320.7,SDJ,ICN
2448,12,315.4,SDJ,ICN
2449,12,312.4,SDJ,ICN
2450,12,336.3,KIJ,ICN
2451,12,326.9,KIJ,ICN
2452,12,286.9,KIJ,ICN
2453,12,296.0,KIJ,ICN
2454,12,305.3,KIJ,ICN
2455,12,314.7,KIJ,ICN
2456,12,324.0,KIJ,ICN
2457,12,333.4,KIJ,ICN
2458,12,342.8,KIJ,ICN
2459,12,352.2,KIJ,ICN
2460,12,357.5,SDJ,ICN
2461,12,348.4,SDJ,ICN
2462,12,339.3,SDJ,ICN
2463,12,330.5,SDJ,ICN
2464,12,321.9,SDJ,ICN
2465,12,313.9,SDJ,ICN
2466,12,306.9,SDJ,ICN
2467,12,302.6,SDJ,ICN
2468,12,346.9,KIJ,ICN
2469,12,337.7,KIJ,ICN
2470,12,299.7,KIJ,ICN
2471,12,308.0,KIJ,ICN
2472,12,316.8,KIJ,ICN
2473,12,325.8,KIJ,ICN
2474,12,334.9,KIJ,ICN
2475,12,344.1,KIJ,ICN
2476,12,353.3,KIJ,ICN
2477,12,355.8,SDJ,ICN
2478,12,346.4,SDJ,ICN
2479,12,337.1,SDJ,ICN
2480,12,327.8,SDJ,ICN
2481,12,318.6,SDJ,ICN
2482,12,309.4,SDJ,ICN
2483,12,300.6,SDJ,ICN
2484,12,293.3,SDJ,ICN
2485,12,340.6,KIJ,ICN
2486,12,313.2,KIJ,ICN
2487,12,321.0,KIJ,ICN
2488,12,329.3,KIJ,ICN
2489,12,337.9,KIJ,ICN
2490,12,346.7,KIJ,ICN
2491,12,355.6,KIJ,ICN
2492,12,355.5,SDJ,ICN
2493,12,346.2,SDJ,ICN
2494,12,336.8,SDJ,ICN
2495,12,327.4,SDJ,ICN
2496,12,318.1,SDJ,ICN
2497,12,308.7,SDJ,ICN
2498,12,299.5,SDJ,ICN
2499,12,290.9,SDJ,ICN
2500,12,336.7,KIJ,ICN
2501,12,319.9,KIJ,ICN
2502,12,326.7,KIJ,ICN
2503,12,334.3,KIJ,ICN
2504,12,342.2,KIJ,ICN
2505,12,350.5,KIJ,ICN
2506,12,359.1,KIJ,ICN
2507,12,356.7,SDJ,ICN
2508,12,347.5,SDJ,ICN
2509,12,338.4,SDJ,ICN
2510,12,329.4,SDJ,ICN
2511,12,320.5,SDJ,ICN
2512,12,312.1,SDJ,ICN
2513,12,304.6,SDJ,ICN
2514,12,299.5,SDJ,ICN
2515,12,299.7,SDJ,ICN
2516,12,327.7,KIJ,ICN
2517,12,333.6,KIJ,ICN
2518,12,340.4,KIJ,ICN
2519,12,347.7,KIJ,ICN
2520,12,355.4,KIJ,ICN
2521,12,363.5,KIJ,ICN
2522,12,359.2,SDJ,ICN
2523,12,350.4,SDJ,ICN
2524,12,341.7,SDJ,ICN
2525,12,333.4,SDJ,ICN
2526,12,325.4,SDJ,ICN
2527,12,318.3,SDJ,ICN
2528,12,312.6,SDJ,ICN
2529,12,309.2,SDJ,ICN
2530,12,309.4,SDJ,ICN
2531,12,342.4,SDJ,ICN
2532,12,341.3,KIJ,ICN
2533,12,347.3,KIJ,ICN
2534,12,354.0,KIJ,ICN
2535,12,361.2,KIJ,ICN
2536,12,368.8,KIJ,ICN
2537,12,362.9,SDJ,ICN
2538,12,354.6,SDJ,ICN
2539,12,346.5,SDJ,ICN
2540,12,338.9,SDJ,ICN
2541,12,332.0,SDJ,ICN
2542,12,326.0,SDJ,ICN
2543,12,321.6,SDJ,ICN
2544,12,319.1,SDJ,ICN
2545,12,319.2,SDJ,ICN
2546,12,321.8,SDJ,ICN
2547,12,326.5,SDJ,ICN
2548,12,332.5,SDJ,ICN
2549,12,339.5,SDJ,ICN
2550,12,349.5,KIJ,ICN
2551,12,355.0,KIJ,ICN
2552,12,361.0,KIJ,ICN
2553,12,367.7,KIJ,ICN
2554,12,374.7,KIJ,ICN
2555,12,367.7,SDJ,ICN
2556,12,359.9,SDJ,ICN
2557,12,352.5,SDJ,ICN
2558,12,345.7,SDJ,ICN
2559,12,339.6,SDJ,ICN
2560,12,334.6,SDJ,ICN
2561,12,331.0,SDJ,ICN
2562,12,329.1,SDJ,ICN
2563,12,329.2,SDJ,ICN
2564,12,331.2,SDJ,ICN
2565,12,335.0,SDJ,ICN
2566,12,340.1,SDJ,ICN
2567,12,346.2,SDJ,ICN
2568,12,353.1,SDJ,ICN
2569,12,363.0,KIJ,ICN
2570,12,368.6,KIJ,ICN
2571,12,374.7,KIJ,ICN
2572,12,381.0,SDJ,ICN
2573,12,373.4,SDJ,ICN
2574,12,366.1,SDJ,ICN
2575,12,359.4,SDJ,ICN
2576,12,353.3,SDJ,ICN
2577,12,347.9,SDJ,ICN
2578,12,343.6,SDJ,ICN
2579,12,340.6,SDJ,ICN
2580,12,339.1,SDJ,ICN
2581,12,339.1,SDJ,ICN
2582,12,340.8,SDJ,ICN
2583,12,343.9,SDJ,ICN
2584,12,348.3,SDJ,ICN
2585,12,353.7,SDJ,ICN
2586,12,359.9,SDJ,ICN
2587,12,371.5,KIJ,ICN
2588,12,376.6,KIJ,ICN
2589,12,382.3,KIJ,ICN
2590,12,386.9,SDJ,ICN
2591,12,379.8,SDJ,ICN
2592,12,373.1,SDJ,ICN
2593,12,366.9,SDJ,ICN
2594,12,361.4,SDJ,ICN
2595,12,356.7,SDJ,ICN
2596,12,353.0,SDJ,ICN
2597,12,350.4,SDJ,ICN
2598,12,349.1,SDJ,ICN
2599,12,349.1,SDJ,ICN
2600,12,350.5,SDJ,ICN
2601,12,353.2,SDJ,ICN
2602,12,357.0,SDJ,ICN
2603,12,361.8,SDJ,ICN
2604,12,367.4,SDJ,ICN
2605,12,384.9,KIJ,ICN
2606,12,390.2,KIJ,ICN
2607,12,393.4,SDJ,ICN
2608,12,386.7,SDJ,ICN
2609,12,380.6,SDJ,ICN
2610,12,374.9,SDJ,ICN
2611,12,369.9,SDJ,ICN
2612,12,365.7,SDJ,ICN
2613,12,362.4,SDJ,ICN
2614,12,360.2,SDJ,ICN
2615,12,359.1,SDJ,ICN
2616,12,359.1,SDJ,ICN
2617,12,360.3,SDJ,ICN
2618,12,362.7,SDJ,ICN
2619,12,366.0,SDJ,ICN
2620,12,370.3,SDJ,ICN
2621,12,375.3,SDJ,ICN
2622,12,398.4,KIJ,ICN
2623,12,400.4,SDJ,ICN
2624,12,394.2,SDJ,ICN
2625,12,388.5,SDJ,ICN
2626,12,383.3,SDJ,ICN
2627,12,378.8,SDJ,ICN
2628,12,375.0,SDJ,ICN
2629,12,372.1,SDJ,ICN
2630,12,370.1,SDJ,ICN
2631,12,369.1,SDJ,ICN
2632,12,369.1,SDJ,ICN
2633,12,370.2,SDJ,ICN
2634,12,372.3,SDJ,ICN
2635,12,375.3,SDJ,ICN
2636,12,379.1,SDJ,ICN
2637,12,383.7,SDJ,ICN
2638,12,388.9,SDJ,ICN
2639,12,406.8,KIJ,ICN
2640,12,407.9,SDJ,ICN
2641,12,402.1,SDJ,ICN
2642,12,396.7,SDJ,ICN
2643,12,392.0,SDJ,ICN
2644,12,387.8,SDJ,ICN
2645,12,384.4,SDJ,ICN
2646,12,381.7,SDJ,ICN
2647,12,380.0,SDJ,ICN
2648,12,379.1,SDJ,ICN
2649,12,379.1,SDJ,ICN
2650,12,380.1,SDJ,ICN
2651,12,381.9,SDJ,ICN
2652,12,384.6,SDJ,ICN
2653,12,388.1,SDJ,ICN
2654,12,392.3,SDJ,ICN
2655,12,397.1,SDJ,ICN
2656,12,415.5,KIJ,ICN
2657,12,415.6,SDJ,ICN
2658,12,410.2,SDJ,ICN
2659,12,405.3,SDJ,ICN
2660,12,400.8,SDJ,ICN
2661,12,397.0,SDJ,ICN
2662,12,393.9,SDJ,ICN
2663,12,391.5,SDJ,ICN
2664,12,389.9,SDJ,ICN
2665,12,389.1,SDJ,ICN
2666,12,389.1,SDJ,ICN
2667,12,390.0,SDJ,ICN
2668,12,391.7,SDJ,ICN
2669,12,394.1,SDJ,ICN
2670,12,397.3,SDJ,ICN
2671,12,401.2,SDJ,ICN
2672,12,405.6,SDJ,ICN
2673,12,410.6,SDJ,ICN
2674,12,416.1,SDJ,ICN
2675,12,424.3,KIJ,ICN
2676,12,423.7,SDJ,ICN
2677,12,418.6,SDJ,ICN
2678,12,414.0,SDJ,ICN
2679,12,409.9,SDJ,ICN
2680,12,406.4,SDJ,ICN
2681,12,403.5,SDJ,ICN
2682,12,401.3,SDJ,ICN
2683,12,399.8,SDJ,ICN
2684,12,399.1,SDJ,ICN
2685,12,399.1,SDJ,ICN
2686,12,399.9,SDJ,ICN
2687,12,401.4,SDJ,ICN
2688,12,403.7,SDJ,ICN
2689,12,406.6,SDJ,ICN
2690,12,410.2,SDJ,ICN
2691,12,414.3,SDJ,ICN
2692,12,419.0,SDJ,ICN
2693,12,424.1,SDJ,ICN
2694,12,432.0,SDJ,ICN
2695,12,427.2,SDJ,ICN
2696,12,422.9,SDJ,ICN
2697,12,419.1,SDJ,ICN
2698,12,415.8,SDJ,ICN
2699,12,413.2,SDJ,ICN
2700,12,411.1,SDJ,ICN
2701,12,409.8,SDJ,ICN
2702,12,409.1,SDJ,ICN
2703,12,409.1,SDJ,ICN
2704,12,409.8,SDJ,ICN
2705,12,411.3,SDJ,ICN
2706,12,413.3,SDJ,ICN
2707,12,416.1,SDJ,ICN
2708,12,419.4,SDJ,ICN
2709,12,423.2,SDJ,ICN
2710,12,427.6,SDJ,ICN
2711,12,432.4,SDJ,ICN
2712,12,440.5,SDJ,ICN
2713,12,436.0,SDJ,ICN
2714,12,432.0,SDJ,ICN
2715,12,428.4,SDJ,ICN
2716,12,425.3,SDJ,ICN
2717,12,422.9,SDJ,ICN
2718,12,421.0,SDJ,ICN
2719,12,419.7,SDJ,ICN
2720,12,419.1,SDJ,ICN
2721,12,419.1,SDJ,ICN
2722,12,419.8,SDJ,ICN
2723,12,421.1,SDJ,ICN
2724,12,423.0,SDJ,ICN
2725,12,425.6,SDJ,ICN
2726,12,428.6,SDJ,ICN
2727,12,432.3,SDJ,ICN
2728,12,436.4,SDJ,ICN
2729,12,440.9,SDJ,ICN
2730,12,438.7,AOJ,ICN
2731,12,436.1,AOJ,ICN
2732,12,433.9,AOJ,ICN
2733,12,432.3,AOJ,ICN
2734,12,431.3,AOJ,ICN
2735,12,430.8,AOJ,ICN
2736,12,429.7,SDJ,ICN
2737,12,429.1,SDJ,ICN
2738,12,429.1,SDJ,ICN
2739,12,429.8,SDJ,ICN
2740,12,431.0,SDJ,ICN
2741,12,432.8,SDJ,ICN
2742,12,435.1,SDJ,ICN
2743,12,438.0,SDJ,ICN
2744,12,441.4,SDJ,ICN
2745,12,445.3,SDJ,ICN
2746,12,449.6,SDJ,ICN
2747,12,454.3,SDJ,ICN
2748,12,429.3,AOJ,ICN
2749,12,426.4,AOJ,ICN
2750,12,424.1,AOJ,ICN
2751,12,422.4,AOJ,ICN
2752,12,421.3,AOJ,ICN
2753,12,420.8,AOJ,ICN
2754,12,420.9,AOJ,ICN
2755,12,421.6,AOJ,ICN
2756,12,422.9,AOJ,ICN
2757,12,424.8,AOJ,ICN
2758,12,427.3,AOJ,ICN
2759,12,430.3,AOJ,ICN
2760,12,433.8,AOJ,ICN
2761,12,437.8,AOJ,ICN
2762,12,442.2,AOJ,ICN
2763,12,447.0,AOJ,ICN
2764,12,452.2,AOJ,ICN
2765,12,457.7,AOJ,ICN
2766,12,419.9,AOJ,ICN
2767,12,416.8,AOJ,ICN
2768,12,414.4,AOJ,ICN
2769,12,412.5,AOJ,ICN
2770,12,411.3,AOJ,ICN
2771,12,410.7,AOJ,ICN
2772,12,410.8,AOJ,ICN
2773,12,411.6,AOJ,ICN
2774,12,413.0,AOJ,ICN
2775,12,415.1,AOJ,ICN
2776,12,417.7,AOJ,ICN
2777,12,421.0,AOJ,ICN
2778,12,424.7,AOJ,ICN
2779,12,428.9,AOJ,ICN
2780,12,433.6,AOJ,ICN
2781,12,438.7,AOJ,ICN
2782,12,444.1,AOJ,ICN
2783,12,449.9,AOJ,ICN
2784,12,410.6,AOJ,ICN
2785,12,407.3,AOJ,ICN
2786,12,404.7,AOJ,ICN
2787,12,402.7,AOJ,ICN
2788,12,401.3,AOJ,ICN
2789,12,400.7,AOJ,ICN
2790,12,400.8,AOJ,ICN
2791,12,401.7,AOJ,ICN
2792,12,403.2,AOJ,ICN
2793,12,405.4,AOJ,ICN
2794,12,408.3,AOJ,ICN
2795,12,411.8,AOJ,ICN
2796,12,415.8,AOJ,ICN
2797,12,420.3,AOJ,ICN
2798,12,425.2,AOJ,ICN
2799,12,430.6,AOJ,ICN
2800,12,436.3,AOJ,ICN
2801,12,442.4,AOJ,ICN
2802,12,401.4,AOJ,ICN
2803,12,397.9,AOJ,ICN
2804,12,395.0,AOJ,ICN
2805,12,392.8,AOJ,ICN
2806,12,391.4,AOJ,ICN
2807,12,390.7,AOJ,ICN
2808,12,390.8,AOJ,ICN
2809,12,391.8,AOJ,ICN
2810,12,393.4,AOJ,ICN
2811,12,395.8,AOJ,ICN
2812,12,398.9,AOJ,ICN
2813,12,402.7,AOJ,ICN
2814,12,407.0,AOJ,ICN
2815,12,411.8,AOJ,ICN
2816,12,417.1,AOJ,ICN
2817,12,422.7,AOJ,ICN
2818,12,428.8,AOJ,ICN
2819,12,435.1,AOJ,ICN
2820,12,407.4,AOJ,ICN
2821,12,396.9,AOJ,ICN
2822,12,392.4,AOJ,ICN
2823,12,388.6,AOJ,ICN
2824,12,385.4,AOJ,ICN
2825,12,383.0,AOJ,ICN
2826,12,381.4,AOJ,ICN
2827,12,380.7,AOJ,ICN
2828,12,380.8,AOJ,ICN
2829,12,381.8,AOJ,ICN
2830,12,383.7,AOJ,ICN
2831,12,386.3,AOJ,ICN
2832,12,389.7,AOJ,ICN
2833,12,393.8,AOJ,ICN
2834,12,398.4,AOJ,ICN
2835,12,403.6,AOJ,ICN
2836,12,409.2,AOJ,ICN
2837,12,415.2,AOJ,ICN
2838,12,421.5,AOJ,ICN
2839,12,428.2,AOJ,ICN
2840,12,393.8,AOJ,ICN
2841,12,388.4,AOJ,ICN
2842,12,383.6,AOJ,ICN
2843,12,379.4,AOJ,ICN
2844,12,375.9,AOJ,ICN
2845,12,373.3,AOJ,ICN
2846,12,371.5,AOJ,ICN
2847,12,370.7,AOJ,ICN
2848,12,370.8,AOJ,ICN
2849,12,372.0,AOJ,ICN
2850,12,374.0,AOJ,ICN
2851,12,376.9,AOJ,ICN
2852,12,380.6,AOJ,ICN
2853,12,385.1,AOJ,ICN
2854,12,390.1,AOJ,ICN
2855,12,395.6,AOJ,ICN
2856,12,401.6,AOJ,ICN
2857,12,408.0,AOJ,ICN
2858,12,414.7,AOJ,ICN
2859,12,421.7,AOJ,ICN
2860,12,380.3,AOJ,ICN
2861,12,375.0,AOJ,ICN
2862,12,370.4,AOJ,ICN
2863,12,366.6,AOJ,ICN
2864,12,363.6,AOJ,ICN
2865,12,361.6,AOJ,ICN
2866,12,360.7,AOJ,ICN
2867,12,360.9,AOJ,ICN
2868,12,362.1,AOJ,ICN
2869,12,364.4,AOJ,ICN
2870,12,367.7,AOJ,ICN
2871,12,371.8,AOJ,ICN
2872,12,376.6,AOJ,ICN
2873,12,382.1,AOJ,ICN
2874,12,388.1,AOJ,ICN
2875,12,394.5,AOJ,ICN
2876,12,401.2,AOJ,ICN
2877,12,408.3,AOJ,ICN
2878,12,372.6,AOJ,ICN
2879,12,366.8,AOJ,ICN
2880,12,361.7,AOJ,ICN
2881,12,357.4,AOJ,ICN
2882,12,354.0,AOJ,ICN
2883,12,351.7,AOJ,ICN
2884,12,350.7,AOJ,ICN
2885,12,350.9,AOJ,ICN
2886,12,352.3,AOJ,ICN
2887,12,355.0,AOJ,ICN
2888,12,358.6,AOJ,ICN
2889,12,363.2,AOJ,ICN
2890,12,368.6,AOJ,ICN
2891,12,374.5,AOJ,ICN
2892,12,380.9,AOJ,ICN
2893,12,387.8,AOJ,ICN
2894,12,395.0,AOJ,ICN
2895,12,402.4,AOJ,ICN
2896,12,359.0,AOJ,ICN
2897,12,353.3,AOJ,ICN
2898,12,348.4,AOJ,ICN
2899,12,344.6,AOJ,ICN
2900,12,341.9,AOJ,ICN
2901,12,340.7,AOJ,ICN
2902,12,340.9,AOJ,ICN
2903,12,342.6,AOJ,ICN
2904,12,345.7,AOJ,ICN
2905,12,349.9,AOJ,ICN
2906,12,355.0,AOJ,ICN
2907,12,360.9,AOJ,ICN
2908,12,367.4,AOJ,ICN
2909,12,374.4,AOJ,ICN
2910,12,381.7,AOJ,ICN
2911,12,389.3,AOJ,ICN
2912,12,351.8,AOJ,ICN
2913,12,345.5,AOJ,ICN
2914,12,339.9,AOJ,ICN
2915,12,335.4,AOJ,ICN
2916,12,332.2,AOJ,ICN
2917,12,330.7,AOJ,ICN
2918,12,331.0,AOJ,ICN
2919,12,333.0,AOJ,ICN
2920,12,336.7,AOJ,ICN
2921,12,341.6,AOJ,ICN
2922,12,347.4,AOJ,ICN
2923,12,354.0,AOJ,ICN
2924,12,361.1,AOJ,ICN
2925,12,368.5,AOJ,ICN
2926,12,376.3,AOJ,ICN
2927,12,384.3,AOJ,ICN
2928,12,353.1,AOJ,ICN
2929,12,345.5,AOJ,ICN
2930,12,338.4,AOJ,ICN
2931,12,331.9,AOJ,ICN
2932,12,326.5,AOJ,ICN
2933,12,322.6,AOJ,ICN
2934,12,320.7,AOJ,ICN
2935,12,321.1,AOJ,ICN
2936,12,323.7,AOJ,ICN
2937,12,328.1,AOJ,ICN
2938,12,333.9,AOJ,ICN
2939,12,340.6,AOJ,ICN
2940,12,347.8,AOJ,ICN
2941,12,355.5,AOJ,ICN
2942,12,363.5,AOJ,ICN
2943,12,371.8,AOJ,ICN
2944,12,348.5,AOJ,ICN
2945,12,340.3,AOJ,ICN
2946,12,332.4,AOJ,ICN
2947,12,325.0,AOJ,ICN
2948,12,318.4,AOJ,ICN
2949,12,313.4,AOJ,ICN
2950,12,310.7,AOJ,ICN
2951,12,311.2,AOJ,ICN
2952,12,314.8,AOJ,ICN
2953,12,320.4,AOJ,ICN
2954,12,327.2,AOJ,ICN
2955,12,334.8,AOJ,ICN
2956,12,342.8,AOJ,ICN
2957,12,351.1,AOJ,ICN
2958,12,359.6,AOJ,ICN
2959,12,354.0,AOJ,ICN
2960,12,345.2,AOJ,ICN
2961,12,336.5,AOJ,ICN
2962,12,327.9,AOJ,ICN
2963,12,319.5,AOJ,ICN
2964,12,311.7,AOJ,ICN
2965,12,304.9,AOJ,ICN
2966,12,300.8,AOJ,ICN
2967,12,301.7,AOJ,ICN
2968,12,306.9,AOJ,ICN
2969,12,314.1,AOJ,ICN
2970,12,322.1,AOJ,ICN
2971,12,330.6,AOJ,ICN
2972,12,339.2,AOJ,ICN
2973,12,348.0,AOJ,ICN
2974,12,343.5,AOJ,ICN
2975,12,334.5,AOJ,ICN
2976,12,325.5,AOJ,ICN
2977,12,316.5,AOJ,ICN
2978,12,307.6,AOJ,ICN
2979,12,298.9,AOJ,ICN
2980,12,291.5,AOJ,ICN
2981,12,293.4,AOJ,ICN
2982,12,301.6,AOJ,ICN
2983,12,310.4,AOJ,ICN
2984,12,319.4,AOJ,ICN
2985,12,328.4,AOJ,ICN
2986,12,337.4,AOJ,ICN
2987,12,346.4,AOJ,ICN
2988,12,316.7,AOJ,ICN
2989,12,307.8,AOJ,ICN
2990,12,299.3,AOJ,ICN
2991,12,292.3,AOJ,ICN
2992,12,294.1,AOJ,ICN
2993,12,301.9,AOJ,ICN
2994,12,310.6,AOJ,ICN
2995,12,319.5,AOJ,ICN
2996,12,328.4,AOJ,ICN
2997,12,337.4,AOJ,ICN
2998,12,346.4,AOJ,ICN
2999,12,319.9,AOJ,ICN
3000,12,312.2,AOJ,ICN
3001,12,305.6,AOJ,ICN
3002,12,301.8,AOJ,ICN
3003,12,307.5,AOJ,ICN
3004,12,314.6,AOJ,ICN
3005,12,322.5,AOJ,ICN
3006,12,330.8,AOJ,ICN
3007,12,339.4,AOJ,ICN
3008,12,325.5,AOJ,ICN
3009,12,319.1,AOJ,ICN
3010,12,314.2,AOJ,ICN
3011,12,311.7,AOJ,ICN
3012,12,315.5,AOJ,ICN
3013,12,321.0,AOJ,ICN
3014,12,343.1,AOJ,ICN
3015,12,332.6,AOJ,ICN
3016,12,327.3,AOJ,ICN
3017,12,323.5,AOJ,ICN
3018,12,348.2,AOJ,ICN
3019,12,340.6,AOJ,ICN
3020,12,336.2,AOJ,ICN
3021,12,333.1,AOJ,ICN
3022,12,354.4,AOJ,ICN
3023,12,343.5,AOJ,ICN
3024,12,346.5,AOJ,ICN
3025,12,350.6,AOJ,ICN
3026,12,360.5,HKD,ICN
3027,12,365.8,HKD,ICN
3028,12,338.7,HKD,ICN
3029,12,340.1,HKD,ICN
3030,12,343.0,HKD,ICN
3031,12,347.2,HKD,ICN
3032,12,352.3,HKD,ICN
3033,12,358.3,HKD,ICN
3034,12,328.7,HKD,ICN
3035,12,330.5,HKD,ICN
3036,12,334.0,HKD,ICN
3037,12,413.6,HKD,ICN
3038,12,354.6,HKD,ICN
3039,12,346.8,HKD,ICN
3040,12,359.2,HKD,ICN
3041,12,350.7,HKD,ICN
3042,12,342.3,HKD,ICN
3043,12,334.2,HKD,ICN
3044,12,357.1,HKD,ICN
3045,12,348.3,HKD,ICN
3046,12,339.5,HKD,ICN
3047,12,330.8,HKD,ICN
3048,12,322.2,HKD,ICN
3049,12,347.5,HKD,ICN
3050,12,338.6,HKD,ICN
3051,12,329.6,HKD,ICN
3052,12,320.7,HKD,ICN
3053,12,311.8,HKD,ICN
3054,12,294.0,HKD,ICN
3055,12,292.7,HKD,ICN
3056,12,301.6,HKD,ICN
3057,12,310.5,HKD,ICN
3058,12,339.6,HKD,ICN
3059,12,330.9,HKD,ICN
3060,12,322.4,HKD,ICN
3061,12,314.1,HKD,ICN
3062,12,306.4,HKD,ICN
3063,12,300.5,HKD,ICN
3064,12,300.0,HKD,ICN
3065,12,305.3,HKD,ICN
3066,12,312.9,HKD,ICN
3067,12,342.5,HKD,ICN
3068,12,334.5,HKD,ICN
3069,12,326.7,HKD,ICN
3070,12,319.6,HKD,ICN
3071,12,313.7,HKD,ICN
3072,12,310.0,HKD,ICN
3073,12,309.7,HKD,ICN
3074,12,392.0,OBO,ICN
3075,12,354.8,HKD,ICN
3076,12,347.1,HKD,ICN
3077,12,339.7,HKD,ICN
3078,12,332.9,HKD,ICN
3079,12,327.0,HKD,ICN
3080,12,322.5,HKD,ICN
3081,12,319.8,HKD,ICN
3082,12,382.4,OBO,ICN
3083,12,382.0,OBO,ICN
3084,12,407.7,HKD,ICN
3085,12,367.4,HKD,ICN
3086,12,360.0,HKD,ICN
3087,12,352.9,HKD,ICN
3088,12,346.3,HKD,ICN
3089,12,340.4,HKD,ICN
3090,12,376.6,OBO,ICN
3091,12,374.0,OBO,ICN
3092,12,372.4,OBO,ICN
3093,12,372.0,OBO,ICN
3094,12,380.3,HKD,ICN
3095,12,373.0,HKD,ICN
3096,12,366.1,HKD,ICN
3097,12,359.6,HKD,ICN
3098,12,353.7,HKD,ICN
3099,12,376.4,OBO,ICN
3100,12,371.4,OBO,ICN
3101,12,367.3,OBO,ICN
3102,12,364.3,OBO,ICN
3103,12,362.5,OBO,ICN
3104,12,361.9,OBO,ICN
3105,12,393.2,HKD,ICN
3106,12,386.1,HKD,ICN
3107,12,379.3,HKD,ICN
3108,12,373.0,HKD,ICN
3109,12,367.1,HKD,ICN
3110,12,350.8,HKD,ICN
3111,12,376.3,CTS,PUS
3112,12,374.9,OBO,ICN
3113,12,368.7,OBO,ICN
3114,12,363.1,OBO,ICN
3115,12,358.4,OBO,ICN
3116,12,354.8,OBO,ICN
3117,12,352.5,OBO,ICN
3118,12,351.9,OBO,ICN
3119,12,392.6,HKD,ICN
3120,12,386.3,HKD,ICN
3121,12,380.4,HKD,ICN
3122,12,375.0,HKD,ICN
3123,12,360.6,HKD,ICN
3124,12,358.5,CTS,PUS
3125,12,356.4,CTS,PUS
3126,12,363.2,CTS,PUS
3127,12,370.5,CTS,PUS
3128,12,368.7,OBO,ICN
3129,12,361.7,OBO,ICN
3130,12,355.3,OBO,ICN
3131,12,349.8,OBO,ICN
3132,12,345.5,OBO,ICN
3133,12,342.7,OBO,ICN
3134,12,341.9,OBO,ICN
3135,12,343.2,OBO,ICN
3136,12,399.6,HKD,ICN
3137,12,393.8,HKD,ICN
3138,12,388.3,HKD,ICN
3139,12,383.4,HKD,ICN
3140,12,379.1,HKD,ICN
3141,12,368.1,CTS,PUS
3142,12,360.3,CTS,PUS
3143,12,352.6,CTS,PUS
3144,12,345.4,CTS,PUS
3145,12,336.7,CTS,PUS
3146,12,343.2,CTS,PUS
3147,12,350.2,CTS,PUS
3148,12,357.7,CTS,PUS
3149,12,365.5,CTS,PUS
3150,12,363.4,OBO,ICN
3151,12,355.8,OBO,ICN
3152,12,348.5,OBO,ICN
3153,12,342.0,OBO,ICN
3154,12,336.6,OBO,ICN
3155,12,333.0,OBO,ICN
3156,12,331.9,OBO,ICN
3157,12,333.6,OBO,ICN
3158,12,337.8,OBO,ICN
3159,12,407.1,HKD,ICN
3160,12,401.6,HKD,ICN
3161,12,396.6,HKD,ICN
3162,12,392.1,HKD,ICN
3163,12,388.1,HKD,ICN
3164,12,384.9,HKD,ICN
3165,12,382.3,HKD,ICN
3166,12,372.9,CTS,PUS
3167,12,364.5,CTS,PUS
3168,12,356.1,CTS,PUS
3169,12,348.0,CTS,PUS
3170,12,340.0,CTS,PUS
3171,12,332.4,CTS,PUS
3172,12,325.5,CTS,PUS
3173,12,323.4,CTS,PUS
3174,12,330.1,CTS,PUS
3175,12,337.5,CTS,PUS
3176,12,345.3,CTS,PUS
3177,12,353.5,CTS,PUS
3178,12,361.7,CTS,PUS
3179,12,359.5,OBO,ICN
3180,12,351.3,OBO,ICN
3181,12,343.2,OBO,ICN
3182,12,335.5,OBO,ICN
3183,12,328.7,OBO,ICN
3184,12,323.6,OBO,ICN
3185,12,321.9,OBO,ICN
3186,12,324.6,OBO,ICN
3187,12,330.2,OBO,ICN
3188,12,414.9,HKD,ICN
3189,12,409.8,HKD,ICN
3190,12,405.1,HKD,ICN
3191,12,401.0,HKD,ICN
3192,12,397.4,HKD,ICN
3193,12,394.4,HKD,ICN
3194,12,388.1,CTS,PUS
3195,12,379.4,CTS,PUS
3196,12,370.8,CTS,PUS
3197,12,362.1,CTS,PUS
3198,12,353.4,CTS,PUS
3199,12,344.9,CTS,PUS
3200,12,336.3,CTS,PUS
3201,12,327.9,CTS,PUS
3202,12,319.8,CTS,PUS
3203,12,312.3,CTS,PUS
3204,12,306.5,CTS,PUS
3205,12,305.4,CTS,PUS
3206,12,310.1,CTS,PUS
3207,12,317.3,CTS,PUS
3208,12,325.3,CTS,PUS
3209,12,333.6,CTS,PUS
3210,12,342.1,CTS,PUS
3211,12,350.6,CTS,PUS
3212,12,359.3,CTS,PUS
3213,12,357.3,OBO,ICN
3214,12,348.7,OBO,ICN
3215,12,340.0,OBO,ICN
3216,12,331.4,OBO,ICN
3217,12,323.1,OBO,ICN
3218,12,315.4,OBO,ICN
3219,12,311.9,OBO,ICN
3220,12,317.1,OBO,ICN
3221,12,325.1,OBO,ICN
3222,12,333.5,OBO,ICN
3223,12,410.0,HKD,ICN
3224,12,405.0,CTS,PUS
3225,12,396.2,CTS,PUS
3226,12,387.4,CTS,PUS
3227,12,378.7,CTS,PUS
3228,12,369.9,CTS,PUS
3229,12,361.1,CTS,PUS
3230,12,352.4,CTS,PUS
3231,12,343.6,CTS,PUS
3232,12,334.8,CTS,PUS
3233,12,326.1,CTS,PUS
3234,12,317.3,CTS,PUS
3235,12,308.6,CTS,PUS
3236,12,299.9,CTS,PUS
3237,12,297.1,CTS,PUS
3238,12,305.7,CTS,PUS
3239,12,314.5,CTS,PUS
3240,12,323.2,CTS,PUS
3241,12,332.0,CTS,PUS
3242,12,340.8,CTS,PUS
3243,12,349.5,CTS,PUS
3244,12,358.3,CTS,PUS
3245,12,357.0,OBO,ICN
3246,12,348.3,OBO,ICN
3247,12,339.5,OBO,ICN
3248,12,330.8,OBO,ICN
3249,12,322.2,OBO,ICN
3250,12,313.8,OBO,ICN
3251,12,309.0,OBO,ICN
3252,12,315.8,OBO,ICN
3253,12,324.3,OBO,ICN
3254,12,333.0,OBO,ICN
3255,12,341.7,OBO,ICN
3256,12,396.5,CTS,PUS
3257,12,387.8,CTS,PUS
3258,12,379.1,CTS,PUS
3259,12,370.4,CTS,PUS
3260,12,361.7,CTS,PUS
3261,12,353.0,CTS,PUS
3262,12,344.4,CTS,PUS
3263,12,335.8,CTS,PUS
3264,12,327.3,CTS,PUS
3265,12,318.9,CTS,PUS
3266,12,311.0,CTS,PUS
3267,12,304.6,CTS,PUS
3268,12,303.4,CTS,PUS
3269,12,308.7,CTS,PUS
3270,12,316.3,CTS,PUS
3271,12,324.5,CTS,PUS
3272,12,333.0,CTS,PUS
3273,12,341.6,CTS,PUS
3274,12,350.2,CTS,PUS
3275,12,358.8,CTS,PUS
3276,12,358.6,OBO,ICN
3277,12,350.2,OBO,ICN
3278,12,341.9,OBO,ICN
3279,12,334.0,OBO,ICN
3280,12,326.7,OBO,ICN
3281,12,320.9,OBO,ICN
3282,12,318.9,OBO,ICN
3283,12,322.1,OBO,ICN
3284,12,328.4,OBO,ICN
3285,12,335.9,OBO,ICN
3286,12,343.9,OBO,ICN
3287,12,352.2,OBO,ICN
3288,12,360.7,OBO,ICN
3289,12,397.8,CTS,PUS
3290,12,389.2,CTS,PUS
3291,12,380.6,CTS,PUS
3292,12,372.1,CTS,PUS
3293,12,363.7,CTS,PUS
3294,12,355.3,CTS,PUS
3295,12,347.0,CTS,PUS
3296,12,339.0,CTS,PUS
3297,12,331.2,CTS,PUS
3298,12,324.0,CTS,PUS
3299,12,317.9,CTS,PUS
3300,12,313.8,CTS,PUS
3301,12,313.1,CTS,PUS
3302,12,316.2,CTS,PUS
3303,12,321.8,CTS,PUS
3304,12,328.8,CTS,PUS
3305,12,336.4,CTS,PUS
3306,12,344.4,CTS,PUS
3307,12,352.6,CTS,PUS
3308,12,360.9,CTS,PUS
3309,12,362.0,OBO,ICN
3310,12,354.1,OBO,ICN
3311,12,346.7,OBO,ICN
3312,12,339.9,OBO,ICN
3313,12,334.1,OBO,ICN
3314,12,330.1,OBO,ICN
3315,12,328.9,OBO,ICN
3316,12,330.9,OBO,ICN
3317,12,335.4,OBO,ICN
3318,12,341.4,OBO,ICN
3319,12,348.5,OBO,ICN
3320,12,356.0,OBO,ICN
3321,12,363.9,OBO,ICN
3322,12,372.0,OBO,ICN
3323,12,431.2,OBO,ICN
3324,12,391.6,CTS,PUS
3325,12,383.3,CTS,PUS
3326,12,375.1,CTS,PUS
3327,12,367.0,CTS,PUS
3328,12,359.0,CTS,PUS
3329,12,351.3,CTS,PUS
3330,12,344.0,CTS,PUS
3331,12,337.2,CTS,PUS
3332,12,331.1,CTS,PUS
3333,12,326.4,CTS,PUS
3334,12,323.5,CTS,PUS
3335,12,323.1,CTS,PUS
3336,12,325.2,CTS,PUS
3337,12,329.4,CTS,PUS
3338,12,335.1,CTS,PUS
3339,12,341.7,CTS,PUS
3340,12,348.9,CTS,PUS
3341,12,356.5,CTS,PUS
3342,12,364.4,CTS,PUS
3343,12,366.8,OBO,ICN
3344,12,359.7,OBO,ICN
3345,12,353.1,OBO,ICN
3346,12,347.3,OBO,ICN
3347,12,342.7,OBO,ICN
3348,12,339.8,OBO,ICN
3349,12,339.0,OBO,ICN
3350,12,340.3,OBO,ICN
3351,12,343.7,OBO,ICN
3352,12,348.6,OBO,ICN
3353,12,354.6,OBO,ICN
3354,12,361.4,OBO,ICN
3355,12,368.6,OBO,ICN
3356,12,376.1,OBO,ICN
3357,12,384.0,OBO,ICN
3358,12,391.9,OBO,ICN
3359,12,400.1,OBO,ICN
3360,12,408.3,OBO,ICN
3361,12,416.6,OBO,ICN
3362,12,425.0,OBO,ICN
3363,12,433.4,OBO,ICN
3364,12,441.9,OBO,ICN
3365,12,450.4,OBO,ICN
3366,12,395.0,CTS,PUS
3367,12,387.0,CTS,PUS
3368,12,379.1,CTS,PUS
3369,12,371.5,CTS,PUS
3370,12,364.0,CTS,PUS
3371,12,357.0,CTS,PUS
3372,12,350.4,CTS,PUS
3373,12,344.4,CTS,PUS
3374,12,339.4,CTS,PUS
3375,12,335.6,CTS,PUS
3376,12,333.4,CTS,PUS
3377,12,333.1,CTS,PUS
3378,12,334.7,CTS,PUS
3379,12,338.0,CTS,PUS
3380,12,342.7,CTS,PUS
3381,12,348.3,CTS,PUS
3382,12,354.8,CTS,PUS
3383,12,361.7,CTS,PUS
3384,12,369.0,CTS,PUS
3385,12,372.8,OBO,ICN
3386,12,366.4,OBO,ICN
3387,12,360.6,OBO,ICN
3388,12,355.7,OBO,ICN
3389,12,351.9,OBO,ICN
3390,12,349.6,OBO,ICN
3391,12,349.0,OBO,ICN
3392,12,350.0,OBO,ICN
3393,12,352.7,OBO,ICN
3394,12,356.8,OBO,ICN
3395,12,361.9,OBO,ICN
3396,12,367.9,OBO,ICN
3397,12,374.4,OBO,ICN
3398,12,381.4,OBO,ICN
3399,12,388.7,OBO,ICN
3400,12,396.2,OBO,ICN
3401,12,404.0,OBO,ICN
3402,12,411.9,OBO,ICN
3403,12,420.0,OBO,ICN
3404,12,428.1,OBO,ICN
3405,12,436.3,OBO,ICN
3406,12,444.6,OBO,ICN
3407,12,452.9,OBO,ICN
3408,12,461.3,OBO,ICN
3409,12,407.0,CTS,PUS
3410,12,399.2,CTS,PUS
3411,12,391.5,CTS,PUS
3412,12,384.1,CTS,PUS
3413,12,370.0,CTS,PUS
3414,12,348.2,CTS,PUS
3415,12,345.1,CTS,PUS
3416,12,343.3,CTS,PUS
3417,12,343.1,CTS,PUS
3418,12,344.3,CTS,PUS
3419,12,347.0,CTS,PUS
3420,12,351.0,CTS,PUS
3421,12,355.9,CTS,PUS
3422,12,361.6,CTS,PUS
3423,12,367.9,CTS,PUS
3424,12,374.6,CTS,PUS
3425,12,379.6,OBO,ICN
3426,12,373.9,OBO,ICN
3427,12,368.8,OBO,ICN
3428,12,364.6,OBO,ICN
3429,12,361.4,OBO,ICN
3430,12,359.5,OBO,ICN
3431,12,359.0,OBO,ICN
3432,12,359.9,OBO,ICN
3433,12,362.1,OBO,ICN
3434,12,365.5,OBO,ICN
3435,12,369.9,OBO,ICN
3436,12,375.2,OBO,ICN
3437,12,381.1,OBO,ICN
3438,12,387.5,OBO,ICN
3439,12,394.3,OBO,ICN
3440,12,401.4,OBO,ICN
3441,12,408.8,OBO,ICN
3442,12,416.3,OBO,ICN
3443,12,424.1,OBO,ICN
3444,12,431.9,OBO,ICN
3445,12,439.9,OBO,ICN
3446,12,447.9,OBO,ICN
3447,12,456.1,OBO,ICN
3448,12,464.3,OBO,ICN
3449,12,472.5,OBO,ICN
3450,12,480.8,OBO,ICN
3451,12,489.1,OBO,ICN
3452,12,497.5,OBO,ICN
3453,12,505.9,OBO,ICN
3454,12,411.6,CTS,PUS
3455,12,404.2,CTS,PUS
3456,12,357.4,CTS,PUS
3457,12,354.7,CTS,PUS
3458,12,353.3,CTS,PUS
3459,12,353.1,CTS,PUS
3460,12,354.1,CTS,PUS
3461,12,356.4,CTS,PUS
3462,12,359.8,CTS,PUS
3463,12,364.1,CTS,PUS
3464,12,369.1,CTS,PUS
3465,12,374.8,CTS,PUS
3466,12,381.0,CTS,PUS
3467,12,387.1,OBO,ICN
3468,12,381.9,OBO,ICN
3469,12,377.4,OBO,ICN
3470,12,373.8,OBO,ICN
3471,12,371.1,OBO,ICN
3472,12,369.5,OBO,ICN
3473,12,369.0,OBO,ICN
3474,12,369.7,OBO,ICN
3475,12,371.6,OBO,ICN
3476,12,374.6,OBO,ICN
3477,12,378.5,OBO,ICN
3478,12,383.1,OBO,ICN
3479,12,388.5,OBO,ICN
3480,12,394.3,OBO,ICN
3481,12,400.6,OBO,ICN
3482,12,407.3,OBO,ICN
3483,12,414.2,OBO,ICN
3484,12,421.4,OBO,ICN
3485,12,428.8,OBO,ICN
3486,12,436.4,OBO,ICN
3487,12,444.1,OBO,ICN
3488,12,451.9,OBO,ICN
3489,12,459.8,OBO,ICN
3490,12,467.8,OBO,ICN
3491,12,475.9,OBO,ICN
3492,12,484.0,OBO,ICN
3493,12,492.2,OBO,ICN
3494,12,508.7,OBO,ICN
3495,12,364.5,CTS,PUS
3496,12,363.2,CTS,PUS
3497,12,363.1,CTS,PUS
3498,12,364.0,CTS,PUS
3499,12,365.9,CTS,PUS
3500,12,368.9,CTS,PUS
3501,12,372.7,CTS,PUS
3502,12,377.2,CTS,PUS
3503,12,382.4,CTS,PUS
3504,12,388.1,CTS,PUS
3505,12,394.2,CTS,PUS
3506,12,390.4,OBO,ICN
3507,12,386.4,OBO,ICN
3508,12,383.2,OBO,ICN
3509,12,380.8,OBO,ICN
3510,12,379.4,OBO,ICN
3511,12,379.0,OBO,ICN
3512,12,379.7,OBO,ICN
3513,12,381.3,OBO,ICN
3514,12,383.9,OBO,ICN
3515,12,387.3,OBO,ICN
3516,12,391.5,OBO,ICN
3517,12,396.3,OBO,ICN
3518,12,401.7,OBO,ICN
3519,12,407.6,OBO,ICN
3520,12,413.8,OBO,ICN
3521,12,420.3,OBO,ICN
3522,12,427.2,OBO,ICN
3523,12,434.2,OBO,ICN
3524,12,441.5,OBO,ICN
3525,12,448.9,OBO,ICN
3526,12,456.4,OBO,ICN
3527,12,464.1,OBO,ICN
3528,12,471.9,OBO,ICN
3529,12,479.8,OBO,ICN
3530,12,487.7,OBO,ICN
3531,12,376.4,CTS,PUS
3532,12,374.3,CTS,PUS
3533,12,373.2,CTS,PUS
3534,12,373.1,CTS,PUS
3535,12,373.9,CTS,PUS
3536,12,375.6,CTS,PUS
3537,12,378.2,CTS,PUS
3538,12,381.6,CTS,PUS
3539,12,385.7,CTS,PUS
3540,12,390.4,CTS,PUS
3541,12,395.6,CTS,PUS
3542,12,401.3,CTS,PUS
3543,12,399.2,OBO,ICN
3544,12,395.6,OBO,ICN
3545,12,392.7,OBO,ICN
3546,12,390.6,OBO,ICN
3547,12,389.4,OBO,ICN
3548,12,389.0,OBO,ICN
3549,12,389.6,OBO,ICN
3550,12,391.0,OBO,ICN
3551,12,393.3,OBO,ICN
3552,12,396.4,OBO,ICN
3553,12,400.2,OBO,ICN
3554,12,404.6,OBO,ICN
3555,12,409.5,OBO,ICN
3556,12,415.0,OBO,ICN
3557,12,420.8,OBO,ICN
3558,12,427.0,OBO,ICN
3559,12,433.4,OBO,ICN
3560,12,440.1,OBO,ICN
3561,12,447.1,OBO,ICN
3562,12,454.2,OBO,ICN
3563,12,461.5,OBO,ICN
3564,12,468.9,OBO,ICN
3565,12,476.5,OBO,ICN
3566,12,484.1,OBO,ICN
3567,12,386.0,CTS,PUS
3568,12,384.2,CTS,PUS
3569,12,383.2,CTS,PUS
3570,12,383.1,CTS,PUS
3571,12,383.8,CTS,PUS
3572,12,385.3,CTS,PUS
3573,12,387.7,CTS,PUS
3574,12,390.7,CTS,PUS
3575,12,394.4,CTS,PUS
3576,12,398.7,CTS,PUS
3577,12,403.6,CTS,PUS
3578,12,408.9,CTS,PUS
3579,12,408.2,OBO,ICN
3580,12,405.0,OBO,ICN
3581,12,402.3,OBO,ICN
3582,12,400.5,OBO,ICN
3583,12,399.4,OBO,ICN
3584,12,399.1,OBO,ICN
3585,12,399.6,OBO,ICN
3586,12,400.9,OBO,ICN
3587,12,402.9,OBO,ICN
3588,12,405.7,OBO,ICN
3589,12,409.1,OBO,ICN
3590,12,413.2,OBO,ICN
3591,12,417.7,OBO,ICN
3592,12,422.8,OBO,ICN
3593,12,428.2,OBO,ICN
3594,12,434.0,OBO,ICN
3595,12,440.1,OBO,ICN
3596,12,446.5,OBO,ICN
3597,12,453.1,OBO,ICN
3598,12,460.0,OBO,ICN
3599,12,467.0,OBO,ICN
3600,12,474.2,OBO,ICN
3601,12,481.5,OBO,ICN
3602,12,488.9,OBO,ICN
3603,12,395.7,CTS,PUS
3604,12,394.1,CTS,PUS
3605,12,393.2,CTS,PUS
3606,12,393.1,CTS,PUS
3607,12,393.7,CTS,PUS
3608,12,395.1,CTS,PUS
3609,12,397.2,CTS,PUS
3610,12,400.0,CTS,PUS
3611,12,403.4,CTS,PUS
3612,12,407.4,CTS,PUS
3613,12,411.8,CTS,PUS
3614,12,416.8,CTS,PUS
3615,12,417.4,OBO,ICN
3616,12,414.4,OBO,ICN
3617,12,412.0,OBO,ICN
3618,12,410.3,OBO,ICN
3619,12,409.3,OBO,ICN
3620,12,409.1,OBO,ICN
3621,12,409.5,OBO,ICN
3622,12,410.7,OBO,ICN
3623,12,412.6,OBO,ICN
3624,12,415.1,OBO,ICN
3625,12,418.2,OBO,ICN
3626,12,422.0,OBO,ICN
3627,12,426.2,OBO,ICN
3628,12,430.9,OBO,ICN
3629,12,436.0,OBO,ICN
3630,12,441.4,OBO,ICN
3631,12,447.2,OBO,ICN
3632,12,453.3,OBO,ICN
3633,12,459.6,OBO,ICN
3634,12,466.2,OBO,ICN
3635,12,472.9,OBO,ICN
3636,12,479.8,OBO,ICN
3637,12,486.9,OBO,ICN
3638,12,405.5,CTS,PUS
3639,12,404.0,CTS,PUS
3640,12,403.2,CTS,PUS
3641,12,403.1,CTS,PUS
3642,12,403.7,CTS,PUS
3643,12,404.9,CTS,PUS
3644,12,406.9,CTS,PUS
3645,12,409.4,CTS,PUS
3646,12,412.5,CTS,PUS
3647,12,416.2,CTS,PUS
3648,12,420.4,CTS,PUS
3649,12,425.0,CTS,PUS
3650,12,426.7,OBO,ICN
3651,12,424.0,OBO,ICN
3652,12,421.8,OBO,ICN
3653,12,420.2,OBO,ICN
3654,12,419.3,OBO,ICN
3655,12,419.1,OBO,ICN
3656,12,419.5,OBO,ICN
3657,12,420.6,OBO,ICN
3658,12,422.3,OBO,ICN
3659,12,424.6,OBO,ICN
3660,12,427.5,OBO,ICN
3661,12,430.9,OBO,ICN
3662,12,434.9,OBO,ICN
3663,12,439.2,OBO,ICN
3664,12,444.0,OBO,ICN
3665,12,449.2,OBO,ICN
3666,12,454.7,OBO,ICN
3667,12,460.4,OBO,ICN
3668,12,466.5,OBO,ICN
3669,12,472.7,OBO,ICN
3670,12,479.2,OBO,ICN
3671,12,485.9,OBO,ICN
3672,12,492.7,OBO,ICN
3673,12,521.4,OBO,ICN
3674,12,414.0,CTS,PUS
3675,12,413.2,CTS,PUS
3676,12,413.1,CTS,PUS
3677,12,413.7,CTS,PUS
3678,12,414.8,CTS,PUS
3679,12,416.6,CTS,PUS
3680,12,418.9,CTS,PUS
3681,12,421.8,CTS,PUS
3682,12,425.2,CTS,PUS
3683,12,429.1,CTS,PUS
3684,12,433.4,CTS,PUS
3685,12,436.2,OBO,ICN
3686,12,433.6,OBO,ICN
3687,12,431.6,OBO,ICN
3688,12,430.2,OBO,ICN
3689,12,429.3,OBO,ICN
3690,12,429.1,OBO,ICN
3691,12,429.5,OBO,ICN
3692,12,430.5,OBO,ICN
3693,12,432.0,OBO,ICN
3694,12,434.2,OBO,ICN
3695,12,436.9,OBO,ICN
3696,12,440.1,OBO,ICN
3697,12,443.7,OBO,ICN
3698,12,447.8,OBO,ICN
3699,12,452.3,OBO,ICN
3700,12,457.2,OBO,ICN
3701,12,462.4,OBO,ICN
3702,12,467.9,OBO,ICN
3703,12,473.6,OBO,ICN
3704,12,479.6,OBO,ICN
3705,12,485.9,OBO,ICN
3706,12,492.3,OBO,ICN
3707,12,498.9,OBO,ICN
3708,12,526.7,OBO,ICN
3709,12,423.1,CTS,PUS
3710,12,423.6,CTS,PUS
3711,12,424.7,CTS,PUS
3712,12,426.3,CTS,PUS
3713,12,428.5,CTS,PUS
3714,12,431.2,CTS,PUS
3715,12,434.3,CTS,PUS
3716,12,438.0,CTS,PUS
3717,12,442.0,CTS,PUS
3718,12,445.7,OBO,ICN
3719,12,443.3,OBO,ICN
3720,12,441.4,OBO,ICN
3721,12,440.1,OBO,ICN
3722,12,439.3,OBO,ICN
3723,12,439.1,OBO,ICN
3724,12,439.5,OBO,ICN
3725,12,440.4,OBO,ICN
3726,12,441.8,OBO,ICN
3727,12,443.8,OBO,ICN
3728,12,446.3,OBO,ICN
3729,12,449.3,OBO,ICN
3730,12,452.7,OBO,ICN
3731,12,456.6,OBO,ICN
3732,12,460.8,OBO,ICN
3733,12,465.4,OBO,ICN
3734,12,470.3,OBO,ICN
3735,12,492.8,OBO,ICN
3736,12,499.0,OBO,ICN
3737,12,505.4,OBO,ICN
3738,12,539.5,OBO,ICN
3739,12,546.6,OBO,ICN
3740,12,433.2,CTS,PUS
3741,12,433.6,CTS,PUS
3742,12,434.6,CTS,PUS
3743,12,436.1,CTS,PUS
3744,12,438.1,CTS,PUS
3745,12,440.6,CTS,PUS
3746,12,443.6,CTS,PUS
3747,12,447.0,CTS,PUS
3748,12,450.8,CTS,PUS
3749,12,455.0,CTS,PUS
3750,12,453.0,OBO,ICN
3751,12,451.3,OBO,ICN
3752,12,450.1,OBO,ICN
3753,12,449.3,OBO,ICN
3754,12,449.1,OBO,ICN
3755,12,449.5,OBO,ICN
3756,12,450.3,OBO,ICN
3757,12,451.7,OBO,ICN
3758,12,453.5,OBO,ICN
3759,12,455.8,OBO,ICN
3760,12,458.6,OBO,ICN
3761,12,461.9,OBO,ICN
3762,12,465.5,OBO,ICN
3763,12,469.5,OBO,ICN
3764,12,506.0,OBO,ICN
3765,12,512.1,OBO,ICN
3766,12,518.4,OBO,ICN
3767,12,552.2,OBO,ICN
3768,12,559.3,OBO,ICN
3769,12,443.2,CTS,PUS
3770,12,443.6,CTS,PUS
3771,12,444.5,CTS,PUS
3772,12,445.9,CTS,PUS
3773,12,447.8,CTS,PUS
3774,12,450.2,CTS,PUS
3775,12,452.9,CTS,PUS
3776,12,456.1,CTS,PUS
3777,12,459.7,CTS,PUS
3778,12,463.7,CTS,PUS
3779,12,462.8,OBO,ICN
3780,12,461.2,OBO,ICN
3781,12,460.0,OBO,ICN
3782,12,459.3,OBO,ICN
3783,12,459.2,OBO,ICN
3784,12,459.5,OBO,ICN
3785,12,460.2,OBO,ICN
3786,12,461.5,OBO,ICN
3787,12,463.3,OBO,ICN
3788,12,465.4,OBO,ICN
3789,12,468.1,OBO,ICN
3790,12,471.1,OBO,ICN
3791,12,474.5,OBO,ICN
3792,12,519.1,OBO,ICN
3793,12,525.2,OBO,ICN
3794,12,565.0,OBO,ICN
3795,12,453.2,CTS,PUS
3796,12,453.6,CTS,PUS
3797,12,454.4,CTS,PUS
3798,12,455.8,CTS,PUS
3799,12,457.5,CTS,PUS
3800,12,459.7,CTS,PUS
3801,12,462.4,CTS,PUS
3802,12,465.4,CTS,PUS
3803,12,468.8,CTS,PUS
3804,12,472.5,CTS,PUS
3805,12,472.6,OBO,ICN
3806,12,471.1,OBO,ICN
3807,12,470.0,OBO,ICN
3808,12,469.3,OBO,ICN
3809,12,469.2,OBO,ICN
3810,12,469.5,OBO,ICN
3811,12,470.2,OBO,ICN
3812,12,471.4,OBO,ICN
3813,12,473.0,OBO,ICN
3814,12,538.4,OBO,ICN
3815,12,577.8,OBO,ICN
3816,12,584.8,OBO,ICN
3817,12,463.2,CTS,PUS
3818,12,463.6,CTS,PUS
3819,12,464.4,CTS,PUS
3820,12,465.6,CTS,PUS
3821,12,467.3,CTS,PUS
3822,12,469.4,CTS,PUS
3823,12,471.8,CTS,PUS
3824,12,474.7,CTS,PUS
3825,12,477.9,CTS,PUS
3826,12,481.5,CTS,PUS
3827,12,482.4,OBO,ICN
3828,12,481.0,OBO,ICN
3829,12,479.9,OBO,ICN
3830,12,479.4,OBO,ICN
3831,12,479.2,OBO,ICN
3832,12,479.5,OBO,ICN
3833,12,480.2,OBO,ICN
3834,12,590.6,OBO,ICN
3835,12,597.5,OBO,ICN
3836,12,604.5,OBO,ICN
3837,12,473.2,CTS,PUS
3838,12,473.6,CTS,PUS
3839,12,474.3,CTS,PUS
3840,12,475.5,CTS,PUS
3841,12,477.1,CTS,PUS
3842,12,479.0,CTS,PUS
3843,12,481.4,CTS,PUS
3844,12,484.1,CTS,PUS
3845,12,487.2,CTS,PUS
3846,12,490.5,CTS,PUS
3847,12,492.2,OBO,ICN
3848,12,490.9,OBO,ICN
3849,12,489.9,OBO,ICN
3850,12,489.4,OBO,ICN
3851,12,489.2,OBO,ICN
3852,12,596.7,OBO,ICN
3853,12,603.4,OBO,ICN
3854,12,610.3,OBO,ICN
3855,12,617.2,OBO,ICN
3856,12,624.3,OBO,ICN
3857,12,483.6,CTS,PUS
3858,12,484.3,CTS,PUS
3859,12,485.4,CTS,PUS
3860,12,486.9,CTS,PUS
3861,12,488.8,CTS,PUS
3862,12,491.0,CTS,PUS
3863,12,493.6,CTS,PUS
3864,12,496.5,CTS,PUS
3865,12,499.7,CTS,PUS
3866,12,502.1,OBO,ICN
3867,12,500.8,OBO,ICN
3868,12,499.9,OBO,ICN
3869,12,499.4,OBO,ICN
3870,12,609.6,OBO,ICN
3871,12,493.6,CTS,PUS
3872,12,494.3,CTS,PUS
3873,12,495.3,CTS,PUS
3874,12,496.7,CTS,PUS
3875,12,498.5,CTS,PUS
3876,12,500.6,CTS,PUS
3877,12,503.1,CTS,PUS
3878,12,505.8,CTS,PUS
3879,12,508.9,CTS,PUS
3880,12,512.0,OBO,ICN
3881,12,510.8,OBO,ICN
3882,12,503.6,CTS,PUS
3883,12,504.2,CTS,PUS
3884,12,505.2,CTS,PUS
3885,12,506.6,CTS,PUS
3886,12,508.3,CTS,PUS
3887,12,510.3,CTS,PUS
3888,12,512.6,CTS,PUS
3889,12,515.3,CTS,PUS
3890,12,518.2,CTS,PUS
3891,12,521.5,CTS,PUS
3892,12,513.6,CTS,PUS
3893,12,514.2,CTS,PUS
3894,12,515.1,CTS,PUS
3895,12,516.4,CTS,PUS
3896,12,518.0,CTS,PUS
3897,12,520.0,CTS,PUS
3898,12,522.2,CTS,PUS
3899,12,524.7,CTS,PUS
3900,12,527.6,CTS,PUS
3901,12,523.6,CTS,PUS
3902,12,524.2,CTS,PUS
3903,12,525.1,CTS,PUS
3904,12,526.3,CTS,PUS
3905,12,527.8,CTS,PUS
3906,12,529.7,CTS,PUS
3907,12,531.8,CTS,PUS
3908,12,534.3,CTS,PUS
3909,12,533.3,CTS,PUS
3910,12,533.6,CTS,PUS
3911,12,534.1,CTS,PUS
3912,12,535.0,CTS,PUS
3913,12,536.2,CTS,PUS
3914,12,537.7,CTS,PUS
3915,12,539.4,CTS,PUS
3916,12,541.5,CTS,PUS
3917,12,543.3,CTS,PUS
3918,12,543.6,CTS,PUS
3919,12,544.1,CTS,PUS
3920,12,545.0,CTS,PUS
3921,12,546.1,CTS,PUS
3922,12,547.5,CTS,PUS
3923,12,549.2,CTS,PUS
3924,12,551.2,CTS,PUS
3925,12,553.4,CTS,PUS
3926,12,553.4,CTS,PUS
3927,12,553.6,CTS,PUS
3928,12,554.1,CTS,PUS
3929,12,554.9,CTS,PUS
3930,12,556.0,CTS,PUS
3931,12,557.4,CTS,PUS
3932,12,559.0,CTS,PUS
3933,12,566.3,CTS,PUS
3934,12,565.2,CTS,PUS
3935,12,563.4,CTS,PUS
3936,12,563.4,CTS,PUS
3937,12,563.6,CTS,PUS
3938,12,564.1,CTS,PUS
3939,12,564.9,CTS,PUS
3940,12,565.9,CTS,PUS
3941,12,567.2,CTS,PUS
3942,12,573.4,CTS,PUS
3943,12,573.4,CTS,PUS
3944,12,573.6,CTS,PUS
3945,12,574.1,CTS,PUS
3946,12,574.8,CTS,PUS
3947,12,575.8,CTS,PUS
3948,12,583.4,CTS,PUS
3949,12,583.6,CTS,PUS
3950,12,584.1,CTS,PUS
3951,12,584.8,CTS,PUS
3952,12,594.1,CTS,PUS
