{"type":"FeatureCollection","features":[{"type":"Feature","properties":{"cell_id":0},"geometry":{"type":"Polygon","coordinates":[[[123.6316,24.2516],[123.7391,24.2516],[123.7391,24.3417],[123.6316,24.3417],[123.6316,24.2516]]]}},{"type":"Feature","properties":{"cell_id":1},"geometry":{"type":"Polygon","coordinates":[[[123.7391,24.2516],[123.8465,24.2516],[123.8465,24.3417],[123.7391,24.3417],[123.7391,24.2516]]]}},{"type":"Feature","properties":{"cell_id":2},"geometry":{"type":"Polygon","coordinates":[[[123.7391,24.3417],[123.8465,24.3417],[123.8465,24.4317],[123.7391,24.4317],[123.7391,24.3417]]]}},{"type":"Feature","properties":{"cell_id":3},"geometry":{"type":"Polygon","coordinates":[[[124.1687,24.3417],[124.2761,24.3417],[124.2761,24.4317],[124.1687,24.4317],[124.1687,24.3417]]]}},{"type":"Feature","properties":{"cell_id":4},"geometry":{"type":"Polygon","coordinates":[[[124.0613,24.4317],[124.1687,24.4317],[124.1687,24.5218],[124.0613,24.5218],[124.0613,24.4317]]]}},{"type":"Feature","properties":{"cell_id":5},"geometry":{"type":"Polygon","coordinates":[[[124.1687,24.4317],[124.2761,24.4317],[124.2761,24.5218],[124.1687,24.5218],[124.1687,24.4317]]]}},{"type":"Feature","properties":{"cell_id":6},"geometry":{"type":"Polygon","coordinates":[[[125.2428,24.702],[125.3502,24.702],[125.3502,24.7921],[125.2428,24.7921],[125.2428,24.702]]]}},{"type":"Feature","properties":{"cell_id":7},"geometry":{"type":"Polygon","coordinates":[[[125.3502,24.702],[125.4576,24.702],[125.4576,24.7921],[125.3502,24.7921],[125.3502,24.702]]]}},{"type":"Feature","properties":{"cell_id":8},"geometry":{"type":"Polygon","coordinates":[[[125.1354,24.7921],[125.2428,24.7921],[125.2428,24.8822],[125.1354,24.8822],[125.1354,24.7921]]]}},{"type":"Feature","properties":{"cell_id":9},"geometry":{"type":"Polygon","coordinates":[[[125.2428,24.7921],[125.3502,24.7921],[125.3502,24.8822],[125.2428,24.8822],[125.2428,24.7921]]]}},{"type":"Feature","properties":{"cell_id":10},"geometry":{"type":"Polygon","coordinates":[[[123.4168,25.693],[123.5242,25.693],[123.5242,25.7831],[123.4168,25.7831],[123.4168,25.693]]]}},{"type":"Feature","properties":{"cell_id":11},"geometry":{"type":"Polygon","coordinates":[[[127.6057,26.0534],[127.7131,26.0534],[127.7131,26.1435],[127.6057,26.1435],[127.6057,26.0534]]]}},{"type":"Feature","properties":{"cell_id":12},"geometry":{"type":"Polygon","coordinates":[[[127.6057,26.1435],[127.7131,26.1435],[127.7131,26.2336],[127.6057,26.2336],[127.6057,26.1435]]]}},{"type":"Feature","properties":{"cell_id":13},"geometry":{"type":"Polygon","coordinates":[[[127.7131,26.1435],[127.8206,26.1435],[127.8206,26.2336],[127.7131,26.2336],[127.7131,26.1435]]]}},{"type":"Feature","properties":{"cell_id":14},"geometry":{"type":"Polygon","coordinates":[[[127.7131,26.2336],[127.8206,26.2336],[127.8206,26.3236],[127.7131,26.3236],[127.7131,26.2336]]]}},{"type":"Feature","properties":{"cell_id":15},"geometry":{"type":"Polygon","coordinates":[[[127.7131,26.3236],[127.8206,26.3236],[127.8206,26.4137],[127.7131,26.4137],[127.7131,26.3236]]]}},{"type":"Feature","properties":{"cell_id":16},"geometry":{"type":"Polygon","coordinates":[[[127.928,26.3236],[128.0354,26.3236],[128.0354,26.4137],[127.928,26.4137],[127.928,26.3236]]]}},{"type":"Feature","properties":{"cell_id":17},"geometry":{"type":"Polygon","coordinates":[[[127.8206,26.4137],[127.928,26.4137],[127.928,26.5038],[127.8206,26.5038],[127.8206,26.4137]]]}},{"type":"Feature","properties":{"cell_id":18},"geometry":{"type":"Polygon","coordinates":[[[127.928,26.5038],[128.0354,26.5038],[128.0354,26.5939],[127.928,26.5939],[127.928,26.5038]]]}},{"type":"Feature","properties":{"cell_id":19},"geometry":{"type":"Polygon","coordinates":[[[128.0354,26.5038],[128.1428,26.5038],[128.1428,26.5939],[128.0354,26.5939],[128.0354,26.5038]]]}},{"type":"Feature","properties":{"cell_id":20},"geometry":{"type":"Polygon","coordinates":[[[142.1058,26.5038],[142.2132,26.5038],[142.2132,26.5939],[142.1058,26.5939],[142.1058,26.5038]]]}},{"type":"Feature","properties":{"cell_id":21},"geometry":{"type":"Polygon","coordinates":[[[127.928,26.5939],[128.0354,26.5939],[128.0354,26.684],[127.928,26.684],[127.928,26.5939]]]}},{"type":"Feature","properties":{"cell_id":22},"geometry":{"type":"Polygon","coordinates":[[[128.0354,26.5939],[128.1428,26.5939],[128.1428,26.684],[128.0354,26.684],[128.0354,26.5939]]]}},{"type":"Feature","properties":{"cell_id":23},"geometry":{"type":"Polygon","coordinates":[[[128.1428,26.5939],[128.2502,26.5939],[128.2502,26.684],[128.1428,26.684],[128.1428,26.5939]]]}},{"type":"Feature","properties":{"cell_id":24},"geometry":{"type":"Polygon","coordinates":[[[142.1058,26.5939],[142.2132,26.5939],[142.2132,26.684],[142.1058,26.684],[142.1058,26.5939]]]}},{"type":"Feature","properties":{"cell_id":25},"geometry":{"type":"Polygon","coordinates":[[[127.7131,26.684],[127.8206,26.684],[127.8206,26.7741],[127.7131,26.7741],[127.7131,26.684]]]}},{"type":"Feature","properties":{"cell_id":26},"geometry":{"type":"Polygon","coordinates":[[[128.1428,26.684],[128.2502,26.684],[128.2502,26.7741],[128.1428,26.7741],[128.1428,26.684]]]}},{"type":"Feature","properties":{"cell_id":27},"geometry":{"type":"Polygon","coordinates":[[[128.2502,26.684],[128.3576,26.684],[128.3576,26.7741],[128.2502,26.7741],[128.2502,26.684]]]}},{"type":"Feature","properties":{"cell_id":28},"geometry":{"type":"Polygon","coordinates":[[[128.2502,26.7741],[128.3576,26.7741],[128.3576,26.8642],[128.2502,26.8642],[128.2502,26.7741]]]}},{"type":"Feature","properties":{"cell_id":29},"geometry":{"type":"Polygon","coordinates":[[[128.8946,27.675],[129.002,27.675],[129.002,27.7651],[128.8946,27.7651],[128.8946,27.675]]]}},{"type":"Feature","properties":{"cell_id":30},"geometry":{"type":"Polygon","coordinates":[[[128.8946,27.7651],[129.002,27.7651],[129.002,27.8552],[128.8946,27.8552],[128.8946,27.7651]]]}},{"type":"Feature","properties":{"cell_id":31},"geometry":{"type":"Polygon","coordinates":[[[129.2169,28.0354],[129.3243,28.0354],[129.3243,28.1254],[129.2169,28.1254],[129.2169,28.0354]]]}},{"type":"Feature","properties":{"cell_id":32},"geometry":{"type":"Polygon","coordinates":[[[129.3243,28.1254],[129.4317,28.1254],[129.4317,28.2155],[129.3243,28.2155],[129.3243,28.1254]]]}},{"type":"Feature","properties":{"cell_id":33},"geometry":{"type":"Polygon","coordinates":[[[129.2169,28.2155],[129.3243,28.2155],[129.3243,28.3056],[129.2169,28.3056],[129.2169,28.2155]]]}},{"type":"Feature","properties":{"cell_id":34},"geometry":{"type":"Polygon","coordinates":[[[129.3243,28.2155],[129.4317,28.2155],[129.4317,28.3056],[129.3243,28.3056],[129.3243,28.2155]]]}},{"type":"Feature","properties":{"cell_id":35},"geometry":{"type":"Polygon","coordinates":[[[129.3243,28.3056],[129.4317,28.3056],[129.4317,28.3957],[129.3243,28.3957],[129.3243,28.3056]]]}},{"type":"Feature","properties":{"cell_id":36},"geometry":{"type":"Polygon","coordinates":[[[129.4317,28.3056],[129.5391,28.3056],[129.5391,28.3957],[129.4317,28.3957],[129.4317,28.3056]]]}},{"type":"Feature","properties":{"cell_id":37},"geometry":{"type":"Polygon","coordinates":[[[129.9687,28.3056],[130.0761,28.3056],[130.0761,28.3957],[129.9687,28.3957],[129.9687,28.3056]]]}},{"type":"Feature","properties":{"cell_id":38},"geometry":{"type":"Polygon","coordinates":[[[129.5391,28.3957],[129.6465,28.3957],[129.6465,28.4858],[129.5391,28.4858],[129.5391,28.3957]]]}},{"type":"Feature","properties":{"cell_id":39},"geometry":{"type":"Polygon","coordinates":[[[129.6465,28.3957],[129.7539,28.3957],[129.7539,28.4858],[129.6465,28.4858],[129.6465,28.3957]]]}},{"type":"Feature","properties":{"cell_id":40},"geometry":{"type":"Polygon","coordinates":[[[129.6465,29.5669],[129.7539,29.5669],[129.7539,29.657],[129.6465,29.657],[129.6465,29.5669]]]}},{"type":"Feature","properties":{"cell_id":41},"geometry":{"type":"Polygon","coordinates":[[[129.8613,29.9272],[129.9687,29.9272],[129.9687,30.0173],[129.8613,30.0173],[129.8613,29.9272]]]}},{"type":"Feature","properties":{"cell_id":42},"geometry":{"type":"Polygon","coordinates":[[[130.3983,30.1975],[130.5058,30.1975],[130.5058,30.2876],[130.3983,30.2876],[130.3983,30.1975]]]}},{"type":"Feature","properties":{"cell_id":43},"geometry":{"type":"Polygon","coordinates":[[[130.5058,30.1975],[130.6132,30.1975],[130.6132,30.2876],[130.5058,30.2876],[130.5058,30.1975]]]}},{"type":"Feature","properties":{"cell_id":44},"geometry":{"type":"Polygon","coordinates":[[[130.3983,30.2876],[130.5058,30.2876],[130.5058,30.3777],[130.3983,30.3777],[130.3983,30.2876]]]}},{"type":"Feature","properties":{"cell_id":45},"geometry":{"type":"Polygon","coordinates":[[[130.5058,30.2876],[130.6132,30.2876],[130.6132,30.3777],[130.5058,30.3777],[130.5058,30.2876]]]}},{"type":"Feature","properties":{"cell_id":46},"geometry":{"type":"Polygon","coordinates":[[[130.3983,30.3777],[130.5058,30.3777],[130.5058,30.4678],[130.3983,30.4678],[130.3983,30.3777]]]}},{"type":"Feature","properties":{"cell_id":47},"geometry":{"type":"Polygon","coordinates":[[[130.5058,30.3777],[130.6132,30.3777],[130.6132,30.4678],[130.5058,30.4678],[130.5058,30.3777]]]}},{"type":"Feature","properties":{"cell_id":48},"geometry":{"type":"Polygon","coordinates":[[[130.828,30.3777],[130.9354,30.3777],[130.9354,30.4678],[130.828,30.4678],[130.828,30.3777]]]}},{"type":"Feature","properties":{"cell_id":49},"geometry":{"type":"Polygon","coordinates":[[[130.9354,30.5579],[131.0428,30.5579],[131.0428,30.648],[130.9354,30.648],[130.9354,30.5579]]]}},{"type":"Feature","properties":{"cell_id":50},"geometry":{"type":"Polygon","coordinates":[[[130.9354,30.648],[131.0428,30.648],[131.0428,30.7381],[130.9354,30.7381],[130.9354,30.648]]]}},{"type":"Feature","properties":{"cell_id":51},"geometry":{"type":"Polygon","coordinates":[[[130.7206,31.0984],[130.828,31.0984],[130.828,31.1885],[130.7206,31.1885],[130.7206,31.0984]]]}},{"type":"Feature","properties":{"cell_id":52},"geometry":{"type":"Polygon","coordinates":[[[130.828,31.0984],[130.9354,31.0984],[130.9354,31.1885],[130.828,31.1885],[130.828,31.0984]]]}},{"type":"Feature","properties":{"cell_id":53},"geometry":{"type":"Polygon","coordinates":[[[130.5058,31.1885],[130.6132,31.1885],[130.6132,31.2786],[130.5058,31.2786],[130.5058,31.1885]]]}},{"type":"Feature","properties":{"cell_id":54},"geometry":{"type":"Polygon","coordinates":[[[130.7206,31.1885],[130.828,31.1885],[130.828,31.2786],[130.7206,31.2786],[130.7206,31.1885]]]}},{"type":"Feature","properties":{"cell_id":55},"geometry":{"type":"Polygon","coordinates":[[[130.828,31.1885],[130.9354,31.1885],[130.9354,31.2786],[130.828,31.2786],[130.828,31.1885]]]}},{"type":"Feature","properties":{"cell_id":56},"geometry":{"type":"Polygon","coordinates":[[[130.9354,31.1885],[131.0428,31.1885],[131.0428,31.2786],[130.9354,31.2786],[130.9354,31.1885]]]}},{"type":"Feature","properties":{"cell_id":57},"geometry":{"type":"Polygon","coordinates":[[[130.1835,31.2786],[130.2909,31.2786],[130.2909,31.3687],[130.1835,31.3687],[130.1835,31.2786]]]}},{"type":"Feature","properties":{"cell_id":58},"geometry":{"type":"Polygon","coordinates":[[[130.2909,31.2786],[130.3983,31.2786],[130.3983,31.3687],[130.2909,31.3687],[130.2909,31.2786]]]}},{"type":"Feature","properties":{"cell_id":59},"geometry":{"type":"Polygon","coordinates":[[[130.3983,31.2786],[130.5058,31.2786],[130.5058,31.3687],[130.3983,31.3687],[130.3983,31.2786]]]}},{"type":"Feature","properties":{"cell_id":60},"geometry":{"type":"Polygon","coordinates":[[[130.5058,31.2786],[130.6132,31.2786],[130.6132,31.3687],[130.5058,31.3687],[130.5058,31.2786]]]}},{"type":"Feature","properties":{"cell_id":61},"geometry":{"type":"Polygon","coordinates":[[[130.828,31.2786],[130.9354,31.2786],[130.9354,31.3687],[130.828,31.3687],[130.828,31.2786]]]}},{"type":"Feature","properties":{"cell_id":62},"geometry":{"type":"Polygon","coordinates":[[[130.9354,31.2786],[131.0428,31.2786],[131.0428,31.3687],[130.9354,31.3687],[130.9354,31.2786]]]}},{"type":"Feature","properties":{"cell_id":63},"geometry":{"type":"Polygon","coordinates":[[[131.0428,31.2786],[131.1502,31.2786],[131.1502,31.3687],[131.0428,31.3687],[131.0428,31.2786]]]}},{"type":"Feature","properties":{"cell_id":64},"geometry":{"type":"Polygon","coordinates":[[[130.0761,31.3687],[130.1835,31.3687],[130.1835,31.4588],[130.0761,31.4588],[130.0761,31.3687]]]}},{"type":"Feature","properties":{"cell_id":65},"geometry":{"type":"Polygon","coordinates":[[[130.2909,31.3687],[130.3983,31.3687],[130.3983,31.4588],[130.2909,31.4588],[130.2909,31.3687]]]}},{"type":"Feature","properties":{"cell_id":66},"geometry":{"type":"Polygon","coordinates":[[[130.3983,31.3687],[130.5058,31.3687],[130.5058,31.4588],[130.3983,31.4588],[130.3983,31.3687]]]}},{"type":"Feature","properties":{"cell_id":67},"geometry":{"type":"Polygon","coordinates":[[[130.7206,31.3687],[130.828,31.3687],[130.828,31.4588],[130.7206,31.4588],[130.7206,31.3687]]]}},{"type":"Feature","properties":{"cell_id":68},"geometry":{"type":"Polygon","coordinates":[[[130.828,31.3687],[130.9354,31.3687],[130.9354,31.4588],[130.828,31.4588],[130.828,31.3687]]]}},{"type":"Feature","properties":{"cell_id":69},"geometry":{"type":"Polygon","coordinates":[[[130.9354,31.3687],[131.0428,31.3687],[131.0428,31.4588],[130.9354,31.4588],[130.9354,31.3687]]]}},{"type":"Feature","properties":{"cell_id":70},"geometry":{"type":"Polygon","coordinates":[[[131.2576,31.3687],[131.365,31.3687],[131.365,31.4588],[131.2576,31.4588],[131.2576,31.3687]]]}},{"type":"Feature","properties":{"cell_id":71},"geometry":{"type":"Polygon","coordinates":[[[130.2909,31.4588],[130.3983,31.4588],[130.3983,31.5489],[130.2909,31.5489],[130.2909,31.4588]]]}},{"type":"Feature","properties":{"cell_id":72},"geometry":{"type":"Polygon","coordinates":[[[130.3983,31.4588],[130.5058,31.4588],[130.5058,31.5489],[130.3983,31.5489],[130.3983,31.4588]]]}},{"type":"Feature","properties":{"cell_id":73},"geometry":{"type":"Polygon","coordinates":[[[130.7206,31.4588],[130.828,31.4588],[130.828,31.5489],[130.7206,31.5489],[130.7206,31.4588]]]}},{"type":"Feature","properties":{"cell_id":74},"geometry":{"type":"Polygon","coordinates":[[[130.828,31.4588],[130.9354,31.4588],[130.9354,31.5489],[130.828,31.5489],[130.828,31.4588]]]}},{"type":"Feature","properties":{"cell_id":75},"geometry":{"type":"Polygon","coordinates":[[[130.9354,31.4588],[131.0428,31.4588],[131.0428,31.5489],[130.9354,31.5489],[130.9354,31.4588]]]}},{"type":"Feature","properties":{"cell_id":76},"geometry":{"type":"Polygon","coordinates":[[[131.0428,31.4588],[131.1502,31.4588],[131.1502,31.5489],[131.0428,31.5489],[131.0428,31.4588]]]}},{"type":"Feature","properties":{"cell_id":77},"geometry":{"type":"Polygon","coordinates":[[[131.1502,31.4588],[131.2576,31.4588],[131.2576,31.5489],[131.1502,31.5489],[131.1502,31.4588]]]}},{"type":"Feature","properties":{"cell_id":78},"geometry":{"type":"Polygon","coordinates":[[[131.2576,31.4588],[131.365,31.4588],[131.365,31.5489],[131.2576,31.5489],[131.2576,31.4588]]]}},{"type":"Feature","properties":{"cell_id":79},"geometry":{"type":"Polygon","coordinates":[[[130.2909,31.5489],[130.3983,31.5489],[130.3983,31.639],[130.2909,31.639],[130.2909,31.5489]]]}},{"type":"Feature","properties":{"cell_id":80},"geometry":{"type":"Polygon","coordinates":[[[130.3983,31.5489],[130.5058,31.5489],[130.5058,31.639],[130.3983,31.639],[130.3983,31.5489]]]}},{"type":"Feature","properties":{"cell_id":81},"geometry":{"type":"Polygon","coordinates":[[[130.5058,31.5489],[130.6132,31.5489],[130.6132,31.639],[130.5058,31.639],[130.5058,31.5489]]]}},{"type":"Feature","properties":{"cell_id":82},"geometry":{"type":"Polygon","coordinates":[[[130.6132,31.5489],[130.7206,31.5489],[130.7206,31.639],[130.6132,31.639],[130.6132,31.5489]]]}},{"type":"Feature","properties":{"cell_id":83},"geometry":{"type":"Polygon","coordinates":[[[130.828,31.5489],[130.9354,31.5489],[130.9354,31.639],[130.828,31.639],[130.828,31.5489]]]}},{"type":"Feature","properties":{"cell_id":84},"geometry":{"type":"Polygon","coordinates":[[[130.9354,31.5489],[131.0428,31.5489],[131.0428,31.639],[130.9354,31.639],[130.9354,31.5489]]]}},{"type":"Feature","properties":{"cell_id":85},"geometry":{"type":"Polygon","coordinates":[[[131.0428,31.5489],[131.1502,31.5489],[131.1502,31.639],[131.0428,31.639],[131.0428,31.5489]]]}},{"type":"Feature","properties":{"cell_id":86},"geometry":{"type":"Polygon","coordinates":[[[131.1502,31.5489],[131.2576,31.5489],[131.2576,31.639],[131.1502,31.639],[131.1502,31.5489]]]}},{"type":"Feature","properties":{"cell_id":87},"geometry":{"type":"Polygon","coordinates":[[[131.2576,31.5489],[131.365,31.5489],[131.365,31.639],[131.2576,31.639],[131.2576,31.5489]]]}},{"type":"Feature","properties":{"cell_id":88},"geometry":{"type":"Polygon","coordinates":[[[129.6465,31.639],[129.7539,31.639],[129.7539,31.729],[129.6465,31.729],[129.6465,31.639]]]}},{"type":"Feature","properties":{"cell_id":89},"geometry":{"type":"Polygon","coordinates":[[[130.2909,31.639],[130.3983,31.639],[130.3983,31.729],[130.2909,31.729],[130.2909,31.639]]]}},{"type":"Feature","properties":{"cell_id":90},"geometry":{"type":"Polygon","coordinates":[[[130.3983,31.639],[130.5058,31.639],[130.5058,31.729],[130.3983,31.729],[130.3983,31.639]]]}},{"type":"Feature","properties":{"cell_id":91},"geometry":{"type":"Polygon","coordinates":[[[130.5058,31.639],[130.6132,31.639],[130.6132,31.729],[130.5058,31.729],[130.5058,31.639]]]}},{"type":"Feature","properties":{"cell_id":92},"geometry":{"type":"Polygon","coordinates":[[[130.828,31.639],[130.9354,31.639],[130.9354,31.729],[130.828,31.729],[130.828,31.639]]]}},{"type":"Feature","properties":{"cell_id":93},"geometry":{"type":"Polygon","coordinates":[[[130.9354,31.639],[131.0428,31.639],[131.0428,31.729],[130.9354,31.729],[130.9354,31.639]]]}},{"type":"Feature","properties":{"cell_id":94},"geometry":{"type":"Polygon","coordinates":[[[131.0428,31.639],[131.1502,31.639],[131.1502,31.729],[131.0428,31.729],[131.0428,31.639]]]}},{"type":"Feature","properties":{"cell_id":95},"geometry":{"type":"Polygon","coordinates":[[[131.1502,31.639],[131.2576,31.639],[131.2576,31.729],[131.1502,31.729],[131.1502,31.639]]]}},{"type":"Feature","properties":{"cell_id":96},"geometry":{"type":"Polygon","coordinates":[[[131.2576,31.639],[131.365,31.639],[131.365,31.729],[131.2576,31.729],[131.2576,31.639]]]}},{"type":"Feature","properties":{"cell_id":97},"geometry":{"type":"Polygon","coordinates":[[[131.365,31.639],[131.4724,31.639],[131.4724,31.729],[131.365,31.729],[131.365,31.639]]]}},{"type":"Feature","properties":{"cell_id":98},"geometry":{"type":"Polygon","coordinates":[[[130.1835,31.729],[130.2909,31.729],[130.2909,31.8191],[130.1835,31.8191],[130.1835,31.729]]]}},{"type":"Feature","properties":{"cell_id":99},"geometry":{"type":"Polygon","coordinates":[[[130.2909,31.729],[130.3983,31.729],[130.3983,31.8191],[130.2909,31.8191],[130.2909,31.729]]]}},{"type":"Feature","properties":{"cell_id":100},"geometry":{"type":"Polygon","coordinates":[[[130.3983,31.729],[130.5058,31.729],[130.5058,31.8191],[130.3983,31.8191],[130.3983,31.729]]]}},{"type":"Feature","properties":{"cell_id":101},"geometry":{"type":"Polygon","coordinates":[[[130.5058,31.729],[130.6132,31.729],[130.6132,31.8191],[130.5058,31.8191],[130.5058,31.729]]]}},{"type":"Feature","properties":{"cell_id":102},"geometry":{"type":"Polygon","coordinates":[[[130.6132,31.729],[130.7206,31.729],[130.7206,31.8191],[130.6132,31.8191],[130.6132,31.729]]]}},{"type":"Feature","properties":{"cell_id":103},"geometry":{"type":"Polygon","coordinates":[[[130.7206,31.729],[130.828,31.729],[130.828,31.8191],[130.7206,31.8191],[130.7206,31.729]]]}},{"type":"Feature","properties":{"cell_id":104},"geometry":{"type":"Polygon","coordinates":[[[130.828,31.729],[130.9354,31.729],[130.9354,31.8191],[130.828,31.8191],[130.828,31.729]]]}},{"type":"Feature","properties":{"cell_id":105},"geometry":{"type":"Polygon","coordinates":[[[130.9354,31.729],[131.0428,31.729],[131.0428,31.8191],[130.9354,31.8191],[130.9354,31.729]]]}},{"type":"Feature","properties":{"cell_id":106},"geometry":{"type":"Polygon","coordinates":[[[131.0428,31.729],[131.1502,31.729],[131.1502,31.8191],[131.0428,31.8191],[131.0428,31.729]]]}},{"type":"Feature","properties":{"cell_id":107},"geometry":{"type":"Polygon","coordinates":[[[131.1502,31.729],[131.2576,31.729],[131.2576,31.8191],[131.1502,31.8191],[131.1502,31.729]]]}},{"type":"Feature","properties":{"cell_id":108},"geometry":{"type":"Polygon","coordinates":[[[131.2576,31.729],[131.365,31.729],[131.365,31.8191],[131.2576,31.8191],[131.2576,31.729]]]}},{"type":"Feature","properties":{"cell_id":109},"geometry":{"type":"Polygon","coordinates":[[[131.365,31.729],[131.4724,31.729],[131.4724,31.8191],[131.365,31.8191],[131.365,31.729]]]}},{"type":"Feature","properties":{"cell_id":110},"geometry":{"type":"Polygon","coordinates":[[[129.8613,31.8191],[129.9687,31.8191],[129.9687,31.9092],[129.8613,31.9092],[129.8613,31.8191]]]}},{"type":"Feature","properties":{"cell_id":111},"geometry":{"type":"Polygon","coordinates":[[[130.1835,31.8191],[130.2909,31.8191],[130.2909,31.9092],[130.1835,31.9092],[130.1835,31.8191]]]}},{"type":"Feature","properties":{"cell_id":112},"geometry":{"type":"Polygon","coordinates":[[[130.2909,31.8191],[130.3983,31.8191],[130.3983,31.9092],[130.2909,31.9092],[130.2909,31.8191]]]}},{"type":"Feature","properties":{"cell_id":113},"geometry":{"type":"Polygon","coordinates":[[[130.3983,31.8191],[130.5058,31.8191],[130.5058,31.9092],[130.3983,31.9092],[130.3983,31.8191]]]}},{"type":"Feature","properties":{"cell_id":114},"geometry":{"type":"Polygon","coordinates":[[[130.5058,31.8191],[130.6132,31.8191],[130.6132,31.9092],[130.5058,31.9092],[130.5058,31.8191]]]}},{"type":"Feature","properties":{"cell_id":115},"geometry":{"type":"Polygon","coordinates":[[[130.6132,31.8191],[130.7206,31.8191],[130.7206,31.9092],[130.6132,31.9092],[130.6132,31.8191]]]}},{"type":"Feature","properties":{"cell_id":116},"geometry":{"type":"Polygon","coordinates":[[[130.7206,31.8191],[130.828,31.8191],[130.828,31.9092],[130.7206,31.9092],[130.7206,31.8191]]]}},{"type":"Feature","properties":{"cell_id":117},"geometry":{"type":"Polygon","coordinates":[[[130.828,31.8191],[130.9354,31.8191],[130.9354,31.9092],[130.828,31.9092],[130.828,31.8191]]]}},{"type":"Feature","properties":{"cell_id":118},"geometry":{"type":"Polygon","coordinates":[[[130.9354,31.8191],[131.0428,31.8191],[131.0428,31.9092],[130.9354,31.9092],[130.9354,31.8191]]]}},{"type":"Feature","properties":{"cell_id":119},"geometry":{"type":"Polygon","coordinates":[[[131.0428,31.8191],[131.1502,31.8191],[131.1502,31.9092],[131.0428,31.9092],[131.0428,31.8191]]]}},{"type":"Feature","properties":{"cell_id":120},"geometry":{"type":"Polygon","coordinates":[[[131.1502,31.8191],[131.2576,31.8191],[131.2576,31.9092],[131.1502,31.9092],[131.1502,31.8191]]]}},{"type":"Feature","properties":{"cell_id":121},"geometry":{"type":"Polygon","coordinates":[[[131.2576,31.8191],[131.365,31.8191],[131.365,31.9092],[131.2576,31.9092],[131.2576,31.8191]]]}},{"type":"Feature","properties":{"cell_id":122},"geometry":{"type":"Polygon","coordinates":[[[131.365,31.8191],[131.4724,31.8191],[131.4724,31.9092],[131.365,31.9092],[131.365,31.8191]]]}},{"type":"Feature","properties":{"cell_id":123},"geometry":{"type":"Polygon","coordinates":[[[130.1835,31.9092],[130.2909,31.9092],[130.2909,31.9993],[130.1835,31.9993],[130.1835,31.9092]]]}},{"type":"Feature","properties":{"cell_id":124},"geometry":{"type":"Polygon","coordinates":[[[130.2909,31.9092],[130.3983,31.9092],[130.3983,31.9993],[130.2909,31.9993],[130.2909,31.9092]]]}},{"type":"Feature","properties":{"cell_id":125},"geometry":{"type":"Polygon","coordinates":[[[130.3983,31.9092],[130.5058,31.9092],[130.5058,31.9993],[130.3983,31.9993],[130.3983,31.9092]]]}},{"type":"Feature","properties":{"cell_id":126},"geometry":{"type":"Polygon","coordinates":[[[130.5058,31.9092],[130.6132,31.9092],[130.6132,31.9993],[130.5058,31.9993],[130.5058,31.9092]]]}},{"type":"Feature","properties":{"cell_id":127},"geometry":{"type":"Polygon","coordinates":[[[130.6132,31.9092],[130.7206,31.9092],[130.7206,31.9993],[130.6132,31.9993],[130.6132,31.9092]]]}},{"type":"Feature","properties":{"cell_id":128},"geometry":{"type":"Polygon","coordinates":[[[130.7206,31.9092],[130.828,31.9092],[130.828,31.9993],[130.7206,31.9993],[130.7206,31.9092]]]}},{"type":"Feature","properties":{"cell_id":129},"geometry":{"type":"Polygon","coordinates":[[[130.828,31.9092],[130.9354,31.9092],[130.9354,31.9993],[130.828,31.9993],[130.828,31.9092]]]}},{"type":"Feature","properties":{"cell_id":130},"geometry":{"type":"Polygon","coordinates":[[[130.9354,31.9092],[131.0428,31.9092],[131.0428,31.9993],[130.9354,31.9993],[130.9354,31.9092]]]}},{"type":"Feature","properties":{"cell_id":131},"geometry":{"type":"Polygon","coordinates":[[[131.0428,31.9092],[131.1502,31.9092],[131.1502,31.9993],[131.0428,31.9993],[131.0428,31.9092]]]}},{"type":"Feature","properties":{"cell_id":132},"geometry":{"type":"Polygon","coordinates":[[[131.1502,31.9092],[131.2576,31.9092],[131.2576,31.9993],[131.1502,31.9993],[131.1502,31.9092]]]}},{"type":"Feature","properties":{"cell_id":133},"geometry":{"type":"Polygon","coordinates":[[[131.2576,31.9092],[131.365,31.9092],[131.365,31.9993],[131.2576,31.9993],[131.2576,31.9092]]]}},{"type":"Feature","properties":{"cell_id":134},"geometry":{"type":"Polygon","coordinates":[[[131.365,31.9092],[131.4724,31.9092],[131.4724,31.9993],[131.365,31.9993],[131.365,31.9092]]]}},{"type":"Feature","properties":{"cell_id":135},"geometry":{"type":"Polygon","coordinates":[[[130.1835,31.9993],[130.2909,31.9993],[130.2909,32.0894],[130.1835,32.0894],[130.1835,31.9993]]]}},{"type":"Feature","properties":{"cell_id":136},"geometry":{"type":"Polygon","coordinates":[[[130.2909,31.9993],[130.3983,31.9993],[130.3983,32.0894],[130.2909,32.0894],[130.2909,31.9993]]]}},{"type":"Feature","properties":{"cell_id":137},"geometry":{"type":"Polygon","coordinates":[[[130.3983,31.9993],[130.5058,31.9993],[130.5058,32.0894],[130.3983,32.0894],[130.3983,31.9993]]]}},{"type":"Feature","properties":{"cell_id":138},"geometry":{"type":"Polygon","coordinates":[[[130.5058,31.9993],[130.6132,31.9993],[130.6132,32.0894],[130.5058,32.0894],[130.5058,31.9993]]]}},{"type":"Feature","properties":{"cell_id":139},"geometry":{"type":"Polygon","coordinates":[[[130.6132,31.9993],[130.7206,31.9993],[130.7206,32.0894],[130.6132,32.0894],[130.6132,31.9993]]]}},{"type":"Feature","properties":{"cell_id":140},"geometry":{"type":"Polygon","coordinates":[[[130.7206,31.9993],[130.828,31.9993],[130.828,32.0894],[130.7206,32.0894],[130.7206,31.9993]]]}},{"type":"Feature","properties":{"cell_id":141},"geometry":{"type":"Polygon","coordinates":[[[130.828,31.9993],[130.9354,31.9993],[130.9354,32.0894],[130.828,32.0894],[130.828,31.9993]]]}},{"type":"Feature","properties":{"cell_id":142},"geometry":{"type":"Polygon","coordinates":[[[130.9354,31.9993],[131.0428,31.9993],[131.0428,32.0894],[130.9354,32.0894],[130.9354,31.9993]]]}},{"type":"Feature","properties":{"cell_id":143},"geometry":{"type":"Polygon","coordinates":[[[131.0428,31.9993],[131.1502,31.9993],[131.1502,32.0894],[131.0428,32.0894],[131.0428,31.9993]]]}},{"type":"Feature","properties":{"cell_id":144},"geometry":{"type":"Polygon","coordinates":[[[131.1502,31.9993],[131.2576,31.9993],[131.2576,32.0894],[131.1502,32.0894],[131.1502,31.9993]]]}},{"type":"Feature","properties":{"cell_id":145},"geometry":{"type":"Polygon","coordinates":[[[131.2576,31.9993],[131.365,31.9993],[131.365,32.0894],[131.2576,32.0894],[131.2576,31.9993]]]}},{"type":"Feature","properties":{"cell_id":146},"geometry":{"type":"Polygon","coordinates":[[[131.365,31.9993],[131.4724,31.9993],[131.4724,32.0894],[131.365,32.0894],[131.365,31.9993]]]}},{"type":"Feature","properties":{"cell_id":147},"geometry":{"type":"Polygon","coordinates":[[[130.0761,32.0894],[130.1835,32.0894],[130.1835,32.1795],[130.0761,32.1795],[130.0761,32.0894]]]}},{"type":"Feature","properties":{"cell_id":148},"geometry":{"type":"Polygon","coordinates":[[[130.3983,32.0894],[130.5058,32.0894],[130.5058,32.1795],[130.3983,32.1795],[130.3983,32.0894]]]}},{"type":"Feature","properties":{"cell_id":149},"geometry":{"type":"Polygon","coordinates":[[[130.5058,32.0894],[130.6132,32.0894],[130.6132,32.1795],[130.5058,32.1795],[130.5058,32.0894]]]}},{"type":"Feature","properties":{"cell_id":150},"geometry":{"type":"Polygon","coordinates":[[[130.6132,32.0894],[130.7206,32.0894],[130.7206,32.1795],[130.6132,32.1795],[130.6132,32.0894]]]}},{"type":"Feature","properties":{"cell_id":151},"geometry":{"type":"Polygon","coordinates":[[[130.7206,32.0894],[130.828,32.0894],[130.828,32.1795],[130.7206,32.1795],[130.7206,32.0894]]]}},{"type":"Feature","properties":{"cell_id":152},"geometry":{"type":"Polygon","coordinates":[[[130.828,32.0894],[130.9354,32.0894],[130.9354,32.1795],[130.828,32.1795],[130.828,32.0894]]]}},{"type":"Feature","properties":{"cell_id":153},"geometry":{"type":"Polygon","coordinates":[[[130.9354,32.0894],[131.0428,32.0894],[131.0428,32.1795],[130.9354,32.1795],[130.9354,32.0894]]]}},{"type":"Feature","properties":{"cell_id":154},"geometry":{"type":"Polygon","coordinates":[[[131.0428,32.0894],[131.1502,32.0894],[131.1502,32.1795],[131.0428,32.1795],[131.0428,32.0894]]]}},{"type":"Feature","properties":{"cell_id":155},"geometry":{"type":"Polygon","coordinates":[[[131.1502,32.0894],[131.2576,32.0894],[131.2576,32.1795],[131.1502,32.1795],[131.1502,32.0894]]]}},{"type":"Feature","properties":{"cell_id":156},"geometry":{"type":"Polygon","coordinates":[[[131.2576,32.0894],[131.365,32.0894],[131.365,32.1795],[131.2576,32.1795],[131.2576,32.0894]]]}},{"type":"Feature","properties":{"cell_id":157},"geometry":{"type":"Polygon","coordinates":[[[131.365,32.0894],[131.4724,32.0894],[131.4724,32.1795],[131.365,32.1795],[131.365,32.0894]]]}},{"type":"Feature","properties":{"cell_id":158},"geometry":{"type":"Polygon","coordinates":[[[131.4724,32.0894],[131.5798,32.0894],[131.5798,32.1795],[131.4724,32.1795],[131.4724,32.0894]]]}},{"type":"Feature","properties":{"cell_id":159},"geometry":{"type":"Polygon","coordinates":[[[129.9687,32.1795],[130.0761,32.1795],[130.0761,32.2696],[129.9687,32.2696],[129.9687,32.1795]]]}},{"type":"Feature","properties":{"cell_id":160},"geometry":{"type":"Polygon","coordinates":[[[130.3983,32.1795],[130.5058,32.1795],[130.5058,32.2696],[130.3983,32.2696],[130.3983,32.1795]]]}},{"type":"Feature","properties":{"cell_id":161},"geometry":{"type":"Polygon","coordinates":[[[130.5058,32.1795],[130.6132,32.1795],[130.6132,32.2696],[130.5058,32.2696],[130.5058,32.1795]]]}},{"type":"Feature","properties":{"cell_id":162},"geometry":{"type":"Polygon","coordinates":[[[130.6132,32.1795],[130.7206,32.1795],[130.7206,32.2696],[130.6132,32.2696],[130.6132,32.1795]]]}},{"type":"Feature","properties":{"cell_id":163},"geometry":{"type":"Polygon","coordinates":[[[130.7206,32.1795],[130.828,32.1795],[130.828,32.2696],[130.7206,32.2696],[130.7206,32.1795]]]}},{"type":"Feature","properties":{"cell_id":164},"geometry":{"type":"Polygon","coordinates":[[[130.828,32.1795],[130.9354,32.1795],[130.9354,32.2696],[130.828,32.2696],[130.828,32.1795]]]}},{"type":"Feature","properties":{"cell_id":165},"geometry":{"type":"Polygon","coordinates":[[[130.9354,32.1795],[131.0428,32.1795],[131.0428,32.2696],[130.9354,32.2696],[130.9354,32.1795]]]}},{"type":"Feature","properties":{"cell_id":166},"geometry":{"type":"Polygon","coordinates":[[[131.0428,32.1795],[131.1502,32.1795],[131.1502,32.2696],[131.0428,32.2696],[131.0428,32.1795]]]}},{"type":"Feature","properties":{"cell_id":167},"geometry":{"type":"Polygon","coordinates":[[[131.1502,32.1795],[131.2576,32.1795],[131.2576,32.2696],[131.1502,32.2696],[131.1502,32.1795]]]}},{"type":"Feature","properties":{"cell_id":168},"geometry":{"type":"Polygon","coordinates":[[[131.2576,32.1795],[131.365,32.1795],[131.365,32.2696],[131.2576,32.2696],[131.2576,32.1795]]]}},{"type":"Feature","properties":{"cell_id":169},"geometry":{"type":"Polygon","coordinates":[[[131.365,32.1795],[131.4724,32.1795],[131.4724,32.2696],[131.365,32.2696],[131.365,32.1795]]]}},{"type":"Feature","properties":{"cell_id":170},"geometry":{"type":"Polygon","coordinates":[[[131.4724,32.1795],[131.5798,32.1795],[131.5798,32.2696],[131.4724,32.2696],[131.4724,32.1795]]]}},{"type":"Feature","properties":{"cell_id":171},"geometry":{"type":"Polygon","coordinates":[[[129.9687,32.2696],[130.0761,32.2696],[130.0761,32.3597],[129.9687,32.3597],[129.9687,32.2696]]]}},{"type":"Feature","properties":{"cell_id":172},"geometry":{"type":"Polygon","coordinates":[[[130.0761,32.2696],[130.1835,32.2696],[130.1835,32.3597],[130.0761,32.3597],[130.0761,32.2696]]]}},{"type":"Feature","properties":{"cell_id":173},"geometry":{"type":"Polygon","coordinates":[[[130.2909,32.2696],[130.3983,32.2696],[130.3983,32.3597],[130.2909,32.3597],[130.2909,32.2696]]]}},{"type":"Feature","properties":{"cell_id":174},"geometry":{"type":"Polygon","coordinates":[[[130.5058,32.2696],[130.6132,32.2696],[130.6132,32.3597],[130.5058,32.3597],[130.5058,32.2696]]]}},{"type":"Feature","properties":{"cell_id":175},"geometry":{"type":"Polygon","coordinates":[[[130.6132,32.2696],[130.7206,32.2696],[130.7206,32.3597],[130.6132,32.3597],[130.6132,32.2696]]]}},{"type":"Feature","properties":{"cell_id":176},"geometry":{"type":"Polygon","coordinates":[[[130.7206,32.2696],[130.828,32.2696],[130.828,32.3597],[130.7206,32.3597],[130.7206,32.2696]]]}},{"type":"Feature","properties":{"cell_id":177},"geometry":{"type":"Polygon","coordinates":[[[130.828,32.2696],[130.9354,32.2696],[130.9354,32.3597],[130.828,32.3597],[130.828,32.2696]]]}},{"type":"Feature","properties":{"cell_id":178},"geometry":{"type":"Polygon","coordinates":[[[130.9354,32.2696],[131.0428,32.2696],[131.0428,32.3597],[130.9354,32.3597],[130.9354,32.2696]]]}},{"type":"Feature","properties":{"cell_id":179},"geometry":{"type":"Polygon","coordinates":[[[131.0428,32.2696],[131.1502,32.2696],[131.1502,32.3597],[131.0428,32.3597],[131.0428,32.2696]]]}},{"type":"Feature","properties":{"cell_id":180},"geometry":{"type":"Polygon","coordinates":[[[131.1502,32.2696],[131.2576,32.2696],[131.2576,32.3597],[131.1502,32.3597],[131.1502,32.2696]]]}},{"type":"Feature","properties":{"cell_id":181},"geometry":{"type":"Polygon","coordinates":[[[131.2576,32.2696],[131.365,32.2696],[131.365,32.3597],[131.2576,32.3597],[131.2576,32.2696]]]}},{"type":"Feature","properties":{"cell_id":182},"geometry":{"type":"Polygon","coordinates":[[[131.365,32.2696],[131.4724,32.2696],[131.4724,32.3597],[131.365,32.3597],[131.365,32.2696]]]}},{"type":"Feature","properties":{"cell_id":183},"geometry":{"type":"Polygon","coordinates":[[[131.4724,32.2696],[131.5798,32.2696],[131.5798,32.3597],[131.4724,32.3597],[131.4724,32.2696]]]}},{"type":"Feature","properties":{"cell_id":184},"geometry":{"type":"Polygon","coordinates":[[[129.9687,32.3597],[130.0761,32.3597],[130.0761,32.4498],[129.9687,32.4498],[129.9687,32.3597]]]}},{"type":"Feature","properties":{"cell_id":185},"geometry":{"type":"Polygon","coordinates":[[[130.0761,32.3597],[130.1835,32.3597],[130.1835,32.4498],[130.0761,32.4498],[130.0761,32.3597]]]}},{"type":"Feature","properties":{"cell_id":186},"geometry":{"type":"Polygon","coordinates":[[[130.5058,32.3597],[130.6132,32.3597],[130.6132,32.4498],[130.5058,32.4498],[130.5058,32.3597]]]}},{"type":"Feature","properties":{"cell_id":187},"geometry":{"type":"Polygon","coordinates":[[[130.6132,32.3597],[130.7206,32.3597],[130.7206,32.4498],[130.6132,32.4498],[130.6132,32.3597]]]}},{"type":"Feature","properties":{"cell_id":188},"geometry":{"type":"Polygon","coordinates":[[[130.7206,32.3597],[130.828,32.3597],[130.828,32.4498],[130.7206,32.4498],[130.7206,32.3597]]]}},{"type":"Feature","properties":{"cell_id":189},"geometry":{"type":"Polygon","coordinates":[[[130.828,32.3597],[130.9354,32.3597],[130.9354,32.4498],[130.828,32.4498],[130.828,32.3597]]]}},{"type":"Feature","properties":{"cell_id":190},"geometry":{"type":"Polygon","coordinates":[[[130.9354,32.3597],[131.0428,32.3597],[131.0428,32.4498],[130.9354,32.4498],[130.9354,32.3597]]]}},{"type":"Feature","properties":{"cell_id":191},"geometry":{"type":"Polygon","coordinates":[[[131.0428,32.3597],[131.1502,32.3597],[131.1502,32.4498],[131.0428,32.4498],[131.0428,32.3597]]]}},{"type":"Feature","properties":{"cell_id":192},"geometry":{"type":"Polygon","coordinates":[[[131.1502,32.3597],[131.2576,32.3597],[131.2576,32.4498],[131.1502,32.4498],[131.1502,32.3597]]]}},{"type":"Feature","properties":{"cell_id":193},"geometry":{"type":"Polygon","coordinates":[[[131.2576,32.3597],[131.365,32.3597],[131.365,32.4498],[131.2576,32.4498],[131.2576,32.3597]]]}},{"type":"Feature","properties":{"cell_id":194},"geometry":{"type":"Polygon","coordinates":[[[131.365,32.3597],[131.4724,32.3597],[131.4724,32.4498],[131.365,32.4498],[131.365,32.3597]]]}},{"type":"Feature","properties":{"cell_id":195},"geometry":{"type":"Polygon","coordinates":[[[131.4724,32.3597],[131.5798,32.3597],[131.5798,32.4498],[131.4724,32.4498],[131.4724,32.3597]]]}},{"type":"Feature","properties":{"cell_id":196},"geometry":{"type":"Polygon","coordinates":[[[131.5798,32.3597],[131.6872,32.3597],[131.6872,32.4498],[131.5798,32.4498],[131.5798,32.3597]]]}},{"type":"Feature","properties":{"cell_id":197},"geometry":{"type":"Polygon","coordinates":[[[130.0761,32.4498],[130.1835,32.4498],[130.1835,32.5399],[130.0761,32.5399],[130.0761,32.4498]]]}},{"type":"Feature","properties":{"cell_id":198},"geometry":{"type":"Polygon","coordinates":[[[130.2909,32.4498],[130.3983,32.4498],[130.3983,32.5399],[130.2909,32.5399],[130.2909,32.4498]]]}},{"type":"Feature","properties":{"cell_id":199},"geometry":{"type":"Polygon","coordinates":[[[130.5058,32.4498],[130.6132,32.4498],[130.6132,32.5399],[130.5058,32.5399],[130.5058,32.4498]]]}},{"type":"Feature","properties":{"cell_id":200},"geometry":{"type":"Polygon","coordinates":[[[130.6132,32.4498],[130.7206,32.4498],[130.7206,32.5399],[130.6132,32.5399],[130.6132,32.4498]]]}},{"type":"Feature","properties":{"cell_id":201},"geometry":{"type":"Polygon","coordinates":[[[130.7206,32.4498],[130.828,32.4498],[130.828,32.5399],[130.7206,32.5399],[130.7206,32.4498]]]}},{"type":"Feature","properties":{"cell_id":202},"geometry":{"type":"Polygon","coordinates":[[[130.828,32.4498],[130.9354,32.4498],[130.9354,32.5399],[130.828,32.5399],[130.828,32.4498]]]}},{"type":"Feature","properties":{"cell_id":203},"geometry":{"type":"Polygon","coordinates":[[[130.9354,32.4498],[131.0428,32.4498],[131.0428,32.5399],[130.9354,32.5399],[130.9354,32.4498]]]}},{"type":"Feature","properties":{"cell_id":204},"geometry":{"type":"Polygon","coordinates":[[[131.0428,32.4498],[131.1502,32.4498],[131.1502,32.5399],[131.0428,32.5399],[131.0428,32.4498]]]}},{"type":"Feature","properties":{"cell_id":205},"geometry":{"type":"Polygon","coordinates":[[[131.1502,32.4498],[131.2576,32.4498],[131.2576,32.5399],[131.1502,32.5399],[131.1502,32.4498]]]}},{"type":"Feature","properties":{"cell_id":206},"geometry":{"type":"Polygon","coordinates":[[[131.2576,32.4498],[131.365,32.4498],[131.365,32.5399],[131.2576,32.5399],[131.2576,32.4498]]]}},{"type":"Feature","properties":{"cell_id":207},"geometry":{"type":"Polygon","coordinates":[[[131.365,32.4498],[131.4724,32.4498],[131.4724,32.5399],[131.365,32.5399],[131.365,32.4498]]]}},{"type":"Feature","properties":{"cell_id":208},"geometry":{"type":"Polygon","coordinates":[[[131.4724,32.4498],[131.5798,32.4498],[131.5798,32.5399],[131.4724,32.5399],[131.4724,32.4498]]]}},{"type":"Feature","properties":{"cell_id":209},"geometry":{"type":"Polygon","coordinates":[[[131.5798,32.4498],[131.6872,32.4498],[131.6872,32.5399],[131.5798,32.5399],[131.5798,32.4498]]]}},{"type":"Feature","properties":{"cell_id":210},"geometry":{"type":"Polygon","coordinates":[[[130.3983,32.5399],[130.5058,32.5399],[130.5058,32.6299],[130.3983,32.6299],[130.3983,32.5399]]]}},{"type":"Feature","properties":{"cell_id":211},"geometry":{"type":"Polygon","coordinates":[[[130.6132,32.5399],[130.7206,32.5399],[130.7206,32.6299],[130.6132,32.6299],[130.6132,32.5399]]]}},{"type":"Feature","properties":{"cell_id":212},"geometry":{"type":"Polygon","coordinates":[[[130.7206,32.5399],[130.828,32.5399],[130.828,32.6299],[130.7206,32.6299],[130.7206,32.5399]]]}},{"type":"Feature","properties":{"cell_id":213},"geometry":{"type":"Polygon","coordinates":[[[130.828,32.5399],[130.9354,32.5399],[130.9354,32.6299],[130.828,32.6299],[130.828,32.5399]]]}},{"type":"Feature","properties":{"cell_id":214},"geometry":{"type":"Polygon","coordinates":[[[130.9354,32.5399],[131.0428,32.5399],[131.0428,32.6299],[130.9354,32.6299],[130.9354,32.5399]]]}},{"type":"Feature","properties":{"cell_id":215},"geometry":{"type":"Polygon","coordinates":[[[131.0428,32.5399],[131.1502,32.5399],[131.1502,32.6299],[131.0428,32.6299],[131.0428,32.5399]]]}},{"type":"Feature","properties":{"cell_id":216},"geometry":{"type":"Polygon","coordinates":[[[131.1502,32.5399],[131.2576,32.5399],[131.2576,32.6299],[131.1502,32.6299],[131.1502,32.5399]]]}},{"type":"Feature","properties":{"cell_id":217},"geometry":{"type":"Polygon","coordinates":[[[131.2576,32.5399],[131.365,32.5399],[131.365,32.6299],[131.2576,32.6299],[131.2576,32.5399]]]}},{"type":"Feature","properties":{"cell_id":218},"geometry":{"type":"Polygon","coordinates":[[[131.365,32.5399],[131.4724,32.5399],[131.4724,32.6299],[131.365,32.6299],[131.365,32.5399]]]}},{"type":"Feature","properties":{"cell_id":219},"geometry":{"type":"Polygon","coordinates":[[[131.4724,32.5399],[131.5798,32.5399],[131.5798,32.6299],[131.4724,32.6299],[131.4724,32.5399]]]}},{"type":"Feature","properties":{"cell_id":220},"geometry":{"type":"Polygon","coordinates":[[[131.5798,32.5399],[131.6872,32.5399],[131.6872,32.6299],[131.5798,32.6299],[131.5798,32.5399]]]}},{"type":"Feature","properties":{"cell_id":221},"geometry":{"type":"Polygon","coordinates":[[[128.6798,32.6299],[128.7872,32.6299],[128.7872,32.72],[128.6798,32.72],[128.6798,32.6299]]]}},{"type":"Feature","properties":{"cell_id":222},"geometry":{"type":"Polygon","coordinates":[[[128.7872,32.6299],[128.8946,32.6299],[128.8946,32.72],[128.7872,32.72],[128.7872,32.6299]]]}},{"type":"Feature","properties":{"cell_id":223},"geometry":{"type":"Polygon","coordinates":[[[130.1835,32.6299],[130.2909,32.6299],[130.2909,32.72],[130.1835,32.72],[130.1835,32.6299]]]}},{"type":"Feature","properties":{"cell_id":224},"geometry":{"type":"Polygon","coordinates":[[[130.2909,32.6299],[130.3983,32.6299],[130.3983,32.72],[130.2909,32.72],[130.2909,32.6299]]]}},{"type":"Feature","properties":{"cell_id":225},"geometry":{"type":"Polygon","coordinates":[[[130.5058,32.6299],[130.6132,32.6299],[130.6132,32.72],[130.5058,32.72],[130.5058,32.6299]]]}},{"type":"Feature","properties":{"cell_id":226},"geometry":{"type":"Polygon","coordinates":[[[130.6132,32.6299],[130.7206,32.6299],[130.7206,32.72],[130.6132,32.72],[130.6132,32.6299]]]}},{"type":"Feature","properties":{"cell_id":227},"geometry":{"type":"Polygon","coordinates":[[[130.7206,32.6299],[130.828,32.6299],[130.828,32.72],[130.7206,32.72],[130.7206,32.6299]]]}},{"type":"Feature","properties":{"cell_id":228},"geometry":{"type":"Polygon","coordinates":[[[130.828,32.6299],[130.9354,32.6299],[130.9354,32.72],[130.828,32.72],[130.828,32.6299]]]}},{"type":"Feature","properties":{"cell_id":229},"geometry":{"type":"Polygon","coordinates":[[[130.9354,32.6299],[131.0428,32.6299],[131.0428,32.72],[130.9354,32.72],[130.9354,32.6299]]]}},{"type":"Feature","properties":{"cell_id":230},"geometry":{"type":"Polygon","coordinates":[[[131.0428,32.6299],[131.1502,32.6299],[131.1502,32.72],[131.0428,32.72],[131.0428,32.6299]]]}},{"type":"Feature","properties":{"cell_id":231},"geometry":{"type":"Polygon","coordinates":[[[131.1502,32.6299],[131.2576,32.6299],[131.2576,32.72],[131.1502,32.72],[131.1502,32.6299]]]}},{"type":"Feature","properties":{"cell_id":232},"geometry":{"type":"Polygon","coordinates":[[[131.2576,32.6299],[131.365,32.6299],[131.365,32.72],[131.2576,32.72],[131.2576,32.6299]]]}},{"type":"Feature","properties":{"cell_id":233},"geometry":{"type":"Polygon","coordinates":[[[131.365,32.6299],[131.4724,32.6299],[131.4724,32.72],[131.365,32.72],[131.365,32.6299]]]}},{"type":"Feature","properties":{"cell_id":234},"geometry":{"type":"Polygon","coordinates":[[[131.4724,32.6299],[131.5798,32.6299],[131.5798,32.72],[131.4724,32.72],[131.4724,32.6299]]]}},{"type":"Feature","properties":{"cell_id":235},"geometry":{"type":"Polygon","coordinates":[[[131.5798,32.6299],[131.6872,32.6299],[131.6872,32.72],[131.5798,32.72],[131.5798,32.6299]]]}},{"type":"Feature","properties":{"cell_id":236},"geometry":{"type":"Polygon","coordinates":[[[131.6872,32.6299],[131.7947,32.6299],[131.7947,32.72],[131.6872,32.72],[131.6872,32.6299]]]}},{"type":"Feature","properties":{"cell_id":237},"geometry":{"type":"Polygon","coordinates":[[[129.7539,32.72],[129.8613,32.72],[129.8613,32.8101],[129.7539,32.8101],[129.7539,32.72]]]}},{"type":"Feature","properties":{"cell_id":238},"geometry":{"type":"Polygon","coordinates":[[[129.8613,32.72],[129.9687,32.72],[129.9687,32.8101],[129.8613,32.8101],[129.8613,32.72]]]}},{"type":"Feature","properties":{"cell_id":239},"geometry":{"type":"Polygon","coordinates":[[[129.9687,32.72],[130.0761,32.72],[130.0761,32.8101],[129.9687,32.8101],[129.9687,32.72]]]}},{"type":"Feature","properties":{"cell_id":240},"geometry":{"type":"Polygon","coordinates":[[[130.1835,32.72],[130.2909,32.72],[130.2909,32.8101],[130.1835,32.8101],[130.1835,32.72]]]}},{"type":"Feature","properties":{"cell_id":241},"geometry":{"type":"Polygon","coordinates":[[[130.2909,32.72],[130.3983,32.72],[130.3983,32.8101],[130.2909,32.8101],[130.2909,32.72]]]}},{"type":"Feature","properties":{"cell_id":242},"geometry":{"type":"Polygon","coordinates":[[[130.6132,32.72],[130.7206,32.72],[130.7206,32.8101],[130.6132,32.8101],[130.6132,32.72]]]}},{"type":"Feature","properties":{"cell_id":243},"geometry":{"type":"Polygon","coordinates":[[[130.7206,32.72],[130.828,32.72],[130.828,32.8101],[130.7206,32.8101],[130.7206,32.72]]]}},{"type":"Feature","properties":{"cell_id":244},"geometry":{"type":"Polygon","coordinates":[[[130.828,32.72],[130.9354,32.72],[130.9354,32.8101],[130.828,32.8101],[130.828,32.72]]]}},{"type":"Feature","properties":{"cell_id":245},"geometry":{"type":"Polygon","coordinates":[[[130.9354,32.72],[131.0428,32.72],[131.0428,32.8101],[130.9354,32.8101],[130.9354,32.72]]]}},{"type":"Feature","properties":{"cell_id":246},"geometry":{"type":"Polygon","coordinates":[[[131.0428,32.72],[131.1502,32.72],[131.1502,32.8101],[131.0428,32.8101],[131.0428,32.72]]]}},{"type":"Feature","properties":{"cell_id":247},"geometry":{"type":"Polygon","coordinates":[[[131.1502,32.72],[131.2576,32.72],[131.2576,32.8101],[131.1502,32.8101],[131.1502,32.72]]]}},{"type":"Feature","properties":{"cell_id":248},"geometry":{"type":"Polygon","coordinates":[[[131.2576,32.72],[131.365,32.72],[131.365,32.8101],[131.2576,32.8101],[131.2576,32.72]]]}},{"type":"Feature","properties":{"cell_id":249},"geometry":{"type":"Polygon","coordinates":[[[131.365,32.72],[131.4724,32.72],[131.4724,32.8101],[131.365,32.8101],[131.365,32.72]]]}},{"type":"Feature","properties":{"cell_id":250},"geometry":{"type":"Polygon","coordinates":[[[131.4724,32.72],[131.5798,32.72],[131.5798,32.8101],[131.4724,32.8101],[131.4724,32.72]]]}},{"type":"Feature","properties":{"cell_id":251},"geometry":{"type":"Polygon","coordinates":[[[131.5798,32.72],[131.6872,32.72],[131.6872,32.8101],[131.5798,32.8101],[131.5798,32.72]]]}},{"type":"Feature","properties":{"cell_id":252},"geometry":{"type":"Polygon","coordinates":[[[131.6872,32.72],[131.7947,32.72],[131.7947,32.8101],[131.6872,32.8101],[131.6872,32.72]]]}},{"type":"Feature","properties":{"cell_id":253},"geometry":{"type":"Polygon","coordinates":[[[131.7947,32.72],[131.9021,32.72],[131.9021,32.8101],[131.7947,32.8101],[131.7947,32.72]]]}},{"type":"Feature","properties":{"cell_id":254},"geometry":{"type":"Polygon","coordinates":[[[132.7613,32.72],[132.8687,32.72],[132.8687,32.8101],[132.7613,32.8101],[132.7613,32.72]]]}},{"type":"Feature","properties":{"cell_id":255},"geometry":{"type":"Polygon","coordinates":[[[128.8946,32.8101],[129.002,32.8101],[129.002,32.9002],[128.8946,32.9002],[128.8946,32.8101]]]}},{"type":"Feature","properties":{"cell_id":256},"geometry":{"type":"Polygon","coordinates":[[[129.002,32.8101],[129.1095,32.8101],[129.1095,32.9002],[129.002,32.9002],[129.002,32.8101]]]}},{"type":"Feature","properties":{"cell_id":257},"geometry":{"type":"Polygon","coordinates":[[[129.6465,32.8101],[129.7539,32.8101],[129.7539,32.9002],[129.6465,32.9002],[129.6465,32.8101]]]}},{"type":"Feature","properties":{"cell_id":258},"geometry":{"type":"Polygon","coordinates":[[[129.7539,32.8101],[129.8613,32.8101],[129.8613,32.9002],[129.7539,32.9002],[129.7539,32.8101]]]}},{"type":"Feature","properties":{"cell_id":259},"geometry":{"type":"Polygon","coordinates":[[[129.8613,32.8101],[129.9687,32.8101],[129.9687,32.9002],[129.8613,32.9002],[129.8613,32.8101]]]}},{"type":"Feature","properties":{"cell_id":260},"geometry":{"type":"Polygon","coordinates":[[[129.9687,32.8101],[130.0761,32.8101],[130.0761,32.9002],[129.9687,32.9002],[129.9687,32.8101]]]}},{"type":"Feature","properties":{"cell_id":261},"geometry":{"type":"Polygon","coordinates":[[[130.0761,32.8101],[130.1835,32.8101],[130.1835,32.9002],[130.0761,32.9002],[130.0761,32.8101]]]}},{"type":"Feature","properties":{"cell_id":262},"geometry":{"type":"Polygon","coordinates":[[[130.1835,32.8101],[130.2909,32.8101],[130.2909,32.9002],[130.1835,32.9002],[130.1835,32.8101]]]}},{"type":"Feature","properties":{"cell_id":263},"geometry":{"type":"Polygon","coordinates":[[[130.5058,32.8101],[130.6132,32.8101],[130.6132,32.9002],[130.5058,32.9002],[130.5058,32.8101]]]}},{"type":"Feature","properties":{"cell_id":264},"geometry":{"type":"Polygon","coordinates":[[[130.6132,32.8101],[130.7206,32.8101],[130.7206,32.9002],[130.6132,32.9002],[130.6132,32.8101]]]}},{"type":"Feature","properties":{"cell_id":265},"geometry":{"type":"Polygon","coordinates":[[[130.7206,32.8101],[130.828,32.8101],[130.828,32.9002],[130.7206,32.9002],[130.7206,32.8101]]]}},{"type":"Feature","properties":{"cell_id":266},"geometry":{"type":"Polygon","coordinates":[[[130.828,32.8101],[130.9354,32.8101],[130.9354,32.9002],[130.828,32.9002],[130.828,32.8101]]]}},{"type":"Feature","properties":{"cell_id":267},"geometry":{"type":"Polygon","coordinates":[[[130.9354,32.8101],[131.0428,32.8101],[131.0428,32.9002],[130.9354,32.9002],[130.9354,32.8101]]]}},{"type":"Feature","properties":{"cell_id":268},"geometry":{"type":"Polygon","coordinates":[[[131.0428,32.8101],[131.1502,32.8101],[131.1502,32.9002],[131.0428,32.9002],[131.0428,32.8101]]]}},{"type":"Feature","properties":{"cell_id":269},"geometry":{"type":"Polygon","coordinates":[[[131.1502,32.8101],[131.2576,32.8101],[131.2576,32.9002],[131.1502,32.9002],[131.1502,32.8101]]]}},{"type":"Feature","properties":{"cell_id":270},"geometry":{"type":"Polygon","coordinates":[[[131.2576,32.8101],[131.365,32.8101],[131.365,32.9002],[131.2576,32.9002],[131.2576,32.8101]]]}},{"type":"Feature","properties":{"cell_id":271},"geometry":{"type":"Polygon","coordinates":[[[131.365,32.8101],[131.4724,32.8101],[131.4724,32.9002],[131.365,32.9002],[131.365,32.8101]]]}},{"type":"Feature","properties":{"cell_id":272},"geometry":{"type":"Polygon","coordinates":[[[131.4724,32.8101],[131.5798,32.8101],[131.5798,32.9002],[131.4724,32.9002],[131.4724,32.8101]]]}},{"type":"Feature","properties":{"cell_id":273},"geometry":{"type":"Polygon","coordinates":[[[131.5798,32.8101],[131.6872,32.8101],[131.6872,32.9002],[131.5798,32.9002],[131.5798,32.8101]]]}},{"type":"Feature","properties":{"cell_id":274},"geometry":{"type":"Polygon","coordinates":[[[131.6872,32.8101],[131.7947,32.8101],[131.7947,32.9002],[131.6872,32.9002],[131.6872,32.8101]]]}},{"type":"Feature","properties":{"cell_id":275},"geometry":{"type":"Polygon","coordinates":[[[131.7947,32.8101],[131.9021,32.8101],[131.9021,32.9002],[131.7947,32.9002],[131.7947,32.8101]]]}},{"type":"Feature","properties":{"cell_id":276},"geometry":{"type":"Polygon","coordinates":[[[131.9021,32.8101],[132.0095,32.8101],[132.0095,32.9002],[131.9021,32.9002],[131.9021,32.8101]]]}},{"type":"Feature","properties":{"cell_id":277},"geometry":{"type":"Polygon","coordinates":[[[132.6539,32.8101],[132.7613,32.8101],[132.7613,32.9002],[132.6539,32.9002],[132.6539,32.8101]]]}},{"type":"Feature","properties":{"cell_id":278},"geometry":{"type":"Polygon","coordinates":[[[132.7613,32.8101],[132.8687,32.8101],[132.8687,32.9002],[132.7613,32.9002],[132.7613,32.8101]]]}},{"type":"Feature","properties":{"cell_id":279},"geometry":{"type":"Polygon","coordinates":[[[132.8687,32.8101],[132.9761,32.8101],[132.9761,32.9002],[132.8687,32.9002],[132.8687,32.8101]]]}},{"type":"Feature","properties":{"cell_id":280},"geometry":{"type":"Polygon","coordinates":[[[129.002,32.9002],[129.1095,32.9002],[129.1095,32.9903],[129.002,32.9903],[129.002,32.9002]]]}},{"type":"Feature","properties":{"cell_id":281},"geometry":{"type":"Polygon","coordinates":[[[129.6465,32.9002],[129.7539,32.9002],[129.7539,32.9903],[129.6465,32.9903],[129.6465,32.9002]]]}},{"type":"Feature","properties":{"cell_id":282},"geometry":{"type":"Polygon","coordinates":[[[129.7539,32.9002],[129.8613,32.9002],[129.8613,32.9903],[129.7539,32.9903],[129.7539,32.9002]]]}},{"type":"Feature","properties":{"cell_id":283},"geometry":{"type":"Polygon","coordinates":[[[129.9687,32.9002],[130.0761,32.9002],[130.0761,32.9903],[129.9687,32.9903],[129.9687,32.9002]]]}},{"type":"Feature","properties":{"cell_id":284},"geometry":{"type":"Polygon","coordinates":[[[130.0761,32.9002],[130.1835,32.9002],[130.1835,32.9903],[130.0761,32.9903],[130.0761,32.9002]]]}},{"type":"Feature","properties":{"cell_id":285},"geometry":{"type":"Polygon","coordinates":[[[130.3983,32.9002],[130.5058,32.9002],[130.5058,32.9903],[130.3983,32.9903],[130.3983,32.9002]]]}},{"type":"Feature","properties":{"cell_id":286},"geometry":{"type":"Polygon","coordinates":[[[130.5058,32.9002],[130.6132,32.9002],[130.6132,32.9903],[130.5058,32.9903],[130.5058,32.9002]]]}},{"type":"Feature","properties":{"cell_id":287},"geometry":{"type":"Polygon","coordinates":[[[130.6132,32.9002],[130.7206,32.9002],[130.7206,32.9903],[130.6132,32.9903],[130.6132,32.9002]]]}},{"type":"Feature","properties":{"cell_id":288},"geometry":{"type":"Polygon","coordinates":[[[130.7206,32.9002],[130.828,32.9002],[130.828,32.9903],[130.7206,32.9903],[130.7206,32.9002]]]}},{"type":"Feature","properties":{"cell_id":289},"geometry":{"type":"Polygon","coordinates":[[[130.828,32.9002],[130.9354,32.9002],[130.9354,32.9903],[130.828,32.9903],[130.828,32.9002]]]}},{"type":"Feature","properties":{"cell_id":290},"geometry":{"type":"Polygon","coordinates":[[[130.9354,32.9002],[131.0428,32.9002],[131.0428,32.9903],[130.9354,32.9903],[130.9354,32.9002]]]}},{"type":"Feature","properties":{"cell_id":291},"geometry":{"type":"Polygon","coordinates":[[[131.0428,32.9002],[131.1502,32.9002],[131.1502,32.9903],[131.0428,32.9903],[131.0428,32.9002]]]}},{"type":"Feature","properties":{"cell_id":292},"geometry":{"type":"Polygon","coordinates":[[[131.1502,32.9002],[131.2576,32.9002],[131.2576,32.9903],[131.1502,32.9903],[131.1502,32.9002]]]}},{"type":"Feature","properties":{"cell_id":293},"geometry":{"type":"Polygon","coordinates":[[[131.2576,32.9002],[131.365,32.9002],[131.365,32.9903],[131.2576,32.9903],[131.2576,32.9002]]]}},{"type":"Feature","properties":{"cell_id":294},"geometry":{"type":"Polygon","coordinates":[[[131.365,32.9002],[131.4724,32.9002],[131.4724,32.9903],[131.365,32.9903],[131.365,32.9002]]]}},{"type":"Feature","properties":{"cell_id":295},"geometry":{"type":"Polygon","coordinates":[[[131.4724,32.9002],[131.5798,32.9002],[131.5798,32.9903],[131.4724,32.9903],[131.4724,32.9002]]]}},{"type":"Feature","properties":{"cell_id":296},"geometry":{"type":"Polygon","coordinates":[[[131.5798,32.9002],[131.6872,32.9002],[131.6872,32.9903],[131.5798,32.9903],[131.5798,32.9002]]]}},{"type":"Feature","properties":{"cell_id":297},"geometry":{"type":"Polygon","coordinates":[[[131.6872,32.9002],[131.7947,32.9002],[131.7947,32.9903],[131.6872,32.9903],[131.6872,32.9002]]]}},{"type":"Feature","properties":{"cell_id":298},"geometry":{"type":"Polygon","coordinates":[[[131.7947,32.9002],[131.9021,32.9002],[131.9021,32.9903],[131.7947,32.9903],[131.7947,32.9002]]]}},{"type":"Feature","properties":{"cell_id":299},"geometry":{"type":"Polygon","coordinates":[[[131.9021,32.9002],[132.0095,32.9002],[132.0095,32.9903],[131.9021,32.9903],[131.9021,32.9002]]]}},{"type":"Feature","properties":{"cell_id":300},"geometry":{"type":"Polygon","coordinates":[[[132.0095,32.9002],[132.1169,32.9002],[132.1169,32.9903],[132.0095,32.9903],[132.0095,32.9002]]]}},{"type":"Feature","properties":{"cell_id":301},"geometry":{"type":"Polygon","coordinates":[[[132.6539,32.9002],[132.7613,32.9002],[132.7613,32.9903],[132.6539,32.9903],[132.6539,32.9002]]]}},{"type":"Feature","properties":{"cell_id":302},"geometry":{"type":"Polygon","coordinates":[[[132.7613,32.9002],[132.8687,32.9002],[132.8687,32.9903],[132.7613,32.9903],[132.7613,32.9002]]]}},{"type":"Feature","properties":{"cell_id":303},"geometry":{"type":"Polygon","coordinates":[[[132.8687,32.9002],[132.9761,32.9002],[132.9761,32.9903],[132.8687,32.9903],[132.8687,32.9002]]]}},{"type":"Feature","properties":{"cell_id":304},"geometry":{"type":"Polygon","coordinates":[[[129.002,32.9903],[129.1095,32.9903],[129.1095,33.0804],[129.002,33.0804],[129.002,32.9903]]]}},{"type":"Feature","properties":{"cell_id":305},"geometry":{"type":"Polygon","coordinates":[[[129.5391,32.9903],[129.6465,32.9903],[129.6465,33.0804],[129.5391,33.0804],[129.5391,32.9903]]]}},{"type":"Feature","properties":{"cell_id":306},"geometry":{"type":"Polygon","coordinates":[[[129.6465,32.9903],[129.7539,32.9903],[129.7539,33.0804],[129.6465,33.0804],[129.6465,32.9903]]]}},{"type":"Feature","properties":{"cell_id":307},"geometry":{"type":"Polygon","coordinates":[[[129.8613,32.9903],[129.9687,32.9903],[129.9687,33.0804],[129.8613,33.0804],[129.8613,32.9903]]]}},{"type":"Feature","properties":{"cell_id":308},"geometry":{"type":"Polygon","coordinates":[[[129.9687,32.9903],[130.0761,32.9903],[130.0761,33.0804],[129.9687,33.0804],[129.9687,32.9903]]]}},{"type":"Feature","properties":{"cell_id":309},"geometry":{"type":"Polygon","coordinates":[[[130.0761,32.9903],[130.1835,32.9903],[130.1835,33.0804],[130.0761,33.0804],[130.0761,32.9903]]]}},{"type":"Feature","properties":{"cell_id":310},"geometry":{"type":"Polygon","coordinates":[[[130.3983,32.9903],[130.5058,32.9903],[130.5058,33.0804],[130.3983,33.0804],[130.3983,32.9903]]]}},{"type":"Feature","properties":{"cell_id":311},"geometry":{"type":"Polygon","coordinates":[[[130.5058,32.9903],[130.6132,32.9903],[130.6132,33.0804],[130.5058,33.0804],[130.5058,32.9903]]]}},{"type":"Feature","properties":{"cell_id":312},"geometry":{"type":"Polygon","coordinates":[[[130.6132,32.9903],[130.7206,32.9903],[130.7206,33.0804],[130.6132,33.0804],[130.6132,32.9903]]]}},{"type":"Feature","properties":{"cell_id":313},"geometry":{"type":"Polygon","coordinates":[[[130.7206,32.9903],[130.828,32.9903],[130.828,33.0804],[130.7206,33.0804],[130.7206,32.9903]]]}},{"type":"Feature","properties":{"cell_id":314},"geometry":{"type":"Polygon","coordinates":[[[130.828,32.9903],[130.9354,32.9903],[130.9354,33.0804],[130.828,33.0804],[130.828,32.9903]]]}},{"type":"Feature","properties":{"cell_id":315},"geometry":{"type":"Polygon","coordinates":[[[130.9354,32.9903],[131.0428,32.9903],[131.0428,33.0804],[130.9354,33.0804],[130.9354,32.9903]]]}},{"type":"Feature","properties":{"cell_id":316},"geometry":{"type":"Polygon","coordinates":[[[131.0428,32.9903],[131.1502,32.9903],[131.1502,33.0804],[131.0428,33.0804],[131.0428,32.9903]]]}},{"type":"Feature","properties":{"cell_id":317},"geometry":{"type":"Polygon","coordinates":[[[131.1502,32.9903],[131.2576,32.9903],[131.2576,33.0804],[131.1502,33.0804],[131.1502,32.9903]]]}},{"type":"Feature","properties":{"cell_id":318},"geometry":{"type":"Polygon","coordinates":[[[131.2576,32.9903],[131.365,32.9903],[131.365,33.0804],[131.2576,33.0804],[131.2576,32.9903]]]}},{"type":"Feature","properties":{"cell_id":319},"geometry":{"type":"Polygon","coordinates":[[[131.365,32.9903],[131.4724,32.9903],[131.4724,33.0804],[131.365,33.0804],[131.365,32.9903]]]}},{"type":"Feature","properties":{"cell_id":320},"geometry":{"type":"Polygon","coordinates":[[[131.4724,32.9903],[131.5798,32.9903],[131.5798,33.0804],[131.4724,33.0804],[131.4724,32.9903]]]}},{"type":"Feature","properties":{"cell_id":321},"geometry":{"type":"Polygon","coordinates":[[[131.5798,32.9903],[131.6872,32.9903],[131.6872,33.0804],[131.5798,33.0804],[131.5798,32.9903]]]}},{"type":"Feature","properties":{"cell_id":322},"geometry":{"type":"Polygon","coordinates":[[[131.6872,32.9903],[131.7947,32.9903],[131.7947,33.0804],[131.6872,33.0804],[131.6872,32.9903]]]}},{"type":"Feature","properties":{"cell_id":323},"geometry":{"type":"Polygon","coordinates":[[[131.7947,32.9903],[131.9021,32.9903],[131.9021,33.0804],[131.7947,33.0804],[131.7947,32.9903]]]}},{"type":"Feature","properties":{"cell_id":324},"geometry":{"type":"Polygon","coordinates":[[[132.4391,32.9903],[132.5465,32.9903],[132.5465,33.0804],[132.4391,33.0804],[132.4391,32.9903]]]}},{"type":"Feature","properties":{"cell_id":325},"geometry":{"type":"Polygon","coordinates":[[[132.5465,32.9903],[132.6539,32.9903],[132.6539,33.0804],[132.5465,33.0804],[132.5465,32.9903]]]}},{"type":"Feature","properties":{"cell_id":326},"geometry":{"type":"Polygon","coordinates":[[[132.6539,32.9903],[132.7613,32.9903],[132.7613,33.0804],[132.6539,33.0804],[132.6539,32.9903]]]}},{"type":"Feature","properties":{"cell_id":327},"geometry":{"type":"Polygon","coordinates":[[[132.7613,32.9903],[132.8687,32.9903],[132.8687,33.0804],[132.7613,33.0804],[132.7613,32.9903]]]}},{"type":"Feature","properties":{"cell_id":328},"geometry":{"type":"Polygon","coordinates":[[[132.8687,32.9903],[132.9761,32.9903],[132.9761,33.0804],[132.8687,33.0804],[132.8687,32.9903]]]}},{"type":"Feature","properties":{"cell_id":329},"geometry":{"type":"Polygon","coordinates":[[[132.9761,32.9903],[133.0835,32.9903],[133.0835,33.0804],[132.9761,33.0804],[132.9761,32.9903]]]}},{"type":"Feature","properties":{"cell_id":330},"geometry":{"type":"Polygon","coordinates":[[[129.6465,33.0804],[129.7539,33.0804],[129.7539,33.1705],[129.6465,33.1705],[129.6465,33.0804]]]}},{"type":"Feature","properties":{"cell_id":331},"geometry":{"type":"Polygon","coordinates":[[[129.7539,33.0804],[129.8613,33.0804],[129.8613,33.1705],[129.7539,33.1705],[129.7539,33.0804]]]}},{"type":"Feature","properties":{"cell_id":332},"geometry":{"type":"Polygon","coordinates":[[[129.8613,33.0804],[129.9687,33.0804],[129.9687,33.1705],[129.8613,33.1705],[129.8613,33.0804]]]}},{"type":"Feature","properties":{"cell_id":333},"geometry":{"type":"Polygon","coordinates":[[[129.9687,33.0804],[130.0761,33.0804],[130.0761,33.1705],[129.9687,33.1705],[129.9687,33.0804]]]}},{"type":"Feature","properties":{"cell_id":334},"geometry":{"type":"Polygon","coordinates":[[[130.0761,33.0804],[130.1835,33.0804],[130.1835,33.1705],[130.0761,33.1705],[130.0761,33.0804]]]}},{"type":"Feature","properties":{"cell_id":335},"geometry":{"type":"Polygon","coordinates":[[[130.3983,33.0804],[130.5058,33.0804],[130.5058,33.1705],[130.3983,33.1705],[130.3983,33.0804]]]}},{"type":"Feature","properties":{"cell_id":336},"geometry":{"type":"Polygon","coordinates":[[[130.5058,33.0804],[130.6132,33.0804],[130.6132,33.1705],[130.5058,33.1705],[130.5058,33.0804]]]}},{"type":"Feature","properties":{"cell_id":337},"geometry":{"type":"Polygon","coordinates":[[[130.6132,33.0804],[130.7206,33.0804],[130.7206,33.1705],[130.6132,33.1705],[130.6132,33.0804]]]}},{"type":"Feature","properties":{"cell_id":338},"geometry":{"type":"Polygon","coordinates":[[[130.7206,33.0804],[130.828,33.0804],[130.828,33.1705],[130.7206,33.1705],[130.7206,33.0804]]]}},{"type":"Feature","properties":{"cell_id":339},"geometry":{"type":"Polygon","coordinates":[[[130.828,33.0804],[130.9354,33.0804],[130.9354,33.1705],[130.828,33.1705],[130.828,33.0804]]]}},{"type":"Feature","properties":{"cell_id":340},"geometry":{"type":"Polygon","coordinates":[[[130.9354,33.0804],[131.0428,33.0804],[131.0428,33.1705],[130.9354,33.1705],[130.9354,33.0804]]]}},{"type":"Feature","properties":{"cell_id":341},"geometry":{"type":"Polygon","coordinates":[[[131.0428,33.0804],[131.1502,33.0804],[131.1502,33.1705],[131.0428,33.1705],[131.0428,33.0804]]]}},{"type":"Feature","properties":{"cell_id":342},"geometry":{"type":"Polygon","coordinates":[[[131.1502,33.0804],[131.2576,33.0804],[131.2576,33.1705],[131.1502,33.1705],[131.1502,33.0804]]]}},{"type":"Feature","properties":{"cell_id":343},"geometry":{"type":"Polygon","coordinates":[[[131.2576,33.0804],[131.365,33.0804],[131.365,33.1705],[131.2576,33.1705],[131.2576,33.0804]]]}},{"type":"Feature","properties":{"cell_id":344},"geometry":{"type":"Polygon","coordinates":[[[131.365,33.0804],[131.4724,33.0804],[131.4724,33.1705],[131.365,33.1705],[131.365,33.0804]]]}},{"type":"Feature","properties":{"cell_id":345},"geometry":{"type":"Polygon","coordinates":[[[131.4724,33.0804],[131.5798,33.0804],[131.5798,33.1705],[131.4724,33.1705],[131.4724,33.0804]]]}},{"type":"Feature","properties":{"cell_id":346},"geometry":{"type":"Polygon","coordinates":[[[131.5798,33.0804],[131.6872,33.0804],[131.6872,33.1705],[131.5798,33.1705],[131.5798,33.0804]]]}},{"type":"Feature","properties":{"cell_id":347},"geometry":{"type":"Polygon","coordinates":[[[131.6872,33.0804],[131.7947,33.0804],[131.7947,33.1705],[131.6872,33.1705],[131.6872,33.0804]]]}},{"type":"Feature","properties":{"cell_id":348},"geometry":{"type":"Polygon","coordinates":[[[132.5465,33.0804],[132.6539,33.0804],[132.6539,33.1705],[132.5465,33.1705],[132.5465,33.0804]]]}},{"type":"Feature","properties":{"cell_id":349},"geometry":{"type":"Polygon","coordinates":[[[132.6539,33.0804],[132.7613,33.0804],[132.7613,33.1705],[132.6539,33.1705],[132.6539,33.0804]]]}},{"type":"Feature","properties":{"cell_id":350},"geometry":{"type":"Polygon","coordinates":[[[132.7613,33.0804],[132.8687,33.0804],[132.8687,33.1705],[132.7613,33.1705],[132.7613,33.0804]]]}},{"type":"Feature","properties":{"cell_id":351},"geometry":{"type":"Polygon","coordinates":[[[132.8687,33.0804],[132.9761,33.0804],[132.9761,33.1705],[132.8687,33.1705],[132.8687,33.0804]]]}},{"type":"Feature","properties":{"cell_id":352},"geometry":{"type":"Polygon","coordinates":[[[132.9761,33.0804],[133.0835,33.0804],[133.0835,33.1705],[132.9761,33.1705],[132.9761,33.0804]]]}},{"type":"Feature","properties":{"cell_id":353},"geometry":{"type":"Polygon","coordinates":[[[133.0835,33.0804],[133.191,33.0804],[133.191,33.1705],[133.0835,33.1705],[133.0835,33.0804]]]}},{"type":"Feature","properties":{"cell_id":354},"geometry":{"type":"Polygon","coordinates":[[[139.6354,33.0804],[139.7428,33.0804],[139.7428,33.1705],[139.6354,33.1705],[139.6354,33.0804]]]}},{"type":"Feature","properties":{"cell_id":355},"geometry":{"type":"Polygon","coordinates":[[[139.7428,33.0804],[139.8503,33.0804],[139.8503,33.1705],[139.7428,33.1705],[139.7428,33.0804]]]}},{"type":"Feature","properties":{"cell_id":356},"geometry":{"type":"Polygon","coordinates":[[[129.5391,33.1705],[129.6465,33.1705],[129.6465,33.2606],[129.5391,33.2606],[129.5391,33.1705]]]}},{"type":"Feature","properties":{"cell_id":357},"geometry":{"type":"Polygon","coordinates":[[[129.6465,33.1705],[129.7539,33.1705],[129.7539,33.2606],[129.6465,33.2606],[129.6465,33.1705]]]}},{"type":"Feature","properties":{"cell_id":358},"geometry":{"type":"Polygon","coordinates":[[[129.7539,33.1705],[129.8613,33.1705],[129.8613,33.2606],[129.7539,33.2606],[129.7539,33.1705]]]}},{"type":"Feature","properties":{"cell_id":359},"geometry":{"type":"Polygon","coordinates":[[[129.8613,33.1705],[129.9687,33.1705],[129.9687,33.2606],[129.8613,33.2606],[129.8613,33.1705]]]}},{"type":"Feature","properties":{"cell_id":360},"geometry":{"type":"Polygon","coordinates":[[[129.9687,33.1705],[130.0761,33.1705],[130.0761,33.2606],[129.9687,33.2606],[129.9687,33.1705]]]}},{"type":"Feature","properties":{"cell_id":361},"geometry":{"type":"Polygon","coordinates":[[[130.0761,33.1705],[130.1835,33.1705],[130.1835,33.2606],[130.0761,33.2606],[130.0761,33.1705]]]}},{"type":"Feature","properties":{"cell_id":362},"geometry":{"type":"Polygon","coordinates":[[[130.1835,33.1705],[130.2909,33.1705],[130.2909,33.2606],[130.1835,33.2606],[130.1835,33.1705]]]}},{"type":"Feature","properties":{"cell_id":363},"geometry":{"type":"Polygon","coordinates":[[[130.2909,33.1705],[130.3983,33.1705],[130.3983,33.2606],[130.2909,33.2606],[130.2909,33.1705]]]}},{"type":"Feature","properties":{"cell_id":364},"geometry":{"type":"Polygon","coordinates":[[[130.3983,33.1705],[130.5058,33.1705],[130.5058,33.2606],[130.3983,33.2606],[130.3983,33.1705]]]}},{"type":"Feature","properties":{"cell_id":365},"geometry":{"type":"Polygon","coordinates":[[[130.5058,33.1705],[130.6132,33.1705],[130.6132,33.2606],[130.5058,33.2606],[130.5058,33.1705]]]}},{"type":"Feature","properties":{"cell_id":366},"geometry":{"type":"Polygon","coordinates":[[[130.6132,33.1705],[130.7206,33.1705],[130.7206,33.2606],[130.6132,33.2606],[130.6132,33.1705]]]}},{"type":"Feature","properties":{"cell_id":367},"geometry":{"type":"Polygon","coordinates":[[[130.7206,33.1705],[130.828,33.1705],[130.828,33.2606],[130.7206,33.2606],[130.7206,33.1705]]]}},{"type":"Feature","properties":{"cell_id":368},"geometry":{"type":"Polygon","coordinates":[[[130.828,33.1705],[130.9354,33.1705],[130.9354,33.2606],[130.828,33.2606],[130.828,33.1705]]]}},{"type":"Feature","properties":{"cell_id":369},"geometry":{"type":"Polygon","coordinates":[[[130.9354,33.1705],[131.0428,33.1705],[131.0428,33.2606],[130.9354,33.2606],[130.9354,33.1705]]]}},{"type":"Feature","properties":{"cell_id":370},"geometry":{"type":"Polygon","coordinates":[[[131.0428,33.1705],[131.1502,33.1705],[131.1502,33.2606],[131.0428,33.2606],[131.0428,33.1705]]]}},{"type":"Feature","properties":{"cell_id":371},"geometry":{"type":"Polygon","coordinates":[[[131.1502,33.1705],[131.2576,33.1705],[131.2576,33.2606],[131.1502,33.2606],[131.1502,33.1705]]]}},{"type":"Feature","properties":{"cell_id":372},"geometry":{"type":"Polygon","coordinates":[[[131.2576,33.1705],[131.365,33.1705],[131.365,33.2606],[131.2576,33.2606],[131.2576,33.1705]]]}},{"type":"Feature","properties":{"cell_id":373},"geometry":{"type":"Polygon","coordinates":[[[131.365,33.1705],[131.4724,33.1705],[131.4724,33.2606],[131.365,33.2606],[131.365,33.1705]]]}},{"type":"Feature","properties":{"cell_id":374},"geometry":{"type":"Polygon","coordinates":[[[131.4724,33.1705],[131.5798,33.1705],[131.5798,33.2606],[131.4724,33.2606],[131.4724,33.1705]]]}},{"type":"Feature","properties":{"cell_id":375},"geometry":{"type":"Polygon","coordinates":[[[131.5798,33.1705],[131.6872,33.1705],[131.6872,33.2606],[131.5798,33.2606],[131.5798,33.1705]]]}},{"type":"Feature","properties":{"cell_id":376},"geometry":{"type":"Polygon","coordinates":[[[131.6872,33.1705],[131.7947,33.1705],[131.7947,33.2606],[131.6872,33.2606],[131.6872,33.1705]]]}},{"type":"Feature","properties":{"cell_id":377},"geometry":{"type":"Polygon","coordinates":[[[131.7947,33.1705],[131.9021,33.1705],[131.9021,33.2606],[131.7947,33.2606],[131.7947,33.1705]]]}},{"type":"Feature","properties":{"cell_id":378},"geometry":{"type":"Polygon","coordinates":[[[132.5465,33.1705],[132.6539,33.1705],[132.6539,33.2606],[132.5465,33.2606],[132.5465,33.1705]]]}},{"type":"Feature","properties":{"cell_id":379},"geometry":{"type":"Polygon","coordinates":[[[132.6539,33.1705],[132.7613,33.1705],[132.7613,33.2606],[132.6539,33.2606],[132.6539,33.1705]]]}},{"type":"Feature","properties":{"cell_id":380},"geometry":{"type":"Polygon","coordinates":[[[132.7613,33.1705],[132.8687,33.1705],[132.8687,33.2606],[132.7613,33.2606],[132.7613,33.1705]]]}},{"type":"Feature","properties":{"cell_id":381},"geometry":{"type":"Polygon","coordinates":[[[132.8687,33.1705],[132.9761,33.1705],[132.9761,33.2606],[132.8687,33.2606],[132.8687,33.1705]]]}},{"type":"Feature","properties":{"cell_id":382},"geometry":{"type":"Polygon","coordinates":[[[132.9761,33.1705],[133.0835,33.1705],[133.0835,33.2606],[132.9761,33.2606],[132.9761,33.1705]]]}},{"type":"Feature","properties":{"cell_id":383},"geometry":{"type":"Polygon","coordinates":[[[133.0835,33.1705],[133.191,33.1705],[133.191,33.2606],[133.0835,33.2606],[133.0835,33.1705]]]}},{"type":"Feature","properties":{"cell_id":384},"geometry":{"type":"Polygon","coordinates":[[[129.4317,33.2606],[129.5391,33.2606],[129.5391,33.3507],[129.4317,33.3507],[129.4317,33.2606]]]}},{"type":"Feature","properties":{"cell_id":385},"geometry":{"type":"Polygon","coordinates":[[[129.6465,33.2606],[129.7539,33.2606],[129.7539,33.3507],[129.6465,33.3507],[129.6465,33.2606]]]}},{"type":"Feature","properties":{"cell_id":386},"geometry":{"type":"Polygon","coordinates":[[[129.7539,33.2606],[129.8613,33.2606],[129.8613,33.3507],[129.7539,33.3507],[129.7539,33.2606]]]}},{"type":"Feature","properties":{"cell_id":387},"geometry":{"type":"Polygon","coordinates":[[[129.8613,33.2606],[129.9687,33.2606],[129.9687,33.3507],[129.8613,33.3507],[129.8613,33.2606]]]}},{"type":"Feature","properties":{"cell_id":388},"geometry":{"type":"Polygon","coordinates":[[[129.9687,33.2606],[130.0761,33.2606],[130.0761,33.3507],[129.9687,33.3507],[129.9687,33.2606]]]}},{"type":"Feature","properties":{"cell_id":389},"geometry":{"type":"Polygon","coordinates":[[[130.0761,33.2606],[130.1835,33.2606],[130.1835,33.3507],[130.0761,33.3507],[130.0761,33.2606]]]}},{"type":"Feature","properties":{"cell_id":390},"geometry":{"type":"Polygon","coordinates":[[[130.1835,33.2606],[130.2909,33.2606],[130.2909,33.3507],[130.1835,33.3507],[130.1835,33.2606]]]}},{"type":"Feature","properties":{"cell_id":391},"geometry":{"type":"Polygon","coordinates":[[[130.2909,33.2606],[130.3983,33.2606],[130.3983,33.3507],[130.2909,33.3507],[130.2909,33.2606]]]}},{"type":"Feature","properties":{"cell_id":392},"geometry":{"type":"Polygon","coordinates":[[[130.3983,33.2606],[130.5058,33.2606],[130.5058,33.3507],[130.3983,33.3507],[130.3983,33.2606]]]}},{"type":"Feature","properties":{"cell_id":393},"geometry":{"type":"Polygon","coordinates":[[[130.5058,33.2606],[130.6132,33.2606],[130.6132,33.3507],[130.5058,33.3507],[130.5058,33.2606]]]}},{"type":"Feature","properties":{"cell_id":394},"geometry":{"type":"Polygon","coordinates":[[[130.6132,33.2606],[130.7206,33.2606],[130.7206,33.3507],[130.6132,33.3507],[130.6132,33.2606]]]}},{"type":"Feature","properties":{"cell_id":395},"geometry":{"type":"Polygon","coordinates":[[[130.7206,33.2606],[130.828,33.2606],[130.828,33.3507],[130.7206,33.3507],[130.7206,33.2606]]]}},{"type":"Feature","properties":{"cell_id":396},"geometry":{"type":"Polygon","coordinates":[[[130.828,33.2606],[130.9354,33.2606],[130.9354,33.3507],[130.828,33.3507],[130.828,33.2606]]]}},{"type":"Feature","properties":{"cell_id":397},"geometry":{"type":"Polygon","coordinates":[[[130.9354,33.2606],[131.0428,33.2606],[131.0428,33.3507],[130.9354,33.3507],[130.9354,33.2606]]]}},{"type":"Feature","properties":{"cell_id":398},"geometry":{"type":"Polygon","coordinates":[[[131.0428,33.2606],[131.1502,33.2606],[131.1502,33.3507],[131.0428,33.3507],[131.0428,33.2606]]]}},{"type":"Feature","properties":{"cell_id":399},"geometry":{"type":"Polygon","coordinates":[[[131.1502,33.2606],[131.2576,33.2606],[131.2576,33.3507],[131.1502,33.3507],[131.1502,33.2606]]]}},{"type":"Feature","properties":{"cell_id":400},"geometry":{"type":"Polygon","coordinates":[[[131.2576,33.2606],[131.365,33.2606],[131.365,33.3507],[131.2576,33.3507],[131.2576,33.2606]]]}},{"type":"Feature","properties":{"cell_id":401},"geometry":{"type":"Polygon","coordinates":[[[131.365,33.2606],[131.4724,33.2606],[131.4724,33.3507],[131.365,33.3507],[131.365,33.2606]]]}},{"type":"Feature","properties":{"cell_id":402},"geometry":{"type":"Polygon","coordinates":[[[132.5465,33.2606],[132.6539,33.2606],[132.6539,33.3507],[132.5465,33.3507],[132.5465,33.2606]]]}},{"type":"Feature","properties":{"cell_id":403},"geometry":{"type":"Polygon","coordinates":[[[132.6539,33.2606],[132.7613,33.2606],[132.7613,33.3507],[132.6539,33.3507],[132.6539,33.2606]]]}},{"type":"Feature","properties":{"cell_id":404},"geometry":{"type":"Polygon","coordinates":[[[132.7613,33.2606],[132.8687,33.2606],[132.8687,33.3507],[132.7613,33.3507],[132.7613,33.2606]]]}},{"type":"Feature","properties":{"cell_id":405},"geometry":{"type":"Polygon","coordinates":[[[132.8687,33.2606],[132.9761,33.2606],[132.9761,33.3507],[132.8687,33.3507],[132.8687,33.2606]]]}},{"type":"Feature","properties":{"cell_id":406},"geometry":{"type":"Polygon","coordinates":[[[132.9761,33.2606],[133.0835,33.2606],[133.0835,33.3507],[132.9761,33.3507],[132.9761,33.2606]]]}},{"type":"Feature","properties":{"cell_id":407},"geometry":{"type":"Polygon","coordinates":[[[133.0835,33.2606],[133.191,33.2606],[133.191,33.3507],[133.0835,33.3507],[133.0835,33.2606]]]}},{"type":"Feature","properties":{"cell_id":408},"geometry":{"type":"Polygon","coordinates":[[[133.191,33.2606],[133.2984,33.2606],[133.2984,33.3507],[133.191,33.3507],[133.191,33.2606]]]}},{"type":"Feature","properties":{"cell_id":409},"geometry":{"type":"Polygon","coordinates":[[[129.8613,33.3507],[129.9687,33.3507],[129.9687,33.4408],[129.8613,33.4408],[129.8613,33.3507]]]}},{"type":"Feature","properties":{"cell_id":410},"geometry":{"type":"Polygon","coordinates":[[[129.9687,33.3507],[130.0761,33.3507],[130.0761,33.4408],[129.9687,33.4408],[129.9687,33.3507]]]}},{"type":"Feature","properties":{"cell_id":411},"geometry":{"type":"Polygon","coordinates":[[[130.0761,33.3507],[130.1835,33.3507],[130.1835,33.4408],[130.0761,33.4408],[130.0761,33.3507]]]}},{"type":"Feature","properties":{"cell_id":412},"geometry":{"type":"Polygon","coordinates":[[[130.1835,33.3507],[130.2909,33.3507],[130.2909,33.4408],[130.1835,33.4408],[130.1835,33.3507]]]}},{"type":"Feature","properties":{"cell_id":413},"geometry":{"type":"Polygon","coordinates":[[[130.2909,33.3507],[130.3983,33.3507],[130.3983,33.4408],[130.2909,33.4408],[130.2909,33.3507]]]}},{"type":"Feature","properties":{"cell_id":414},"geometry":{"type":"Polygon","coordinates":[[[130.3983,33.3507],[130.5058,33.3507],[130.5058,33.4408],[130.3983,33.4408],[130.3983,33.3507]]]}},{"type":"Feature","properties":{"cell_id":415},"geometry":{"type":"Polygon","coordinates":[[[130.5058,33.3507],[130.6132,33.3507],[130.6132,33.4408],[130.5058,33.4408],[130.5058,33.3507]]]}},{"type":"Feature","properties":{"cell_id":416},"geometry":{"type":"Polygon","coordinates":[[[130.6132,33.3507],[130.7206,33.3507],[130.7206,33.4408],[130.6132,33.4408],[130.6132,33.3507]]]}},{"type":"Feature","properties":{"cell_id":417},"geometry":{"type":"Polygon","coordinates":[[[130.7206,33.3507],[130.828,33.3507],[130.828,33.4408],[130.7206,33.4408],[130.7206,33.3507]]]}},{"type":"Feature","properties":{"cell_id":418},"geometry":{"type":"Polygon","coordinates":[[[130.828,33.3507],[130.9354,33.3507],[130.9354,33.4408],[130.828,33.4408],[130.828,33.3507]]]}},{"type":"Feature","properties":{"cell_id":419},"geometry":{"type":"Polygon","coordinates":[[[130.9354,33.3507],[131.0428,33.3507],[131.0428,33.4408],[130.9354,33.4408],[130.9354,33.3507]]]}},{"type":"Feature","properties":{"cell_id":420},"geometry":{"type":"Polygon","coordinates":[[[131.0428,33.3507],[131.1502,33.3507],[131.1502,33.4408],[131.0428,33.4408],[131.0428,33.3507]]]}},{"type":"Feature","properties":{"cell_id":421},"geometry":{"type":"Polygon","coordinates":[[[131.1502,33.3507],[131.2576,33.3507],[131.2576,33.4408],[131.1502,33.4408],[131.1502,33.3507]]]}},{"type":"Feature","properties":{"cell_id":422},"geometry":{"type":"Polygon","coordinates":[[[131.2576,33.3507],[131.365,33.3507],[131.365,33.4408],[131.2576,33.4408],[131.2576,33.3507]]]}},{"type":"Feature","properties":{"cell_id":423},"geometry":{"type":"Polygon","coordinates":[[[131.365,33.3507],[131.4724,33.3507],[131.4724,33.4408],[131.365,33.4408],[131.365,33.3507]]]}},{"type":"Feature","properties":{"cell_id":424},"geometry":{"type":"Polygon","coordinates":[[[131.4724,33.3507],[131.5798,33.3507],[131.5798,33.4408],[131.4724,33.4408],[131.4724,33.3507]]]}},{"type":"Feature","properties":{"cell_id":425},"geometry":{"type":"Polygon","coordinates":[[[131.5798,33.3507],[131.6872,33.3507],[131.6872,33.4408],[131.5798,33.4408],[131.5798,33.3507]]]}},{"type":"Feature","properties":{"cell_id":426},"geometry":{"type":"Polygon","coordinates":[[[132.4391,33.3507],[132.5465,33.3507],[132.5465,33.4408],[132.4391,33.4408],[132.4391,33.3507]]]}},{"type":"Feature","properties":{"cell_id":427},"geometry":{"type":"Polygon","coordinates":[[[132.5465,33.3507],[132.6539,33.3507],[132.6539,33.4408],[132.5465,33.4408],[132.5465,33.3507]]]}},{"type":"Feature","properties":{"cell_id":428},"geometry":{"type":"Polygon","coordinates":[[[132.6539,33.3507],[132.7613,33.3507],[132.7613,33.4408],[132.6539,33.4408],[132.6539,33.3507]]]}},{"type":"Feature","properties":{"cell_id":429},"geometry":{"type":"Polygon","coordinates":[[[132.7613,33.3507],[132.8687,33.3507],[132.8687,33.4408],[132.7613,33.4408],[132.7613,33.3507]]]}},{"type":"Feature","properties":{"cell_id":430},"geometry":{"type":"Polygon","coordinates":[[[132.8687,33.3507],[132.9761,33.3507],[132.9761,33.4408],[132.8687,33.4408],[132.8687,33.3507]]]}},{"type":"Feature","properties":{"cell_id":431},"geometry":{"type":"Polygon","coordinates":[[[132.9761,33.3507],[133.0835,33.3507],[133.0835,33.4408],[132.9761,33.4408],[132.9761,33.3507]]]}},{"type":"Feature","properties":{"cell_id":432},"geometry":{"type":"Polygon","coordinates":[[[133.0835,33.3507],[133.191,33.3507],[133.191,33.4408],[133.0835,33.4408],[133.0835,33.3507]]]}},{"type":"Feature","properties":{"cell_id":433},"geometry":{"type":"Polygon","coordinates":[[[133.191,33.3507],[133.2984,33.3507],[133.2984,33.4408],[133.191,33.4408],[133.191,33.3507]]]}},{"type":"Feature","properties":{"cell_id":434},"geometry":{"type":"Polygon","coordinates":[[[134.0502,33.3507],[134.1576,33.3507],[134.1576,33.4408],[134.0502,33.4408],[134.0502,33.3507]]]}},{"type":"Feature","properties":{"cell_id":435},"geometry":{"type":"Polygon","coordinates":[[[129.8613,33.4408],[129.9687,33.4408],[129.9687,33.5308],[129.8613,33.5308],[129.8613,33.4408]]]}},{"type":"Feature","properties":{"cell_id":436},"geometry":{"type":"Polygon","coordinates":[[[130.0761,33.4408],[130.1835,33.4408],[130.1835,33.5308],[130.0761,33.5308],[130.0761,33.4408]]]}},{"type":"Feature","properties":{"cell_id":437},"geometry":{"type":"Polygon","coordinates":[[[130.1835,33.4408],[130.2909,33.4408],[130.2909,33.5308],[130.1835,33.5308],[130.1835,33.4408]]]}},{"type":"Feature","properties":{"cell_id":438},"geometry":{"type":"Polygon","coordinates":[[[130.2909,33.4408],[130.3983,33.4408],[130.3983,33.5308],[130.2909,33.5308],[130.2909,33.4408]]]}},{"type":"Feature","properties":{"cell_id":439},"geometry":{"type":"Polygon","coordinates":[[[130.3983,33.4408],[130.5058,33.4408],[130.5058,33.5308],[130.3983,33.5308],[130.3983,33.4408]]]}},{"type":"Feature","properties":{"cell_id":440},"geometry":{"type":"Polygon","coordinates":[[[130.5058,33.4408],[130.6132,33.4408],[130.6132,33.5308],[130.5058,33.5308],[130.5058,33.4408]]]}},{"type":"Feature","properties":{"cell_id":441},"geometry":{"type":"Polygon","coordinates":[[[130.6132,33.4408],[130.7206,33.4408],[130.7206,33.5308],[130.6132,33.5308],[130.6132,33.4408]]]}},{"type":"Feature","properties":{"cell_id":442},"geometry":{"type":"Polygon","coordinates":[[[130.7206,33.4408],[130.828,33.4408],[130.828,33.5308],[130.7206,33.5308],[130.7206,33.4408]]]}},{"type":"Feature","properties":{"cell_id":443},"geometry":{"type":"Polygon","coordinates":[[[130.828,33.4408],[130.9354,33.4408],[130.9354,33.5308],[130.828,33.5308],[130.828,33.4408]]]}},{"type":"Feature","properties":{"cell_id":444},"geometry":{"type":"Polygon","coordinates":[[[130.9354,33.4408],[131.0428,33.4408],[131.0428,33.5308],[130.9354,33.5308],[130.9354,33.4408]]]}},{"type":"Feature","properties":{"cell_id":445},"geometry":{"type":"Polygon","coordinates":[[[131.0428,33.4408],[131.1502,33.4408],[131.1502,33.5308],[131.0428,33.5308],[131.0428,33.4408]]]}},{"type":"Feature","properties":{"cell_id":446},"geometry":{"type":"Polygon","coordinates":[[[131.1502,33.4408],[131.2576,33.4408],[131.2576,33.5308],[131.1502,33.5308],[131.1502,33.4408]]]}},{"type":"Feature","properties":{"cell_id":447},"geometry":{"type":"Polygon","coordinates":[[[131.2576,33.4408],[131.365,33.4408],[131.365,33.5308],[131.2576,33.5308],[131.2576,33.4408]]]}},{"type":"Feature","properties":{"cell_id":448},"geometry":{"type":"Polygon","coordinates":[[[131.365,33.4408],[131.4724,33.4408],[131.4724,33.5308],[131.365,33.5308],[131.365,33.4408]]]}},{"type":"Feature","properties":{"cell_id":449},"geometry":{"type":"Polygon","coordinates":[[[131.4724,33.4408],[131.5798,33.4408],[131.5798,33.5308],[131.4724,33.5308],[131.4724,33.4408]]]}},{"type":"Feature","properties":{"cell_id":450},"geometry":{"type":"Polygon","coordinates":[[[131.5798,33.4408],[131.6872,33.4408],[131.6872,33.5308],[131.5798,33.5308],[131.5798,33.4408]]]}},{"type":"Feature","properties":{"cell_id":451},"geometry":{"type":"Polygon","coordinates":[[[132.3317,33.4408],[132.4391,33.4408],[132.4391,33.5308],[132.3317,33.5308],[132.3317,33.4408]]]}},{"type":"Feature","properties":{"cell_id":452},"geometry":{"type":"Polygon","coordinates":[[[132.4391,33.4408],[132.5465,33.4408],[132.5465,33.5308],[132.4391,33.5308],[132.4391,33.4408]]]}},{"type":"Feature","properties":{"cell_id":453},"geometry":{"type":"Polygon","coordinates":[[[132.5465,33.4408],[132.6539,33.4408],[132.6539,33.5308],[132.5465,33.5308],[132.5465,33.4408]]]}},{"type":"Feature","properties":{"cell_id":454},"geometry":{"type":"Polygon","coordinates":[[[132.6539,33.4408],[132.7613,33.4408],[132.7613,33.5308],[132.6539,33.5308],[132.6539,33.4408]]]}},{"type":"Feature","properties":{"cell_id":455},"geometry":{"type":"Polygon","coordinates":[[[132.7613,33.4408],[132.8687,33.4408],[132.8687,33.5308],[132.7613,33.5308],[132.7613,33.4408]]]}},{"type":"Feature","properties":{"cell_id":456},"geometry":{"type":"Polygon","coordinates":[[[132.8687,33.4408],[132.9761,33.4408],[132.9761,33.5308],[132.8687,33.5308],[132.8687,33.4408]]]}},{"type":"Feature","properties":{"cell_id":457},"geometry":{"type":"Polygon","coordinates":[[[132.9761,33.4408],[133.0835,33.4408],[133.0835,33.5308],[132.9761,33.5308],[132.9761,33.4408]]]}},{"type":"Feature","properties":{"cell_id":458},"geometry":{"type":"Polygon","coordinates":[[[133.0835,33.4408],[133.191,33.4408],[133.191,33.5308],[133.0835,33.5308],[133.0835,33.4408]]]}},{"type":"Feature","properties":{"cell_id":459},"geometry":{"type":"Polygon","coordinates":[[[133.191,33.4408],[133.2984,33.4408],[133.2984,33.5308],[133.191,33.5308],[133.191,33.4408]]]}},{"type":"Feature","properties":{"cell_id":460},"geometry":{"type":"Polygon","coordinates":[[[133.2984,33.4408],[133.4058,33.4408],[133.4058,33.5308],[133.2984,33.5308],[133.2984,33.4408]]]}},{"type":"Feature","properties":{"cell_id":461},"geometry":{"type":"Polygon","coordinates":[[[133.4058,33.4408],[133.5132,33.4408],[133.5132,33.5308],[133.4058,33.5308],[133.4058,33.4408]]]}},{"type":"Feature","properties":{"cell_id":462},"geometry":{"type":"Polygon","coordinates":[[[133.9428,33.4408],[134.0502,33.4408],[134.0502,33.5308],[133.9428,33.5308],[133.9428,33.4408]]]}},{"type":"Feature","properties":{"cell_id":463},"geometry":{"type":"Polygon","coordinates":[[[134.0502,33.4408],[134.1576,33.4408],[134.1576,33.5308],[134.0502,33.5308],[134.0502,33.4408]]]}},{"type":"Feature","properties":{"cell_id":464},"geometry":{"type":"Polygon","coordinates":[[[134.1576,33.4408],[134.265,33.4408],[134.265,33.5308],[134.1576,33.5308],[134.1576,33.4408]]]}},{"type":"Feature","properties":{"cell_id":465},"geometry":{"type":"Polygon","coordinates":[[[135.6613,33.4408],[135.7687,33.4408],[135.7687,33.5308],[135.6613,33.5308],[135.6613,33.4408]]]}},{"type":"Feature","properties":{"cell_id":466},"geometry":{"type":"Polygon","coordinates":[[[130.0761,33.5308],[130.1835,33.5308],[130.1835,33.6209],[130.0761,33.6209],[130.0761,33.5308]]]}},{"type":"Feature","properties":{"cell_id":467},"geometry":{"type":"Polygon","coordinates":[[[130.1835,33.5308],[130.2909,33.5308],[130.2909,33.6209],[130.1835,33.6209],[130.1835,33.5308]]]}},{"type":"Feature","properties":{"cell_id":468},"geometry":{"type":"Polygon","coordinates":[[[130.2909,33.5308],[130.3983,33.5308],[130.3983,33.6209],[130.2909,33.6209],[130.2909,33.5308]]]}},{"type":"Feature","properties":{"cell_id":469},"geometry":{"type":"Polygon","coordinates":[[[130.3983,33.5308],[130.5058,33.5308],[130.5058,33.6209],[130.3983,33.6209],[130.3983,33.5308]]]}},{"type":"Feature","properties":{"cell_id":470},"geometry":{"type":"Polygon","coordinates":[[[130.5058,33.5308],[130.6132,33.5308],[130.6132,33.6209],[130.5058,33.6209],[130.5058,33.5308]]]}},{"type":"Feature","properties":{"cell_id":471},"geometry":{"type":"Polygon","coordinates":[[[130.6132,33.5308],[130.7206,33.5308],[130.7206,33.6209],[130.6132,33.6209],[130.6132,33.5308]]]}},{"type":"Feature","properties":{"cell_id":472},"geometry":{"type":"Polygon","coordinates":[[[130.7206,33.5308],[130.828,33.5308],[130.828,33.6209],[130.7206,33.6209],[130.7206,33.5308]]]}},{"type":"Feature","properties":{"cell_id":473},"geometry":{"type":"Polygon","coordinates":[[[130.828,33.5308],[130.9354,33.5308],[130.9354,33.6209],[130.828,33.6209],[130.828,33.5308]]]}},{"type":"Feature","properties":{"cell_id":474},"geometry":{"type":"Polygon","coordinates":[[[130.9354,33.5308],[131.0428,33.5308],[131.0428,33.6209],[130.9354,33.6209],[130.9354,33.5308]]]}},{"type":"Feature","properties":{"cell_id":475},"geometry":{"type":"Polygon","coordinates":[[[131.0428,33.5308],[131.1502,33.5308],[131.1502,33.6209],[131.0428,33.6209],[131.0428,33.5308]]]}},{"type":"Feature","properties":{"cell_id":476},"geometry":{"type":"Polygon","coordinates":[[[131.1502,33.5308],[131.2576,33.5308],[131.2576,33.6209],[131.1502,33.6209],[131.1502,33.5308]]]}},{"type":"Feature","properties":{"cell_id":477},"geometry":{"type":"Polygon","coordinates":[[[131.2576,33.5308],[131.365,33.5308],[131.365,33.6209],[131.2576,33.6209],[131.2576,33.5308]]]}},{"type":"Feature","properties":{"cell_id":478},"geometry":{"type":"Polygon","coordinates":[[[131.4724,33.5308],[131.5798,33.5308],[131.5798,33.6209],[131.4724,33.6209],[131.4724,33.5308]]]}},{"type":"Feature","properties":{"cell_id":479},"geometry":{"type":"Polygon","coordinates":[[[131.5798,33.5308],[131.6872,33.5308],[131.6872,33.6209],[131.5798,33.6209],[131.5798,33.5308]]]}},{"type":"Feature","properties":{"cell_id":480},"geometry":{"type":"Polygon","coordinates":[[[132.4391,33.5308],[132.5465,33.5308],[132.5465,33.6209],[132.4391,33.6209],[132.4391,33.5308]]]}},{"type":"Feature","properties":{"cell_id":481},"geometry":{"type":"Polygon","coordinates":[[[132.5465,33.5308],[132.6539,33.5308],[132.6539,33.6209],[132.5465,33.6209],[132.5465,33.5308]]]}},{"type":"Feature","properties":{"cell_id":482},"geometry":{"type":"Polygon","coordinates":[[[132.6539,33.5308],[132.7613,33.5308],[132.7613,33.6209],[132.6539,33.6209],[132.6539,33.5308]]]}},{"type":"Feature","properties":{"cell_id":483},"geometry":{"type":"Polygon","coordinates":[[[132.7613,33.5308],[132.8687,33.5308],[132.8687,33.6209],[132.7613,33.6209],[132.7613,33.5308]]]}},{"type":"Feature","properties":{"cell_id":484},"geometry":{"type":"Polygon","coordinates":[[[132.8687,33.5308],[132.9761,33.5308],[132.9761,33.6209],[132.8687,33.6209],[132.8687,33.5308]]]}},{"type":"Feature","properties":{"cell_id":485},"geometry":{"type":"Polygon","coordinates":[[[132.9761,33.5308],[133.0835,33.5308],[133.0835,33.6209],[132.9761,33.6209],[132.9761,33.5308]]]}},{"type":"Feature","properties":{"cell_id":486},"geometry":{"type":"Polygon","coordinates":[[[133.0835,33.5308],[133.191,33.5308],[133.191,33.6209],[133.0835,33.6209],[133.0835,33.5308]]]}},{"type":"Feature","properties":{"cell_id":487},"geometry":{"type":"Polygon","coordinates":[[[133.191,33.5308],[133.2984,33.5308],[133.2984,33.6209],[133.191,33.6209],[133.191,33.5308]]]}},{"type":"Feature","properties":{"cell_id":488},"geometry":{"type":"Polygon","coordinates":[[[133.2984,33.5308],[133.4058,33.5308],[133.4058,33.6209],[133.2984,33.6209],[133.2984,33.5308]]]}},{"type":"Feature","properties":{"cell_id":489},"geometry":{"type":"Polygon","coordinates":[[[133.4058,33.5308],[133.5132,33.5308],[133.5132,33.6209],[133.4058,33.6209],[133.4058,33.5308]]]}},{"type":"Feature","properties":{"cell_id":490},"geometry":{"type":"Polygon","coordinates":[[[133.5132,33.5308],[133.6206,33.5308],[133.6206,33.6209],[133.5132,33.6209],[133.5132,33.5308]]]}},{"type":"Feature","properties":{"cell_id":491},"geometry":{"type":"Polygon","coordinates":[[[133.6206,33.5308],[133.728,33.5308],[133.728,33.6209],[133.6206,33.6209],[133.6206,33.5308]]]}},{"type":"Feature","properties":{"cell_id":492},"geometry":{"type":"Polygon","coordinates":[[[133.728,33.5308],[133.8354,33.5308],[133.8354,33.6209],[133.728,33.6209],[133.728,33.5308]]]}},{"type":"Feature","properties":{"cell_id":493},"geometry":{"type":"Polygon","coordinates":[[[133.8354,33.5308],[133.9428,33.5308],[133.9428,33.6209],[133.8354,33.6209],[133.8354,33.5308]]]}},{"type":"Feature","properties":{"cell_id":494},"geometry":{"type":"Polygon","coordinates":[[[133.9428,33.5308],[134.0502,33.5308],[134.0502,33.6209],[133.9428,33.6209],[133.9428,33.5308]]]}},{"type":"Feature","properties":{"cell_id":495},"geometry":{"type":"Polygon","coordinates":[[[134.0502,33.5308],[134.1576,33.5308],[134.1576,33.6209],[134.0502,33.6209],[134.0502,33.5308]]]}},{"type":"Feature","properties":{"cell_id":496},"geometry":{"type":"Polygon","coordinates":[[[134.1576,33.5308],[134.265,33.5308],[134.265,33.6209],[134.1576,33.6209],[134.1576,33.5308]]]}},{"type":"Feature","properties":{"cell_id":497},"geometry":{"type":"Polygon","coordinates":[[[135.4465,33.5308],[135.5539,33.5308],[135.5539,33.6209],[135.4465,33.6209],[135.4465,33.5308]]]}},{"type":"Feature","properties":{"cell_id":498},"geometry":{"type":"Polygon","coordinates":[[[135.5539,33.5308],[135.6613,33.5308],[135.6613,33.6209],[135.5539,33.6209],[135.5539,33.5308]]]}},{"type":"Feature","properties":{"cell_id":499},"geometry":{"type":"Polygon","coordinates":[[[135.6613,33.5308],[135.7687,33.5308],[135.7687,33.6209],[135.6613,33.6209],[135.6613,33.5308]]]}},{"type":"Feature","properties":{"cell_id":500},"geometry":{"type":"Polygon","coordinates":[[[135.7687,33.5308],[135.8762,33.5308],[135.8762,33.6209],[135.7687,33.6209],[135.7687,33.5308]]]}},{"type":"Feature","properties":{"cell_id":501},"geometry":{"type":"Polygon","coordinates":[[[130.3983,33.6209],[130.5058,33.6209],[130.5058,33.711],[130.3983,33.711],[130.3983,33.6209]]]}},{"type":"Feature","properties":{"cell_id":502},"geometry":{"type":"Polygon","coordinates":[[[130.5058,33.6209],[130.6132,33.6209],[130.6132,33.711],[130.5058,33.711],[130.5058,33.6209]]]}},{"type":"Feature","properties":{"cell_id":503},"geometry":{"type":"Polygon","coordinates":[[[130.6132,33.6209],[130.7206,33.6209],[130.7206,33.711],[130.6132,33.711],[130.6132,33.6209]]]}},{"type":"Feature","properties":{"cell_id":504},"geometry":{"type":"Polygon","coordinates":[[[130.7206,33.6209],[130.828,33.6209],[130.828,33.711],[130.7206,33.711],[130.7206,33.6209]]]}},{"type":"Feature","properties":{"cell_id":505},"geometry":{"type":"Polygon","coordinates":[[[130.828,33.6209],[130.9354,33.6209],[130.9354,33.711],[130.828,33.711],[130.828,33.6209]]]}},{"type":"Feature","properties":{"cell_id":506},"geometry":{"type":"Polygon","coordinates":[[[130.9354,33.6209],[131.0428,33.6209],[131.0428,33.711],[130.9354,33.711],[130.9354,33.6209]]]}},{"type":"Feature","properties":{"cell_id":507},"geometry":{"type":"Polygon","coordinates":[[[131.4724,33.6209],[131.5798,33.6209],[131.5798,33.711],[131.4724,33.711],[131.4724,33.6209]]]}},{"type":"Feature","properties":{"cell_id":508},"geometry":{"type":"Polygon","coordinates":[[[131.5798,33.6209],[131.6872,33.6209],[131.6872,33.711],[131.5798,33.711],[131.5798,33.6209]]]}},{"type":"Feature","properties":{"cell_id":509},"geometry":{"type":"Polygon","coordinates":[[[132.6539,33.6209],[132.7613,33.6209],[132.7613,33.711],[132.6539,33.711],[132.6539,33.6209]]]}},{"type":"Feature","properties":{"cell_id":510},"geometry":{"type":"Polygon","coordinates":[[[132.7613,33.6209],[132.8687,33.6209],[132.8687,33.711],[132.7613,33.711],[132.7613,33.6209]]]}},{"type":"Feature","properties":{"cell_id":511},"geometry":{"type":"Polygon","coordinates":[[[132.8687,33.6209],[132.9761,33.6209],[132.9761,33.711],[132.8687,33.711],[132.8687,33.6209]]]}},{"type":"Feature","properties":{"cell_id":512},"geometry":{"type":"Polygon","coordinates":[[[132.9761,33.6209],[133.0835,33.6209],[133.0835,33.711],[132.9761,33.711],[132.9761,33.6209]]]}},{"type":"Feature","properties":{"cell_id":513},"geometry":{"type":"Polygon","coordinates":[[[133.0835,33.6209],[133.191,33.6209],[133.191,33.711],[133.0835,33.711],[133.0835,33.6209]]]}},{"type":"Feature","properties":{"cell_id":514},"geometry":{"type":"Polygon","coordinates":[[[133.191,33.6209],[133.2984,33.6209],[133.2984,33.711],[133.191,33.711],[133.191,33.6209]]]}},{"type":"Feature","properties":{"cell_id":515},"geometry":{"type":"Polygon","coordinates":[[[133.2984,33.6209],[133.4058,33.6209],[133.4058,33.711],[133.2984,33.711],[133.2984,33.6209]]]}},{"type":"Feature","properties":{"cell_id":516},"geometry":{"type":"Polygon","coordinates":[[[133.4058,33.6209],[133.5132,33.6209],[133.5132,33.711],[133.4058,33.711],[133.4058,33.6209]]]}},{"type":"Feature","properties":{"cell_id":517},"geometry":{"type":"Polygon","coordinates":[[[133.5132,33.6209],[133.6206,33.6209],[133.6206,33.711],[133.5132,33.711],[133.5132,33.6209]]]}},{"type":"Feature","properties":{"cell_id":518},"geometry":{"type":"Polygon","coordinates":[[[133.6206,33.6209],[133.728,33.6209],[133.728,33.711],[133.6206,33.711],[133.6206,33.6209]]]}},{"type":"Feature","properties":{"cell_id":519},"geometry":{"type":"Polygon","coordinates":[[[133.728,33.6209],[133.8354,33.6209],[133.8354,33.711],[133.728,33.711],[133.728,33.6209]]]}},{"type":"Feature","properties":{"cell_id":520},"geometry":{"type":"Polygon","coordinates":[[[133.8354,33.6209],[133.9428,33.6209],[133.9428,33.711],[133.8354,33.711],[133.8354,33.6209]]]}},{"type":"Feature","properties":{"cell_id":521},"geometry":{"type":"Polygon","coordinates":[[[133.9428,33.6209],[134.0502,33.6209],[134.0502,33.711],[133.9428,33.711],[133.9428,33.6209]]]}},{"type":"Feature","properties":{"cell_id":522},"geometry":{"type":"Polygon","coordinates":[[[134.0502,33.6209],[134.1576,33.6209],[134.1576,33.711],[134.0502,33.711],[134.0502,33.6209]]]}},{"type":"Feature","properties":{"cell_id":523},"geometry":{"type":"Polygon","coordinates":[[[134.1576,33.6209],[134.265,33.6209],[134.265,33.711],[134.1576,33.711],[134.1576,33.6209]]]}},{"type":"Feature","properties":{"cell_id":524},"geometry":{"type":"Polygon","coordinates":[[[134.265,33.6209],[134.3724,33.6209],[134.3724,33.711],[134.265,33.711],[134.265,33.6209]]]}},{"type":"Feature","properties":{"cell_id":525},"geometry":{"type":"Polygon","coordinates":[[[134.3724,33.6209],[134.4799,33.6209],[134.4799,33.711],[134.3724,33.711],[134.3724,33.6209]]]}},{"type":"Feature","properties":{"cell_id":526},"geometry":{"type":"Polygon","coordinates":[[[135.3391,33.6209],[135.4465,33.6209],[135.4465,33.711],[135.3391,33.711],[135.3391,33.6209]]]}},{"type":"Feature","properties":{"cell_id":527},"geometry":{"type":"Polygon","coordinates":[[[135.4465,33.6209],[135.5539,33.6209],[135.5539,33.711],[135.4465,33.711],[135.4465,33.6209]]]}},{"type":"Feature","properties":{"cell_id":528},"geometry":{"type":"Polygon","coordinates":[[[135.5539,33.6209],[135.6613,33.6209],[135.6613,33.711],[135.5539,33.711],[135.5539,33.6209]]]}},{"type":"Feature","properties":{"cell_id":529},"geometry":{"type":"Polygon","coordinates":[[[135.6613,33.6209],[135.7687,33.6209],[135.7687,33.711],[135.6613,33.711],[135.6613,33.6209]]]}},{"type":"Feature","properties":{"cell_id":530},"geometry":{"type":"Polygon","coordinates":[[[135.7687,33.6209],[135.8762,33.6209],[135.8762,33.711],[135.7687,33.711],[135.7687,33.6209]]]}},{"type":"Feature","properties":{"cell_id":531},"geometry":{"type":"Polygon","coordinates":[[[135.8762,33.6209],[135.9836,33.6209],[135.9836,33.711],[135.8762,33.711],[135.8762,33.6209]]]}},{"type":"Feature","properties":{"cell_id":532},"geometry":{"type":"Polygon","coordinates":[[[129.6465,33.711],[129.7539,33.711],[129.7539,33.8011],[129.6465,33.8011],[129.6465,33.711]]]}},{"type":"Feature","properties":{"cell_id":533},"geometry":{"type":"Polygon","coordinates":[[[130.5058,33.711],[130.6132,33.711],[130.6132,33.8011],[130.5058,33.8011],[130.5058,33.711]]]}},{"type":"Feature","properties":{"cell_id":534},"geometry":{"type":"Polygon","coordinates":[[[130.6132,33.711],[130.7206,33.711],[130.7206,33.8011],[130.6132,33.8011],[130.6132,33.711]]]}},{"type":"Feature","properties":{"cell_id":535},"geometry":{"type":"Polygon","coordinates":[[[130.7206,33.711],[130.828,33.711],[130.828,33.8011],[130.7206,33.8011],[130.7206,33.711]]]}},{"type":"Feature","properties":{"cell_id":536},"geometry":{"type":"Polygon","coordinates":[[[130.828,33.711],[130.9354,33.711],[130.9354,33.8011],[130.828,33.8011],[130.828,33.711]]]}},{"type":"Feature","properties":{"cell_id":537},"geometry":{"type":"Polygon","coordinates":[[[130.9354,33.711],[131.0428,33.711],[131.0428,33.8011],[130.9354,33.8011],[130.9354,33.711]]]}},{"type":"Feature","properties":{"cell_id":538},"geometry":{"type":"Polygon","coordinates":[[[132.6539,33.711],[132.7613,33.711],[132.7613,33.8011],[132.6539,33.8011],[132.6539,33.711]]]}},{"type":"Feature","properties":{"cell_id":539},"geometry":{"type":"Polygon","coordinates":[[[132.7613,33.711],[132.8687,33.711],[132.8687,33.8011],[132.7613,33.8011],[132.7613,33.711]]]}},{"type":"Feature","properties":{"cell_id":540},"geometry":{"type":"Polygon","coordinates":[[[132.8687,33.711],[132.9761,33.711],[132.9761,33.8011],[132.8687,33.8011],[132.8687,33.711]]]}},{"type":"Feature","properties":{"cell_id":541},"geometry":{"type":"Polygon","coordinates":[[[132.9761,33.711],[133.0835,33.711],[133.0835,33.8011],[132.9761,33.8011],[132.9761,33.711]]]}},{"type":"Feature","properties":{"cell_id":542},"geometry":{"type":"Polygon","coordinates":[[[133.0835,33.711],[133.191,33.711],[133.191,33.8011],[133.0835,33.8011],[133.0835,33.711]]]}},{"type":"Feature","properties":{"cell_id":543},"geometry":{"type":"Polygon","coordinates":[[[133.191,33.711],[133.2984,33.711],[133.2984,33.8011],[133.191,33.8011],[133.191,33.711]]]}},{"type":"Feature","properties":{"cell_id":544},"geometry":{"type":"Polygon","coordinates":[[[133.2984,33.711],[133.4058,33.711],[133.4058,33.8011],[133.2984,33.8011],[133.2984,33.711]]]}},{"type":"Feature","properties":{"cell_id":545},"geometry":{"type":"Polygon","coordinates":[[[133.4058,33.711],[133.5132,33.711],[133.5132,33.8011],[133.4058,33.8011],[133.4058,33.711]]]}},{"type":"Feature","properties":{"cell_id":546},"geometry":{"type":"Polygon","coordinates":[[[133.5132,33.711],[133.6206,33.711],[133.6206,33.8011],[133.5132,33.8011],[133.5132,33.711]]]}},{"type":"Feature","properties":{"cell_id":547},"geometry":{"type":"Polygon","coordinates":[[[133.6206,33.711],[133.728,33.711],[133.728,33.8011],[133.6206,33.8011],[133.6206,33.711]]]}},{"type":"Feature","properties":{"cell_id":548},"geometry":{"type":"Polygon","coordinates":[[[133.728,33.711],[133.8354,33.711],[133.8354,33.8011],[133.728,33.8011],[133.728,33.711]]]}},{"type":"Feature","properties":{"cell_id":549},"geometry":{"type":"Polygon","coordinates":[[[133.8354,33.711],[133.9428,33.711],[133.9428,33.8011],[133.8354,33.8011],[133.8354,33.711]]]}},{"type":"Feature","properties":{"cell_id":550},"geometry":{"type":"Polygon","coordinates":[[[133.9428,33.711],[134.0502,33.711],[134.0502,33.8011],[133.9428,33.8011],[133.9428,33.711]]]}},{"type":"Feature","properties":{"cell_id":551},"geometry":{"type":"Polygon","coordinates":[[[134.0502,33.711],[134.1576,33.711],[134.1576,33.8011],[134.0502,33.8011],[134.0502,33.711]]]}},{"type":"Feature","properties":{"cell_id":552},"geometry":{"type":"Polygon","coordinates":[[[134.1576,33.711],[134.265,33.711],[134.265,33.8011],[134.1576,33.8011],[134.1576,33.711]]]}},{"type":"Feature","properties":{"cell_id":553},"geometry":{"type":"Polygon","coordinates":[[[134.265,33.711],[134.3724,33.711],[134.3724,33.8011],[134.265,33.8011],[134.265,33.711]]]}},{"type":"Feature","properties":{"cell_id":554},"geometry":{"type":"Polygon","coordinates":[[[134.3724,33.711],[134.4799,33.711],[134.4799,33.8011],[134.3724,33.8011],[134.3724,33.711]]]}},{"type":"Feature","properties":{"cell_id":555},"geometry":{"type":"Polygon","coordinates":[[[134.4799,33.711],[134.5873,33.711],[134.5873,33.8011],[134.4799,33.8011],[134.4799,33.711]]]}},{"type":"Feature","properties":{"cell_id":556},"geometry":{"type":"Polygon","coordinates":[[[135.3391,33.711],[135.4465,33.711],[135.4465,33.8011],[135.3391,33.8011],[135.3391,33.711]]]}},{"type":"Feature","properties":{"cell_id":557},"geometry":{"type":"Polygon","coordinates":[[[135.4465,33.711],[135.5539,33.711],[135.5539,33.8011],[135.4465,33.8011],[135.4465,33.711]]]}},{"type":"Feature","properties":{"cell_id":558},"geometry":{"type":"Polygon","coordinates":[[[135.5539,33.711],[135.6613,33.711],[135.6613,33.8011],[135.5539,33.8011],[135.5539,33.711]]]}},{"type":"Feature","properties":{"cell_id":559},"geometry":{"type":"Polygon","coordinates":[[[135.6613,33.711],[135.7687,33.711],[135.7687,33.8011],[135.6613,33.8011],[135.6613,33.711]]]}},{"type":"Feature","properties":{"cell_id":560},"geometry":{"type":"Polygon","coordinates":[[[135.7687,33.711],[135.8762,33.711],[135.8762,33.8011],[135.7687,33.8011],[135.7687,33.711]]]}},{"type":"Feature","properties":{"cell_id":561},"geometry":{"type":"Polygon","coordinates":[[[135.8762,33.711],[135.9836,33.711],[135.9836,33.8011],[135.8762,33.8011],[135.8762,33.711]]]}},{"type":"Feature","properties":{"cell_id":562},"geometry":{"type":"Polygon","coordinates":[[[129.6465,33.8011],[129.7539,33.8011],[129.7539,33.8912],[129.6465,33.8912],[129.6465,33.8011]]]}},{"type":"Feature","properties":{"cell_id":563},"geometry":{"type":"Polygon","coordinates":[[[130.5058,33.8011],[130.6132,33.8011],[130.6132,33.8912],[130.5058,33.8912],[130.5058,33.8011]]]}},{"type":"Feature","properties":{"cell_id":564},"geometry":{"type":"Polygon","coordinates":[[[130.6132,33.8011],[130.7206,33.8011],[130.7206,33.8912],[130.6132,33.8912],[130.6132,33.8011]]]}},{"type":"Feature","properties":{"cell_id":565},"geometry":{"type":"Polygon","coordinates":[[[130.7206,33.8011],[130.828,33.8011],[130.828,33.8912],[130.7206,33.8912],[130.7206,33.8011]]]}},{"type":"Feature","properties":{"cell_id":566},"geometry":{"type":"Polygon","coordinates":[[[130.828,33.8011],[130.9354,33.8011],[130.9354,33.8912],[130.828,33.8912],[130.828,33.8011]]]}},{"type":"Feature","properties":{"cell_id":567},"geometry":{"type":"Polygon","coordinates":[[[132.6539,33.8011],[132.7613,33.8011],[132.7613,33.8912],[132.6539,33.8912],[132.6539,33.8011]]]}},{"type":"Feature","properties":{"cell_id":568},"geometry":{"type":"Polygon","coordinates":[[[132.7613,33.8011],[132.8687,33.8011],[132.8687,33.8912],[132.7613,33.8912],[132.7613,33.8011]]]}},{"type":"Feature","properties":{"cell_id":569},"geometry":{"type":"Polygon","coordinates":[[[132.8687,33.8011],[132.9761,33.8011],[132.9761,33.8912],[132.8687,33.8912],[132.8687,33.8011]]]}},{"type":"Feature","properties":{"cell_id":570},"geometry":{"type":"Polygon","coordinates":[[[132.9761,33.8011],[133.0835,33.8011],[133.0835,33.8912],[132.9761,33.8912],[132.9761,33.8011]]]}},{"type":"Feature","properties":{"cell_id":571},"geometry":{"type":"Polygon","coordinates":[[[133.0835,33.8011],[133.191,33.8011],[133.191,33.8912],[133.0835,33.8912],[133.0835,33.8011]]]}},{"type":"Feature","properties":{"cell_id":572},"geometry":{"type":"Polygon","coordinates":[[[133.191,33.8011],[133.2984,33.8011],[133.2984,33.8912],[133.191,33.8912],[133.191,33.8011]]]}},{"type":"Feature","properties":{"cell_id":573},"geometry":{"type":"Polygon","coordinates":[[[133.2984,33.8011],[133.4058,33.8011],[133.4058,33.8912],[133.2984,33.8912],[133.2984,33.8011]]]}},{"type":"Feature","properties":{"cell_id":574},"geometry":{"type":"Polygon","coordinates":[[[133.4058,33.8011],[133.5132,33.8011],[133.5132,33.8912],[133.4058,33.8912],[133.4058,33.8011]]]}},{"type":"Feature","properties":{"cell_id":575},"geometry":{"type":"Polygon","coordinates":[[[133.5132,33.8011],[133.6206,33.8011],[133.6206,33.8912],[133.5132,33.8912],[133.5132,33.8011]]]}},{"type":"Feature","properties":{"cell_id":576},"geometry":{"type":"Polygon","coordinates":[[[133.6206,33.8011],[133.728,33.8011],[133.728,33.8912],[133.6206,33.8912],[133.6206,33.8011]]]}},{"type":"Feature","properties":{"cell_id":577},"geometry":{"type":"Polygon","coordinates":[[[133.728,33.8011],[133.8354,33.8011],[133.8354,33.8912],[133.728,33.8912],[133.728,33.8011]]]}},{"type":"Feature","properties":{"cell_id":578},"geometry":{"type":"Polygon","coordinates":[[[133.8354,33.8011],[133.9428,33.8011],[133.9428,33.8912],[133.8354,33.8912],[133.8354,33.8011]]]}},{"type":"Feature","properties":{"cell_id":579},"geometry":{"type":"Polygon","coordinates":[[[133.9428,33.8011],[134.0502,33.8011],[134.0502,33.8912],[133.9428,33.8912],[133.9428,33.8011]]]}},{"type":"Feature","properties":{"cell_id":580},"geometry":{"type":"Polygon","coordinates":[[[134.0502,33.8011],[134.1576,33.8011],[134.1576,33.8912],[134.0502,33.8912],[134.0502,33.8011]]]}},{"type":"Feature","properties":{"cell_id":581},"geometry":{"type":"Polygon","coordinates":[[[134.1576,33.8011],[134.265,33.8011],[134.265,33.8912],[134.1576,33.8912],[134.1576,33.8011]]]}},{"type":"Feature","properties":{"cell_id":582},"geometry":{"type":"Polygon","coordinates":[[[134.265,33.8011],[134.3724,33.8011],[134.3724,33.8912],[134.265,33.8912],[134.265,33.8011]]]}},{"type":"Feature","properties":{"cell_id":583},"geometry":{"type":"Polygon","coordinates":[[[134.3724,33.8011],[134.4799,33.8011],[134.4799,33.8912],[134.3724,33.8912],[134.3724,33.8011]]]}},{"type":"Feature","properties":{"cell_id":584},"geometry":{"type":"Polygon","coordinates":[[[134.4799,33.8011],[134.5873,33.8011],[134.5873,33.8912],[134.4799,33.8912],[134.4799,33.8011]]]}},{"type":"Feature","properties":{"cell_id":585},"geometry":{"type":"Polygon","coordinates":[[[135.1243,33.8011],[135.2317,33.8011],[135.2317,33.8912],[135.1243,33.8912],[135.1243,33.8011]]]}},{"type":"Feature","properties":{"cell_id":586},"geometry":{"type":"Polygon","coordinates":[[[135.2317,33.8011],[135.3391,33.8011],[135.3391,33.8912],[135.2317,33.8912],[135.2317,33.8011]]]}},{"type":"Feature","properties":{"cell_id":587},"geometry":{"type":"Polygon","coordinates":[[[135.3391,33.8011],[135.4465,33.8011],[135.4465,33.8912],[135.3391,33.8912],[135.3391,33.8011]]]}},{"type":"Feature","properties":{"cell_id":588},"geometry":{"type":"Polygon","coordinates":[[[135.4465,33.8011],[135.5539,33.8011],[135.5539,33.8912],[135.4465,33.8912],[135.4465,33.8011]]]}},{"type":"Feature","properties":{"cell_id":589},"geometry":{"type":"Polygon","coordinates":[[[135.5539,33.8011],[135.6613,33.8011],[135.6613,33.8912],[135.5539,33.8912],[135.5539,33.8011]]]}},{"type":"Feature","properties":{"cell_id":590},"geometry":{"type":"Polygon","coordinates":[[[135.6613,33.8011],[135.7687,33.8011],[135.7687,33.8912],[135.6613,33.8912],[135.6613,33.8011]]]}},{"type":"Feature","properties":{"cell_id":591},"geometry":{"type":"Polygon","coordinates":[[[135.7687,33.8011],[135.8762,33.8011],[135.8762,33.8912],[135.7687,33.8912],[135.7687,33.8011]]]}},{"type":"Feature","properties":{"cell_id":592},"geometry":{"type":"Polygon","coordinates":[[[135.8762,33.8011],[135.9836,33.8011],[135.9836,33.8912],[135.8762,33.8912],[135.8762,33.8011]]]}},{"type":"Feature","properties":{"cell_id":593},"geometry":{"type":"Polygon","coordinates":[[[135.9836,33.8011],[136.091,33.8011],[136.091,33.8912],[135.9836,33.8912],[135.9836,33.8011]]]}},{"type":"Feature","properties":{"cell_id":594},"geometry":{"type":"Polygon","coordinates":[[[130.9354,33.8912],[131.0428,33.8912],[131.0428,33.9813],[130.9354,33.9813],[130.9354,33.8912]]]}},{"type":"Feature","properties":{"cell_id":595},"geometry":{"type":"Polygon","coordinates":[[[132.0095,33.8912],[132.1169,33.8912],[132.1169,33.9813],[132.0095,33.9813],[132.0095,33.8912]]]}},{"type":"Feature","properties":{"cell_id":596},"geometry":{"type":"Polygon","coordinates":[[[132.2243,33.8912],[132.3317,33.8912],[132.3317,33.9813],[132.2243,33.9813],[132.2243,33.8912]]]}},{"type":"Feature","properties":{"cell_id":597},"geometry":{"type":"Polygon","coordinates":[[[132.7613,33.8912],[132.8687,33.8912],[132.8687,33.9813],[132.7613,33.9813],[132.7613,33.8912]]]}},{"type":"Feature","properties":{"cell_id":598},"geometry":{"type":"Polygon","coordinates":[[[132.8687,33.8912],[132.9761,33.8912],[132.9761,33.9813],[132.8687,33.9813],[132.8687,33.8912]]]}},{"type":"Feature","properties":{"cell_id":599},"geometry":{"type":"Polygon","coordinates":[[[132.9761,33.8912],[133.0835,33.8912],[133.0835,33.9813],[132.9761,33.9813],[132.9761,33.8912]]]}},{"type":"Feature","properties":{"cell_id":600},"geometry":{"type":"Polygon","coordinates":[[[133.191,33.8912],[133.2984,33.8912],[133.2984,33.9813],[133.191,33.9813],[133.191,33.8912]]]}},{"type":"Feature","properties":{"cell_id":601},"geometry":{"type":"Polygon","coordinates":[[[133.2984,33.8912],[133.4058,33.8912],[133.4058,33.9813],[133.2984,33.9813],[133.2984,33.8912]]]}},{"type":"Feature","properties":{"cell_id":602},"geometry":{"type":"Polygon","coordinates":[[[133.4058,33.8912],[133.5132,33.8912],[133.5132,33.9813],[133.4058,33.9813],[133.4058,33.8912]]]}},{"type":"Feature","properties":{"cell_id":603},"geometry":{"type":"Polygon","coordinates":[[[133.5132,33.8912],[133.6206,33.8912],[133.6206,33.9813],[133.5132,33.9813],[133.5132,33.8912]]]}},{"type":"Feature","properties":{"cell_id":604},"geometry":{"type":"Polygon","coordinates":[[[133.6206,33.8912],[133.728,33.8912],[133.728,33.9813],[133.6206,33.9813],[133.6206,33.8912]]]}},{"type":"Feature","properties":{"cell_id":605},"geometry":{"type":"Polygon","coordinates":[[[133.728,33.8912],[133.8354,33.8912],[133.8354,33.9813],[133.728,33.9813],[133.728,33.8912]]]}},{"type":"Feature","properties":{"cell_id":606},"geometry":{"type":"Polygon","coordinates":[[[133.8354,33.8912],[133.9428,33.8912],[133.9428,33.9813],[133.8354,33.9813],[133.8354,33.8912]]]}},{"type":"Feature","properties":{"cell_id":607},"geometry":{"type":"Polygon","coordinates":[[[133.9428,33.8912],[134.0502,33.8912],[134.0502,33.9813],[133.9428,33.9813],[133.9428,33.8912]]]}},{"type":"Feature","properties":{"cell_id":608},"geometry":{"type":"Polygon","coordinates":[[[134.0502,33.8912],[134.1576,33.8912],[134.1576,33.9813],[134.0502,33.9813],[134.0502,33.8912]]]}},{"type":"Feature","properties":{"cell_id":609},"geometry":{"type":"Polygon","coordinates":[[[134.1576,33.8912],[134.265,33.8912],[134.265,33.9813],[134.1576,33.9813],[134.1576,33.8912]]]}},{"type":"Feature","properties":{"cell_id":610},"geometry":{"type":"Polygon","coordinates":[[[134.265,33.8912],[134.3724,33.8912],[134.3724,33.9813],[134.265,33.9813],[134.265,33.8912]]]}},{"type":"Feature","properties":{"cell_id":611},"geometry":{"type":"Polygon","coordinates":[[[134.3724,33.8912],[134.4799,33.8912],[134.4799,33.9813],[134.3724,33.9813],[134.3724,33.8912]]]}},{"type":"Feature","properties":{"cell_id":612},"geometry":{"type":"Polygon","coordinates":[[[134.4799,33.8912],[134.5873,33.8912],[134.5873,33.9813],[134.4799,33.9813],[134.4799,33.8912]]]}},{"type":"Feature","properties":{"cell_id":613},"geometry":{"type":"Polygon","coordinates":[[[134.5873,33.8912],[134.6947,33.8912],[134.6947,33.9813],[134.5873,33.9813],[134.5873,33.8912]]]}},{"type":"Feature","properties":{"cell_id":614},"geometry":{"type":"Polygon","coordinates":[[[135.1243,33.8912],[135.2317,33.8912],[135.2317,33.9813],[135.1243,33.9813],[135.1243,33.8912]]]}},{"type":"Feature","properties":{"cell_id":615},"geometry":{"type":"Polygon","coordinates":[[[135.2317,33.8912],[135.3391,33.8912],[135.3391,33.9813],[135.2317,33.9813],[135.2317,33.8912]]]}},{"type":"Feature","properties":{"cell_id":616},"geometry":{"type":"Polygon","coordinates":[[[135.3391,33.8912],[135.4465,33.8912],[135.4465,33.9813],[135.3391,33.9813],[135.3391,33.8912]]]}},{"type":"Feature","properties":{"cell_id":617},"geometry":{"type":"Polygon","coordinates":[[[135.4465,33.8912],[135.5539,33.8912],[135.5539,33.9813],[135.4465,33.9813],[135.4465,33.8912]]]}},{"type":"Feature","properties":{"cell_id":618},"geometry":{"type":"Polygon","coordinates":[[[135.5539,33.8912],[135.6613,33.8912],[135.6613,33.9813],[135.5539,33.9813],[135.5539,33.8912]]]}},{"type":"Feature","properties":{"cell_id":619},"geometry":{"type":"Polygon","coordinates":[[[135.6613,33.8912],[135.7687,33.8912],[135.7687,33.9813],[135.6613,33.9813],[135.6613,33.8912]]]}},{"type":"Feature","properties":{"cell_id":620},"geometry":{"type":"Polygon","coordinates":[[[135.7687,33.8912],[135.8762,33.8912],[135.8762,33.9813],[135.7687,33.9813],[135.7687,33.8912]]]}},{"type":"Feature","properties":{"cell_id":621},"geometry":{"type":"Polygon","coordinates":[[[135.8762,33.8912],[135.9836,33.8912],[135.9836,33.9813],[135.8762,33.9813],[135.8762,33.8912]]]}},{"type":"Feature","properties":{"cell_id":622},"geometry":{"type":"Polygon","coordinates":[[[135.9836,33.8912],[136.091,33.8912],[136.091,33.9813],[135.9836,33.9813],[135.9836,33.8912]]]}},{"type":"Feature","properties":{"cell_id":623},"geometry":{"type":"Polygon","coordinates":[[[136.091,33.8912],[136.1984,33.8912],[136.1984,33.9813],[136.091,33.9813],[136.091,33.8912]]]}},{"type":"Feature","properties":{"cell_id":624},"geometry":{"type":"Polygon","coordinates":[[[130.9354,33.9813],[131.0428,33.9813],[131.0428,34.0714],[130.9354,34.0714],[130.9354,33.9813]]]}},{"type":"Feature","properties":{"cell_id":625},"geometry":{"type":"Polygon","coordinates":[[[131.1502,33.9813],[131.2576,33.9813],[131.2576,34.0714],[131.1502,34.0714],[131.1502,33.9813]]]}},{"type":"Feature","properties":{"cell_id":626},"geometry":{"type":"Polygon","coordinates":[[[131.2576,33.9813],[131.365,33.9813],[131.365,34.0714],[131.2576,34.0714],[131.2576,33.9813]]]}},{"type":"Feature","properties":{"cell_id":627},"geometry":{"type":"Polygon","coordinates":[[[131.365,33.9813],[131.4724,33.9813],[131.4724,34.0714],[131.365,34.0714],[131.365,33.9813]]]}},{"type":"Feature","properties":{"cell_id":628},"geometry":{"type":"Polygon","coordinates":[[[131.4724,33.9813],[131.5798,33.9813],[131.5798,34.0714],[131.4724,34.0714],[131.4724,33.9813]]]}},{"type":"Feature","properties":{"cell_id":629},"geometry":{"type":"Polygon","coordinates":[[[131.6872,33.9813],[131.7947,33.9813],[131.7947,34.0714],[131.6872,34.0714],[131.6872,33.9813]]]}},{"type":"Feature","properties":{"cell_id":630},"geometry":{"type":"Polygon","coordinates":[[[131.7947,33.9813],[131.9021,33.9813],[131.9021,34.0714],[131.7947,34.0714],[131.7947,33.9813]]]}},{"type":"Feature","properties":{"cell_id":631},"geometry":{"type":"Polygon","coordinates":[[[131.9021,33.9813],[132.0095,33.9813],[132.0095,34.0714],[131.9021,34.0714],[131.9021,33.9813]]]}},{"type":"Feature","properties":{"cell_id":632},"geometry":{"type":"Polygon","coordinates":[[[132.0095,33.9813],[132.1169,33.9813],[132.1169,34.0714],[132.0095,34.0714],[132.0095,33.9813]]]}},{"type":"Feature","properties":{"cell_id":633},"geometry":{"type":"Polygon","coordinates":[[[132.1169,33.9813],[132.2243,33.9813],[132.2243,34.0714],[132.1169,34.0714],[132.1169,33.9813]]]}},{"type":"Feature","properties":{"cell_id":634},"geometry":{"type":"Polygon","coordinates":[[[132.8687,33.9813],[132.9761,33.9813],[132.9761,34.0714],[132.8687,34.0714],[132.8687,33.9813]]]}},{"type":"Feature","properties":{"cell_id":635},"geometry":{"type":"Polygon","coordinates":[[[132.9761,33.9813],[133.0835,33.9813],[133.0835,34.0714],[132.9761,34.0714],[132.9761,33.9813]]]}},{"type":"Feature","properties":{"cell_id":636},"geometry":{"type":"Polygon","coordinates":[[[133.6206,33.9813],[133.728,33.9813],[133.728,34.0714],[133.6206,34.0714],[133.6206,33.9813]]]}},{"type":"Feature","properties":{"cell_id":637},"geometry":{"type":"Polygon","coordinates":[[[133.728,33.9813],[133.8354,33.9813],[133.8354,34.0714],[133.728,34.0714],[133.728,33.9813]]]}},{"type":"Feature","properties":{"cell_id":638},"geometry":{"type":"Polygon","coordinates":[[[133.8354,33.9813],[133.9428,33.9813],[133.9428,34.0714],[133.8354,34.0714],[133.8354,33.9813]]]}},{"type":"Feature","properties":{"cell_id":639},"geometry":{"type":"Polygon","coordinates":[[[133.9428,33.9813],[134.0502,33.9813],[134.0502,34.0714],[133.9428,34.0714],[133.9428,33.9813]]]}},{"type":"Feature","properties":{"cell_id":640},"geometry":{"type":"Polygon","coordinates":[[[134.0502,33.9813],[134.1576,33.9813],[134.1576,34.0714],[134.0502,34.0714],[134.0502,33.9813]]]}},{"type":"Feature","properties":{"cell_id":641},"geometry":{"type":"Polygon","coordinates":[[[134.1576,33.9813],[134.265,33.9813],[134.265,34.0714],[134.1576,34.0714],[134.1576,33.9813]]]}},{"type":"Feature","properties":{"cell_id":642},"geometry":{"type":"Polygon","coordinates":[[[134.265,33.9813],[134.3724,33.9813],[134.3724,34.0714],[134.265,34.0714],[134.265,33.9813]]]}},{"type":"Feature","properties":{"cell_id":643},"geometry":{"type":"Polygon","coordinates":[[[134.3724,33.9813],[134.4799,33.9813],[134.4799,34.0714],[134.3724,34.0714],[134.3724,33.9813]]]}},{"type":"Feature","properties":{"cell_id":644},"geometry":{"type":"Polygon","coordinates":[[[134.4799,33.9813],[134.5873,33.9813],[134.5873,34.0714],[134.4799,34.0714],[134.4799,33.9813]]]}},{"type":"Feature","properties":{"cell_id":645},"geometry":{"type":"Polygon","coordinates":[[[135.1243,33.9813],[135.2317,33.9813],[135.2317,34.0714],[135.1243,34.0714],[135.1243,33.9813]]]}},{"type":"Feature","properties":{"cell_id":646},"geometry":{"type":"Polygon","coordinates":[[[135.2317,33.9813],[135.3391,33.9813],[135.3391,34.0714],[135.2317,34.0714],[135.2317,33.9813]]]}},{"type":"Feature","properties":{"cell_id":647},"geometry":{"type":"Polygon","coordinates":[[[135.3391,33.9813],[135.4465,33.9813],[135.4465,34.0714],[135.3391,34.0714],[135.3391,33.9813]]]}},{"type":"Feature","properties":{"cell_id":648},"geometry":{"type":"Polygon","coordinates":[[[135.4465,33.9813],[135.5539,33.9813],[135.5539,34.0714],[135.4465,34.0714],[135.4465,33.9813]]]}},{"type":"Feature","properties":{"cell_id":649},"geometry":{"type":"Polygon","coordinates":[[[135.5539,33.9813],[135.6613,33.9813],[135.6613,34.0714],[135.5539,34.0714],[135.5539,33.9813]]]}},{"type":"Feature","properties":{"cell_id":650},"geometry":{"type":"Polygon","coordinates":[[[135.6613,33.9813],[135.7687,33.9813],[135.7687,34.0714],[135.6613,34.0714],[135.6613,33.9813]]]}},{"type":"Feature","properties":{"cell_id":651},"geometry":{"type":"Polygon","coordinates":[[[135.7687,33.9813],[135.8762,33.9813],[135.8762,34.0714],[135.7687,34.0714],[135.7687,33.9813]]]}},{"type":"Feature","properties":{"cell_id":652},"geometry":{"type":"Polygon","coordinates":[[[135.8762,33.9813],[135.9836,33.9813],[135.9836,34.0714],[135.8762,34.0714],[135.8762,33.9813]]]}},{"type":"Feature","properties":{"cell_id":653},"geometry":{"type":"Polygon","coordinates":[[[135.9836,33.9813],[136.091,33.9813],[136.091,34.0714],[135.9836,34.0714],[135.9836,33.9813]]]}},{"type":"Feature","properties":{"cell_id":654},"geometry":{"type":"Polygon","coordinates":[[[136.091,33.9813],[136.1984,33.9813],[136.1984,34.0714],[136.091,34.0714],[136.091,33.9813]]]}},{"type":"Feature","properties":{"cell_id":655},"geometry":{"type":"Polygon","coordinates":[[[136.1984,33.9813],[136.3058,33.9813],[136.3058,34.0714],[136.1984,34.0714],[136.1984,33.9813]]]}},{"type":"Feature","properties":{"cell_id":656},"geometry":{"type":"Polygon","coordinates":[[[130.828,34.0714],[130.9354,34.0714],[130.9354,34.1615],[130.828,34.1615],[130.828,34.0714]]]}},{"type":"Feature","properties":{"cell_id":657},"geometry":{"type":"Polygon","coordinates":[[[130.9354,34.0714],[131.0428,34.0714],[131.0428,34.1615],[130.9354,34.1615],[130.9354,34.0714]]]}},{"type":"Feature","properties":{"cell_id":658},"geometry":{"type":"Polygon","coordinates":[[[131.0428,34.0714],[131.1502,34.0714],[131.1502,34.1615],[131.0428,34.1615],[131.0428,34.0714]]]}},{"type":"Feature","properties":{"cell_id":659},"geometry":{"type":"Polygon","coordinates":[[[131.1502,34.0714],[131.2576,34.0714],[131.2576,34.1615],[131.1502,34.1615],[131.1502,34.0714]]]}},{"type":"Feature","properties":{"cell_id":660},"geometry":{"type":"Polygon","coordinates":[[[131.2576,34.0714],[131.365,34.0714],[131.365,34.1615],[131.2576,34.1615],[131.2576,34.0714]]]}},{"type":"Feature","properties":{"cell_id":661},"geometry":{"type":"Polygon","coordinates":[[[131.365,34.0714],[131.4724,34.0714],[131.4724,34.1615],[131.365,34.1615],[131.365,34.0714]]]}},{"type":"Feature","properties":{"cell_id":662},"geometry":{"type":"Polygon","coordinates":[[[131.4724,34.0714],[131.5798,34.0714],[131.5798,34.1615],[131.4724,34.1615],[131.4724,34.0714]]]}},{"type":"Feature","properties":{"cell_id":663},"geometry":{"type":"Polygon","coordinates":[[[131.5798,34.0714],[131.6872,34.0714],[131.6872,34.1615],[131.5798,34.1615],[131.5798,34.0714]]]}},{"type":"Feature","properties":{"cell_id":664},"geometry":{"type":"Polygon","coordinates":[[[131.6872,34.0714],[131.7947,34.0714],[131.7947,34.1615],[131.6872,34.1615],[131.6872,34.0714]]]}},{"type":"Feature","properties":{"cell_id":665},"geometry":{"type":"Polygon","coordinates":[[[131.7947,34.0714],[131.9021,34.0714],[131.9021,34.1615],[131.7947,34.1615],[131.7947,34.0714]]]}},{"type":"Feature","properties":{"cell_id":666},"geometry":{"type":"Polygon","coordinates":[[[131.9021,34.0714],[132.0095,34.0714],[132.0095,34.1615],[131.9021,34.1615],[131.9021,34.0714]]]}},{"type":"Feature","properties":{"cell_id":667},"geometry":{"type":"Polygon","coordinates":[[[132.0095,34.0714],[132.1169,34.0714],[132.1169,34.1615],[132.0095,34.1615],[132.0095,34.0714]]]}},{"type":"Feature","properties":{"cell_id":668},"geometry":{"type":"Polygon","coordinates":[[[132.1169,34.0714],[132.2243,34.0714],[132.2243,34.1615],[132.1169,34.1615],[132.1169,34.0714]]]}},{"type":"Feature","properties":{"cell_id":669},"geometry":{"type":"Polygon","coordinates":[[[132.4391,34.0714],[132.5465,34.0714],[132.5465,34.1615],[132.4391,34.1615],[132.4391,34.0714]]]}},{"type":"Feature","properties":{"cell_id":670},"geometry":{"type":"Polygon","coordinates":[[[132.8687,34.0714],[132.9761,34.0714],[132.9761,34.1615],[132.8687,34.1615],[132.8687,34.0714]]]}},{"type":"Feature","properties":{"cell_id":671},"geometry":{"type":"Polygon","coordinates":[[[132.9761,34.0714],[133.0835,34.0714],[133.0835,34.1615],[132.9761,34.1615],[132.9761,34.0714]]]}},{"type":"Feature","properties":{"cell_id":672},"geometry":{"type":"Polygon","coordinates":[[[133.6206,34.0714],[133.728,34.0714],[133.728,34.1615],[133.6206,34.1615],[133.6206,34.0714]]]}},{"type":"Feature","properties":{"cell_id":673},"geometry":{"type":"Polygon","coordinates":[[[133.728,34.0714],[133.8354,34.0714],[133.8354,34.1615],[133.728,34.1615],[133.728,34.0714]]]}},{"type":"Feature","properties":{"cell_id":674},"geometry":{"type":"Polygon","coordinates":[[[133.8354,34.0714],[133.9428,34.0714],[133.9428,34.1615],[133.8354,34.1615],[133.8354,34.0714]]]}},{"type":"Feature","properties":{"cell_id":675},"geometry":{"type":"Polygon","coordinates":[[[133.9428,34.0714],[134.0502,34.0714],[134.0502,34.1615],[133.9428,34.1615],[133.9428,34.0714]]]}},{"type":"Feature","properties":{"cell_id":676},"geometry":{"type":"Polygon","coordinates":[[[134.0502,34.0714],[134.1576,34.0714],[134.1576,34.1615],[134.0502,34.1615],[134.0502,34.0714]]]}},{"type":"Feature","properties":{"cell_id":677},"geometry":{"type":"Polygon","coordinates":[[[134.1576,34.0714],[134.265,34.0714],[134.265,34.1615],[134.1576,34.1615],[134.1576,34.0714]]]}},{"type":"Feature","properties":{"cell_id":678},"geometry":{"type":"Polygon","coordinates":[[[134.265,34.0714],[134.3724,34.0714],[134.3724,34.1615],[134.265,34.1615],[134.265,34.0714]]]}},{"type":"Feature","properties":{"cell_id":679},"geometry":{"type":"Polygon","coordinates":[[[134.3724,34.0714],[134.4799,34.0714],[134.4799,34.1615],[134.3724,34.1615],[134.3724,34.0714]]]}},{"type":"Feature","properties":{"cell_id":680},"geometry":{"type":"Polygon","coordinates":[[[134.4799,34.0714],[134.5873,34.0714],[134.5873,34.1615],[134.4799,34.1615],[134.4799,34.0714]]]}},{"type":"Feature","properties":{"cell_id":681},"geometry":{"type":"Polygon","coordinates":[[[135.1243,34.0714],[135.2317,34.0714],[135.2317,34.1615],[135.1243,34.1615],[135.1243,34.0714]]]}},{"type":"Feature","properties":{"cell_id":682},"geometry":{"type":"Polygon","coordinates":[[[135.2317,34.0714],[135.3391,34.0714],[135.3391,34.1615],[135.2317,34.1615],[135.2317,34.0714]]]}},{"type":"Feature","properties":{"cell_id":683},"geometry":{"type":"Polygon","coordinates":[[[135.3391,34.0714],[135.4465,34.0714],[135.4465,34.1615],[135.3391,34.1615],[135.3391,34.0714]]]}},{"type":"Feature","properties":{"cell_id":684},"geometry":{"type":"Polygon","coordinates":[[[135.4465,34.0714],[135.5539,34.0714],[135.5539,34.1615],[135.4465,34.1615],[135.4465,34.0714]]]}},{"type":"Feature","properties":{"cell_id":685},"geometry":{"type":"Polygon","coordinates":[[[135.5539,34.0714],[135.6613,34.0714],[135.6613,34.1615],[135.5539,34.1615],[135.5539,34.0714]]]}},{"type":"Feature","properties":{"cell_id":686},"geometry":{"type":"Polygon","coordinates":[[[135.6613,34.0714],[135.7687,34.0714],[135.7687,34.1615],[135.6613,34.1615],[135.6613,34.0714]]]}},{"type":"Feature","properties":{"cell_id":687},"geometry":{"type":"Polygon","coordinates":[[[135.7687,34.0714],[135.8762,34.0714],[135.8762,34.1615],[135.7687,34.1615],[135.7687,34.0714]]]}},{"type":"Feature","properties":{"cell_id":688},"geometry":{"type":"Polygon","coordinates":[[[135.8762,34.0714],[135.9836,34.0714],[135.9836,34.1615],[135.8762,34.1615],[135.8762,34.0714]]]}},{"type":"Feature","properties":{"cell_id":689},"geometry":{"type":"Polygon","coordinates":[[[135.9836,34.0714],[136.091,34.0714],[136.091,34.1615],[135.9836,34.1615],[135.9836,34.0714]]]}},{"type":"Feature","properties":{"cell_id":690},"geometry":{"type":"Polygon","coordinates":[[[136.091,34.0714],[136.1984,34.0714],[136.1984,34.1615],[136.091,34.1615],[136.091,34.0714]]]}},{"type":"Feature","properties":{"cell_id":691},"geometry":{"type":"Polygon","coordinates":[[[136.1984,34.0714],[136.3058,34.0714],[136.3058,34.1615],[136.1984,34.1615],[136.1984,34.0714]]]}},{"type":"Feature","properties":{"cell_id":692},"geometry":{"type":"Polygon","coordinates":[[[129.2169,34.1615],[129.3243,34.1615],[129.3243,34.2516],[129.2169,34.2516],[129.2169,34.1615]]]}},{"type":"Feature","properties":{"cell_id":693},"geometry":{"type":"Polygon","coordinates":[[[130.9354,34.1615],[131.0428,34.1615],[131.0428,34.2516],[130.9354,34.2516],[130.9354,34.1615]]]}},{"type":"Feature","properties":{"cell_id":694},"geometry":{"type":"Polygon","coordinates":[[[131.0428,34.1615],[131.1502,34.1615],[131.1502,34.2516],[131.0428,34.2516],[131.0428,34.1615]]]}},{"type":"Feature","properties":{"cell_id":695},"geometry":{"type":"Polygon","coordinates":[[[131.1502,34.1615],[131.2576,34.1615],[131.2576,34.2516],[131.1502,34.2516],[131.1502,34.1615]]]}},{"type":"Feature","properties":{"cell_id":696},"geometry":{"type":"Polygon","coordinates":[[[131.2576,34.1615],[131.365,34.1615],[131.365,34.2516],[131.2576,34.2516],[131.2576,34.1615]]]}},{"type":"Feature","properties":{"cell_id":697},"geometry":{"type":"Polygon","coordinates":[[[131.365,34.1615],[131.4724,34.1615],[131.4724,34.2516],[131.365,34.2516],[131.365,34.1615]]]}},{"type":"Feature","properties":{"cell_id":698},"geometry":{"type":"Polygon","coordinates":[[[131.4724,34.1615],[131.5798,34.1615],[131.5798,34.2516],[131.4724,34.2516],[131.4724,34.1615]]]}},{"type":"Feature","properties":{"cell_id":699},"geometry":{"type":"Polygon","coordinates":[[[131.5798,34.1615],[131.6872,34.1615],[131.6872,34.2516],[131.5798,34.2516],[131.5798,34.1615]]]}},{"type":"Feature","properties":{"cell_id":700},"geometry":{"type":"Polygon","coordinates":[[[131.6872,34.1615],[131.7947,34.1615],[131.7947,34.2516],[131.6872,34.2516],[131.6872,34.1615]]]}},{"type":"Feature","properties":{"cell_id":701},"geometry":{"type":"Polygon","coordinates":[[[131.7947,34.1615],[131.9021,34.1615],[131.9021,34.2516],[131.7947,34.2516],[131.7947,34.1615]]]}},{"type":"Feature","properties":{"cell_id":702},"geometry":{"type":"Polygon","coordinates":[[[131.9021,34.1615],[132.0095,34.1615],[132.0095,34.2516],[131.9021,34.2516],[131.9021,34.1615]]]}},{"type":"Feature","properties":{"cell_id":703},"geometry":{"type":"Polygon","coordinates":[[[132.0095,34.1615],[132.1169,34.1615],[132.1169,34.2516],[132.0095,34.2516],[132.0095,34.1615]]]}},{"type":"Feature","properties":{"cell_id":704},"geometry":{"type":"Polygon","coordinates":[[[132.1169,34.1615],[132.2243,34.1615],[132.2243,34.2516],[132.1169,34.2516],[132.1169,34.1615]]]}},{"type":"Feature","properties":{"cell_id":705},"geometry":{"type":"Polygon","coordinates":[[[133.6206,34.1615],[133.728,34.1615],[133.728,34.2516],[133.6206,34.2516],[133.6206,34.1615]]]}},{"type":"Feature","properties":{"cell_id":706},"geometry":{"type":"Polygon","coordinates":[[[133.728,34.1615],[133.8354,34.1615],[133.8354,34.2516],[133.728,34.2516],[133.728,34.1615]]]}},{"type":"Feature","properties":{"cell_id":707},"geometry":{"type":"Polygon","coordinates":[[[133.8354,34.1615],[133.9428,34.1615],[133.9428,34.2516],[133.8354,34.2516],[133.8354,34.1615]]]}},{"type":"Feature","properties":{"cell_id":708},"geometry":{"type":"Polygon","coordinates":[[[133.9428,34.1615],[134.0502,34.1615],[134.0502,34.2516],[133.9428,34.2516],[133.9428,34.1615]]]}},{"type":"Feature","properties":{"cell_id":709},"geometry":{"type":"Polygon","coordinates":[[[134.0502,34.1615],[134.1576,34.1615],[134.1576,34.2516],[134.0502,34.2516],[134.0502,34.1615]]]}},{"type":"Feature","properties":{"cell_id":710},"geometry":{"type":"Polygon","coordinates":[[[134.1576,34.1615],[134.265,34.1615],[134.265,34.2516],[134.1576,34.2516],[134.1576,34.1615]]]}},{"type":"Feature","properties":{"cell_id":711},"geometry":{"type":"Polygon","coordinates":[[[134.265,34.1615],[134.3724,34.1615],[134.3724,34.2516],[134.265,34.2516],[134.265,34.1615]]]}},{"type":"Feature","properties":{"cell_id":712},"geometry":{"type":"Polygon","coordinates":[[[134.3724,34.1615],[134.4799,34.1615],[134.4799,34.2516],[134.3724,34.2516],[134.3724,34.1615]]]}},{"type":"Feature","properties":{"cell_id":713},"geometry":{"type":"Polygon","coordinates":[[[134.4799,34.1615],[134.5873,34.1615],[134.5873,34.2516],[134.4799,34.2516],[134.4799,34.1615]]]}},{"type":"Feature","properties":{"cell_id":714},"geometry":{"type":"Polygon","coordinates":[[[134.6947,34.1615],[134.8021,34.1615],[134.8021,34.2516],[134.6947,34.2516],[134.6947,34.1615]]]}},{"type":"Feature","properties":{"cell_id":715},"geometry":{"type":"Polygon","coordinates":[[[135.1243,34.1615],[135.2317,34.1615],[135.2317,34.2516],[135.1243,34.2516],[135.1243,34.1615]]]}},{"type":"Feature","properties":{"cell_id":716},"geometry":{"type":"Polygon","coordinates":[[[135.2317,34.1615],[135.3391,34.1615],[135.3391,34.2516],[135.2317,34.2516],[135.2317,34.1615]]]}},{"type":"Feature","properties":{"cell_id":717},"geometry":{"type":"Polygon","coordinates":[[[135.3391,34.1615],[135.4465,34.1615],[135.4465,34.2516],[135.3391,34.2516],[135.3391,34.1615]]]}},{"type":"Feature","properties":{"cell_id":718},"geometry":{"type":"Polygon","coordinates":[[[135.4465,34.1615],[135.5539,34.1615],[135.5539,34.2516],[135.4465,34.2516],[135.4465,34.1615]]]}},{"type":"Feature","properties":{"cell_id":719},"geometry":{"type":"Polygon","coordinates":[[[135.5539,34.1615],[135.6613,34.1615],[135.6613,34.2516],[135.5539,34.2516],[135.5539,34.1615]]]}},{"type":"Feature","properties":{"cell_id":720},"geometry":{"type":"Polygon","coordinates":[[[135.6613,34.1615],[135.7687,34.1615],[135.7687,34.2516],[135.6613,34.2516],[135.6613,34.1615]]]}},{"type":"Feature","properties":{"cell_id":721},"geometry":{"type":"Polygon","coordinates":[[[135.7687,34.1615],[135.8762,34.1615],[135.8762,34.2516],[135.7687,34.2516],[135.7687,34.1615]]]}},{"type":"Feature","properties":{"cell_id":722},"geometry":{"type":"Polygon","coordinates":[[[135.8762,34.1615],[135.9836,34.1615],[135.9836,34.2516],[135.8762,34.2516],[135.8762,34.1615]]]}},{"type":"Feature","properties":{"cell_id":723},"geometry":{"type":"Polygon","coordinates":[[[135.9836,34.1615],[136.091,34.1615],[136.091,34.2516],[135.9836,34.2516],[135.9836,34.1615]]]}},{"type":"Feature","properties":{"cell_id":724},"geometry":{"type":"Polygon","coordinates":[[[136.091,34.1615],[136.1984,34.1615],[136.1984,34.2516],[136.091,34.2516],[136.091,34.1615]]]}},{"type":"Feature","properties":{"cell_id":725},"geometry":{"type":"Polygon","coordinates":[[[136.1984,34.1615],[136.3058,34.1615],[136.3058,34.2516],[136.1984,34.2516],[136.1984,34.1615]]]}},{"type":"Feature","properties":{"cell_id":726},"geometry":{"type":"Polygon","coordinates":[[[136.3058,34.1615],[136.4132,34.1615],[136.4132,34.2516],[136.3058,34.2516],[136.3058,34.1615]]]}},{"type":"Feature","properties":{"cell_id":727},"geometry":{"type":"Polygon","coordinates":[[[139.0984,34.1615],[139.2058,34.1615],[139.2058,34.2516],[139.0984,34.2516],[139.0984,34.1615]]]}},{"type":"Feature","properties":{"cell_id":728},"geometry":{"type":"Polygon","coordinates":[[[129.2169,34.2516],[129.3243,34.2516],[129.3243,34.3417],[129.2169,34.3417],[129.2169,34.2516]]]}},{"type":"Feature","properties":{"cell_id":729},"geometry":{"type":"Polygon","coordinates":[[[129.3243,34.2516],[129.4317,34.2516],[129.4317,34.3417],[129.3243,34.3417],[129.3243,34.2516]]]}},{"type":"Feature","properties":{"cell_id":730},"geometry":{"type":"Polygon","coordinates":[[[130.828,34.2516],[130.9354,34.2516],[130.9354,34.3417],[130.828,34.3417],[130.828,34.2516]]]}},{"type":"Feature","properties":{"cell_id":731},"geometry":{"type":"Polygon","coordinates":[[[130.9354,34.2516],[131.0428,34.2516],[131.0428,34.3417],[130.9354,34.3417],[130.9354,34.2516]]]}},{"type":"Feature","properties":{"cell_id":732},"geometry":{"type":"Polygon","coordinates":[[[131.0428,34.2516],[131.1502,34.2516],[131.1502,34.3417],[131.0428,34.3417],[131.0428,34.2516]]]}},{"type":"Feature","properties":{"cell_id":733},"geometry":{"type":"Polygon","coordinates":[[[131.1502,34.2516],[131.2576,34.2516],[131.2576,34.3417],[131.1502,34.3417],[131.1502,34.2516]]]}},{"type":"Feature","properties":{"cell_id":734},"geometry":{"type":"Polygon","coordinates":[[[131.2576,34.2516],[131.365,34.2516],[131.365,34.3417],[131.2576,34.3417],[131.2576,34.2516]]]}},{"type":"Feature","properties":{"cell_id":735},"geometry":{"type":"Polygon","coordinates":[[[131.365,34.2516],[131.4724,34.2516],[131.4724,34.3417],[131.365,34.3417],[131.365,34.2516]]]}},{"type":"Feature","properties":{"cell_id":736},"geometry":{"type":"Polygon","coordinates":[[[131.4724,34.2516],[131.5798,34.2516],[131.5798,34.3417],[131.4724,34.3417],[131.4724,34.2516]]]}},{"type":"Feature","properties":{"cell_id":737},"geometry":{"type":"Polygon","coordinates":[[[131.5798,34.2516],[131.6872,34.2516],[131.6872,34.3417],[131.5798,34.3417],[131.5798,34.2516]]]}},{"type":"Feature","properties":{"cell_id":738},"geometry":{"type":"Polygon","coordinates":[[[131.6872,34.2516],[131.7947,34.2516],[131.7947,34.3417],[131.6872,34.3417],[131.6872,34.2516]]]}},{"type":"Feature","properties":{"cell_id":739},"geometry":{"type":"Polygon","coordinates":[[[131.7947,34.2516],[131.9021,34.2516],[131.9021,34.3417],[131.7947,34.3417],[131.7947,34.2516]]]}},{"type":"Feature","properties":{"cell_id":740},"geometry":{"type":"Polygon","coordinates":[[[131.9021,34.2516],[132.0095,34.2516],[132.0095,34.3417],[131.9021,34.3417],[131.9021,34.2516]]]}},{"type":"Feature","properties":{"cell_id":741},"geometry":{"type":"Polygon","coordinates":[[[132.0095,34.2516],[132.1169,34.2516],[132.1169,34.3417],[132.0095,34.3417],[132.0095,34.2516]]]}},{"type":"Feature","properties":{"cell_id":742},"geometry":{"type":"Polygon","coordinates":[[[132.1169,34.2516],[132.2243,34.2516],[132.2243,34.3417],[132.1169,34.3417],[132.1169,34.2516]]]}},{"type":"Feature","properties":{"cell_id":743},"geometry":{"type":"Polygon","coordinates":[[[132.2243,34.2516],[132.3317,34.2516],[132.3317,34.3417],[132.2243,34.3417],[132.2243,34.2516]]]}},{"type":"Feature","properties":{"cell_id":744},"geometry":{"type":"Polygon","coordinates":[[[132.5465,34.2516],[132.6539,34.2516],[132.6539,34.3417],[132.5465,34.3417],[132.5465,34.2516]]]}},{"type":"Feature","properties":{"cell_id":745},"geometry":{"type":"Polygon","coordinates":[[[132.6539,34.2516],[132.7613,34.2516],[132.7613,34.3417],[132.6539,34.3417],[132.6539,34.2516]]]}},{"type":"Feature","properties":{"cell_id":746},"geometry":{"type":"Polygon","coordinates":[[[133.0835,34.2516],[133.191,34.2516],[133.191,34.3417],[133.0835,34.3417],[133.0835,34.2516]]]}},{"type":"Feature","properties":{"cell_id":747},"geometry":{"type":"Polygon","coordinates":[[[133.728,34.2516],[133.8354,34.2516],[133.8354,34.3417],[133.728,34.3417],[133.728,34.2516]]]}},{"type":"Feature","properties":{"cell_id":748},"geometry":{"type":"Polygon","coordinates":[[[133.8354,34.2516],[133.9428,34.2516],[133.9428,34.3417],[133.8354,34.3417],[133.8354,34.2516]]]}},{"type":"Feature","properties":{"cell_id":749},"geometry":{"type":"Polygon","coordinates":[[[133.9428,34.2516],[134.0502,34.2516],[134.0502,34.3417],[133.9428,34.3417],[133.9428,34.2516]]]}},{"type":"Feature","properties":{"cell_id":750},"geometry":{"type":"Polygon","coordinates":[[[134.0502,34.2516],[134.1576,34.2516],[134.1576,34.3417],[134.0502,34.3417],[134.0502,34.2516]]]}},{"type":"Feature","properties":{"cell_id":751},"geometry":{"type":"Polygon","coordinates":[[[134.1576,34.2516],[134.265,34.2516],[134.265,34.3417],[134.1576,34.3417],[134.1576,34.2516]]]}},{"type":"Feature","properties":{"cell_id":752},"geometry":{"type":"Polygon","coordinates":[[[134.6947,34.2516],[134.8021,34.2516],[134.8021,34.3417],[134.6947,34.3417],[134.6947,34.2516]]]}},{"type":"Feature","properties":{"cell_id":753},"geometry":{"type":"Polygon","coordinates":[[[134.8021,34.2516],[134.9095,34.2516],[134.9095,34.3417],[134.8021,34.3417],[134.8021,34.2516]]]}},{"type":"Feature","properties":{"cell_id":754},"geometry":{"type":"Polygon","coordinates":[[[135.0169,34.2516],[135.1243,34.2516],[135.1243,34.3417],[135.0169,34.3417],[135.0169,34.2516]]]}},{"type":"Feature","properties":{"cell_id":755},"geometry":{"type":"Polygon","coordinates":[[[135.1243,34.2516],[135.2317,34.2516],[135.2317,34.3417],[135.1243,34.3417],[135.1243,34.2516]]]}},{"type":"Feature","properties":{"cell_id":756},"geometry":{"type":"Polygon","coordinates":[[[135.2317,34.2516],[135.3391,34.2516],[135.3391,34.3417],[135.2317,34.3417],[135.2317,34.2516]]]}},{"type":"Feature","properties":{"cell_id":757},"geometry":{"type":"Polygon","coordinates":[[[135.3391,34.2516],[135.4465,34.2516],[135.4465,34.3417],[135.3391,34.3417],[135.3391,34.2516]]]}},{"type":"Feature","properties":{"cell_id":758},"geometry":{"type":"Polygon","coordinates":[[[135.4465,34.2516],[135.5539,34.2516],[135.5539,34.3417],[135.4465,34.3417],[135.4465,34.2516]]]}},{"type":"Feature","properties":{"cell_id":759},"geometry":{"type":"Polygon","coordinates":[[[135.5539,34.2516],[135.6613,34.2516],[135.6613,34.3417],[135.5539,34.3417],[135.5539,34.2516]]]}},{"type":"Feature","properties":{"cell_id":760},"geometry":{"type":"Polygon","coordinates":[[[135.6613,34.2516],[135.7687,34.2516],[135.7687,34.3417],[135.6613,34.3417],[135.6613,34.2516]]]}},{"type":"Feature","properties":{"cell_id":761},"geometry":{"type":"Polygon","coordinates":[[[135.7687,34.2516],[135.8762,34.2516],[135.8762,34.3417],[135.7687,34.3417],[135.7687,34.2516]]]}},{"type":"Feature","properties":{"cell_id":762},"geometry":{"type":"Polygon","coordinates":[[[135.8762,34.2516],[135.9836,34.2516],[135.9836,34.3417],[135.8762,34.3417],[135.8762,34.2516]]]}},{"type":"Feature","properties":{"cell_id":763},"geometry":{"type":"Polygon","coordinates":[[[135.9836,34.2516],[136.091,34.2516],[136.091,34.3417],[135.9836,34.3417],[135.9836,34.2516]]]}},{"type":"Feature","properties":{"cell_id":764},"geometry":{"type":"Polygon","coordinates":[[[136.091,34.2516],[136.1984,34.2516],[136.1984,34.3417],[136.091,34.3417],[136.091,34.2516]]]}},{"type":"Feature","properties":{"cell_id":765},"geometry":{"type":"Polygon","coordinates":[[[136.1984,34.2516],[136.3058,34.2516],[136.3058,34.3417],[136.1984,34.3417],[136.1984,34.2516]]]}},{"type":"Feature","properties":{"cell_id":766},"geometry":{"type":"Polygon","coordinates":[[[136.3058,34.2516],[136.4132,34.2516],[136.4132,34.3417],[136.3058,34.3417],[136.3058,34.2516]]]}},{"type":"Feature","properties":{"cell_id":767},"geometry":{"type":"Polygon","coordinates":[[[136.4132,34.2516],[136.5206,34.2516],[136.5206,34.3417],[136.4132,34.3417],[136.4132,34.2516]]]}},{"type":"Feature","properties":{"cell_id":768},"geometry":{"type":"Polygon","coordinates":[[[136.5206,34.2516],[136.628,34.2516],[136.628,34.3417],[136.5206,34.3417],[136.5206,34.2516]]]}},{"type":"Feature","properties":{"cell_id":769},"geometry":{"type":"Polygon","coordinates":[[[136.628,34.2516],[136.7354,34.2516],[136.7354,34.3417],[136.628,34.3417],[136.628,34.2516]]]}},{"type":"Feature","properties":{"cell_id":770},"geometry":{"type":"Polygon","coordinates":[[[136.7354,34.2516],[136.8428,34.2516],[136.8428,34.3417],[136.7354,34.3417],[136.7354,34.2516]]]}},{"type":"Feature","properties":{"cell_id":771},"geometry":{"type":"Polygon","coordinates":[[[129.2169,34.3417],[129.3243,34.3417],[129.3243,34.4317],[129.2169,34.4317],[129.2169,34.3417]]]}},{"type":"Feature","properties":{"cell_id":772},"geometry":{"type":"Polygon","coordinates":[[[129.3243,34.3417],[129.4317,34.3417],[129.4317,34.4317],[129.3243,34.4317],[129.3243,34.3417]]]}},{"type":"Feature","properties":{"cell_id":773},"geometry":{"type":"Polygon","coordinates":[[[131.0428,34.3417],[131.1502,34.3417],[131.1502,34.4317],[131.0428,34.4317],[131.0428,34.3417]]]}},{"type":"Feature","properties":{"cell_id":774},"geometry":{"type":"Polygon","coordinates":[[[131.2576,34.3417],[131.365,34.3417],[131.365,34.4317],[131.2576,34.4317],[131.2576,34.3417]]]}},{"type":"Feature","properties":{"cell_id":775},"geometry":{"type":"Polygon","coordinates":[[[131.365,34.3417],[131.4724,34.3417],[131.4724,34.4317],[131.365,34.4317],[131.365,34.3417]]]}},{"type":"Feature","properties":{"cell_id":776},"geometry":{"type":"Polygon","coordinates":[[[131.4724,34.3417],[131.5798,34.3417],[131.5798,34.4317],[131.4724,34.4317],[131.4724,34.3417]]]}},{"type":"Feature","properties":{"cell_id":777},"geometry":{"type":"Polygon","coordinates":[[[131.5798,34.3417],[131.6872,34.3417],[131.6872,34.4317],[131.5798,34.4317],[131.5798,34.3417]]]}},{"type":"Feature","properties":{"cell_id":778},"geometry":{"type":"Polygon","coordinates":[[[131.6872,34.3417],[131.7947,34.3417],[131.7947,34.4317],[131.6872,34.4317],[131.6872,34.3417]]]}},{"type":"Feature","properties":{"cell_id":779},"geometry":{"type":"Polygon","coordinates":[[[131.7947,34.3417],[131.9021,34.3417],[131.9021,34.4317],[131.7947,34.4317],[131.7947,34.3417]]]}},{"type":"Feature","properties":{"cell_id":780},"geometry":{"type":"Polygon","coordinates":[[[131.9021,34.3417],[132.0095,34.3417],[132.0095,34.4317],[131.9021,34.4317],[131.9021,34.3417]]]}},{"type":"Feature","properties":{"cell_id":781},"geometry":{"type":"Polygon","coordinates":[[[132.0095,34.3417],[132.1169,34.3417],[132.1169,34.4317],[132.0095,34.4317],[132.0095,34.3417]]]}},{"type":"Feature","properties":{"cell_id":782},"geometry":{"type":"Polygon","coordinates":[[[132.1169,34.3417],[132.2243,34.3417],[132.2243,34.4317],[132.1169,34.4317],[132.1169,34.3417]]]}},{"type":"Feature","properties":{"cell_id":783},"geometry":{"type":"Polygon","coordinates":[[[132.2243,34.3417],[132.3317,34.3417],[132.3317,34.4317],[132.2243,34.4317],[132.2243,34.3417]]]}},{"type":"Feature","properties":{"cell_id":784},"geometry":{"type":"Polygon","coordinates":[[[132.3317,34.3417],[132.4391,34.3417],[132.4391,34.4317],[132.3317,34.4317],[132.3317,34.3417]]]}},{"type":"Feature","properties":{"cell_id":785},"geometry":{"type":"Polygon","coordinates":[[[132.4391,34.3417],[132.5465,34.3417],[132.5465,34.4317],[132.4391,34.4317],[132.4391,34.3417]]]}},{"type":"Feature","properties":{"cell_id":786},"geometry":{"type":"Polygon","coordinates":[[[132.5465,34.3417],[132.6539,34.3417],[132.6539,34.4317],[132.5465,34.4317],[132.5465,34.3417]]]}},{"type":"Feature","properties":{"cell_id":787},"geometry":{"type":"Polygon","coordinates":[[[132.6539,34.3417],[132.7613,34.3417],[132.7613,34.4317],[132.6539,34.4317],[132.6539,34.3417]]]}},{"type":"Feature","properties":{"cell_id":788},"geometry":{"type":"Polygon","coordinates":[[[132.7613,34.3417],[132.8687,34.3417],[132.8687,34.4317],[132.7613,34.4317],[132.7613,34.3417]]]}},{"type":"Feature","properties":{"cell_id":789},"geometry":{"type":"Polygon","coordinates":[[[132.8687,34.3417],[132.9761,34.3417],[132.9761,34.4317],[132.8687,34.4317],[132.8687,34.3417]]]}},{"type":"Feature","properties":{"cell_id":790},"geometry":{"type":"Polygon","coordinates":[[[132.9761,34.3417],[133.0835,34.3417],[133.0835,34.4317],[132.9761,34.4317],[132.9761,34.3417]]]}},{"type":"Feature","properties":{"cell_id":791},"geometry":{"type":"Polygon","coordinates":[[[133.2984,34.3417],[133.4058,34.3417],[133.4058,34.4317],[133.2984,34.4317],[133.2984,34.3417]]]}},{"type":"Feature","properties":{"cell_id":792},"geometry":{"type":"Polygon","coordinates":[[[133.728,34.3417],[133.8354,34.3417],[133.8354,34.4317],[133.728,34.4317],[133.728,34.3417]]]}},{"type":"Feature","properties":{"cell_id":793},"geometry":{"type":"Polygon","coordinates":[[[134.8021,34.3417],[134.9095,34.3417],[134.9095,34.4317],[134.8021,34.4317],[134.8021,34.3417]]]}},{"type":"Feature","properties":{"cell_id":794},"geometry":{"type":"Polygon","coordinates":[[[135.2317,34.3417],[135.3391,34.3417],[135.3391,34.4317],[135.2317,34.4317],[135.2317,34.3417]]]}},{"type":"Feature","properties":{"cell_id":795},"geometry":{"type":"Polygon","coordinates":[[[135.3391,34.3417],[135.4465,34.3417],[135.4465,34.4317],[135.3391,34.4317],[135.3391,34.3417]]]}},{"type":"Feature","properties":{"cell_id":796},"geometry":{"type":"Polygon","coordinates":[[[135.4465,34.3417],[135.5539,34.3417],[135.5539,34.4317],[135.4465,34.4317],[135.4465,34.3417]]]}},{"type":"Feature","properties":{"cell_id":797},"geometry":{"type":"Polygon","coordinates":[[[135.5539,34.3417],[135.6613,34.3417],[135.6613,34.4317],[135.5539,34.4317],[135.5539,34.3417]]]}},{"type":"Feature","properties":{"cell_id":798},"geometry":{"type":"Polygon","coordinates":[[[135.6613,34.3417],[135.7687,34.3417],[135.7687,34.4317],[135.6613,34.4317],[135.6613,34.3417]]]}},{"type":"Feature","properties":{"cell_id":799},"geometry":{"type":"Polygon","coordinates":[[[135.7687,34.3417],[135.8762,34.3417],[135.8762,34.4317],[135.7687,34.4317],[135.7687,34.3417]]]}},{"type":"Feature","properties":{"cell_id":800},"geometry":{"type":"Polygon","coordinates":[[[135.8762,34.3417],[135.9836,34.3417],[135.9836,34.4317],[135.8762,34.4317],[135.8762,34.3417]]]}},{"type":"Feature","properties":{"cell_id":801},"geometry":{"type":"Polygon","coordinates":[[[135.9836,34.3417],[136.091,34.3417],[136.091,34.4317],[135.9836,34.4317],[135.9836,34.3417]]]}},{"type":"Feature","properties":{"cell_id":802},"geometry":{"type":"Polygon","coordinates":[[[136.091,34.3417],[136.1984,34.3417],[136.1984,34.4317],[136.091,34.4317],[136.091,34.3417]]]}},{"type":"Feature","properties":{"cell_id":803},"geometry":{"type":"Polygon","coordinates":[[[136.1984,34.3417],[136.3058,34.3417],[136.3058,34.4317],[136.1984,34.4317],[136.1984,34.3417]]]}},{"type":"Feature","properties":{"cell_id":804},"geometry":{"type":"Polygon","coordinates":[[[136.3058,34.3417],[136.4132,34.3417],[136.4132,34.4317],[136.3058,34.4317],[136.3058,34.3417]]]}},{"type":"Feature","properties":{"cell_id":805},"geometry":{"type":"Polygon","coordinates":[[[136.4132,34.3417],[136.5206,34.3417],[136.5206,34.4317],[136.4132,34.4317],[136.4132,34.3417]]]}},{"type":"Feature","properties":{"cell_id":806},"geometry":{"type":"Polygon","coordinates":[[[136.5206,34.3417],[136.628,34.3417],[136.628,34.4317],[136.5206,34.4317],[136.5206,34.3417]]]}},{"type":"Feature","properties":{"cell_id":807},"geometry":{"type":"Polygon","coordinates":[[[136.628,34.3417],[136.7354,34.3417],[136.7354,34.4317],[136.628,34.4317],[136.628,34.3417]]]}},{"type":"Feature","properties":{"cell_id":808},"geometry":{"type":"Polygon","coordinates":[[[136.7354,34.3417],[136.8428,34.3417],[136.8428,34.4317],[136.7354,34.4317],[136.7354,34.3417]]]}},{"type":"Feature","properties":{"cell_id":809},"geometry":{"type":"Polygon","coordinates":[[[139.2058,34.3417],[139.3132,34.3417],[139.3132,34.4317],[139.2058,34.4317],[139.2058,34.3417]]]}},{"type":"Feature","properties":{"cell_id":810},"geometry":{"type":"Polygon","coordinates":[[[129.3243,34.4317],[129.4317,34.4317],[129.4317,34.5218],[129.3243,34.5218],[129.3243,34.4317]]]}},{"type":"Feature","properties":{"cell_id":811},"geometry":{"type":"Polygon","coordinates":[[[131.4724,34.4317],[131.5798,34.4317],[131.5798,34.5218],[131.4724,34.5218],[131.4724,34.4317]]]}},{"type":"Feature","properties":{"cell_id":812},"geometry":{"type":"Polygon","coordinates":[[[131.5798,34.4317],[131.6872,34.4317],[131.6872,34.5218],[131.5798,34.5218],[131.5798,34.4317]]]}},{"type":"Feature","properties":{"cell_id":813},"geometry":{"type":"Polygon","coordinates":[[[131.6872,34.4317],[131.7947,34.4317],[131.7947,34.5218],[131.6872,34.5218],[131.6872,34.4317]]]}},{"type":"Feature","properties":{"cell_id":814},"geometry":{"type":"Polygon","coordinates":[[[131.7947,34.4317],[131.9021,34.4317],[131.9021,34.5218],[131.7947,34.5218],[131.7947,34.4317]]]}},{"type":"Feature","properties":{"cell_id":815},"geometry":{"type":"Polygon","coordinates":[[[131.9021,34.4317],[132.0095,34.4317],[132.0095,34.5218],[131.9021,34.5218],[131.9021,34.4317]]]}},{"type":"Feature","properties":{"cell_id":816},"geometry":{"type":"Polygon","coordinates":[[[132.0095,34.4317],[132.1169,34.4317],[132.1169,34.5218],[132.0095,34.5218],[132.0095,34.4317]]]}},{"type":"Feature","properties":{"cell_id":817},"geometry":{"type":"Polygon","coordinates":[[[132.1169,34.4317],[132.2243,34.4317],[132.2243,34.5218],[132.1169,34.5218],[132.1169,34.4317]]]}},{"type":"Feature","properties":{"cell_id":818},"geometry":{"type":"Polygon","coordinates":[[[132.2243,34.4317],[132.3317,34.4317],[132.3317,34.5218],[132.2243,34.5218],[132.2243,34.4317]]]}},{"type":"Feature","properties":{"cell_id":819},"geometry":{"type":"Polygon","coordinates":[[[132.3317,34.4317],[132.4391,34.4317],[132.4391,34.5218],[132.3317,34.5218],[132.3317,34.4317]]]}},{"type":"Feature","properties":{"cell_id":820},"geometry":{"type":"Polygon","coordinates":[[[132.4391,34.4317],[132.5465,34.4317],[132.5465,34.5218],[132.4391,34.5218],[132.4391,34.4317]]]}},{"type":"Feature","properties":{"cell_id":821},"geometry":{"type":"Polygon","coordinates":[[[132.5465,34.4317],[132.6539,34.4317],[132.6539,34.5218],[132.5465,34.5218],[132.5465,34.4317]]]}},{"type":"Feature","properties":{"cell_id":822},"geometry":{"type":"Polygon","coordinates":[[[132.6539,34.4317],[132.7613,34.4317],[132.7613,34.5218],[132.6539,34.5218],[132.6539,34.4317]]]}},{"type":"Feature","properties":{"cell_id":823},"geometry":{"type":"Polygon","coordinates":[[[132.7613,34.4317],[132.8687,34.4317],[132.8687,34.5218],[132.7613,34.5218],[132.7613,34.4317]]]}},{"type":"Feature","properties":{"cell_id":824},"geometry":{"type":"Polygon","coordinates":[[[132.8687,34.4317],[132.9761,34.4317],[132.9761,34.5218],[132.8687,34.5218],[132.8687,34.4317]]]}},{"type":"Feature","properties":{"cell_id":825},"geometry":{"type":"Polygon","coordinates":[[[132.9761,34.4317],[133.0835,34.4317],[133.0835,34.5218],[132.9761,34.5218],[132.9761,34.4317]]]}},{"type":"Feature","properties":{"cell_id":826},"geometry":{"type":"Polygon","coordinates":[[[133.0835,34.4317],[133.191,34.4317],[133.191,34.5218],[133.0835,34.5218],[133.0835,34.4317]]]}},{"type":"Feature","properties":{"cell_id":827},"geometry":{"type":"Polygon","coordinates":[[[133.191,34.4317],[133.2984,34.4317],[133.2984,34.5218],[133.191,34.5218],[133.191,34.4317]]]}},{"type":"Feature","properties":{"cell_id":828},"geometry":{"type":"Polygon","coordinates":[[[133.2984,34.4317],[133.4058,34.4317],[133.4058,34.5218],[133.2984,34.5218],[133.2984,34.4317]]]}},{"type":"Feature","properties":{"cell_id":829},"geometry":{"type":"Polygon","coordinates":[[[133.4058,34.4317],[133.5132,34.4317],[133.5132,34.5218],[133.4058,34.5218],[133.4058,34.4317]]]}},{"type":"Feature","properties":{"cell_id":830},"geometry":{"type":"Polygon","coordinates":[[[133.5132,34.4317],[133.6206,34.4317],[133.6206,34.5218],[133.5132,34.5218],[133.5132,34.4317]]]}},{"type":"Feature","properties":{"cell_id":831},"geometry":{"type":"Polygon","coordinates":[[[133.728,34.4317],[133.8354,34.4317],[133.8354,34.5218],[133.728,34.5218],[133.728,34.4317]]]}},{"type":"Feature","properties":{"cell_id":832},"geometry":{"type":"Polygon","coordinates":[[[133.8354,34.4317],[133.9428,34.4317],[133.9428,34.5218],[133.8354,34.5218],[133.8354,34.4317]]]}},{"type":"Feature","properties":{"cell_id":833},"geometry":{"type":"Polygon","coordinates":[[[134.265,34.4317],[134.3724,34.4317],[134.3724,34.5218],[134.265,34.5218],[134.265,34.4317]]]}},{"type":"Feature","properties":{"cell_id":834},"geometry":{"type":"Polygon","coordinates":[[[134.8021,34.4317],[134.9095,34.4317],[134.9095,34.5218],[134.8021,34.5218],[134.8021,34.4317]]]}},{"type":"Feature","properties":{"cell_id":835},"geometry":{"type":"Polygon","coordinates":[[[135.3391,34.4317],[135.4465,34.4317],[135.4465,34.5218],[135.3391,34.5218],[135.3391,34.4317]]]}},{"type":"Feature","properties":{"cell_id":836},"geometry":{"type":"Polygon","coordinates":[[[135.4465,34.4317],[135.5539,34.4317],[135.5539,34.5218],[135.4465,34.5218],[135.4465,34.4317]]]}},{"type":"Feature","properties":{"cell_id":837},"geometry":{"type":"Polygon","coordinates":[[[135.5539,34.4317],[135.6613,34.4317],[135.6613,34.5218],[135.5539,34.5218],[135.5539,34.4317]]]}},{"type":"Feature","properties":{"cell_id":838},"geometry":{"type":"Polygon","coordinates":[[[135.6613,34.4317],[135.7687,34.4317],[135.7687,34.5218],[135.6613,34.5218],[135.6613,34.4317]]]}},{"type":"Feature","properties":{"cell_id":839},"geometry":{"type":"Polygon","coordinates":[[[135.7687,34.4317],[135.8762,34.4317],[135.8762,34.5218],[135.7687,34.5218],[135.7687,34.4317]]]}},{"type":"Feature","properties":{"cell_id":840},"geometry":{"type":"Polygon","coordinates":[[[135.8762,34.4317],[135.9836,34.4317],[135.9836,34.5218],[135.8762,34.5218],[135.8762,34.4317]]]}},{"type":"Feature","properties":{"cell_id":841},"geometry":{"type":"Polygon","coordinates":[[[135.9836,34.4317],[136.091,34.4317],[136.091,34.5218],[135.9836,34.5218],[135.9836,34.4317]]]}},{"type":"Feature","properties":{"cell_id":842},"geometry":{"type":"Polygon","coordinates":[[[136.091,34.4317],[136.1984,34.4317],[136.1984,34.5218],[136.091,34.5218],[136.091,34.4317]]]}},{"type":"Feature","properties":{"cell_id":843},"geometry":{"type":"Polygon","coordinates":[[[136.1984,34.4317],[136.3058,34.4317],[136.3058,34.5218],[136.1984,34.5218],[136.1984,34.4317]]]}},{"type":"Feature","properties":{"cell_id":844},"geometry":{"type":"Polygon","coordinates":[[[136.3058,34.4317],[136.4132,34.4317],[136.4132,34.5218],[136.3058,34.5218],[136.3058,34.4317]]]}},{"type":"Feature","properties":{"cell_id":845},"geometry":{"type":"Polygon","coordinates":[[[136.4132,34.4317],[136.5206,34.4317],[136.5206,34.5218],[136.4132,34.5218],[136.4132,34.4317]]]}},{"type":"Feature","properties":{"cell_id":846},"geometry":{"type":"Polygon","coordinates":[[[136.5206,34.4317],[136.628,34.4317],[136.628,34.5218],[136.5206,34.5218],[136.5206,34.4317]]]}},{"type":"Feature","properties":{"cell_id":847},"geometry":{"type":"Polygon","coordinates":[[[136.628,34.4317],[136.7354,34.4317],[136.7354,34.5218],[136.628,34.5218],[136.628,34.4317]]]}},{"type":"Feature","properties":{"cell_id":848},"geometry":{"type":"Polygon","coordinates":[[[136.7354,34.4317],[136.8428,34.4317],[136.8428,34.5218],[136.7354,34.5218],[136.7354,34.4317]]]}},{"type":"Feature","properties":{"cell_id":849},"geometry":{"type":"Polygon","coordinates":[[[129.3243,34.5218],[129.4317,34.5218],[129.4317,34.6119],[129.3243,34.6119],[129.3243,34.5218]]]}},{"type":"Feature","properties":{"cell_id":850},"geometry":{"type":"Polygon","coordinates":[[[131.5798,34.5218],[131.6872,34.5218],[131.6872,34.6119],[131.5798,34.6119],[131.5798,34.5218]]]}},{"type":"Feature","properties":{"cell_id":851},"geometry":{"type":"Polygon","coordinates":[[[131.6872,34.5218],[131.7947,34.5218],[131.7947,34.6119],[131.6872,34.6119],[131.6872,34.5218]]]}},{"type":"Feature","properties":{"cell_id":852},"geometry":{"type":"Polygon","coordinates":[[[131.7947,34.5218],[131.9021,34.5218],[131.9021,34.6119],[131.7947,34.6119],[131.7947,34.5218]]]}},{"type":"Feature","properties":{"cell_id":853},"geometry":{"type":"Polygon","coordinates":[[[131.9021,34.5218],[132.0095,34.5218],[132.0095,34.6119],[131.9021,34.6119],[131.9021,34.5218]]]}},{"type":"Feature","properties":{"cell_id":854},"geometry":{"type":"Polygon","coordinates":[[[132.0095,34.5218],[132.1169,34.5218],[132.1169,34.6119],[132.0095,34.6119],[132.0095,34.5218]]]}},{"type":"Feature","properties":{"cell_id":855},"geometry":{"type":"Polygon","coordinates":[[[132.1169,34.5218],[132.2243,34.5218],[132.2243,34.6119],[132.1169,34.6119],[132.1169,34.5218]]]}},{"type":"Feature","properties":{"cell_id":856},"geometry":{"type":"Polygon","coordinates":[[[132.2243,34.5218],[132.3317,34.5218],[132.3317,34.6119],[132.2243,34.6119],[132.2243,34.5218]]]}},{"type":"Feature","properties":{"cell_id":857},"geometry":{"type":"Polygon","coordinates":[[[132.3317,34.5218],[132.4391,34.5218],[132.4391,34.6119],[132.3317,34.6119],[132.3317,34.5218]]]}},{"type":"Feature","properties":{"cell_id":858},"geometry":{"type":"Polygon","coordinates":[[[132.4391,34.5218],[132.5465,34.5218],[132.5465,34.6119],[132.4391,34.6119],[132.4391,34.5218]]]}},{"type":"Feature","properties":{"cell_id":859},"geometry":{"type":"Polygon","coordinates":[[[132.5465,34.5218],[132.6539,34.5218],[132.6539,34.6119],[132.5465,34.6119],[132.5465,34.5218]]]}},{"type":"Feature","properties":{"cell_id":860},"geometry":{"type":"Polygon","coordinates":[[[132.6539,34.5218],[132.7613,34.5218],[132.7613,34.6119],[132.6539,34.6119],[132.6539,34.5218]]]}},{"type":"Feature","properties":{"cell_id":861},"geometry":{"type":"Polygon","coordinates":[[[132.7613,34.5218],[132.8687,34.5218],[132.8687,34.6119],[132.7613,34.6119],[132.7613,34.5218]]]}},{"type":"Feature","properties":{"cell_id":862},"geometry":{"type":"Polygon","coordinates":[[[132.8687,34.5218],[132.9761,34.5218],[132.9761,34.6119],[132.8687,34.6119],[132.8687,34.5218]]]}},{"type":"Feature","properties":{"cell_id":863},"geometry":{"type":"Polygon","coordinates":[[[132.9761,34.5218],[133.0835,34.5218],[133.0835,34.6119],[132.9761,34.6119],[132.9761,34.5218]]]}},{"type":"Feature","properties":{"cell_id":864},"geometry":{"type":"Polygon","coordinates":[[[133.0835,34.5218],[133.191,34.5218],[133.191,34.6119],[133.0835,34.6119],[133.0835,34.5218]]]}},{"type":"Feature","properties":{"cell_id":865},"geometry":{"type":"Polygon","coordinates":[[[133.191,34.5218],[133.2984,34.5218],[133.2984,34.6119],[133.191,34.6119],[133.191,34.5218]]]}},{"type":"Feature","properties":{"cell_id":866},"geometry":{"type":"Polygon","coordinates":[[[133.2984,34.5218],[133.4058,34.5218],[133.4058,34.6119],[133.2984,34.6119],[133.2984,34.5218]]]}},{"type":"Feature","properties":{"cell_id":867},"geometry":{"type":"Polygon","coordinates":[[[133.4058,34.5218],[133.5132,34.5218],[133.5132,34.6119],[133.4058,34.6119],[133.4058,34.5218]]]}},{"type":"Feature","properties":{"cell_id":868},"geometry":{"type":"Polygon","coordinates":[[[133.5132,34.5218],[133.6206,34.5218],[133.6206,34.6119],[133.5132,34.6119],[133.5132,34.5218]]]}},{"type":"Feature","properties":{"cell_id":869},"geometry":{"type":"Polygon","coordinates":[[[133.6206,34.5218],[133.728,34.5218],[133.728,34.6119],[133.6206,34.6119],[133.6206,34.5218]]]}},{"type":"Feature","properties":{"cell_id":870},"geometry":{"type":"Polygon","coordinates":[[[133.728,34.5218],[133.8354,34.5218],[133.8354,34.6119],[133.728,34.6119],[133.728,34.5218]]]}},{"type":"Feature","properties":{"cell_id":871},"geometry":{"type":"Polygon","coordinates":[[[133.8354,34.5218],[133.9428,34.5218],[133.9428,34.6119],[133.8354,34.6119],[133.8354,34.5218]]]}},{"type":"Feature","properties":{"cell_id":872},"geometry":{"type":"Polygon","coordinates":[[[133.9428,34.5218],[134.0502,34.5218],[134.0502,34.6119],[133.9428,34.6119],[133.9428,34.5218]]]}},{"type":"Feature","properties":{"cell_id":873},"geometry":{"type":"Polygon","coordinates":[[[134.9095,34.5218],[135.0169,34.5218],[135.0169,34.6119],[134.9095,34.6119],[134.9095,34.5218]]]}},{"type":"Feature","properties":{"cell_id":874},"geometry":{"type":"Polygon","coordinates":[[[135.4465,34.5218],[135.5539,34.5218],[135.5539,34.6119],[135.4465,34.6119],[135.4465,34.5218]]]}},{"type":"Feature","properties":{"cell_id":875},"geometry":{"type":"Polygon","coordinates":[[[135.5539,34.5218],[135.6613,34.5218],[135.6613,34.6119],[135.5539,34.6119],[135.5539,34.5218]]]}},{"type":"Feature","properties":{"cell_id":876},"geometry":{"type":"Polygon","coordinates":[[[135.6613,34.5218],[135.7687,34.5218],[135.7687,34.6119],[135.6613,34.6119],[135.6613,34.5218]]]}},{"type":"Feature","properties":{"cell_id":877},"geometry":{"type":"Polygon","coordinates":[[[135.7687,34.5218],[135.8762,34.5218],[135.8762,34.6119],[135.7687,34.6119],[135.7687,34.5218]]]}},{"type":"Feature","properties":{"cell_id":878},"geometry":{"type":"Polygon","coordinates":[[[135.8762,34.5218],[135.9836,34.5218],[135.9836,34.6119],[135.8762,34.6119],[135.8762,34.5218]]]}},{"type":"Feature","properties":{"cell_id":879},"geometry":{"type":"Polygon","coordinates":[[[135.9836,34.5218],[136.091,34.5218],[136.091,34.6119],[135.9836,34.6119],[135.9836,34.5218]]]}},{"type":"Feature","properties":{"cell_id":880},"geometry":{"type":"Polygon","coordinates":[[[136.091,34.5218],[136.1984,34.5218],[136.1984,34.6119],[136.091,34.6119],[136.091,34.5218]]]}},{"type":"Feature","properties":{"cell_id":881},"geometry":{"type":"Polygon","coordinates":[[[136.1984,34.5218],[136.3058,34.5218],[136.3058,34.6119],[136.1984,34.6119],[136.1984,34.5218]]]}},{"type":"Feature","properties":{"cell_id":882},"geometry":{"type":"Polygon","coordinates":[[[136.3058,34.5218],[136.4132,34.5218],[136.4132,34.6119],[136.3058,34.6119],[136.3058,34.5218]]]}},{"type":"Feature","properties":{"cell_id":883},"geometry":{"type":"Polygon","coordinates":[[[136.4132,34.5218],[136.5206,34.5218],[136.5206,34.6119],[136.4132,34.6119],[136.4132,34.5218]]]}},{"type":"Feature","properties":{"cell_id":884},"geometry":{"type":"Polygon","coordinates":[[[136.5206,34.5218],[136.628,34.5218],[136.628,34.6119],[136.5206,34.6119],[136.5206,34.5218]]]}},{"type":"Feature","properties":{"cell_id":885},"geometry":{"type":"Polygon","coordinates":[[[131.5798,34.6119],[131.6872,34.6119],[131.6872,34.702],[131.5798,34.702],[131.5798,34.6119]]]}},{"type":"Feature","properties":{"cell_id":886},"geometry":{"type":"Polygon","coordinates":[[[131.6872,34.6119],[131.7947,34.6119],[131.7947,34.702],[131.6872,34.702],[131.6872,34.6119]]]}},{"type":"Feature","properties":{"cell_id":887},"geometry":{"type":"Polygon","coordinates":[[[131.7947,34.6119],[131.9021,34.6119],[131.9021,34.702],[131.7947,34.702],[131.7947,34.6119]]]}},{"type":"Feature","properties":{"cell_id":888},"geometry":{"type":"Polygon","coordinates":[[[131.9021,34.6119],[132.0095,34.6119],[132.0095,34.702],[131.9021,34.702],[131.9021,34.6119]]]}},{"type":"Feature","properties":{"cell_id":889},"geometry":{"type":"Polygon","coordinates":[[[132.0095,34.6119],[132.1169,34.6119],[132.1169,34.702],[132.0095,34.702],[132.0095,34.6119]]]}},{"type":"Feature","properties":{"cell_id":890},"geometry":{"type":"Polygon","coordinates":[[[132.1169,34.6119],[132.2243,34.6119],[132.2243,34.702],[132.1169,34.702],[132.1169,34.6119]]]}},{"type":"Feature","properties":{"cell_id":891},"geometry":{"type":"Polygon","coordinates":[[[132.2243,34.6119],[132.3317,34.6119],[132.3317,34.702],[132.2243,34.702],[132.2243,34.6119]]]}},{"type":"Feature","properties":{"cell_id":892},"geometry":{"type":"Polygon","coordinates":[[[132.3317,34.6119],[132.4391,34.6119],[132.4391,34.702],[132.3317,34.702],[132.3317,34.6119]]]}},{"type":"Feature","properties":{"cell_id":893},"geometry":{"type":"Polygon","coordinates":[[[132.4391,34.6119],[132.5465,34.6119],[132.5465,34.702],[132.4391,34.702],[132.4391,34.6119]]]}},{"type":"Feature","properties":{"cell_id":894},"geometry":{"type":"Polygon","coordinates":[[[132.5465,34.6119],[132.6539,34.6119],[132.6539,34.702],[132.5465,34.702],[132.5465,34.6119]]]}},{"type":"Feature","properties":{"cell_id":895},"geometry":{"type":"Polygon","coordinates":[[[132.6539,34.6119],[132.7613,34.6119],[132.7613,34.702],[132.6539,34.702],[132.6539,34.6119]]]}},{"type":"Feature","properties":{"cell_id":896},"geometry":{"type":"Polygon","coordinates":[[[132.7613,34.6119],[132.8687,34.6119],[132.8687,34.702],[132.7613,34.702],[132.7613,34.6119]]]}},{"type":"Feature","properties":{"cell_id":897},"geometry":{"type":"Polygon","coordinates":[[[132.8687,34.6119],[132.9761,34.6119],[132.9761,34.702],[132.8687,34.702],[132.8687,34.6119]]]}},{"type":"Feature","properties":{"cell_id":898},"geometry":{"type":"Polygon","coordinates":[[[132.9761,34.6119],[133.0835,34.6119],[133.0835,34.702],[132.9761,34.702],[132.9761,34.6119]]]}},{"type":"Feature","properties":{"cell_id":899},"geometry":{"type":"Polygon","coordinates":[[[133.0835,34.6119],[133.191,34.6119],[133.191,34.702],[133.0835,34.702],[133.0835,34.6119]]]}},{"type":"Feature","properties":{"cell_id":900},"geometry":{"type":"Polygon","coordinates":[[[133.191,34.6119],[133.2984,34.6119],[133.2984,34.702],[133.191,34.702],[133.191,34.6119]]]}},{"type":"Feature","properties":{"cell_id":901},"geometry":{"type":"Polygon","coordinates":[[[133.2984,34.6119],[133.4058,34.6119],[133.4058,34.702],[133.2984,34.702],[133.2984,34.6119]]]}},{"type":"Feature","properties":{"cell_id":902},"geometry":{"type":"Polygon","coordinates":[[[133.4058,34.6119],[133.5132,34.6119],[133.5132,34.702],[133.4058,34.702],[133.4058,34.6119]]]}},{"type":"Feature","properties":{"cell_id":903},"geometry":{"type":"Polygon","coordinates":[[[133.5132,34.6119],[133.6206,34.6119],[133.6206,34.702],[133.5132,34.702],[133.5132,34.6119]]]}},{"type":"Feature","properties":{"cell_id":904},"geometry":{"type":"Polygon","coordinates":[[[133.6206,34.6119],[133.728,34.6119],[133.728,34.702],[133.6206,34.702],[133.6206,34.6119]]]}},{"type":"Feature","properties":{"cell_id":905},"geometry":{"type":"Polygon","coordinates":[[[133.728,34.6119],[133.8354,34.6119],[133.8354,34.702],[133.728,34.702],[133.728,34.6119]]]}},{"type":"Feature","properties":{"cell_id":906},"geometry":{"type":"Polygon","coordinates":[[[133.8354,34.6119],[133.9428,34.6119],[133.9428,34.702],[133.8354,34.702],[133.8354,34.6119]]]}},{"type":"Feature","properties":{"cell_id":907},"geometry":{"type":"Polygon","coordinates":[[[133.9428,34.6119],[134.0502,34.6119],[134.0502,34.702],[133.9428,34.702],[133.9428,34.6119]]]}},{"type":"Feature","properties":{"cell_id":908},"geometry":{"type":"Polygon","coordinates":[[[134.0502,34.6119],[134.1576,34.6119],[134.1576,34.702],[134.0502,34.702],[134.0502,34.6119]]]}},{"type":"Feature","properties":{"cell_id":909},"geometry":{"type":"Polygon","coordinates":[[[134.9095,34.6119],[135.0169,34.6119],[135.0169,34.702],[134.9095,34.702],[134.9095,34.6119]]]}},{"type":"Feature","properties":{"cell_id":910},"geometry":{"type":"Polygon","coordinates":[[[135.0169,34.6119],[135.1243,34.6119],[135.1243,34.702],[135.0169,34.702],[135.0169,34.6119]]]}},{"type":"Feature","properties":{"cell_id":911},"geometry":{"type":"Polygon","coordinates":[[[135.1243,34.6119],[135.2317,34.6119],[135.2317,34.702],[135.1243,34.702],[135.1243,34.6119]]]}},{"type":"Feature","properties":{"cell_id":912},"geometry":{"type":"Polygon","coordinates":[[[135.3391,34.6119],[135.4465,34.6119],[135.4465,34.702],[135.3391,34.702],[135.3391,34.6119]]]}},{"type":"Feature","properties":{"cell_id":913},"geometry":{"type":"Polygon","coordinates":[[[135.4465,34.6119],[135.5539,34.6119],[135.5539,34.702],[135.4465,34.702],[135.4465,34.6119]]]}},{"type":"Feature","properties":{"cell_id":914},"geometry":{"type":"Polygon","coordinates":[[[135.5539,34.6119],[135.6613,34.6119],[135.6613,34.702],[135.5539,34.702],[135.5539,34.6119]]]}},{"type":"Feature","properties":{"cell_id":915},"geometry":{"type":"Polygon","coordinates":[[[135.6613,34.6119],[135.7687,34.6119],[135.7687,34.702],[135.6613,34.702],[135.6613,34.6119]]]}},{"type":"Feature","properties":{"cell_id":916},"geometry":{"type":"Polygon","coordinates":[[[135.7687,34.6119],[135.8762,34.6119],[135.8762,34.702],[135.7687,34.702],[135.7687,34.6119]]]}},{"type":"Feature","properties":{"cell_id":917},"geometry":{"type":"Polygon","coordinates":[[[135.8762,34.6119],[135.9836,34.6119],[135.9836,34.702],[135.8762,34.702],[135.8762,34.6119]]]}},{"type":"Feature","properties":{"cell_id":918},"geometry":{"type":"Polygon","coordinates":[[[135.9836,34.6119],[136.091,34.6119],[136.091,34.702],[135.9836,34.702],[135.9836,34.6119]]]}},{"type":"Feature","properties":{"cell_id":919},"geometry":{"type":"Polygon","coordinates":[[[136.091,34.6119],[136.1984,34.6119],[136.1984,34.702],[136.091,34.702],[136.091,34.6119]]]}},{"type":"Feature","properties":{"cell_id":920},"geometry":{"type":"Polygon","coordinates":[[[136.1984,34.6119],[136.3058,34.6119],[136.3058,34.702],[136.1984,34.702],[136.1984,34.6119]]]}},{"type":"Feature","properties":{"cell_id":921},"geometry":{"type":"Polygon","coordinates":[[[136.3058,34.6119],[136.4132,34.6119],[136.4132,34.702],[136.3058,34.702],[136.3058,34.6119]]]}},{"type":"Feature","properties":{"cell_id":922},"geometry":{"type":"Polygon","coordinates":[[[136.4132,34.6119],[136.5206,34.6119],[136.5206,34.702],[136.4132,34.702],[136.4132,34.6119]]]}},{"type":"Feature","properties":{"cell_id":923},"geometry":{"type":"Polygon","coordinates":[[[137.1651,34.6119],[137.2725,34.6119],[137.2725,34.702],[137.1651,34.702],[137.1651,34.6119]]]}},{"type":"Feature","properties":{"cell_id":924},"geometry":{"type":"Polygon","coordinates":[[[137.2725,34.6119],[137.3799,34.6119],[137.3799,34.702],[137.2725,34.702],[137.2725,34.6119]]]}},{"type":"Feature","properties":{"cell_id":925},"geometry":{"type":"Polygon","coordinates":[[[137.7021,34.6119],[137.8095,34.6119],[137.8095,34.702],[137.7021,34.702],[137.7021,34.6119]]]}},{"type":"Feature","properties":{"cell_id":926},"geometry":{"type":"Polygon","coordinates":[[[138.0243,34.6119],[138.1317,34.6119],[138.1317,34.702],[138.0243,34.702],[138.0243,34.6119]]]}},{"type":"Feature","properties":{"cell_id":927},"geometry":{"type":"Polygon","coordinates":[[[138.1317,34.6119],[138.2391,34.6119],[138.2391,34.702],[138.1317,34.702],[138.1317,34.6119]]]}},{"type":"Feature","properties":{"cell_id":928},"geometry":{"type":"Polygon","coordinates":[[[138.7762,34.6119],[138.8836,34.6119],[138.8836,34.702],[138.7762,34.702],[138.7762,34.6119]]]}},{"type":"Feature","properties":{"cell_id":929},"geometry":{"type":"Polygon","coordinates":[[[131.9021,34.702],[132.0095,34.702],[132.0095,34.7921],[131.9021,34.7921],[131.9021,34.702]]]}},{"type":"Feature","properties":{"cell_id":930},"geometry":{"type":"Polygon","coordinates":[[[132.0095,34.702],[132.1169,34.702],[132.1169,34.7921],[132.0095,34.7921],[132.0095,34.702]]]}},{"type":"Feature","properties":{"cell_id":931},"geometry":{"type":"Polygon","coordinates":[[[132.1169,34.702],[132.2243,34.702],[132.2243,34.7921],[132.1169,34.7921],[132.1169,34.702]]]}},{"type":"Feature","properties":{"cell_id":932},"geometry":{"type":"Polygon","coordinates":[[[132.2243,34.702],[132.3317,34.702],[132.3317,34.7921],[132.2243,34.7921],[132.2243,34.702]]]}},{"type":"Feature","properties":{"cell_id":933},"geometry":{"type":"Polygon","coordinates":[[[132.3317,34.702],[132.4391,34.702],[132.4391,34.7921],[132.3317,34.7921],[132.3317,34.702]]]}},{"type":"Feature","properties":{"cell_id":934},"geometry":{"type":"Polygon","coordinates":[[[132.4391,34.702],[132.5465,34.702],[132.5465,34.7921],[132.4391,34.7921],[132.4391,34.702]]]}},{"type":"Feature","properties":{"cell_id":935},"geometry":{"type":"Polygon","coordinates":[[[132.5465,34.702],[132.6539,34.702],[132.6539,34.7921],[132.5465,34.7921],[132.5465,34.702]]]}},{"type":"Feature","properties":{"cell_id":936},"geometry":{"type":"Polygon","coordinates":[[[132.6539,34.702],[132.7613,34.702],[132.7613,34.7921],[132.6539,34.7921],[132.6539,34.702]]]}},{"type":"Feature","properties":{"cell_id":937},"geometry":{"type":"Polygon","coordinates":[[[132.7613,34.702],[132.8687,34.702],[132.8687,34.7921],[132.7613,34.7921],[132.7613,34.702]]]}},{"type":"Feature","properties":{"cell_id":938},"geometry":{"type":"Polygon","coordinates":[[[132.8687,34.702],[132.9761,34.702],[132.9761,34.7921],[132.8687,34.7921],[132.8687,34.702]]]}},{"type":"Feature","properties":{"cell_id":939},"geometry":{"type":"Polygon","coordinates":[[[132.9761,34.702],[133.0835,34.702],[133.0835,34.7921],[132.9761,34.7921],[132.9761,34.702]]]}},{"type":"Feature","properties":{"cell_id":940},"geometry":{"type":"Polygon","coordinates":[[[133.0835,34.702],[133.191,34.702],[133.191,34.7921],[133.0835,34.7921],[133.0835,34.702]]]}},{"type":"Feature","properties":{"cell_id":941},"geometry":{"type":"Polygon","coordinates":[[[133.191,34.702],[133.2984,34.702],[133.2984,34.7921],[133.191,34.7921],[133.191,34.702]]]}},{"type":"Feature","properties":{"cell_id":942},"geometry":{"type":"Polygon","coordinates":[[[133.2984,34.702],[133.4058,34.702],[133.4058,34.7921],[133.2984,34.7921],[133.2984,34.702]]]}},{"type":"Feature","properties":{"cell_id":943},"geometry":{"type":"Polygon","coordinates":[[[133.4058,34.702],[133.5132,34.702],[133.5132,34.7921],[133.4058,34.7921],[133.4058,34.702]]]}},{"type":"Feature","properties":{"cell_id":944},"geometry":{"type":"Polygon","coordinates":[[[133.5132,34.702],[133.6206,34.702],[133.6206,34.7921],[133.5132,34.7921],[133.5132,34.702]]]}},{"type":"Feature","properties":{"cell_id":945},"geometry":{"type":"Polygon","coordinates":[[[133.6206,34.702],[133.728,34.702],[133.728,34.7921],[133.6206,34.7921],[133.6206,34.702]]]}},{"type":"Feature","properties":{"cell_id":946},"geometry":{"type":"Polygon","coordinates":[[[133.728,34.702],[133.8354,34.702],[133.8354,34.7921],[133.728,34.7921],[133.728,34.702]]]}},{"type":"Feature","properties":{"cell_id":947},"geometry":{"type":"Polygon","coordinates":[[[133.8354,34.702],[133.9428,34.702],[133.9428,34.7921],[133.8354,34.7921],[133.8354,34.702]]]}},{"type":"Feature","properties":{"cell_id":948},"geometry":{"type":"Polygon","coordinates":[[[133.9428,34.702],[134.0502,34.702],[134.0502,34.7921],[133.9428,34.7921],[133.9428,34.702]]]}},{"type":"Feature","properties":{"cell_id":949},"geometry":{"type":"Polygon","coordinates":[[[134.0502,34.702],[134.1576,34.702],[134.1576,34.7921],[134.0502,34.7921],[134.0502,34.702]]]}},{"type":"Feature","properties":{"cell_id":950},"geometry":{"type":"Polygon","coordinates":[[[134.1576,34.702],[134.265,34.702],[134.265,34.7921],[134.1576,34.7921],[134.1576,34.702]]]}},{"type":"Feature","properties":{"cell_id":951},"geometry":{"type":"Polygon","coordinates":[[[134.265,34.702],[134.3724,34.702],[134.3724,34.7921],[134.265,34.7921],[134.265,34.702]]]}},{"type":"Feature","properties":{"cell_id":952},"geometry":{"type":"Polygon","coordinates":[[[134.3724,34.702],[134.4799,34.702],[134.4799,34.7921],[134.3724,34.7921],[134.3724,34.702]]]}},{"type":"Feature","properties":{"cell_id":953},"geometry":{"type":"Polygon","coordinates":[[[134.8021,34.702],[134.9095,34.702],[134.9095,34.7921],[134.8021,34.7921],[134.8021,34.702]]]}},{"type":"Feature","properties":{"cell_id":954},"geometry":{"type":"Polygon","coordinates":[[[134.9095,34.702],[135.0169,34.702],[135.0169,34.7921],[134.9095,34.7921],[134.9095,34.702]]]}},{"type":"Feature","properties":{"cell_id":955},"geometry":{"type":"Polygon","coordinates":[[[135.0169,34.702],[135.1243,34.702],[135.1243,34.7921],[135.0169,34.7921],[135.0169,34.702]]]}},{"type":"Feature","properties":{"cell_id":956},"geometry":{"type":"Polygon","coordinates":[[[135.1243,34.702],[135.2317,34.702],[135.2317,34.7921],[135.1243,34.7921],[135.1243,34.702]]]}},{"type":"Feature","properties":{"cell_id":957},"geometry":{"type":"Polygon","coordinates":[[[135.2317,34.702],[135.3391,34.702],[135.3391,34.7921],[135.2317,34.7921],[135.2317,34.702]]]}},{"type":"Feature","properties":{"cell_id":958},"geometry":{"type":"Polygon","coordinates":[[[135.3391,34.702],[135.4465,34.702],[135.4465,34.7921],[135.3391,34.7921],[135.3391,34.702]]]}},{"type":"Feature","properties":{"cell_id":959},"geometry":{"type":"Polygon","coordinates":[[[135.4465,34.702],[135.5539,34.702],[135.5539,34.7921],[135.4465,34.7921],[135.4465,34.702]]]}},{"type":"Feature","properties":{"cell_id":960},"geometry":{"type":"Polygon","coordinates":[[[135.5539,34.702],[135.6613,34.702],[135.6613,34.7921],[135.5539,34.7921],[135.5539,34.702]]]}},{"type":"Feature","properties":{"cell_id":961},"geometry":{"type":"Polygon","coordinates":[[[135.6613,34.702],[135.7687,34.702],[135.7687,34.7921],[135.6613,34.7921],[135.6613,34.702]]]}},{"type":"Feature","properties":{"cell_id":962},"geometry":{"type":"Polygon","coordinates":[[[135.7687,34.702],[135.8762,34.702],[135.8762,34.7921],[135.7687,34.7921],[135.7687,34.702]]]}},{"type":"Feature","properties":{"cell_id":963},"geometry":{"type":"Polygon","coordinates":[[[135.8762,34.702],[135.9836,34.702],[135.9836,34.7921],[135.8762,34.7921],[135.8762,34.702]]]}},{"type":"Feature","properties":{"cell_id":964},"geometry":{"type":"Polygon","coordinates":[[[135.9836,34.702],[136.091,34.702],[136.091,34.7921],[135.9836,34.7921],[135.9836,34.702]]]}},{"type":"Feature","properties":{"cell_id":965},"geometry":{"type":"Polygon","coordinates":[[[136.091,34.702],[136.1984,34.702],[136.1984,34.7921],[136.091,34.7921],[136.091,34.702]]]}},{"type":"Feature","properties":{"cell_id":966},"geometry":{"type":"Polygon","coordinates":[[[136.1984,34.702],[136.3058,34.702],[136.3058,34.7921],[136.1984,34.7921],[136.1984,34.702]]]}},{"type":"Feature","properties":{"cell_id":967},"geometry":{"type":"Polygon","coordinates":[[[136.3058,34.702],[136.4132,34.702],[136.4132,34.7921],[136.3058,34.7921],[136.3058,34.702]]]}},{"type":"Feature","properties":{"cell_id":968},"geometry":{"type":"Polygon","coordinates":[[[136.4132,34.702],[136.5206,34.702],[136.5206,34.7921],[136.4132,34.7921],[136.4132,34.702]]]}},{"type":"Feature","properties":{"cell_id":969},"geometry":{"type":"Polygon","coordinates":[[[136.8428,34.702],[136.9502,34.702],[136.9502,34.7921],[136.8428,34.7921],[136.8428,34.702]]]}},{"type":"Feature","properties":{"cell_id":970},"geometry":{"type":"Polygon","coordinates":[[[137.2725,34.702],[137.3799,34.702],[137.3799,34.7921],[137.2725,34.7921],[137.2725,34.702]]]}},{"type":"Feature","properties":{"cell_id":971},"geometry":{"type":"Polygon","coordinates":[[[137.3799,34.702],[137.4873,34.702],[137.4873,34.7921],[137.3799,34.7921],[137.3799,34.702]]]}},{"type":"Feature","properties":{"cell_id":972},"geometry":{"type":"Polygon","coordinates":[[[137.4873,34.702],[137.5947,34.702],[137.5947,34.7921],[137.4873,34.7921],[137.4873,34.702]]]}},{"type":"Feature","properties":{"cell_id":973},"geometry":{"type":"Polygon","coordinates":[[[137.5947,34.702],[137.7021,34.702],[137.7021,34.7921],[137.5947,34.7921],[137.5947,34.702]]]}},{"type":"Feature","properties":{"cell_id":974},"geometry":{"type":"Polygon","coordinates":[[[137.7021,34.702],[137.8095,34.702],[137.8095,34.7921],[137.7021,34.7921],[137.7021,34.702]]]}},{"type":"Feature","properties":{"cell_id":975},"geometry":{"type":"Polygon","coordinates":[[[137.8095,34.702],[137.9169,34.702],[137.9169,34.7921],[137.8095,34.7921],[137.8095,34.702]]]}},{"type":"Feature","properties":{"cell_id":976},"geometry":{"type":"Polygon","coordinates":[[[137.9169,34.702],[138.0243,34.702],[138.0243,34.7921],[137.9169,34.7921],[137.9169,34.702]]]}},{"type":"Feature","properties":{"cell_id":977},"geometry":{"type":"Polygon","coordinates":[[[138.0243,34.702],[138.1317,34.702],[138.1317,34.7921],[138.0243,34.7921],[138.0243,34.702]]]}},{"type":"Feature","properties":{"cell_id":978},"geometry":{"type":"Polygon","coordinates":[[[138.1317,34.702],[138.2391,34.702],[138.2391,34.7921],[138.1317,34.7921],[138.1317,34.702]]]}},{"type":"Feature","properties":{"cell_id":979},"geometry":{"type":"Polygon","coordinates":[[[138.7762,34.702],[138.8836,34.702],[138.8836,34.7921],[138.7762,34.7921],[138.7762,34.702]]]}},{"type":"Feature","properties":{"cell_id":980},"geometry":{"type":"Polygon","coordinates":[[[138.8836,34.702],[138.991,34.702],[138.991,34.7921],[138.8836,34.7921],[138.8836,34.702]]]}},{"type":"Feature","properties":{"cell_id":981},"geometry":{"type":"Polygon","coordinates":[[[139.3132,34.702],[139.4206,34.702],[139.4206,34.7921],[139.3132,34.7921],[139.3132,34.702]]]}},{"type":"Feature","properties":{"cell_id":982},"geometry":{"type":"Polygon","coordinates":[[[132.0095,34.7921],[132.1169,34.7921],[132.1169,34.8822],[132.0095,34.8822],[132.0095,34.7921]]]}},{"type":"Feature","properties":{"cell_id":983},"geometry":{"type":"Polygon","coordinates":[[[132.1169,34.7921],[132.2243,34.7921],[132.2243,34.8822],[132.1169,34.8822],[132.1169,34.7921]]]}},{"type":"Feature","properties":{"cell_id":984},"geometry":{"type":"Polygon","coordinates":[[[132.2243,34.7921],[132.3317,34.7921],[132.3317,34.8822],[132.2243,34.8822],[132.2243,34.7921]]]}},{"type":"Feature","properties":{"cell_id":985},"geometry":{"type":"Polygon","coordinates":[[[132.3317,34.7921],[132.4391,34.7921],[132.4391,34.8822],[132.3317,34.8822],[132.3317,34.7921]]]}},{"type":"Feature","properties":{"cell_id":986},"geometry":{"type":"Polygon","coordinates":[[[132.4391,34.7921],[132.5465,34.7921],[132.5465,34.8822],[132.4391,34.8822],[132.4391,34.7921]]]}},{"type":"Feature","properties":{"cell_id":987},"geometry":{"type":"Polygon","coordinates":[[[132.5465,34.7921],[132.6539,34.7921],[132.6539,34.8822],[132.5465,34.8822],[132.5465,34.7921]]]}},{"type":"Feature","properties":{"cell_id":988},"geometry":{"type":"Polygon","coordinates":[[[132.6539,34.7921],[132.7613,34.7921],[132.7613,34.8822],[132.6539,34.8822],[132.6539,34.7921]]]}},{"type":"Feature","properties":{"cell_id":989},"geometry":{"type":"Polygon","coordinates":[[[132.7613,34.7921],[132.8687,34.7921],[132.8687,34.8822],[132.7613,34.8822],[132.7613,34.7921]]]}},{"type":"Feature","properties":{"cell_id":990},"geometry":{"type":"Polygon","coordinates":[[[132.8687,34.7921],[132.9761,34.7921],[132.9761,34.8822],[132.8687,34.8822],[132.8687,34.7921]]]}},{"type":"Feature","properties":{"cell_id":991},"geometry":{"type":"Polygon","coordinates":[[[132.9761,34.7921],[133.0835,34.7921],[133.0835,34.8822],[132.9761,34.8822],[132.9761,34.7921]]]}},{"type":"Feature","properties":{"cell_id":992},"geometry":{"type":"Polygon","coordinates":[[[133.0835,34.7921],[133.191,34.7921],[133.191,34.8822],[133.0835,34.8822],[133.0835,34.7921]]]}},{"type":"Feature","properties":{"cell_id":993},"geometry":{"type":"Polygon","coordinates":[[[133.191,34.7921],[133.2984,34.7921],[133.2984,34.8822],[133.191,34.8822],[133.191,34.7921]]]}},{"type":"Feature","properties":{"cell_id":994},"geometry":{"type":"Polygon","coordinates":[[[133.2984,34.7921],[133.4058,34.7921],[133.4058,34.8822],[133.2984,34.8822],[133.2984,34.7921]]]}},{"type":"Feature","properties":{"cell_id":995},"geometry":{"type":"Polygon","coordinates":[[[133.4058,34.7921],[133.5132,34.7921],[133.5132,34.8822],[133.4058,34.8822],[133.4058,34.7921]]]}},{"type":"Feature","properties":{"cell_id":996},"geometry":{"type":"Polygon","coordinates":[[[133.5132,34.7921],[133.6206,34.7921],[133.6206,34.8822],[133.5132,34.8822],[133.5132,34.7921]]]}},{"type":"Feature","properties":{"cell_id":997},"geometry":{"type":"Polygon","coordinates":[[[133.6206,34.7921],[133.728,34.7921],[133.728,34.8822],[133.6206,34.8822],[133.6206,34.7921]]]}},{"type":"Feature","properties":{"cell_id":998},"geometry":{"type":"Polygon","coordinates":[[[133.728,34.7921],[133.8354,34.7921],[133.8354,34.8822],[133.728,34.8822],[133.728,34.7921]]]}},{"type":"Feature","properties":{"cell_id":999},"geometry":{"type":"Polygon","coordinates":[[[133.8354,34.7921],[133.9428,34.7921],[133.9428,34.8822],[133.8354,34.8822],[133.8354,34.7921]]]}},{"type":"Feature","properties":{"cell_id":1000},"geometry":{"type":"Polygon","coordinates":[[[133.9428,34.7921],[134.0502,34.7921],[134.0502,34.8822],[133.9428,34.8822],[133.9428,34.7921]]]}},{"type":"Feature","properties":{"cell_id":1001},"geometry":{"type":"Polygon","coordinates":[[[134.0502,34.7921],[134.1576,34.7921],[134.1576,34.8822],[134.0502,34.8822],[134.0502,34.7921]]]}},{"type":"Feature","properties":{"cell_id":1002},"geometry":{"type":"Polygon","coordinates":[[[134.1576,34.7921],[134.265,34.7921],[134.265,34.8822],[134.1576,34.8822],[134.1576,34.7921]]]}},{"type":"Feature","properties":{"cell_id":1003},"geometry":{"type":"Polygon","coordinates":[[[134.265,34.7921],[134.3724,34.7921],[134.3724,34.8822],[134.265,34.8822],[134.265,34.7921]]]}},{"type":"Feature","properties":{"cell_id":1004},"geometry":{"type":"Polygon","coordinates":[[[134.3724,34.7921],[134.4799,34.7921],[134.4799,34.8822],[134.3724,34.8822],[134.3724,34.7921]]]}},{"type":"Feature","properties":{"cell_id":1005},"geometry":{"type":"Polygon","coordinates":[[[134.4799,34.7921],[134.5873,34.7921],[134.5873,34.8822],[134.4799,34.8822],[134.4799,34.7921]]]}},{"type":"Feature","properties":{"cell_id":1006},"geometry":{"type":"Polygon","coordinates":[[[134.5873,34.7921],[134.6947,34.7921],[134.6947,34.8822],[134.5873,34.8822],[134.5873,34.7921]]]}},{"type":"Feature","properties":{"cell_id":1007},"geometry":{"type":"Polygon","coordinates":[[[134.6947,34.7921],[134.8021,34.7921],[134.8021,34.8822],[134.6947,34.8822],[134.6947,34.7921]]]}},{"type":"Feature","properties":{"cell_id":1008},"geometry":{"type":"Polygon","coordinates":[[[134.8021,34.7921],[134.9095,34.7921],[134.9095,34.8822],[134.8021,34.8822],[134.8021,34.7921]]]}},{"type":"Feature","properties":{"cell_id":1009},"geometry":{"type":"Polygon","coordinates":[[[134.9095,34.7921],[135.0169,34.7921],[135.0169,34.8822],[134.9095,34.8822],[134.9095,34.7921]]]}},{"type":"Feature","properties":{"cell_id":1010},"geometry":{"type":"Polygon","coordinates":[[[135.0169,34.7921],[135.1243,34.7921],[135.1243,34.8822],[135.0169,34.8822],[135.0169,34.7921]]]}},{"type":"Feature","properties":{"cell_id":1011},"geometry":{"type":"Polygon","coordinates":[[[135.1243,34.7921],[135.2317,34.7921],[135.2317,34.8822],[135.1243,34.8822],[135.1243,34.7921]]]}},{"type":"Feature","properties":{"cell_id":1012},"geometry":{"type":"Polygon","coordinates":[[[135.2317,34.7921],[135.3391,34.7921],[135.3391,34.8822],[135.2317,34.8822],[135.2317,34.7921]]]}},{"type":"Feature","properties":{"cell_id":1013},"geometry":{"type":"Polygon","coordinates":[[[135.3391,34.7921],[135.4465,34.7921],[135.4465,34.8822],[135.3391,34.8822],[135.3391,34.7921]]]}},{"type":"Feature","properties":{"cell_id":1014},"geometry":{"type":"Polygon","coordinates":[[[135.4465,34.7921],[135.5539,34.7921],[135.5539,34.8822],[135.4465,34.8822],[135.4465,34.7921]]]}},{"type":"Feature","properties":{"cell_id":1015},"geometry":{"type":"Polygon","coordinates":[[[135.5539,34.7921],[135.6613,34.7921],[135.6613,34.8822],[135.5539,34.8822],[135.5539,34.7921]]]}},{"type":"Feature","properties":{"cell_id":1016},"geometry":{"type":"Polygon","coordinates":[[[135.6613,34.7921],[135.7687,34.7921],[135.7687,34.8822],[135.6613,34.8822],[135.6613,34.7921]]]}},{"type":"Feature","properties":{"cell_id":1017},"geometry":{"type":"Polygon","coordinates":[[[135.7687,34.7921],[135.8762,34.7921],[135.8762,34.8822],[135.7687,34.8822],[135.7687,34.7921]]]}},{"type":"Feature","properties":{"cell_id":1018},"geometry":{"type":"Polygon","coordinates":[[[135.8762,34.7921],[135.9836,34.7921],[135.9836,34.8822],[135.8762,34.8822],[135.8762,34.7921]]]}},{"type":"Feature","properties":{"cell_id":1019},"geometry":{"type":"Polygon","coordinates":[[[135.9836,34.7921],[136.091,34.7921],[136.091,34.8822],[135.9836,34.8822],[135.9836,34.7921]]]}},{"type":"Feature","properties":{"cell_id":1020},"geometry":{"type":"Polygon","coordinates":[[[136.091,34.7921],[136.1984,34.7921],[136.1984,34.8822],[136.091,34.8822],[136.091,34.7921]]]}},{"type":"Feature","properties":{"cell_id":1021},"geometry":{"type":"Polygon","coordinates":[[[136.1984,34.7921],[136.3058,34.7921],[136.3058,34.8822],[136.1984,34.8822],[136.1984,34.7921]]]}},{"type":"Feature","properties":{"cell_id":1022},"geometry":{"type":"Polygon","coordinates":[[[136.3058,34.7921],[136.4132,34.7921],[136.4132,34.8822],[136.3058,34.8822],[136.3058,34.7921]]]}},{"type":"Feature","properties":{"cell_id":1023},"geometry":{"type":"Polygon","coordinates":[[[136.4132,34.7921],[136.5206,34.7921],[136.5206,34.8822],[136.4132,34.8822],[136.4132,34.7921]]]}},{"type":"Feature","properties":{"cell_id":1024},"geometry":{"type":"Polygon","coordinates":[[[136.5206,34.7921],[136.628,34.7921],[136.628,34.8822],[136.5206,34.8822],[136.5206,34.7921]]]}},{"type":"Feature","properties":{"cell_id":1025},"geometry":{"type":"Polygon","coordinates":[[[136.8428,34.7921],[136.9502,34.7921],[136.9502,34.8822],[136.8428,34.8822],[136.8428,34.7921]]]}},{"type":"Feature","properties":{"cell_id":1026},"geometry":{"type":"Polygon","coordinates":[[[136.9502,34.7921],[137.0576,34.7921],[137.0576,34.8822],[136.9502,34.8822],[136.9502,34.7921]]]}},{"type":"Feature","properties":{"cell_id":1027},"geometry":{"type":"Polygon","coordinates":[[[137.0576,34.7921],[137.1651,34.7921],[137.1651,34.8822],[137.0576,34.8822],[137.0576,34.7921]]]}},{"type":"Feature","properties":{"cell_id":1028},"geometry":{"type":"Polygon","coordinates":[[[137.1651,34.7921],[137.2725,34.7921],[137.2725,34.8822],[137.1651,34.8822],[137.1651,34.7921]]]}},{"type":"Feature","properties":{"cell_id":1029},"geometry":{"type":"Polygon","coordinates":[[[137.2725,34.7921],[137.3799,34.7921],[137.3799,34.8822],[137.2725,34.8822],[137.2725,34.7921]]]}},{"type":"Feature","properties":{"cell_id":1030},"geometry":{"type":"Polygon","coordinates":[[[137.3799,34.7921],[137.4873,34.7921],[137.4873,34.8822],[137.3799,34.8822],[137.3799,34.7921]]]}},{"type":"Feature","properties":{"cell_id":1031},"geometry":{"type":"Polygon","coordinates":[[[137.4873,34.7921],[137.5947,34.7921],[137.5947,34.8822],[137.4873,34.8822],[137.4873,34.7921]]]}},{"type":"Feature","properties":{"cell_id":1032},"geometry":{"type":"Polygon","coordinates":[[[137.5947,34.7921],[137.7021,34.7921],[137.7021,34.8822],[137.5947,34.8822],[137.5947,34.7921]]]}},{"type":"Feature","properties":{"cell_id":1033},"geometry":{"type":"Polygon","coordinates":[[[137.7021,34.7921],[137.8095,34.7921],[137.8095,34.8822],[137.7021,34.8822],[137.7021,34.7921]]]}},{"type":"Feature","properties":{"cell_id":1034},"geometry":{"type":"Polygon","coordinates":[[[137.8095,34.7921],[137.9169,34.7921],[137.9169,34.8822],[137.8095,34.8822],[137.8095,34.7921]]]}},{"type":"Feature","properties":{"cell_id":1035},"geometry":{"type":"Polygon","coordinates":[[[137.9169,34.7921],[138.0243,34.7921],[138.0243,34.8822],[137.9169,34.8822],[137.9169,34.7921]]]}},{"type":"Feature","properties":{"cell_id":1036},"geometry":{"type":"Polygon","coordinates":[[[138.0243,34.7921],[138.1317,34.7921],[138.1317,34.8822],[138.0243,34.8822],[138.0243,34.7921]]]}},{"type":"Feature","properties":{"cell_id":1037},"geometry":{"type":"Polygon","coordinates":[[[138.1317,34.7921],[138.2391,34.7921],[138.2391,34.8822],[138.1317,34.8822],[138.1317,34.7921]]]}},{"type":"Feature","properties":{"cell_id":1038},"geometry":{"type":"Polygon","coordinates":[[[138.2391,34.7921],[138.3465,34.7921],[138.3465,34.8822],[138.2391,34.8822],[138.2391,34.7921]]]}},{"type":"Feature","properties":{"cell_id":1039},"geometry":{"type":"Polygon","coordinates":[[[138.7762,34.7921],[138.8836,34.7921],[138.8836,34.8822],[138.7762,34.8822],[138.7762,34.7921]]]}},{"type":"Feature","properties":{"cell_id":1040},"geometry":{"type":"Polygon","coordinates":[[[138.8836,34.7921],[138.991,34.7921],[138.991,34.8822],[138.8836,34.8822],[138.8836,34.7921]]]}},{"type":"Feature","properties":{"cell_id":1041},"geometry":{"type":"Polygon","coordinates":[[[138.991,34.7921],[139.0984,34.7921],[139.0984,34.8822],[138.991,34.8822],[138.991,34.7921]]]}},{"type":"Feature","properties":{"cell_id":1042},"geometry":{"type":"Polygon","coordinates":[[[132.1169,34.8822],[132.2243,34.8822],[132.2243,34.9723],[132.1169,34.9723],[132.1169,34.8822]]]}},{"type":"Feature","properties":{"cell_id":1043},"geometry":{"type":"Polygon","coordinates":[[[132.2243,34.8822],[132.3317,34.8822],[132.3317,34.9723],[132.2243,34.9723],[132.2243,34.8822]]]}},{"type":"Feature","properties":{"cell_id":1044},"geometry":{"type":"Polygon","coordinates":[[[132.3317,34.8822],[132.4391,34.8822],[132.4391,34.9723],[132.3317,34.9723],[132.3317,34.8822]]]}},{"type":"Feature","properties":{"cell_id":1045},"geometry":{"type":"Polygon","coordinates":[[[132.4391,34.8822],[132.5465,34.8822],[132.5465,34.9723],[132.4391,34.9723],[132.4391,34.8822]]]}},{"type":"Feature","properties":{"cell_id":1046},"geometry":{"type":"Polygon","coordinates":[[[132.5465,34.8822],[132.6539,34.8822],[132.6539,34.9723],[132.5465,34.9723],[132.5465,34.8822]]]}},{"type":"Feature","properties":{"cell_id":1047},"geometry":{"type":"Polygon","coordinates":[[[132.6539,34.8822],[132.7613,34.8822],[132.7613,34.9723],[132.6539,34.9723],[132.6539,34.8822]]]}},{"type":"Feature","properties":{"cell_id":1048},"geometry":{"type":"Polygon","coordinates":[[[132.7613,34.8822],[132.8687,34.8822],[132.8687,34.9723],[132.7613,34.9723],[132.7613,34.8822]]]}},{"type":"Feature","properties":{"cell_id":1049},"geometry":{"type":"Polygon","coordinates":[[[132.8687,34.8822],[132.9761,34.8822],[132.9761,34.9723],[132.8687,34.9723],[132.8687,34.8822]]]}},{"type":"Feature","properties":{"cell_id":1050},"geometry":{"type":"Polygon","coordinates":[[[132.9761,34.8822],[133.0835,34.8822],[133.0835,34.9723],[132.9761,34.9723],[132.9761,34.8822]]]}},{"type":"Feature","properties":{"cell_id":1051},"geometry":{"type":"Polygon","coordinates":[[[133.0835,34.8822],[133.191,34.8822],[133.191,34.9723],[133.0835,34.9723],[133.0835,34.8822]]]}},{"type":"Feature","properties":{"cell_id":1052},"geometry":{"type":"Polygon","coordinates":[[[133.191,34.8822],[133.2984,34.8822],[133.2984,34.9723],[133.191,34.9723],[133.191,34.8822]]]}},{"type":"Feature","properties":{"cell_id":1053},"geometry":{"type":"Polygon","coordinates":[[[133.2984,34.8822],[133.4058,34.8822],[133.4058,34.9723],[133.2984,34.9723],[133.2984,34.8822]]]}},{"type":"Feature","properties":{"cell_id":1054},"geometry":{"type":"Polygon","coordinates":[[[133.4058,34.8822],[133.5132,34.8822],[133.5132,34.9723],[133.4058,34.9723],[133.4058,34.8822]]]}},{"type":"Feature","properties":{"cell_id":1055},"geometry":{"type":"Polygon","coordinates":[[[133.5132,34.8822],[133.6206,34.8822],[133.6206,34.9723],[133.5132,34.9723],[133.5132,34.8822]]]}},{"type":"Feature","properties":{"cell_id":1056},"geometry":{"type":"Polygon","coordinates":[[[133.6206,34.8822],[133.728,34.8822],[133.728,34.9723],[133.6206,34.9723],[133.6206,34.8822]]]}},{"type":"Feature","properties":{"cell_id":1057},"geometry":{"type":"Polygon","coordinates":[[[133.728,34.8822],[133.8354,34.8822],[133.8354,34.9723],[133.728,34.9723],[133.728,34.8822]]]}},{"type":"Feature","properties":{"cell_id":1058},"geometry":{"type":"Polygon","coordinates":[[[133.8354,34.8822],[133.9428,34.8822],[133.9428,34.9723],[133.8354,34.9723],[133.8354,34.8822]]]}},{"type":"Feature","properties":{"cell_id":1059},"geometry":{"type":"Polygon","coordinates":[[[133.9428,34.8822],[134.0502,34.8822],[134.0502,34.9723],[133.9428,34.9723],[133.9428,34.8822]]]}},{"type":"Feature","properties":{"cell_id":1060},"geometry":{"type":"Polygon","coordinates":[[[134.0502,34.8822],[134.1576,34.8822],[134.1576,34.9723],[134.0502,34.9723],[134.0502,34.8822]]]}},{"type":"Feature","properties":{"cell_id":1061},"geometry":{"type":"Polygon","coordinates":[[[134.1576,34.8822],[134.265,34.8822],[134.265,34.9723],[134.1576,34.9723],[134.1576,34.8822]]]}},{"type":"Feature","properties":{"cell_id":1062},"geometry":{"type":"Polygon","coordinates":[[[134.265,34.8822],[134.3724,34.8822],[134.3724,34.9723],[134.265,34.9723],[134.265,34.8822]]]}},{"type":"Feature","properties":{"cell_id":1063},"geometry":{"type":"Polygon","coordinates":[[[134.3724,34.8822],[134.4799,34.8822],[134.4799,34.9723],[134.3724,34.9723],[134.3724,34.8822]]]}},{"type":"Feature","properties":{"cell_id":1064},"geometry":{"type":"Polygon","coordinates":[[[134.4799,34.8822],[134.5873,34.8822],[134.5873,34.9723],[134.4799,34.9723],[134.4799,34.8822]]]}},{"type":"Feature","properties":{"cell_id":1065},"geometry":{"type":"Polygon","coordinates":[[[134.5873,34.8822],[134.6947,34.8822],[134.6947,34.9723],[134.5873,34.9723],[134.5873,34.8822]]]}},{"type":"Feature","properties":{"cell_id":1066},"geometry":{"type":"Polygon","coordinates":[[[134.6947,34.8822],[134.8021,34.8822],[134.8021,34.9723],[134.6947,34.9723],[134.6947,34.8822]]]}},{"type":"Feature","properties":{"cell_id":1067},"geometry":{"type":"Polygon","coordinates":[[[134.8021,34.8822],[134.9095,34.8822],[134.9095,34.9723],[134.8021,34.9723],[134.8021,34.8822]]]}},{"type":"Feature","properties":{"cell_id":1068},"geometry":{"type":"Polygon","coordinates":[[[134.9095,34.8822],[135.0169,34.8822],[135.0169,34.9723],[134.9095,34.9723],[134.9095,34.8822]]]}},{"type":"Feature","properties":{"cell_id":1069},"geometry":{"type":"Polygon","coordinates":[[[135.0169,34.8822],[135.1243,34.8822],[135.1243,34.9723],[135.0169,34.9723],[135.0169,34.8822]]]}},{"type":"Feature","properties":{"cell_id":1070},"geometry":{"type":"Polygon","coordinates":[[[135.1243,34.8822],[135.2317,34.8822],[135.2317,34.9723],[135.1243,34.9723],[135.1243,34.8822]]]}},{"type":"Feature","properties":{"cell_id":1071},"geometry":{"type":"Polygon","coordinates":[[[135.2317,34.8822],[135.3391,34.8822],[135.3391,34.9723],[135.2317,34.9723],[135.2317,34.8822]]]}},{"type":"Feature","properties":{"cell_id":1072},"geometry":{"type":"Polygon","coordinates":[[[135.3391,34.8822],[135.4465,34.8822],[135.4465,34.9723],[135.3391,34.9723],[135.3391,34.8822]]]}},{"type":"Feature","properties":{"cell_id":1073},"geometry":{"type":"Polygon","coordinates":[[[135.4465,34.8822],[135.5539,34.8822],[135.5539,34.9723],[135.4465,34.9723],[135.4465,34.8822]]]}},{"type":"Feature","properties":{"cell_id":1074},"geometry":{"type":"Polygon","coordinates":[[[135.5539,34.8822],[135.6613,34.8822],[135.6613,34.9723],[135.5539,34.9723],[135.5539,34.8822]]]}},{"type":"Feature","properties":{"cell_id":1075},"geometry":{"type":"Polygon","coordinates":[[[135.6613,34.8822],[135.7687,34.8822],[135.7687,34.9723],[135.6613,34.9723],[135.6613,34.8822]]]}},{"type":"Feature","properties":{"cell_id":1076},"geometry":{"type":"Polygon","coordinates":[[[135.7687,34.8822],[135.8762,34.8822],[135.8762,34.9723],[135.7687,34.9723],[135.7687,34.8822]]]}},{"type":"Feature","properties":{"cell_id":1077},"geometry":{"type":"Polygon","coordinates":[[[135.8762,34.8822],[135.9836,34.8822],[135.9836,34.9723],[135.8762,34.9723],[135.8762,34.8822]]]}},{"type":"Feature","properties":{"cell_id":1078},"geometry":{"type":"Polygon","coordinates":[[[135.9836,34.8822],[136.091,34.8822],[136.091,34.9723],[135.9836,34.9723],[135.9836,34.8822]]]}},{"type":"Feature","properties":{"cell_id":1079},"geometry":{"type":"Polygon","coordinates":[[[136.091,34.8822],[136.1984,34.8822],[136.1984,34.9723],[136.091,34.9723],[136.091,34.8822]]]}},{"type":"Feature","properties":{"cell_id":1080},"geometry":{"type":"Polygon","coordinates":[[[136.1984,34.8822],[136.3058,34.8822],[136.3058,34.9723],[136.1984,34.9723],[136.1984,34.8822]]]}},{"type":"Feature","properties":{"cell_id":1081},"geometry":{"type":"Polygon","coordinates":[[[136.3058,34.8822],[136.4132,34.8822],[136.4132,34.9723],[136.3058,34.9723],[136.3058,34.8822]]]}},{"type":"Feature","properties":{"cell_id":1082},"geometry":{"type":"Polygon","coordinates":[[[136.4132,34.8822],[136.5206,34.8822],[136.5206,34.9723],[136.4132,34.9723],[136.4132,34.8822]]]}},{"type":"Feature","properties":{"cell_id":1083},"geometry":{"type":"Polygon","coordinates":[[[136.5206,34.8822],[136.628,34.8822],[136.628,34.9723],[136.5206,34.9723],[136.5206,34.8822]]]}},{"type":"Feature","properties":{"cell_id":1084},"geometry":{"type":"Polygon","coordinates":[[[136.8428,34.8822],[136.9502,34.8822],[136.9502,34.9723],[136.8428,34.9723],[136.8428,34.8822]]]}},{"type":"Feature","properties":{"cell_id":1085},"geometry":{"type":"Polygon","coordinates":[[[136.9502,34.8822],[137.0576,34.8822],[137.0576,34.9723],[136.9502,34.9723],[136.9502,34.8822]]]}},{"type":"Feature","properties":{"cell_id":1086},"geometry":{"type":"Polygon","coordinates":[[[137.0576,34.8822],[137.1651,34.8822],[137.1651,34.9723],[137.0576,34.9723],[137.0576,34.8822]]]}},{"type":"Feature","properties":{"cell_id":1087},"geometry":{"type":"Polygon","coordinates":[[[137.1651,34.8822],[137.2725,34.8822],[137.2725,34.9723],[137.1651,34.9723],[137.1651,34.8822]]]}},{"type":"Feature","properties":{"cell_id":1088},"geometry":{"type":"Polygon","coordinates":[[[137.2725,34.8822],[137.3799,34.8822],[137.3799,34.9723],[137.2725,34.9723],[137.2725,34.8822]]]}},{"type":"Feature","properties":{"cell_id":1089},"geometry":{"type":"Polygon","coordinates":[[[137.3799,34.8822],[137.4873,34.8822],[137.4873,34.9723],[137.3799,34.9723],[137.3799,34.8822]]]}},{"type":"Feature","properties":{"cell_id":1090},"geometry":{"type":"Polygon","coordinates":[[[137.4873,34.8822],[137.5947,34.8822],[137.5947,34.9723],[137.4873,34.9723],[137.4873,34.8822]]]}},{"type":"Feature","properties":{"cell_id":1091},"geometry":{"type":"Polygon","coordinates":[[[137.5947,34.8822],[137.7021,34.8822],[137.7021,34.9723],[137.5947,34.9723],[137.5947,34.8822]]]}},{"type":"Feature","properties":{"cell_id":1092},"geometry":{"type":"Polygon","coordinates":[[[137.7021,34.8822],[137.8095,34.8822],[137.8095,34.9723],[137.7021,34.9723],[137.7021,34.8822]]]}},{"type":"Feature","properties":{"cell_id":1093},"geometry":{"type":"Polygon","coordinates":[[[137.8095,34.8822],[137.9169,34.8822],[137.9169,34.9723],[137.8095,34.9723],[137.8095,34.8822]]]}},{"type":"Feature","properties":{"cell_id":1094},"geometry":{"type":"Polygon","coordinates":[[[137.9169,34.8822],[138.0243,34.8822],[138.0243,34.9723],[137.9169,34.9723],[137.9169,34.8822]]]}},{"type":"Feature","properties":{"cell_id":1095},"geometry":{"type":"Polygon","coordinates":[[[138.0243,34.8822],[138.1317,34.8822],[138.1317,34.9723],[138.0243,34.9723],[138.0243,34.8822]]]}},{"type":"Feature","properties":{"cell_id":1096},"geometry":{"type":"Polygon","coordinates":[[[138.1317,34.8822],[138.2391,34.8822],[138.2391,34.9723],[138.1317,34.9723],[138.1317,34.8822]]]}},{"type":"Feature","properties":{"cell_id":1097},"geometry":{"type":"Polygon","coordinates":[[[138.2391,34.8822],[138.3465,34.8822],[138.3465,34.9723],[138.2391,34.9723],[138.2391,34.8822]]]}},{"type":"Feature","properties":{"cell_id":1098},"geometry":{"type":"Polygon","coordinates":[[[138.7762,34.8822],[138.8836,34.8822],[138.8836,34.9723],[138.7762,34.9723],[138.7762,34.8822]]]}},{"type":"Feature","properties":{"cell_id":1099},"geometry":{"type":"Polygon","coordinates":[[[138.8836,34.8822],[138.991,34.8822],[138.991,34.9723],[138.8836,34.9723],[138.8836,34.8822]]]}},{"type":"Feature","properties":{"cell_id":1100},"geometry":{"type":"Polygon","coordinates":[[[138.991,34.8822],[139.0984,34.8822],[139.0984,34.9723],[138.991,34.9723],[138.991,34.8822]]]}},{"type":"Feature","properties":{"cell_id":1101},"geometry":{"type":"Polygon","coordinates":[[[139.8503,34.8822],[139.9577,34.8822],[139.9577,34.9723],[139.8503,34.9723],[139.8503,34.8822]]]}},{"type":"Feature","properties":{"cell_id":1102},"geometry":{"type":"Polygon","coordinates":[[[132.2243,34.9723],[132.3317,34.9723],[132.3317,35.0624],[132.2243,35.0624],[132.2243,34.9723]]]}},{"type":"Feature","properties":{"cell_id":1103},"geometry":{"type":"Polygon","coordinates":[[[132.3317,34.9723],[132.4391,34.9723],[132.4391,35.0624],[132.3317,35.0624],[132.3317,34.9723]]]}},{"type":"Feature","properties":{"cell_id":1104},"geometry":{"type":"Polygon","coordinates":[[[132.4391,34.9723],[132.5465,34.9723],[132.5465,35.0624],[132.4391,35.0624],[132.4391,34.9723]]]}},{"type":"Feature","properties":{"cell_id":1105},"geometry":{"type":"Polygon","coordinates":[[[132.5465,34.9723],[132.6539,34.9723],[132.6539,35.0624],[132.5465,35.0624],[132.5465,34.9723]]]}},{"type":"Feature","properties":{"cell_id":1106},"geometry":{"type":"Polygon","coordinates":[[[132.6539,34.9723],[132.7613,34.9723],[132.7613,35.0624],[132.6539,35.0624],[132.6539,34.9723]]]}},{"type":"Feature","properties":{"cell_id":1107},"geometry":{"type":"Polygon","coordinates":[[[132.7613,34.9723],[132.8687,34.9723],[132.8687,35.0624],[132.7613,35.0624],[132.7613,34.9723]]]}},{"type":"Feature","properties":{"cell_id":1108},"geometry":{"type":"Polygon","coordinates":[[[132.8687,34.9723],[132.9761,34.9723],[132.9761,35.0624],[132.8687,35.0624],[132.8687,34.9723]]]}},{"type":"Feature","properties":{"cell_id":1109},"geometry":{"type":"Polygon","coordinates":[[[132.9761,34.9723],[133.0835,34.9723],[133.0835,35.0624],[132.9761,35.0624],[132.9761,34.9723]]]}},{"type":"Feature","properties":{"cell_id":1110},"geometry":{"type":"Polygon","coordinates":[[[133.0835,34.9723],[133.191,34.9723],[133.191,35.0624],[133.0835,35.0624],[133.0835,34.9723]]]}},{"type":"Feature","properties":{"cell_id":1111},"geometry":{"type":"Polygon","coordinates":[[[133.191,34.9723],[133.2984,34.9723],[133.2984,35.0624],[133.191,35.0624],[133.191,34.9723]]]}},{"type":"Feature","properties":{"cell_id":1112},"geometry":{"type":"Polygon","coordinates":[[[133.2984,34.9723],[133.4058,34.9723],[133.4058,35.0624],[133.2984,35.0624],[133.2984,34.9723]]]}},{"type":"Feature","properties":{"cell_id":1113},"geometry":{"type":"Polygon","coordinates":[[[133.4058,34.9723],[133.5132,34.9723],[133.5132,35.0624],[133.4058,35.0624],[133.4058,34.9723]]]}},{"type":"Feature","properties":{"cell_id":1114},"geometry":{"type":"Polygon","coordinates":[[[133.5132,34.9723],[133.6206,34.9723],[133.6206,35.0624],[133.5132,35.0624],[133.5132,34.9723]]]}},{"type":"Feature","properties":{"cell_id":1115},"geometry":{"type":"Polygon","coordinates":[[[133.6206,34.9723],[133.728,34.9723],[133.728,35.0624],[133.6206,35.0624],[133.6206,34.9723]]]}},{"type":"Feature","properties":{"cell_id":1116},"geometry":{"type":"Polygon","coordinates":[[[133.728,34.9723],[133.8354,34.9723],[133.8354,35.0624],[133.728,35.0624],[133.728,34.9723]]]}},{"type":"Feature","properties":{"cell_id":1117},"geometry":{"type":"Polygon","coordinates":[[[133.8354,34.9723],[133.9428,34.9723],[133.9428,35.0624],[133.8354,35.0624],[133.8354,34.9723]]]}},{"type":"Feature","properties":{"cell_id":1118},"geometry":{"type":"Polygon","coordinates":[[[133.9428,34.9723],[134.0502,34.9723],[134.0502,35.0624],[133.9428,35.0624],[133.9428,34.9723]]]}},{"type":"Feature","properties":{"cell_id":1119},"geometry":{"type":"Polygon","coordinates":[[[134.0502,34.9723],[134.1576,34.9723],[134.1576,35.0624],[134.0502,35.0624],[134.0502,34.9723]]]}},{"type":"Feature","properties":{"cell_id":1120},"geometry":{"type":"Polygon","coordinates":[[[134.1576,34.9723],[134.265,34.9723],[134.265,35.0624],[134.1576,35.0624],[134.1576,34.9723]]]}},{"type":"Feature","properties":{"cell_id":1121},"geometry":{"type":"Polygon","coordinates":[[[134.265,34.9723],[134.3724,34.9723],[134.3724,35.0624],[134.265,35.0624],[134.265,34.9723]]]}},{"type":"Feature","properties":{"cell_id":1122},"geometry":{"type":"Polygon","coordinates":[[[134.3724,34.9723],[134.4799,34.9723],[134.4799,35.0624],[134.3724,35.0624],[134.3724,34.9723]]]}},{"type":"Feature","properties":{"cell_id":1123},"geometry":{"type":"Polygon","coordinates":[[[134.4799,34.9723],[134.5873,34.9723],[134.5873,35.0624],[134.4799,35.0624],[134.4799,34.9723]]]}},{"type":"Feature","properties":{"cell_id":1124},"geometry":{"type":"Polygon","coordinates":[[[134.5873,34.9723],[134.6947,34.9723],[134.6947,35.0624],[134.5873,35.0624],[134.5873,34.9723]]]}},{"type":"Feature","properties":{"cell_id":1125},"geometry":{"type":"Polygon","coordinates":[[[134.6947,34.9723],[134.8021,34.9723],[134.8021,35.0624],[134.6947,35.0624],[134.6947,34.9723]]]}},{"type":"Feature","properties":{"cell_id":1126},"geometry":{"type":"Polygon","coordinates":[[[134.8021,34.9723],[134.9095,34.9723],[134.9095,35.0624],[134.8021,35.0624],[134.8021,34.9723]]]}},{"type":"Feature","properties":{"cell_id":1127},"geometry":{"type":"Polygon","coordinates":[[[134.9095,34.9723],[135.0169,34.9723],[135.0169,35.0624],[134.9095,35.0624],[134.9095,34.9723]]]}},{"type":"Feature","properties":{"cell_id":1128},"geometry":{"type":"Polygon","coordinates":[[[135.0169,34.9723],[135.1243,34.9723],[135.1243,35.0624],[135.0169,35.0624],[135.0169,34.9723]]]}},{"type":"Feature","properties":{"cell_id":1129},"geometry":{"type":"Polygon","coordinates":[[[135.1243,34.9723],[135.2317,34.9723],[135.2317,35.0624],[135.1243,35.0624],[135.1243,34.9723]]]}},{"type":"Feature","properties":{"cell_id":1130},"geometry":{"type":"Polygon","coordinates":[[[135.2317,34.9723],[135.3391,34.9723],[135.3391,35.0624],[135.2317,35.0624],[135.2317,34.9723]]]}},{"type":"Feature","properties":{"cell_id":1131},"geometry":{"type":"Polygon","coordinates":[[[135.3391,34.9723],[135.4465,34.9723],[135.4465,35.0624],[135.3391,35.0624],[135.3391,34.9723]]]}},{"type":"Feature","properties":{"cell_id":1132},"geometry":{"type":"Polygon","coordinates":[[[135.4465,34.9723],[135.5539,34.9723],[135.5539,35.0624],[135.4465,35.0624],[135.4465,34.9723]]]}},{"type":"Feature","properties":{"cell_id":1133},"geometry":{"type":"Polygon","coordinates":[[[135.5539,34.9723],[135.6613,34.9723],[135.6613,35.0624],[135.5539,35.0624],[135.5539,34.9723]]]}},{"type":"Feature","properties":{"cell_id":1134},"geometry":{"type":"Polygon","coordinates":[[[135.6613,34.9723],[135.7687,34.9723],[135.7687,35.0624],[135.6613,35.0624],[135.6613,34.9723]]]}},{"type":"Feature","properties":{"cell_id":1135},"geometry":{"type":"Polygon","coordinates":[[[135.7687,34.9723],[135.8762,34.9723],[135.8762,35.0624],[135.7687,35.0624],[135.7687,34.9723]]]}},{"type":"Feature","properties":{"cell_id":1136},"geometry":{"type":"Polygon","coordinates":[[[135.8762,34.9723],[135.9836,34.9723],[135.9836,35.0624],[135.8762,35.0624],[135.8762,34.9723]]]}},{"type":"Feature","properties":{"cell_id":1137},"geometry":{"type":"Polygon","coordinates":[[[135.9836,34.9723],[136.091,34.9723],[136.091,35.0624],[135.9836,35.0624],[135.9836,34.9723]]]}},{"type":"Feature","properties":{"cell_id":1138},"geometry":{"type":"Polygon","coordinates":[[[136.091,34.9723],[136.1984,34.9723],[136.1984,35.0624],[136.091,35.0624],[136.091,34.9723]]]}},{"type":"Feature","properties":{"cell_id":1139},"geometry":{"type":"Polygon","coordinates":[[[136.1984,34.9723],[136.3058,34.9723],[136.3058,35.0624],[136.1984,35.0624],[136.1984,34.9723]]]}},{"type":"Feature","properties":{"cell_id":1140},"geometry":{"type":"Polygon","coordinates":[[[136.3058,34.9723],[136.4132,34.9723],[136.4132,35.0624],[136.3058,35.0624],[136.3058,34.9723]]]}},{"type":"Feature","properties":{"cell_id":1141},"geometry":{"type":"Polygon","coordinates":[[[136.4132,34.9723],[136.5206,34.9723],[136.5206,35.0624],[136.4132,35.0624],[136.4132,34.9723]]]}},{"type":"Feature","properties":{"cell_id":1142},"geometry":{"type":"Polygon","coordinates":[[[136.5206,34.9723],[136.628,34.9723],[136.628,35.0624],[136.5206,35.0624],[136.5206,34.9723]]]}},{"type":"Feature","properties":{"cell_id":1143},"geometry":{"type":"Polygon","coordinates":[[[136.628,34.9723],[136.7354,34.9723],[136.7354,35.0624],[136.628,35.0624],[136.628,34.9723]]]}},{"type":"Feature","properties":{"cell_id":1144},"geometry":{"type":"Polygon","coordinates":[[[136.8428,34.9723],[136.9502,34.9723],[136.9502,35.0624],[136.8428,35.0624],[136.8428,34.9723]]]}},{"type":"Feature","properties":{"cell_id":1145},"geometry":{"type":"Polygon","coordinates":[[[136.9502,34.9723],[137.0576,34.9723],[137.0576,35.0624],[136.9502,35.0624],[136.9502,34.9723]]]}},{"type":"Feature","properties":{"cell_id":1146},"geometry":{"type":"Polygon","coordinates":[[[137.0576,34.9723],[137.1651,34.9723],[137.1651,35.0624],[137.0576,35.0624],[137.0576,34.9723]]]}},{"type":"Feature","properties":{"cell_id":1147},"geometry":{"type":"Polygon","coordinates":[[[137.1651,34.9723],[137.2725,34.9723],[137.2725,35.0624],[137.1651,35.0624],[137.1651,34.9723]]]}},{"type":"Feature","properties":{"cell_id":1148},"geometry":{"type":"Polygon","coordinates":[[[137.2725,34.9723],[137.3799,34.9723],[137.3799,35.0624],[137.2725,35.0624],[137.2725,34.9723]]]}},{"type":"Feature","properties":{"cell_id":1149},"geometry":{"type":"Polygon","coordinates":[[[137.3799,34.9723],[137.4873,34.9723],[137.4873,35.0624],[137.3799,35.0624],[137.3799,34.9723]]]}},{"type":"Feature","properties":{"cell_id":1150},"geometry":{"type":"Polygon","coordinates":[[[137.4873,34.9723],[137.5947,34.9723],[137.5947,35.0624],[137.4873,35.0624],[137.4873,34.9723]]]}},{"type":"Feature","properties":{"cell_id":1151},"geometry":{"type":"Polygon","coordinates":[[[137.5947,34.9723],[137.7021,34.9723],[137.7021,35.0624],[137.5947,35.0624],[137.5947,34.9723]]]}},{"type":"Feature","properties":{"cell_id":1152},"geometry":{"type":"Polygon","coordinates":[[[137.7021,34.9723],[137.8095,34.9723],[137.8095,35.0624],[137.7021,35.0624],[137.7021,34.9723]]]}},{"type":"Feature","properties":{"cell_id":1153},"geometry":{"type":"Polygon","coordinates":[[[137.8095,34.9723],[137.9169,34.9723],[137.9169,35.0624],[137.8095,35.0624],[137.8095,34.9723]]]}},{"type":"Feature","properties":{"cell_id":1154},"geometry":{"type":"Polygon","coordinates":[[[137.9169,34.9723],[138.0243,34.9723],[138.0243,35.0624],[137.9169,35.0624],[137.9169,34.9723]]]}},{"type":"Feature","properties":{"cell_id":1155},"geometry":{"type":"Polygon","coordinates":[[[138.0243,34.9723],[138.1317,34.9723],[138.1317,35.0624],[138.0243,35.0624],[138.0243,34.9723]]]}},{"type":"Feature","properties":{"cell_id":1156},"geometry":{"type":"Polygon","coordinates":[[[138.1317,34.9723],[138.2391,34.9723],[138.2391,35.0624],[138.1317,35.0624],[138.1317,34.9723]]]}},{"type":"Feature","properties":{"cell_id":1157},"geometry":{"type":"Polygon","coordinates":[[[138.2391,34.9723],[138.3465,34.9723],[138.3465,35.0624],[138.2391,35.0624],[138.2391,34.9723]]]}},{"type":"Feature","properties":{"cell_id":1158},"geometry":{"type":"Polygon","coordinates":[[[138.3465,34.9723],[138.4539,34.9723],[138.4539,35.0624],[138.3465,35.0624],[138.3465,34.9723]]]}},{"type":"Feature","properties":{"cell_id":1159},"geometry":{"type":"Polygon","coordinates":[[[138.7762,34.9723],[138.8836,34.9723],[138.8836,35.0624],[138.7762,35.0624],[138.7762,34.9723]]]}},{"type":"Feature","properties":{"cell_id":1160},"geometry":{"type":"Polygon","coordinates":[[[138.8836,34.9723],[138.991,34.9723],[138.991,35.0624],[138.8836,35.0624],[138.8836,34.9723]]]}},{"type":"Feature","properties":{"cell_id":1161},"geometry":{"type":"Polygon","coordinates":[[[138.991,34.9723],[139.0984,34.9723],[139.0984,35.0624],[138.991,35.0624],[138.991,34.9723]]]}},{"type":"Feature","properties":{"cell_id":1162},"geometry":{"type":"Polygon","coordinates":[[[139.8503,34.9723],[139.9577,34.9723],[139.9577,35.0624],[139.8503,35.0624],[139.8503,34.9723]]]}},{"type":"Feature","properties":{"cell_id":1163},"geometry":{"type":"Polygon","coordinates":[[[132.3317,35.0624],[132.4391,35.0624],[132.4391,35.1525],[132.3317,35.1525],[132.3317,35.0624]]]}},{"type":"Feature","properties":{"cell_id":1164},"geometry":{"type":"Polygon","coordinates":[[[132.4391,35.0624],[132.5465,35.0624],[132.5465,35.1525],[132.4391,35.1525],[132.4391,35.0624]]]}},{"type":"Feature","properties":{"cell_id":1165},"geometry":{"type":"Polygon","coordinates":[[[132.5465,35.0624],[132.6539,35.0624],[132.6539,35.1525],[132.5465,35.1525],[132.5465,35.0624]]]}},{"type":"Feature","properties":{"cell_id":1166},"geometry":{"type":"Polygon","coordinates":[[[132.6539,35.0624],[132.7613,35.0624],[132.7613,35.1525],[132.6539,35.1525],[132.6539,35.0624]]]}},{"type":"Feature","properties":{"cell_id":1167},"geometry":{"type":"Polygon","coordinates":[[[132.7613,35.0624],[132.8687,35.0624],[132.8687,35.1525],[132.7613,35.1525],[132.7613,35.0624]]]}},{"type":"Feature","properties":{"cell_id":1168},"geometry":{"type":"Polygon","coordinates":[[[132.8687,35.0624],[132.9761,35.0624],[132.9761,35.1525],[132.8687,35.1525],[132.8687,35.0624]]]}},{"type":"Feature","properties":{"cell_id":1169},"geometry":{"type":"Polygon","coordinates":[[[132.9761,35.0624],[133.0835,35.0624],[133.0835,35.1525],[132.9761,35.1525],[132.9761,35.0624]]]}},{"type":"Feature","properties":{"cell_id":1170},"geometry":{"type":"Polygon","coordinates":[[[133.0835,35.0624],[133.191,35.0624],[133.191,35.1525],[133.0835,35.1525],[133.0835,35.0624]]]}},{"type":"Feature","properties":{"cell_id":1171},"geometry":{"type":"Polygon","coordinates":[[[133.191,35.0624],[133.2984,35.0624],[133.2984,35.1525],[133.191,35.1525],[133.191,35.0624]]]}},{"type":"Feature","properties":{"cell_id":1172},"geometry":{"type":"Polygon","coordinates":[[[133.2984,35.0624],[133.4058,35.0624],[133.4058,35.1525],[133.2984,35.1525],[133.2984,35.0624]]]}},{"type":"Feature","properties":{"cell_id":1173},"geometry":{"type":"Polygon","coordinates":[[[133.4058,35.0624],[133.5132,35.0624],[133.5132,35.1525],[133.4058,35.1525],[133.4058,35.0624]]]}},{"type":"Feature","properties":{"cell_id":1174},"geometry":{"type":"Polygon","coordinates":[[[133.5132,35.0624],[133.6206,35.0624],[133.6206,35.1525],[133.5132,35.1525],[133.5132,35.0624]]]}},{"type":"Feature","properties":{"cell_id":1175},"geometry":{"type":"Polygon","coordinates":[[[133.6206,35.0624],[133.728,35.0624],[133.728,35.1525],[133.6206,35.1525],[133.6206,35.0624]]]}},{"type":"Feature","properties":{"cell_id":1176},"geometry":{"type":"Polygon","coordinates":[[[133.728,35.0624],[133.8354,35.0624],[133.8354,35.1525],[133.728,35.1525],[133.728,35.0624]]]}},{"type":"Feature","properties":{"cell_id":1177},"geometry":{"type":"Polygon","coordinates":[[[133.8354,35.0624],[133.9428,35.0624],[133.9428,35.1525],[133.8354,35.1525],[133.8354,35.0624]]]}},{"type":"Feature","properties":{"cell_id":1178},"geometry":{"type":"Polygon","coordinates":[[[133.9428,35.0624],[134.0502,35.0624],[134.0502,35.1525],[133.9428,35.1525],[133.9428,35.0624]]]}},{"type":"Feature","properties":{"cell_id":1179},"geometry":{"type":"Polygon","coordinates":[[[134.0502,35.0624],[134.1576,35.0624],[134.1576,35.1525],[134.0502,35.1525],[134.0502,35.0624]]]}},{"type":"Feature","properties":{"cell_id":1180},"geometry":{"type":"Polygon","coordinates":[[[134.1576,35.0624],[134.265,35.0624],[134.265,35.1525],[134.1576,35.1525],[134.1576,35.0624]]]}},{"type":"Feature","properties":{"cell_id":1181},"geometry":{"type":"Polygon","coordinates":[[[134.265,35.0624],[134.3724,35.0624],[134.3724,35.1525],[134.265,35.1525],[134.265,35.0624]]]}},{"type":"Feature","properties":{"cell_id":1182},"geometry":{"type":"Polygon","coordinates":[[[134.3724,35.0624],[134.4799,35.0624],[134.4799,35.1525],[134.3724,35.1525],[134.3724,35.0624]]]}},{"type":"Feature","properties":{"cell_id":1183},"geometry":{"type":"Polygon","coordinates":[[[134.4799,35.0624],[134.5873,35.0624],[134.5873,35.1525],[134.4799,35.1525],[134.4799,35.0624]]]}},{"type":"Feature","properties":{"cell_id":1184},"geometry":{"type":"Polygon","coordinates":[[[134.5873,35.0624],[134.6947,35.0624],[134.6947,35.1525],[134.5873,35.1525],[134.5873,35.0624]]]}},{"type":"Feature","properties":{"cell_id":1185},"geometry":{"type":"Polygon","coordinates":[[[134.6947,35.0624],[134.8021,35.0624],[134.8021,35.1525],[134.6947,35.1525],[134.6947,35.0624]]]}},{"type":"Feature","properties":{"cell_id":1186},"geometry":{"type":"Polygon","coordinates":[[[134.8021,35.0624],[134.9095,35.0624],[134.9095,35.1525],[134.8021,35.1525],[134.8021,35.0624]]]}},{"type":"Feature","properties":{"cell_id":1187},"geometry":{"type":"Polygon","coordinates":[[[134.9095,35.0624],[135.0169,35.0624],[135.0169,35.1525],[134.9095,35.1525],[134.9095,35.0624]]]}},{"type":"Feature","properties":{"cell_id":1188},"geometry":{"type":"Polygon","coordinates":[[[135.0169,35.0624],[135.1243,35.0624],[135.1243,35.1525],[135.0169,35.1525],[135.0169,35.0624]]]}},{"type":"Feature","properties":{"cell_id":1189},"geometry":{"type":"Polygon","coordinates":[[[135.1243,35.0624],[135.2317,35.0624],[135.2317,35.1525],[135.1243,35.1525],[135.1243,35.0624]]]}},{"type":"Feature","properties":{"cell_id":1190},"geometry":{"type":"Polygon","coordinates":[[[135.2317,35.0624],[135.3391,35.0624],[135.3391,35.1525],[135.2317,35.1525],[135.2317,35.0624]]]}},{"type":"Feature","properties":{"cell_id":1191},"geometry":{"type":"Polygon","coordinates":[[[135.3391,35.0624],[135.4465,35.0624],[135.4465,35.1525],[135.3391,35.1525],[135.3391,35.0624]]]}},{"type":"Feature","properties":{"cell_id":1192},"geometry":{"type":"Polygon","coordinates":[[[135.4465,35.0624],[135.5539,35.0624],[135.5539,35.1525],[135.4465,35.1525],[135.4465,35.0624]]]}},{"type":"Feature","properties":{"cell_id":1193},"geometry":{"type":"Polygon","coordinates":[[[135.5539,35.0624],[135.6613,35.0624],[135.6613,35.1525],[135.5539,35.1525],[135.5539,35.0624]]]}},{"type":"Feature","properties":{"cell_id":1194},"geometry":{"type":"Polygon","coordinates":[[[135.6613,35.0624],[135.7687,35.0624],[135.7687,35.1525],[135.6613,35.1525],[135.6613,35.0624]]]}},{"type":"Feature","properties":{"cell_id":1195},"geometry":{"type":"Polygon","coordinates":[[[135.7687,35.0624],[135.8762,35.0624],[135.8762,35.1525],[135.7687,35.1525],[135.7687,35.0624]]]}},{"type":"Feature","properties":{"cell_id":1196},"geometry":{"type":"Polygon","coordinates":[[[135.8762,35.0624],[135.9836,35.0624],[135.9836,35.1525],[135.8762,35.1525],[135.8762,35.0624]]]}},{"type":"Feature","properties":{"cell_id":1197},"geometry":{"type":"Polygon","coordinates":[[[135.9836,35.0624],[136.091,35.0624],[136.091,35.1525],[135.9836,35.1525],[135.9836,35.0624]]]}},{"type":"Feature","properties":{"cell_id":1198},"geometry":{"type":"Polygon","coordinates":[[[136.091,35.0624],[136.1984,35.0624],[136.1984,35.1525],[136.091,35.1525],[136.091,35.0624]]]}},{"type":"Feature","properties":{"cell_id":1199},"geometry":{"type":"Polygon","coordinates":[[[136.1984,35.0624],[136.3058,35.0624],[136.3058,35.1525],[136.1984,35.1525],[136.1984,35.0624]]]}},{"type":"Feature","properties":{"cell_id":1200},"geometry":{"type":"Polygon","coordinates":[[[136.3058,35.0624],[136.4132,35.0624],[136.4132,35.1525],[136.3058,35.1525],[136.3058,35.0624]]]}},{"type":"Feature","properties":{"cell_id":1201},"geometry":{"type":"Polygon","coordinates":[[[136.4132,35.0624],[136.5206,35.0624],[136.5206,35.1525],[136.4132,35.1525],[136.4132,35.0624]]]}},{"type":"Feature","properties":{"cell_id":1202},"geometry":{"type":"Polygon","coordinates":[[[136.5206,35.0624],[136.628,35.0624],[136.628,35.1525],[136.5206,35.1525],[136.5206,35.0624]]]}},{"type":"Feature","properties":{"cell_id":1203},"geometry":{"type":"Polygon","coordinates":[[[136.628,35.0624],[136.7354,35.0624],[136.7354,35.1525],[136.628,35.1525],[136.628,35.0624]]]}},{"type":"Feature","properties":{"cell_id":1204},"geometry":{"type":"Polygon","coordinates":[[[136.7354,35.0624],[136.8428,35.0624],[136.8428,35.1525],[136.7354,35.1525],[136.7354,35.0624]]]}},{"type":"Feature","properties":{"cell_id":1205},"geometry":{"type":"Polygon","coordinates":[[[136.8428,35.0624],[136.9502,35.0624],[136.9502,35.1525],[136.8428,35.1525],[136.8428,35.0624]]]}},{"type":"Feature","properties":{"cell_id":1206},"geometry":{"type":"Polygon","coordinates":[[[136.9502,35.0624],[137.0576,35.0624],[137.0576,35.1525],[136.9502,35.1525],[136.9502,35.0624]]]}},{"type":"Feature","properties":{"cell_id":1207},"geometry":{"type":"Polygon","coordinates":[[[137.0576,35.0624],[137.1651,35.0624],[137.1651,35.1525],[137.0576,35.1525],[137.0576,35.0624]]]}},{"type":"Feature","properties":{"cell_id":1208},"geometry":{"type":"Polygon","coordinates":[[[137.1651,35.0624],[137.2725,35.0624],[137.2725,35.1525],[137.1651,35.1525],[137.1651,35.0624]]]}},{"type":"Feature","properties":{"cell_id":1209},"geometry":{"type":"Polygon","coordinates":[[[137.2725,35.0624],[137.3799,35.0624],[137.3799,35.1525],[137.2725,35.1525],[137.2725,35.0624]]]}},{"type":"Feature","properties":{"cell_id":1210},"geometry":{"type":"Polygon","coordinates":[[[137.3799,35.0624],[137.4873,35.0624],[137.4873,35.1525],[137.3799,35.1525],[137.3799,35.0624]]]}},{"type":"Feature","properties":{"cell_id":1211},"geometry":{"type":"Polygon","coordinates":[[[137.4873,35.0624],[137.5947,35.0624],[137.5947,35.1525],[137.4873,35.1525],[137.4873,35.0624]]]}},{"type":"Feature","properties":{"cell_id":1212},"geometry":{"type":"Polygon","coordinates":[[[137.5947,35.0624],[137.7021,35.0624],[137.7021,35.1525],[137.5947,35.1525],[137.5947,35.0624]]]}},{"type":"Feature","properties":{"cell_id":1213},"geometry":{"type":"Polygon","coordinates":[[[137.7021,35.0624],[137.8095,35.0624],[137.8095,35.1525],[137.7021,35.1525],[137.7021,35.0624]]]}},{"type":"Feature","properties":{"cell_id":1214},"geometry":{"type":"Polygon","coordinates":[[[137.8095,35.0624],[137.9169,35.0624],[137.9169,35.1525],[137.8095,35.1525],[137.8095,35.0624]]]}},{"type":"Feature","properties":{"cell_id":1215},"geometry":{"type":"Polygon","coordinates":[[[137.9169,35.0624],[138.0243,35.0624],[138.0243,35.1525],[137.9169,35.1525],[137.9169,35.0624]]]}},{"type":"Feature","properties":{"cell_id":1216},"geometry":{"type":"Polygon","coordinates":[[[138.0243,35.0624],[138.1317,35.0624],[138.1317,35.1525],[138.0243,35.1525],[138.0243,35.0624]]]}},{"type":"Feature","properties":{"cell_id":1217},"geometry":{"type":"Polygon","coordinates":[[[138.1317,35.0624],[138.2391,35.0624],[138.2391,35.1525],[138.1317,35.1525],[138.1317,35.0624]]]}},{"type":"Feature","properties":{"cell_id":1218},"geometry":{"type":"Polygon","coordinates":[[[138.2391,35.0624],[138.3465,35.0624],[138.3465,35.1525],[138.2391,35.1525],[138.2391,35.0624]]]}},{"type":"Feature","properties":{"cell_id":1219},"geometry":{"type":"Polygon","coordinates":[[[138.3465,35.0624],[138.4539,35.0624],[138.4539,35.1525],[138.3465,35.1525],[138.3465,35.0624]]]}},{"type":"Feature","properties":{"cell_id":1220},"geometry":{"type":"Polygon","coordinates":[[[138.4539,35.0624],[138.5614,35.0624],[138.5614,35.1525],[138.4539,35.1525],[138.4539,35.0624]]]}},{"type":"Feature","properties":{"cell_id":1221},"geometry":{"type":"Polygon","coordinates":[[[138.7762,35.0624],[138.8836,35.0624],[138.8836,35.1525],[138.7762,35.1525],[138.7762,35.0624]]]}},{"type":"Feature","properties":{"cell_id":1222},"geometry":{"type":"Polygon","coordinates":[[[138.8836,35.0624],[138.991,35.0624],[138.991,35.1525],[138.8836,35.1525],[138.8836,35.0624]]]}},{"type":"Feature","properties":{"cell_id":1223},"geometry":{"type":"Polygon","coordinates":[[[138.991,35.0624],[139.0984,35.0624],[139.0984,35.1525],[138.991,35.1525],[138.991,35.0624]]]}},{"type":"Feature","properties":{"cell_id":1224},"geometry":{"type":"Polygon","coordinates":[[[139.8503,35.0624],[139.9577,35.0624],[139.9577,35.1525],[139.8503,35.1525],[139.8503,35.0624]]]}},{"type":"Feature","properties":{"cell_id":1225},"geometry":{"type":"Polygon","coordinates":[[[139.9577,35.0624],[140.0651,35.0624],[140.0651,35.1525],[139.9577,35.1525],[139.9577,35.0624]]]}},{"type":"Feature","properties":{"cell_id":1226},"geometry":{"type":"Polygon","coordinates":[[[132.4391,35.1525],[132.5465,35.1525],[132.5465,35.2426],[132.4391,35.2426],[132.4391,35.1525]]]}},{"type":"Feature","properties":{"cell_id":1227},"geometry":{"type":"Polygon","coordinates":[[[132.5465,35.1525],[132.6539,35.1525],[132.6539,35.2426],[132.5465,35.2426],[132.5465,35.1525]]]}},{"type":"Feature","properties":{"cell_id":1228},"geometry":{"type":"Polygon","coordinates":[[[132.6539,35.1525],[132.7613,35.1525],[132.7613,35.2426],[132.6539,35.2426],[132.6539,35.1525]]]}},{"type":"Feature","properties":{"cell_id":1229},"geometry":{"type":"Polygon","coordinates":[[[132.7613,35.1525],[132.8687,35.1525],[132.8687,35.2426],[132.7613,35.2426],[132.7613,35.1525]]]}},{"type":"Feature","properties":{"cell_id":1230},"geometry":{"type":"Polygon","coordinates":[[[132.8687,35.1525],[132.9761,35.1525],[132.9761,35.2426],[132.8687,35.2426],[132.8687,35.1525]]]}},{"type":"Feature","properties":{"cell_id":1231},"geometry":{"type":"Polygon","coordinates":[[[132.9761,35.1525],[133.0835,35.1525],[133.0835,35.2426],[132.9761,35.2426],[132.9761,35.1525]]]}},{"type":"Feature","properties":{"cell_id":1232},"geometry":{"type":"Polygon","coordinates":[[[133.0835,35.1525],[133.191,35.1525],[133.191,35.2426],[133.0835,35.2426],[133.0835,35.1525]]]}},{"type":"Feature","properties":{"cell_id":1233},"geometry":{"type":"Polygon","coordinates":[[[133.191,35.1525],[133.2984,35.1525],[133.2984,35.2426],[133.191,35.2426],[133.191,35.1525]]]}},{"type":"Feature","properties":{"cell_id":1234},"geometry":{"type":"Polygon","coordinates":[[[133.2984,35.1525],[133.4058,35.1525],[133.4058,35.2426],[133.2984,35.2426],[133.2984,35.1525]]]}},{"type":"Feature","properties":{"cell_id":1235},"geometry":{"type":"Polygon","coordinates":[[[133.4058,35.1525],[133.5132,35.1525],[133.5132,35.2426],[133.4058,35.2426],[133.4058,35.1525]]]}},{"type":"Feature","properties":{"cell_id":1236},"geometry":{"type":"Polygon","coordinates":[[[133.5132,35.1525],[133.6206,35.1525],[133.6206,35.2426],[133.5132,35.2426],[133.5132,35.1525]]]}},{"type":"Feature","properties":{"cell_id":1237},"geometry":{"type":"Polygon","coordinates":[[[133.6206,35.1525],[133.728,35.1525],[133.728,35.2426],[133.6206,35.2426],[133.6206,35.1525]]]}},{"type":"Feature","properties":{"cell_id":1238},"geometry":{"type":"Polygon","coordinates":[[[133.728,35.1525],[133.8354,35.1525],[133.8354,35.2426],[133.728,35.2426],[133.728,35.1525]]]}},{"type":"Feature","properties":{"cell_id":1239},"geometry":{"type":"Polygon","coordinates":[[[133.8354,35.1525],[133.9428,35.1525],[133.9428,35.2426],[133.8354,35.2426],[133.8354,35.1525]]]}},{"type":"Feature","properties":{"cell_id":1240},"geometry":{"type":"Polygon","coordinates":[[[133.9428,35.1525],[134.0502,35.1525],[134.0502,35.2426],[133.9428,35.2426],[133.9428,35.1525]]]}},{"type":"Feature","properties":{"cell_id":1241},"geometry":{"type":"Polygon","coordinates":[[[134.0502,35.1525],[134.1576,35.1525],[134.1576,35.2426],[134.0502,35.2426],[134.0502,35.1525]]]}},{"type":"Feature","properties":{"cell_id":1242},"geometry":{"type":"Polygon","coordinates":[[[134.1576,35.1525],[134.265,35.1525],[134.265,35.2426],[134.1576,35.2426],[134.1576,35.1525]]]}},{"type":"Feature","properties":{"cell_id":1243},"geometry":{"type":"Polygon","coordinates":[[[134.265,35.1525],[134.3724,35.1525],[134.3724,35.2426],[134.265,35.2426],[134.265,35.1525]]]}},{"type":"Feature","properties":{"cell_id":1244},"geometry":{"type":"Polygon","coordinates":[[[134.3724,35.1525],[134.4799,35.1525],[134.4799,35.2426],[134.3724,35.2426],[134.3724,35.1525]]]}},{"type":"Feature","properties":{"cell_id":1245},"geometry":{"type":"Polygon","coordinates":[[[134.4799,35.1525],[134.5873,35.1525],[134.5873,35.2426],[134.4799,35.2426],[134.4799,35.1525]]]}},{"type":"Feature","properties":{"cell_id":1246},"geometry":{"type":"Polygon","coordinates":[[[134.5873,35.1525],[134.6947,35.1525],[134.6947,35.2426],[134.5873,35.2426],[134.5873,35.1525]]]}},{"type":"Feature","properties":{"cell_id":1247},"geometry":{"type":"Polygon","coordinates":[[[134.6947,35.1525],[134.8021,35.1525],[134.8021,35.2426],[134.6947,35.2426],[134.6947,35.1525]]]}},{"type":"Feature","properties":{"cell_id":1248},"geometry":{"type":"Polygon","coordinates":[[[134.8021,35.1525],[134.9095,35.1525],[134.9095,35.2426],[134.8021,35.2426],[134.8021,35.1525]]]}},{"type":"Feature","properties":{"cell_id":1249},"geometry":{"type":"Polygon","coordinates":[[[134.9095,35.1525],[135.0169,35.1525],[135.0169,35.2426],[134.9095,35.2426],[134.9095,35.1525]]]}},{"type":"Feature","properties":{"cell_id":1250},"geometry":{"type":"Polygon","coordinates":[[[135.0169,35.1525],[135.1243,35.1525],[135.1243,35.2426],[135.0169,35.2426],[135.0169,35.1525]]]}},{"type":"Feature","properties":{"cell_id":1251},"geometry":{"type":"Polygon","coordinates":[[[135.1243,35.1525],[135.2317,35.1525],[135.2317,35.2426],[135.1243,35.2426],[135.1243,35.1525]]]}},{"type":"Feature","properties":{"cell_id":1252},"geometry":{"type":"Polygon","coordinates":[[[135.2317,35.1525],[135.3391,35.1525],[135.3391,35.2426],[135.2317,35.2426],[135.2317,35.1525]]]}},{"type":"Feature","properties":{"cell_id":1253},"geometry":{"type":"Polygon","coordinates":[[[135.3391,35.1525],[135.4465,35.1525],[135.4465,35.2426],[135.3391,35.2426],[135.3391,35.1525]]]}},{"type":"Feature","properties":{"cell_id":1254},"geometry":{"type":"Polygon","coordinates":[[[135.4465,35.1525],[135.5539,35.1525],[135.5539,35.2426],[135.4465,35.2426],[135.4465,35.1525]]]}},{"type":"Feature","properties":{"cell_id":1255},"geometry":{"type":"Polygon","coordinates":[[[135.5539,35.1525],[135.6613,35.1525],[135.6613,35.2426],[135.5539,35.2426],[135.5539,35.1525]]]}},{"type":"Feature","properties":{"cell_id":1256},"geometry":{"type":"Polygon","coordinates":[[[135.6613,35.1525],[135.7687,35.1525],[135.7687,35.2426],[135.6613,35.2426],[135.6613,35.1525]]]}},{"type":"Feature","properties":{"cell_id":1257},"geometry":{"type":"Polygon","coordinates":[[[135.7687,35.1525],[135.8762,35.1525],[135.8762,35.2426],[135.7687,35.2426],[135.7687,35.1525]]]}},{"type":"Feature","properties":{"cell_id":1258},"geometry":{"type":"Polygon","coordinates":[[[135.8762,35.1525],[135.9836,35.1525],[135.9836,35.2426],[135.8762,35.2426],[135.8762,35.1525]]]}},{"type":"Feature","properties":{"cell_id":1259},"geometry":{"type":"Polygon","coordinates":[[[135.9836,35.1525],[136.091,35.1525],[136.091,35.2426],[135.9836,35.2426],[135.9836,35.1525]]]}},{"type":"Feature","properties":{"cell_id":1260},"geometry":{"type":"Polygon","coordinates":[[[136.091,35.1525],[136.1984,35.1525],[136.1984,35.2426],[136.091,35.2426],[136.091,35.1525]]]}},{"type":"Feature","properties":{"cell_id":1261},"geometry":{"type":"Polygon","coordinates":[[[136.1984,35.1525],[136.3058,35.1525],[136.3058,35.2426],[136.1984,35.2426],[136.1984,35.1525]]]}},{"type":"Feature","properties":{"cell_id":1262},"geometry":{"type":"Polygon","coordinates":[[[136.3058,35.1525],[136.4132,35.1525],[136.4132,35.2426],[136.3058,35.2426],[136.3058,35.1525]]]}},{"type":"Feature","properties":{"cell_id":1263},"geometry":{"type":"Polygon","coordinates":[[[136.4132,35.1525],[136.5206,35.1525],[136.5206,35.2426],[136.4132,35.2426],[136.4132,35.1525]]]}},{"type":"Feature","properties":{"cell_id":1264},"geometry":{"type":"Polygon","coordinates":[[[136.5206,35.1525],[136.628,35.1525],[136.628,35.2426],[136.5206,35.2426],[136.5206,35.1525]]]}},{"type":"Feature","properties":{"cell_id":1265},"geometry":{"type":"Polygon","coordinates":[[[136.628,35.1525],[136.7354,35.1525],[136.7354,35.2426],[136.628,35.2426],[136.628,35.1525]]]}},{"type":"Feature","properties":{"cell_id":1266},"geometry":{"type":"Polygon","coordinates":[[[136.7354,35.1525],[136.8428,35.1525],[136.8428,35.2426],[136.7354,35.2426],[136.7354,35.1525]]]}},{"type":"Feature","properties":{"cell_id":1267},"geometry":{"type":"Polygon","coordinates":[[[136.8428,35.1525],[136.9502,35.1525],[136.9502,35.2426],[136.8428,35.2426],[136.8428,35.1525]]]}},{"type":"Feature","properties":{"cell_id":1268},"geometry":{"type":"Polygon","coordinates":[[[136.9502,35.1525],[137.0576,35.1525],[137.0576,35.2426],[136.9502,35.2426],[136.9502,35.1525]]]}},{"type":"Feature","properties":{"cell_id":1269},"geometry":{"type":"Polygon","coordinates":[[[137.0576,35.1525],[137.1651,35.1525],[137.1651,35.2426],[137.0576,35.2426],[137.0576,35.1525]]]}},{"type":"Feature","properties":{"cell_id":1270},"geometry":{"type":"Polygon","coordinates":[[[137.1651,35.1525],[137.2725,35.1525],[137.2725,35.2426],[137.1651,35.2426],[137.1651,35.1525]]]}},{"type":"Feature","properties":{"cell_id":1271},"geometry":{"type":"Polygon","coordinates":[[[137.2725,35.1525],[137.3799,35.1525],[137.3799,35.2426],[137.2725,35.2426],[137.2725,35.1525]]]}},{"type":"Feature","properties":{"cell_id":1272},"geometry":{"type":"Polygon","coordinates":[[[137.3799,35.1525],[137.4873,35.1525],[137.4873,35.2426],[137.3799,35.2426],[137.3799,35.1525]]]}},{"type":"Feature","properties":{"cell_id":1273},"geometry":{"type":"Polygon","coordinates":[[[137.4873,35.1525],[137.5947,35.1525],[137.5947,35.2426],[137.4873,35.2426],[137.4873,35.1525]]]}},{"type":"Feature","properties":{"cell_id":1274},"geometry":{"type":"Polygon","coordinates":[[[137.5947,35.1525],[137.7021,35.1525],[137.7021,35.2426],[137.5947,35.2426],[137.5947,35.1525]]]}},{"type":"Feature","properties":{"cell_id":1275},"geometry":{"type":"Polygon","coordinates":[[[137.7021,35.1525],[137.8095,35.1525],[137.8095,35.2426],[137.7021,35.2426],[137.7021,35.1525]]]}},{"type":"Feature","properties":{"cell_id":1276},"geometry":{"type":"Polygon","coordinates":[[[137.8095,35.1525],[137.9169,35.1525],[137.9169,35.2426],[137.8095,35.2426],[137.8095,35.1525]]]}},{"type":"Feature","properties":{"cell_id":1277},"geometry":{"type":"Polygon","coordinates":[[[137.9169,35.1525],[138.0243,35.1525],[138.0243,35.2426],[137.9169,35.2426],[137.9169,35.1525]]]}},{"type":"Feature","properties":{"cell_id":1278},"geometry":{"type":"Polygon","coordinates":[[[138.0243,35.1525],[138.1317,35.1525],[138.1317,35.2426],[138.0243,35.2426],[138.0243,35.1525]]]}},{"type":"Feature","properties":{"cell_id":1279},"geometry":{"type":"Polygon","coordinates":[[[138.1317,35.1525],[138.2391,35.1525],[138.2391,35.2426],[138.1317,35.2426],[138.1317,35.1525]]]}},{"type":"Feature","properties":{"cell_id":1280},"geometry":{"type":"Polygon","coordinates":[[[138.2391,35.1525],[138.3465,35.1525],[138.3465,35.2426],[138.2391,35.2426],[138.2391,35.1525]]]}},{"type":"Feature","properties":{"cell_id":1281},"geometry":{"type":"Polygon","coordinates":[[[138.3465,35.1525],[138.4539,35.1525],[138.4539,35.2426],[138.3465,35.2426],[138.3465,35.1525]]]}},{"type":"Feature","properties":{"cell_id":1282},"geometry":{"type":"Polygon","coordinates":[[[138.4539,35.1525],[138.5614,35.1525],[138.5614,35.2426],[138.4539,35.2426],[138.4539,35.1525]]]}},{"type":"Feature","properties":{"cell_id":1283},"geometry":{"type":"Polygon","coordinates":[[[138.5614,35.1525],[138.6688,35.1525],[138.6688,35.2426],[138.5614,35.2426],[138.5614,35.1525]]]}},{"type":"Feature","properties":{"cell_id":1284},"geometry":{"type":"Polygon","coordinates":[[[138.6688,35.1525],[138.7762,35.1525],[138.7762,35.2426],[138.6688,35.2426],[138.6688,35.1525]]]}},{"type":"Feature","properties":{"cell_id":1285},"geometry":{"type":"Polygon","coordinates":[[[138.7762,35.1525],[138.8836,35.1525],[138.8836,35.2426],[138.7762,35.2426],[138.7762,35.1525]]]}},{"type":"Feature","properties":{"cell_id":1286},"geometry":{"type":"Polygon","coordinates":[[[138.8836,35.1525],[138.991,35.1525],[138.991,35.2426],[138.8836,35.2426],[138.8836,35.1525]]]}},{"type":"Feature","properties":{"cell_id":1287},"geometry":{"type":"Polygon","coordinates":[[[138.991,35.1525],[139.0984,35.1525],[139.0984,35.2426],[138.991,35.2426],[138.991,35.1525]]]}},{"type":"Feature","properties":{"cell_id":1288},"geometry":{"type":"Polygon","coordinates":[[[139.8503,35.1525],[139.9577,35.1525],[139.9577,35.2426],[139.8503,35.2426],[139.8503,35.1525]]]}},{"type":"Feature","properties":{"cell_id":1289},"geometry":{"type":"Polygon","coordinates":[[[139.9577,35.1525],[140.0651,35.1525],[140.0651,35.2426],[139.9577,35.2426],[139.9577,35.1525]]]}},{"type":"Feature","properties":{"cell_id":1290},"geometry":{"type":"Polygon","coordinates":[[[140.0651,35.1525],[140.1725,35.1525],[140.1725,35.2426],[140.0651,35.2426],[140.0651,35.1525]]]}},{"type":"Feature","properties":{"cell_id":1291},"geometry":{"type":"Polygon","coordinates":[[[140.1725,35.1525],[140.2799,35.1525],[140.2799,35.2426],[140.1725,35.2426],[140.1725,35.1525]]]}},{"type":"Feature","properties":{"cell_id":1292},"geometry":{"type":"Polygon","coordinates":[[[140.2799,35.1525],[140.3873,35.1525],[140.3873,35.2426],[140.2799,35.2426],[140.2799,35.1525]]]}},{"type":"Feature","properties":{"cell_id":1293},"geometry":{"type":"Polygon","coordinates":[[[132.6539,35.2426],[132.7613,35.2426],[132.7613,35.3327],[132.6539,35.3327],[132.6539,35.2426]]]}},{"type":"Feature","properties":{"cell_id":1294},"geometry":{"type":"Polygon","coordinates":[[[132.7613,35.2426],[132.8687,35.2426],[132.8687,35.3327],[132.7613,35.3327],[132.7613,35.2426]]]}},{"type":"Feature","properties":{"cell_id":1295},"geometry":{"type":"Polygon","coordinates":[[[132.8687,35.2426],[132.9761,35.2426],[132.9761,35.3327],[132.8687,35.3327],[132.8687,35.2426]]]}},{"type":"Feature","properties":{"cell_id":1296},"geometry":{"type":"Polygon","coordinates":[[[132.9761,35.2426],[133.0835,35.2426],[133.0835,35.3327],[132.9761,35.3327],[132.9761,35.2426]]]}},{"type":"Feature","properties":{"cell_id":1297},"geometry":{"type":"Polygon","coordinates":[[[133.0835,35.2426],[133.191,35.2426],[133.191,35.3327],[133.0835,35.3327],[133.0835,35.2426]]]}},{"type":"Feature","properties":{"cell_id":1298},"geometry":{"type":"Polygon","coordinates":[[[133.191,35.2426],[133.2984,35.2426],[133.2984,35.3327],[133.191,35.3327],[133.191,35.2426]]]}},{"type":"Feature","properties":{"cell_id":1299},"geometry":{"type":"Polygon","coordinates":[[[133.2984,35.2426],[133.4058,35.2426],[133.4058,35.3327],[133.2984,35.3327],[133.2984,35.2426]]]}},{"type":"Feature","properties":{"cell_id":1300},"geometry":{"type":"Polygon","coordinates":[[[133.4058,35.2426],[133.5132,35.2426],[133.5132,35.3327],[133.4058,35.3327],[133.4058,35.2426]]]}},{"type":"Feature","properties":{"cell_id":1301},"geometry":{"type":"Polygon","coordinates":[[[133.5132,35.2426],[133.6206,35.2426],[133.6206,35.3327],[133.5132,35.3327],[133.5132,35.2426]]]}},{"type":"Feature","properties":{"cell_id":1302},"geometry":{"type":"Polygon","coordinates":[[[133.6206,35.2426],[133.728,35.2426],[133.728,35.3327],[133.6206,35.3327],[133.6206,35.2426]]]}},{"type":"Feature","properties":{"cell_id":1303},"geometry":{"type":"Polygon","coordinates":[[[133.728,35.2426],[133.8354,35.2426],[133.8354,35.3327],[133.728,35.3327],[133.728,35.2426]]]}},{"type":"Feature","properties":{"cell_id":1304},"geometry":{"type":"Polygon","coordinates":[[[133.8354,35.2426],[133.9428,35.2426],[133.9428,35.3327],[133.8354,35.3327],[133.8354,35.2426]]]}},{"type":"Feature","properties":{"cell_id":1305},"geometry":{"type":"Polygon","coordinates":[[[133.9428,35.2426],[134.0502,35.2426],[134.0502,35.3327],[133.9428,35.3327],[133.9428,35.2426]]]}},{"type":"Feature","properties":{"cell_id":1306},"geometry":{"type":"Polygon","coordinates":[[[134.0502,35.2426],[134.1576,35.2426],[134.1576,35.3327],[134.0502,35.3327],[134.0502,35.2426]]]}},{"type":"Feature","properties":{"cell_id":1307},"geometry":{"type":"Polygon","coordinates":[[[134.1576,35.2426],[134.265,35.2426],[134.265,35.3327],[134.1576,35.3327],[134.1576,35.2426]]]}},{"type":"Feature","properties":{"cell_id":1308},"geometry":{"type":"Polygon","coordinates":[[[134.265,35.2426],[134.3724,35.2426],[134.3724,35.3327],[134.265,35.3327],[134.265,35.2426]]]}},{"type":"Feature","properties":{"cell_id":1309},"geometry":{"type":"Polygon","coordinates":[[[134.3724,35.2426],[134.4799,35.2426],[134.4799,35.3327],[134.3724,35.3327],[134.3724,35.2426]]]}},{"type":"Feature","properties":{"cell_id":1310},"geometry":{"type":"Polygon","coordinates":[[[134.4799,35.2426],[134.5873,35.2426],[134.5873,35.3327],[134.4799,35.3327],[134.4799,35.2426]]]}},{"type":"Feature","properties":{"cell_id":1311},"geometry":{"type":"Polygon","coordinates":[[[134.5873,35.2426],[134.6947,35.2426],[134.6947,35.3327],[134.5873,35.3327],[134.5873,35.2426]]]}},{"type":"Feature","properties":{"cell_id":1312},"geometry":{"type":"Polygon","coordinates":[[[134.6947,35.2426],[134.8021,35.2426],[134.8021,35.3327],[134.6947,35.3327],[134.6947,35.2426]]]}},{"type":"Feature","properties":{"cell_id":1313},"geometry":{"type":"Polygon","coordinates":[[[134.8021,35.2426],[134.9095,35.2426],[134.9095,35.3327],[134.8021,35.3327],[134.8021,35.2426]]]}},{"type":"Feature","properties":{"cell_id":1314},"geometry":{"type":"Polygon","coordinates":[[[134.9095,35.2426],[135.0169,35.2426],[135.0169,35.3327],[134.9095,35.3327],[134.9095,35.2426]]]}},{"type":"Feature","properties":{"cell_id":1315},"geometry":{"type":"Polygon","coordinates":[[[135.0169,35.2426],[135.1243,35.2426],[135.1243,35.3327],[135.0169,35.3327],[135.0169,35.2426]]]}},{"type":"Feature","properties":{"cell_id":1316},"geometry":{"type":"Polygon","coordinates":[[[135.1243,35.2426],[135.2317,35.2426],[135.2317,35.3327],[135.1243,35.3327],[135.1243,35.2426]]]}},{"type":"Feature","properties":{"cell_id":1317},"geometry":{"type":"Polygon","coordinates":[[[135.2317,35.2426],[135.3391,35.2426],[135.3391,35.3327],[135.2317,35.3327],[135.2317,35.2426]]]}},{"type":"Feature","properties":{"cell_id":1318},"geometry":{"type":"Polygon","coordinates":[[[135.3391,35.2426],[135.4465,35.2426],[135.4465,35.3327],[135.3391,35.3327],[135.3391,35.2426]]]}},{"type":"Feature","properties":{"cell_id":1319},"geometry":{"type":"Polygon","coordinates":[[[135.4465,35.2426],[135.5539,35.2426],[135.5539,35.3327],[135.4465,35.3327],[135.4465,35.2426]]]}},{"type":"Feature","properties":{"cell_id":1320},"geometry":{"type":"Polygon","coordinates":[[[135.5539,35.2426],[135.6613,35.2426],[135.6613,35.3327],[135.5539,35.3327],[135.5539,35.2426]]]}},{"type":"Feature","properties":{"cell_id":1321},"geometry":{"type":"Polygon","coordinates":[[[135.6613,35.2426],[135.7687,35.2426],[135.7687,35.3327],[135.6613,35.3327],[135.6613,35.2426]]]}},{"type":"Feature","properties":{"cell_id":1322},"geometry":{"type":"Polygon","coordinates":[[[135.7687,35.2426],[135.8762,35.2426],[135.8762,35.3327],[135.7687,35.3327],[135.7687,35.2426]]]}},{"type":"Feature","properties":{"cell_id":1323},"geometry":{"type":"Polygon","coordinates":[[[135.8762,35.2426],[135.9836,35.2426],[135.9836,35.3327],[135.8762,35.3327],[135.8762,35.2426]]]}},{"type":"Feature","properties":{"cell_id":1324},"geometry":{"type":"Polygon","coordinates":[[[135.9836,35.2426],[136.091,35.2426],[136.091,35.3327],[135.9836,35.3327],[135.9836,35.2426]]]}},{"type":"Feature","properties":{"cell_id":1325},"geometry":{"type":"Polygon","coordinates":[[[136.091,35.2426],[136.1984,35.2426],[136.1984,35.3327],[136.091,35.3327],[136.091,35.2426]]]}},{"type":"Feature","properties":{"cell_id":1326},"geometry":{"type":"Polygon","coordinates":[[[136.1984,35.2426],[136.3058,35.2426],[136.3058,35.3327],[136.1984,35.3327],[136.1984,35.2426]]]}},{"type":"Feature","properties":{"cell_id":1327},"geometry":{"type":"Polygon","coordinates":[[[136.3058,35.2426],[136.4132,35.2426],[136.4132,35.3327],[136.3058,35.3327],[136.3058,35.2426]]]}},{"type":"Feature","properties":{"cell_id":1328},"geometry":{"type":"Polygon","coordinates":[[[136.4132,35.2426],[136.5206,35.2426],[136.5206,35.3327],[136.4132,35.3327],[136.4132,35.2426]]]}},{"type":"Feature","properties":{"cell_id":1329},"geometry":{"type":"Polygon","coordinates":[[[136.5206,35.2426],[136.628,35.2426],[136.628,35.3327],[136.5206,35.3327],[136.5206,35.2426]]]}},{"type":"Feature","properties":{"cell_id":1330},"geometry":{"type":"Polygon","coordinates":[[[136.628,35.2426],[136.7354,35.2426],[136.7354,35.3327],[136.628,35.3327],[136.628,35.2426]]]}},{"type":"Feature","properties":{"cell_id":1331},"geometry":{"type":"Polygon","coordinates":[[[136.7354,35.2426],[136.8428,35.2426],[136.8428,35.3327],[136.7354,35.3327],[136.7354,35.2426]]]}},{"type":"Feature","properties":{"cell_id":1332},"geometry":{"type":"Polygon","coordinates":[[[136.8428,35.2426],[136.9502,35.2426],[136.9502,35.3327],[136.8428,35.3327],[136.8428,35.2426]]]}},{"type":"Feature","properties":{"cell_id":1333},"geometry":{"type":"Polygon","coordinates":[[[136.9502,35.2426],[137.0576,35.2426],[137.0576,35.3327],[136.9502,35.3327],[136.9502,35.2426]]]}},{"type":"Feature","properties":{"cell_id":1334},"geometry":{"type":"Polygon","coordinates":[[[137.0576,35.2426],[137.1651,35.2426],[137.1651,35.3327],[137.0576,35.3327],[137.0576,35.2426]]]}},{"type":"Feature","properties":{"cell_id":1335},"geometry":{"type":"Polygon","coordinates":[[[137.1651,35.2426],[137.2725,35.2426],[137.2725,35.3327],[137.1651,35.3327],[137.1651,35.2426]]]}},{"type":"Feature","properties":{"cell_id":1336},"geometry":{"type":"Polygon","coordinates":[[[137.2725,35.2426],[137.3799,35.2426],[137.3799,35.3327],[137.2725,35.3327],[137.2725,35.2426]]]}},{"type":"Feature","properties":{"cell_id":1337},"geometry":{"type":"Polygon","coordinates":[[[137.3799,35.2426],[137.4873,35.2426],[137.4873,35.3327],[137.3799,35.3327],[137.3799,35.2426]]]}},{"type":"Feature","properties":{"cell_id":1338},"geometry":{"type":"Polygon","coordinates":[[[137.4873,35.2426],[137.5947,35.2426],[137.5947,35.3327],[137.4873,35.3327],[137.4873,35.2426]]]}},{"type":"Feature","properties":{"cell_id":1339},"geometry":{"type":"Polygon","coordinates":[[[137.5947,35.2426],[137.7021,35.2426],[137.7021,35.3327],[137.5947,35.3327],[137.5947,35.2426]]]}},{"type":"Feature","properties":{"cell_id":1340},"geometry":{"type":"Polygon","coordinates":[[[137.7021,35.2426],[137.8095,35.2426],[137.8095,35.3327],[137.7021,35.3327],[137.7021,35.2426]]]}},{"type":"Feature","properties":{"cell_id":1341},"geometry":{"type":"Polygon","coordinates":[[[137.8095,35.2426],[137.9169,35.2426],[137.9169,35.3327],[137.8095,35.3327],[137.8095,35.2426]]]}},{"type":"Feature","properties":{"cell_id":1342},"geometry":{"type":"Polygon","coordinates":[[[137.9169,35.2426],[138.0243,35.2426],[138.0243,35.3327],[137.9169,35.3327],[137.9169,35.2426]]]}},{"type":"Feature","properties":{"cell_id":1343},"geometry":{"type":"Polygon","coordinates":[[[138.0243,35.2426],[138.1317,35.2426],[138.1317,35.3327],[138.0243,35.3327],[138.0243,35.2426]]]}},{"type":"Feature","properties":{"cell_id":1344},"geometry":{"type":"Polygon","coordinates":[[[138.1317,35.2426],[138.2391,35.2426],[138.2391,35.3327],[138.1317,35.3327],[138.1317,35.2426]]]}},{"type":"Feature","properties":{"cell_id":1345},"geometry":{"type":"Polygon","coordinates":[[[138.2391,35.2426],[138.3465,35.2426],[138.3465,35.3327],[138.2391,35.3327],[138.2391,35.2426]]]}},{"type":"Feature","properties":{"cell_id":1346},"geometry":{"type":"Polygon","coordinates":[[[138.3465,35.2426],[138.4539,35.2426],[138.4539,35.3327],[138.3465,35.3327],[138.3465,35.2426]]]}},{"type":"Feature","properties":{"cell_id":1347},"geometry":{"type":"Polygon","coordinates":[[[138.4539,35.2426],[138.5614,35.2426],[138.5614,35.3327],[138.4539,35.3327],[138.4539,35.2426]]]}},{"type":"Feature","properties":{"cell_id":1348},"geometry":{"type":"Polygon","coordinates":[[[138.5614,35.2426],[138.6688,35.2426],[138.6688,35.3327],[138.5614,35.3327],[138.5614,35.2426]]]}},{"type":"Feature","properties":{"cell_id":1349},"geometry":{"type":"Polygon","coordinates":[[[138.6688,35.2426],[138.7762,35.2426],[138.7762,35.3327],[138.6688,35.3327],[138.6688,35.2426]]]}},{"type":"Feature","properties":{"cell_id":1350},"geometry":{"type":"Polygon","coordinates":[[[138.7762,35.2426],[138.8836,35.2426],[138.8836,35.3327],[138.7762,35.3327],[138.7762,35.2426]]]}},{"type":"Feature","properties":{"cell_id":1351},"geometry":{"type":"Polygon","coordinates":[[[138.8836,35.2426],[138.991,35.2426],[138.991,35.3327],[138.8836,35.3327],[138.8836,35.2426]]]}},{"type":"Feature","properties":{"cell_id":1352},"geometry":{"type":"Polygon","coordinates":[[[138.991,35.2426],[139.0984,35.2426],[139.0984,35.3327],[138.991,35.3327],[138.991,35.2426]]]}},{"type":"Feature","properties":{"cell_id":1353},"geometry":{"type":"Polygon","coordinates":[[[139.0984,35.2426],[139.2058,35.2426],[139.2058,35.3327],[139.0984,35.3327],[139.0984,35.2426]]]}},{"type":"Feature","properties":{"cell_id":1354},"geometry":{"type":"Polygon","coordinates":[[[139.528,35.2426],[139.6354,35.2426],[139.6354,35.3327],[139.528,35.3327],[139.528,35.2426]]]}},{"type":"Feature","properties":{"cell_id":1355},"geometry":{"type":"Polygon","coordinates":[[[139.8503,35.2426],[139.9577,35.2426],[139.9577,35.3327],[139.8503,35.3327],[139.8503,35.2426]]]}},{"type":"Feature","properties":{"cell_id":1356},"geometry":{"type":"Polygon","coordinates":[[[139.9577,35.2426],[140.0651,35.2426],[140.0651,35.3327],[139.9577,35.3327],[139.9577,35.2426]]]}},{"type":"Feature","properties":{"cell_id":1357},"geometry":{"type":"Polygon","coordinates":[[[140.0651,35.2426],[140.1725,35.2426],[140.1725,35.3327],[140.0651,35.3327],[140.0651,35.2426]]]}},{"type":"Feature","properties":{"cell_id":1358},"geometry":{"type":"Polygon","coordinates":[[[140.1725,35.2426],[140.2799,35.2426],[140.2799,35.3327],[140.1725,35.3327],[140.1725,35.2426]]]}},{"type":"Feature","properties":{"cell_id":1359},"geometry":{"type":"Polygon","coordinates":[[[140.2799,35.2426],[140.3873,35.2426],[140.3873,35.3327],[140.2799,35.3327],[140.2799,35.2426]]]}},{"type":"Feature","properties":{"cell_id":1360},"geometry":{"type":"Polygon","coordinates":[[[132.6539,35.3327],[132.7613,35.3327],[132.7613,35.4227],[132.6539,35.4227],[132.6539,35.3327]]]}},{"type":"Feature","properties":{"cell_id":1361},"geometry":{"type":"Polygon","coordinates":[[[132.7613,35.3327],[132.8687,35.3327],[132.8687,35.4227],[132.7613,35.4227],[132.7613,35.3327]]]}},{"type":"Feature","properties":{"cell_id":1362},"geometry":{"type":"Polygon","coordinates":[[[132.8687,35.3327],[132.9761,35.3327],[132.9761,35.4227],[132.8687,35.4227],[132.8687,35.3327]]]}},{"type":"Feature","properties":{"cell_id":1363},"geometry":{"type":"Polygon","coordinates":[[[132.9761,35.3327],[133.0835,35.3327],[133.0835,35.4227],[132.9761,35.4227],[132.9761,35.3327]]]}},{"type":"Feature","properties":{"cell_id":1364},"geometry":{"type":"Polygon","coordinates":[[[133.0835,35.3327],[133.191,35.3327],[133.191,35.4227],[133.0835,35.4227],[133.0835,35.3327]]]}},{"type":"Feature","properties":{"cell_id":1365},"geometry":{"type":"Polygon","coordinates":[[[133.191,35.3327],[133.2984,35.3327],[133.2984,35.4227],[133.191,35.4227],[133.191,35.3327]]]}},{"type":"Feature","properties":{"cell_id":1366},"geometry":{"type":"Polygon","coordinates":[[[133.2984,35.3327],[133.4058,35.3327],[133.4058,35.4227],[133.2984,35.4227],[133.2984,35.3327]]]}},{"type":"Feature","properties":{"cell_id":1367},"geometry":{"type":"Polygon","coordinates":[[[133.4058,35.3327],[133.5132,35.3327],[133.5132,35.4227],[133.4058,35.4227],[133.4058,35.3327]]]}},{"type":"Feature","properties":{"cell_id":1368},"geometry":{"type":"Polygon","coordinates":[[[133.5132,35.3327],[133.6206,35.3327],[133.6206,35.4227],[133.5132,35.4227],[133.5132,35.3327]]]}},{"type":"Feature","properties":{"cell_id":1369},"geometry":{"type":"Polygon","coordinates":[[[133.6206,35.3327],[133.728,35.3327],[133.728,35.4227],[133.6206,35.4227],[133.6206,35.3327]]]}},{"type":"Feature","properties":{"cell_id":1370},"geometry":{"type":"Polygon","coordinates":[[[133.728,35.3327],[133.8354,35.3327],[133.8354,35.4227],[133.728,35.4227],[133.728,35.3327]]]}},{"type":"Feature","properties":{"cell_id":1371},"geometry":{"type":"Polygon","coordinates":[[[133.8354,35.3327],[133.9428,35.3327],[133.9428,35.4227],[133.8354,35.4227],[133.8354,35.3327]]]}},{"type":"Feature","properties":{"cell_id":1372},"geometry":{"type":"Polygon","coordinates":[[[133.9428,35.3327],[134.0502,35.3327],[134.0502,35.4227],[133.9428,35.4227],[133.9428,35.3327]]]}},{"type":"Feature","properties":{"cell_id":1373},"geometry":{"type":"Polygon","coordinates":[[[134.0502,35.3327],[134.1576,35.3327],[134.1576,35.4227],[134.0502,35.4227],[134.0502,35.3327]]]}},{"type":"Feature","properties":{"cell_id":1374},"geometry":{"type":"Polygon","coordinates":[[[134.1576,35.3327],[134.265,35.3327],[134.265,35.4227],[134.1576,35.4227],[134.1576,35.3327]]]}},{"type":"Feature","properties":{"cell_id":1375},"geometry":{"type":"Polygon","coordinates":[[[134.265,35.3327],[134.3724,35.3327],[134.3724,35.4227],[134.265,35.4227],[134.265,35.3327]]]}},{"type":"Feature","properties":{"cell_id":1376},"geometry":{"type":"Polygon","coordinates":[[[134.3724,35.3327],[134.4799,35.3327],[134.4799,35.4227],[134.3724,35.4227],[134.3724,35.3327]]]}},{"type":"Feature","properties":{"cell_id":1377},"geometry":{"type":"Polygon","coordinates":[[[134.4799,35.3327],[134.5873,35.3327],[134.5873,35.4227],[134.4799,35.4227],[134.4799,35.3327]]]}},{"type":"Feature","properties":{"cell_id":1378},"geometry":{"type":"Polygon","coordinates":[[[134.5873,35.3327],[134.6947,35.3327],[134.6947,35.4227],[134.5873,35.4227],[134.5873,35.3327]]]}},{"type":"Feature","properties":{"cell_id":1379},"geometry":{"type":"Polygon","coordinates":[[[134.6947,35.3327],[134.8021,35.3327],[134.8021,35.4227],[134.6947,35.4227],[134.6947,35.3327]]]}},{"type":"Feature","properties":{"cell_id":1380},"geometry":{"type":"Polygon","coordinates":[[[134.8021,35.3327],[134.9095,35.3327],[134.9095,35.4227],[134.8021,35.4227],[134.8021,35.3327]]]}},{"type":"Feature","properties":{"cell_id":1381},"geometry":{"type":"Polygon","coordinates":[[[134.9095,35.3327],[135.0169,35.3327],[135.0169,35.4227],[134.9095,35.4227],[134.9095,35.3327]]]}},{"type":"Feature","properties":{"cell_id":1382},"geometry":{"type":"Polygon","coordinates":[[[135.0169,35.3327],[135.1243,35.3327],[135.1243,35.4227],[135.0169,35.4227],[135.0169,35.3327]]]}},{"type":"Feature","properties":{"cell_id":1383},"geometry":{"type":"Polygon","coordinates":[[[135.1243,35.3327],[135.2317,35.3327],[135.2317,35.4227],[135.1243,35.4227],[135.1243,35.3327]]]}},{"type":"Feature","properties":{"cell_id":1384},"geometry":{"type":"Polygon","coordinates":[[[135.2317,35.3327],[135.3391,35.3327],[135.3391,35.4227],[135.2317,35.4227],[135.2317,35.3327]]]}},{"type":"Feature","properties":{"cell_id":1385},"geometry":{"type":"Polygon","coordinates":[[[135.3391,35.3327],[135.4465,35.3327],[135.4465,35.4227],[135.3391,35.4227],[135.3391,35.3327]]]}},{"type":"Feature","properties":{"cell_id":1386},"geometry":{"type":"Polygon","coordinates":[[[135.4465,35.3327],[135.5539,35.3327],[135.5539,35.4227],[135.4465,35.4227],[135.4465,35.3327]]]}},{"type":"Feature","properties":{"cell_id":1387},"geometry":{"type":"Polygon","coordinates":[[[135.5539,35.3327],[135.6613,35.3327],[135.6613,35.4227],[135.5539,35.4227],[135.5539,35.3327]]]}},{"type":"Feature","properties":{"cell_id":1388},"geometry":{"type":"Polygon","coordinates":[[[135.6613,35.3327],[135.7687,35.3327],[135.7687,35.4227],[135.6613,35.4227],[135.6613,35.3327]]]}},{"type":"Feature","properties":{"cell_id":1389},"geometry":{"type":"Polygon","coordinates":[[[135.7687,35.3327],[135.8762,35.3327],[135.8762,35.4227],[135.7687,35.4227],[135.7687,35.3327]]]}},{"type":"Feature","properties":{"cell_id":1390},"geometry":{"type":"Polygon","coordinates":[[[135.8762,35.3327],[135.9836,35.3327],[135.9836,35.4227],[135.8762,35.4227],[135.8762,35.3327]]]}},{"type":"Feature","properties":{"cell_id":1391},"geometry":{"type":"Polygon","coordinates":[[[135.9836,35.3327],[136.091,35.3327],[136.091,35.4227],[135.9836,35.4227],[135.9836,35.3327]]]}},{"type":"Feature","properties":{"cell_id":1392},"geometry":{"type":"Polygon","coordinates":[[[136.091,35.3327],[136.1984,35.3327],[136.1984,35.4227],[136.091,35.4227],[136.091,35.3327]]]}},{"type":"Feature","properties":{"cell_id":1393},"geometry":{"type":"Polygon","coordinates":[[[136.1984,35.3327],[136.3058,35.3327],[136.3058,35.4227],[136.1984,35.4227],[136.1984,35.3327]]]}},{"type":"Feature","properties":{"cell_id":1394},"geometry":{"type":"Polygon","coordinates":[[[136.3058,35.3327],[136.4132,35.3327],[136.4132,35.4227],[136.3058,35.4227],[136.3058,35.3327]]]}},{"type":"Feature","properties":{"cell_id":1395},"geometry":{"type":"Polygon","coordinates":[[[136.4132,35.3327],[136.5206,35.3327],[136.5206,35.4227],[136.4132,35.4227],[136.4132,35.3327]]]}},{"type":"Feature","properties":{"cell_id":1396},"geometry":{"type":"Polygon","coordinates":[[[136.5206,35.3327],[136.628,35.3327],[136.628,35.4227],[136.5206,35.4227],[136.5206,35.3327]]]}},{"type":"Feature","properties":{"cell_id":1397},"geometry":{"type":"Polygon","coordinates":[[[136.628,35.3327],[136.7354,35.3327],[136.7354,35.4227],[136.628,35.4227],[136.628,35.3327]]]}},{"type":"Feature","properties":{"cell_id":1398},"geometry":{"type":"Polygon","coordinates":[[[136.7354,35.3327],[136.8428,35.3327],[136.8428,35.4227],[136.7354,35.4227],[136.7354,35.3327]]]}},{"type":"Feature","properties":{"cell_id":1399},"geometry":{"type":"Polygon","coordinates":[[[136.8428,35.3327],[136.9502,35.3327],[136.9502,35.4227],[136.8428,35.4227],[136.8428,35.3327]]]}},{"type":"Feature","properties":{"cell_id":1400},"geometry":{"type":"Polygon","coordinates":[[[136.9502,35.3327],[137.0576,35.3327],[137.0576,35.4227],[136.9502,35.4227],[136.9502,35.3327]]]}},{"type":"Feature","properties":{"cell_id":1401},"geometry":{"type":"Polygon","coordinates":[[[137.0576,35.3327],[137.1651,35.3327],[137.1651,35.4227],[137.0576,35.4227],[137.0576,35.3327]]]}},{"type":"Feature","properties":{"cell_id":1402},"geometry":{"type":"Polygon","coordinates":[[[137.1651,35.3327],[137.2725,35.3327],[137.2725,35.4227],[137.1651,35.4227],[137.1651,35.3327]]]}},{"type":"Feature","properties":{"cell_id":1403},"geometry":{"type":"Polygon","coordinates":[[[137.2725,35.3327],[137.3799,35.3327],[137.3799,35.4227],[137.2725,35.4227],[137.2725,35.3327]]]}},{"type":"Feature","properties":{"cell_id":1404},"geometry":{"type":"Polygon","coordinates":[[[137.3799,35.3327],[137.4873,35.3327],[137.4873,35.4227],[137.3799,35.4227],[137.3799,35.3327]]]}},{"type":"Feature","properties":{"cell_id":1405},"geometry":{"type":"Polygon","coordinates":[[[137.4873,35.3327],[137.5947,35.3327],[137.5947,35.4227],[137.4873,35.4227],[137.4873,35.3327]]]}},{"type":"Feature","properties":{"cell_id":1406},"geometry":{"type":"Polygon","coordinates":[[[137.5947,35.3327],[137.7021,35.3327],[137.7021,35.4227],[137.5947,35.4227],[137.5947,35.3327]]]}},{"type":"Feature","properties":{"cell_id":1407},"geometry":{"type":"Polygon","coordinates":[[[137.7021,35.3327],[137.8095,35.3327],[137.8095,35.4227],[137.7021,35.4227],[137.7021,35.3327]]]}},{"type":"Feature","properties":{"cell_id":1408},"geometry":{"type":"Polygon","coordinates":[[[137.8095,35.3327],[137.9169,35.3327],[137.9169,35.4227],[137.8095,35.4227],[137.8095,35.3327]]]}},{"type":"Feature","properties":{"cell_id":1409},"geometry":{"type":"Polygon","coordinates":[[[137.9169,35.3327],[138.0243,35.3327],[138.0243,35.4227],[137.9169,35.4227],[137.9169,35.3327]]]}},{"type":"Feature","properties":{"cell_id":1410},"geometry":{"type":"Polygon","coordinates":[[[138.0243,35.3327],[138.1317,35.3327],[138.1317,35.4227],[138.0243,35.4227],[138.0243,35.3327]]]}},{"type":"Feature","properties":{"cell_id":1411},"geometry":{"type":"Polygon","coordinates":[[[138.1317,35.3327],[138.2391,35.3327],[138.2391,35.4227],[138.1317,35.4227],[138.1317,35.3327]]]}},{"type":"Feature","properties":{"cell_id":1412},"geometry":{"type":"Polygon","coordinates":[[[138.2391,35.3327],[138.3465,35.3327],[138.3465,35.4227],[138.2391,35.4227],[138.2391,35.3327]]]}},{"type":"Feature","properties":{"cell_id":1413},"geometry":{"type":"Polygon","coordinates":[[[138.3465,35.3327],[138.4539,35.3327],[138.4539,35.4227],[138.3465,35.4227],[138.3465,35.3327]]]}},{"type":"Feature","properties":{"cell_id":1414},"geometry":{"type":"Polygon","coordinates":[[[138.4539,35.3327],[138.5614,35.3327],[138.5614,35.4227],[138.4539,35.4227],[138.4539,35.3327]]]}},{"type":"Feature","properties":{"cell_id":1415},"geometry":{"type":"Polygon","coordinates":[[[138.5614,35.3327],[138.6688,35.3327],[138.6688,35.4227],[138.5614,35.4227],[138.5614,35.3327]]]}},{"type":"Feature","properties":{"cell_id":1416},"geometry":{"type":"Polygon","coordinates":[[[138.6688,35.3327],[138.7762,35.3327],[138.7762,35.4227],[138.6688,35.4227],[138.6688,35.3327]]]}},{"type":"Feature","properties":{"cell_id":1417},"geometry":{"type":"Polygon","coordinates":[[[138.7762,35.3327],[138.8836,35.3327],[138.8836,35.4227],[138.7762,35.4227],[138.7762,35.3327]]]}},{"type":"Feature","properties":{"cell_id":1418},"geometry":{"type":"Polygon","coordinates":[[[138.8836,35.3327],[138.991,35.3327],[138.991,35.4227],[138.8836,35.4227],[138.8836,35.3327]]]}},{"type":"Feature","properties":{"cell_id":1419},"geometry":{"type":"Polygon","coordinates":[[[138.991,35.3327],[139.0984,35.3327],[139.0984,35.4227],[138.991,35.4227],[138.991,35.3327]]]}},{"type":"Feature","properties":{"cell_id":1420},"geometry":{"type":"Polygon","coordinates":[[[139.0984,35.3327],[139.2058,35.3327],[139.2058,35.4227],[139.0984,35.4227],[139.0984,35.3327]]]}},{"type":"Feature","properties":{"cell_id":1421},"geometry":{"type":"Polygon","coordinates":[[[139.2058,35.3327],[139.3132,35.3327],[139.3132,35.4227],[139.2058,35.4227],[139.2058,35.3327]]]}},{"type":"Feature","properties":{"cell_id":1422},"geometry":{"type":"Polygon","coordinates":[[[139.3132,35.3327],[139.4206,35.3327],[139.4206,35.4227],[139.3132,35.4227],[139.3132,35.3327]]]}},{"type":"Feature","properties":{"cell_id":1423},"geometry":{"type":"Polygon","coordinates":[[[139.4206,35.3327],[139.528,35.3327],[139.528,35.4227],[139.4206,35.4227],[139.4206,35.3327]]]}},{"type":"Feature","properties":{"cell_id":1424},"geometry":{"type":"Polygon","coordinates":[[[139.528,35.3327],[139.6354,35.3327],[139.6354,35.4227],[139.528,35.4227],[139.528,35.3327]]]}},{"type":"Feature","properties":{"cell_id":1425},"geometry":{"type":"Polygon","coordinates":[[[139.9577,35.3327],[140.0651,35.3327],[140.0651,35.4227],[139.9577,35.4227],[139.9577,35.3327]]]}},{"type":"Feature","properties":{"cell_id":1426},"geometry":{"type":"Polygon","coordinates":[[[140.0651,35.3327],[140.1725,35.3327],[140.1725,35.4227],[140.0651,35.4227],[140.0651,35.3327]]]}},{"type":"Feature","properties":{"cell_id":1427},"geometry":{"type":"Polygon","coordinates":[[[140.1725,35.3327],[140.2799,35.3327],[140.2799,35.4227],[140.1725,35.4227],[140.1725,35.3327]]]}},{"type":"Feature","properties":{"cell_id":1428},"geometry":{"type":"Polygon","coordinates":[[[140.2799,35.3327],[140.3873,35.3327],[140.3873,35.4227],[140.2799,35.4227],[140.2799,35.3327]]]}},{"type":"Feature","properties":{"cell_id":1429},"geometry":{"type":"Polygon","coordinates":[[[132.7613,35.4227],[132.8687,35.4227],[132.8687,35.5128],[132.7613,35.5128],[132.7613,35.4227]]]}},{"type":"Feature","properties":{"cell_id":1430},"geometry":{"type":"Polygon","coordinates":[[[132.8687,35.4227],[132.9761,35.4227],[132.9761,35.5128],[132.8687,35.5128],[132.8687,35.4227]]]}},{"type":"Feature","properties":{"cell_id":1431},"geometry":{"type":"Polygon","coordinates":[[[132.9761,35.4227],[133.0835,35.4227],[133.0835,35.5128],[132.9761,35.5128],[132.9761,35.4227]]]}},{"type":"Feature","properties":{"cell_id":1432},"geometry":{"type":"Polygon","coordinates":[[[133.0835,35.4227],[133.191,35.4227],[133.191,35.5128],[133.0835,35.5128],[133.0835,35.4227]]]}},{"type":"Feature","properties":{"cell_id":1433},"geometry":{"type":"Polygon","coordinates":[[[133.191,35.4227],[133.2984,35.4227],[133.2984,35.5128],[133.191,35.5128],[133.191,35.4227]]]}},{"type":"Feature","properties":{"cell_id":1434},"geometry":{"type":"Polygon","coordinates":[[[133.4058,35.4227],[133.5132,35.4227],[133.5132,35.5128],[133.4058,35.5128],[133.4058,35.4227]]]}},{"type":"Feature","properties":{"cell_id":1435},"geometry":{"type":"Polygon","coordinates":[[[133.5132,35.4227],[133.6206,35.4227],[133.6206,35.5128],[133.5132,35.5128],[133.5132,35.4227]]]}},{"type":"Feature","properties":{"cell_id":1436},"geometry":{"type":"Polygon","coordinates":[[[133.6206,35.4227],[133.728,35.4227],[133.728,35.5128],[133.6206,35.5128],[133.6206,35.4227]]]}},{"type":"Feature","properties":{"cell_id":1437},"geometry":{"type":"Polygon","coordinates":[[[133.728,35.4227],[133.8354,35.4227],[133.8354,35.5128],[133.728,35.5128],[133.728,35.4227]]]}},{"type":"Feature","properties":{"cell_id":1438},"geometry":{"type":"Polygon","coordinates":[[[133.8354,35.4227],[133.9428,35.4227],[133.9428,35.5128],[133.8354,35.5128],[133.8354,35.4227]]]}},{"type":"Feature","properties":{"cell_id":1439},"geometry":{"type":"Polygon","coordinates":[[[133.9428,35.4227],[134.0502,35.4227],[134.0502,35.5128],[133.9428,35.5128],[133.9428,35.4227]]]}},{"type":"Feature","properties":{"cell_id":1440},"geometry":{"type":"Polygon","coordinates":[[[134.0502,35.4227],[134.1576,35.4227],[134.1576,35.5128],[134.0502,35.5128],[134.0502,35.4227]]]}},{"type":"Feature","properties":{"cell_id":1441},"geometry":{"type":"Polygon","coordinates":[[[134.1576,35.4227],[134.265,35.4227],[134.265,35.5128],[134.1576,35.5128],[134.1576,35.4227]]]}},{"type":"Feature","properties":{"cell_id":1442},"geometry":{"type":"Polygon","coordinates":[[[134.265,35.4227],[134.3724,35.4227],[134.3724,35.5128],[134.265,35.5128],[134.265,35.4227]]]}},{"type":"Feature","properties":{"cell_id":1443},"geometry":{"type":"Polygon","coordinates":[[[134.3724,35.4227],[134.4799,35.4227],[134.4799,35.5128],[134.3724,35.5128],[134.3724,35.4227]]]}},{"type":"Feature","properties":{"cell_id":1444},"geometry":{"type":"Polygon","coordinates":[[[134.4799,35.4227],[134.5873,35.4227],[134.5873,35.5128],[134.4799,35.5128],[134.4799,35.4227]]]}},{"type":"Feature","properties":{"cell_id":1445},"geometry":{"type":"Polygon","coordinates":[[[134.5873,35.4227],[134.6947,35.4227],[134.6947,35.5128],[134.5873,35.5128],[134.5873,35.4227]]]}},{"type":"Feature","properties":{"cell_id":1446},"geometry":{"type":"Polygon","coordinates":[[[134.6947,35.4227],[134.8021,35.4227],[134.8021,35.5128],[134.6947,35.5128],[134.6947,35.4227]]]}},{"type":"Feature","properties":{"cell_id":1447},"geometry":{"type":"Polygon","coordinates":[[[134.8021,35.4227],[134.9095,35.4227],[134.9095,35.5128],[134.8021,35.5128],[134.8021,35.4227]]]}},{"type":"Feature","properties":{"cell_id":1448},"geometry":{"type":"Polygon","coordinates":[[[134.9095,35.4227],[135.0169,35.4227],[135.0169,35.5128],[134.9095,35.5128],[134.9095,35.4227]]]}},{"type":"Feature","properties":{"cell_id":1449},"geometry":{"type":"Polygon","coordinates":[[[135.0169,35.4227],[135.1243,35.4227],[135.1243,35.5128],[135.0169,35.5128],[135.0169,35.4227]]]}},{"type":"Feature","properties":{"cell_id":1450},"geometry":{"type":"Polygon","coordinates":[[[135.1243,35.4227],[135.2317,35.4227],[135.2317,35.5128],[135.1243,35.5128],[135.1243,35.4227]]]}},{"type":"Feature","properties":{"cell_id":1451},"geometry":{"type":"Polygon","coordinates":[[[135.2317,35.4227],[135.3391,35.4227],[135.3391,35.5128],[135.2317,35.5128],[135.2317,35.4227]]]}},{"type":"Feature","properties":{"cell_id":1452},"geometry":{"type":"Polygon","coordinates":[[[135.3391,35.4227],[135.4465,35.4227],[135.4465,35.5128],[135.3391,35.5128],[135.3391,35.4227]]]}},{"type":"Feature","properties":{"cell_id":1453},"geometry":{"type":"Polygon","coordinates":[[[135.4465,35.4227],[135.5539,35.4227],[135.5539,35.5128],[135.4465,35.5128],[135.4465,35.4227]]]}},{"type":"Feature","properties":{"cell_id":1454},"geometry":{"type":"Polygon","coordinates":[[[135.5539,35.4227],[135.6613,35.4227],[135.6613,35.5128],[135.5539,35.5128],[135.5539,35.4227]]]}},{"type":"Feature","properties":{"cell_id":1455},"geometry":{"type":"Polygon","coordinates":[[[135.6613,35.4227],[135.7687,35.4227],[135.7687,35.5128],[135.6613,35.5128],[135.6613,35.4227]]]}},{"type":"Feature","properties":{"cell_id":1456},"geometry":{"type":"Polygon","coordinates":[[[135.7687,35.4227],[135.8762,35.4227],[135.8762,35.5128],[135.7687,35.5128],[135.7687,35.4227]]]}},{"type":"Feature","properties":{"cell_id":1457},"geometry":{"type":"Polygon","coordinates":[[[135.8762,35.4227],[135.9836,35.4227],[135.9836,35.5128],[135.8762,35.5128],[135.8762,35.4227]]]}},{"type":"Feature","properties":{"cell_id":1458},"geometry":{"type":"Polygon","coordinates":[[[135.9836,35.4227],[136.091,35.4227],[136.091,35.5128],[135.9836,35.5128],[135.9836,35.4227]]]}},{"type":"Feature","properties":{"cell_id":1459},"geometry":{"type":"Polygon","coordinates":[[[136.091,35.4227],[136.1984,35.4227],[136.1984,35.5128],[136.091,35.5128],[136.091,35.4227]]]}},{"type":"Feature","properties":{"cell_id":1460},"geometry":{"type":"Polygon","coordinates":[[[136.1984,35.4227],[136.3058,35.4227],[136.3058,35.5128],[136.1984,35.5128],[136.1984,35.4227]]]}},{"type":"Feature","properties":{"cell_id":1461},"geometry":{"type":"Polygon","coordinates":[[[136.3058,35.4227],[136.4132,35.4227],[136.4132,35.5128],[136.3058,35.5128],[136.3058,35.4227]]]}},{"type":"Feature","properties":{"cell_id":1462},"geometry":{"type":"Polygon","coordinates":[[[136.4132,35.4227],[136.5206,35.4227],[136.5206,35.5128],[136.4132,35.5128],[136.4132,35.4227]]]}},{"type":"Feature","properties":{"cell_id":1463},"geometry":{"type":"Polygon","coordinates":[[[136.5206,35.4227],[136.628,35.4227],[136.628,35.5128],[136.5206,35.5128],[136.5206,35.4227]]]}},{"type":"Feature","properties":{"cell_id":1464},"geometry":{"type":"Polygon","coordinates":[[[136.628,35.4227],[136.7354,35.4227],[136.7354,35.5128],[136.628,35.5128],[136.628,35.4227]]]}},{"type":"Feature","properties":{"cell_id":1465},"geometry":{"type":"Polygon","coordinates":[[[136.7354,35.4227],[136.8428,35.4227],[136.8428,35.5128],[136.7354,35.5128],[136.7354,35.4227]]]}},{"type":"Feature","properties":{"cell_id":1466},"geometry":{"type":"Polygon","coordinates":[[[136.8428,35.4227],[136.9502,35.4227],[136.9502,35.5128],[136.8428,35.5128],[136.8428,35.4227]]]}},{"type":"Feature","properties":{"cell_id":1467},"geometry":{"type":"Polygon","coordinates":[[[136.9502,35.4227],[137.0576,35.4227],[137.0576,35.5128],[136.9502,35.5128],[136.9502,35.4227]]]}},{"type":"Feature","properties":{"cell_id":1468},"geometry":{"type":"Polygon","coordinates":[[[137.0576,35.4227],[137.1651,35.4227],[137.1651,35.5128],[137.0576,35.5128],[137.0576,35.4227]]]}},{"type":"Feature","properties":{"cell_id":1469},"geometry":{"type":"Polygon","coordinates":[[[137.1651,35.4227],[137.2725,35.4227],[137.2725,35.5128],[137.1651,35.5128],[137.1651,35.4227]]]}},{"type":"Feature","properties":{"cell_id":1470},"geometry":{"type":"Polygon","coordinates":[[[137.2725,35.4227],[137.3799,35.4227],[137.3799,35.5128],[137.2725,35.5128],[137.2725,35.4227]]]}},{"type":"Feature","properties":{"cell_id":1471},"geometry":{"type":"Polygon","coordinates":[[[137.3799,35.4227],[137.4873,35.4227],[137.4873,35.5128],[137.3799,35.5128],[137.3799,35.4227]]]}},{"type":"Feature","properties":{"cell_id":1472},"geometry":{"type":"Polygon","coordinates":[[[137.4873,35.4227],[137.5947,35.4227],[137.5947,35.5128],[137.4873,35.5128],[137.4873,35.4227]]]}},{"type":"Feature","properties":{"cell_id":1473},"geometry":{"type":"Polygon","coordinates":[[[137.5947,35.4227],[137.7021,35.4227],[137.7021,35.5128],[137.5947,35.5128],[137.5947,35.4227]]]}},{"type":"Feature","properties":{"cell_id":1474},"geometry":{"type":"Polygon","coordinates":[[[137.7021,35.4227],[137.8095,35.4227],[137.8095,35.5128],[137.7021,35.5128],[137.7021,35.4227]]]}},{"type":"Feature","properties":{"cell_id":1475},"geometry":{"type":"Polygon","coordinates":[[[137.8095,35.4227],[137.9169,35.4227],[137.9169,35.5128],[137.8095,35.5128],[137.8095,35.4227]]]}},{"type":"Feature","properties":{"cell_id":1476},"geometry":{"type":"Polygon","coordinates":[[[137.9169,35.4227],[138.0243,35.4227],[138.0243,35.5128],[137.9169,35.5128],[137.9169,35.4227]]]}},{"type":"Feature","properties":{"cell_id":1477},"geometry":{"type":"Polygon","coordinates":[[[138.0243,35.4227],[138.1317,35.4227],[138.1317,35.5128],[138.0243,35.5128],[138.0243,35.4227]]]}},{"type":"Feature","properties":{"cell_id":1478},"geometry":{"type":"Polygon","coordinates":[[[138.1317,35.4227],[138.2391,35.4227],[138.2391,35.5128],[138.1317,35.5128],[138.1317,35.4227]]]}},{"type":"Feature","properties":{"cell_id":1479},"geometry":{"type":"Polygon","coordinates":[[[138.2391,35.4227],[138.3465,35.4227],[138.3465,35.5128],[138.2391,35.5128],[138.2391,35.4227]]]}},{"type":"Feature","properties":{"cell_id":1480},"geometry":{"type":"Polygon","coordinates":[[[138.3465,35.4227],[138.4539,35.4227],[138.4539,35.5128],[138.3465,35.5128],[138.3465,35.4227]]]}},{"type":"Feature","properties":{"cell_id":1481},"geometry":{"type":"Polygon","coordinates":[[[138.4539,35.4227],[138.5614,35.4227],[138.5614,35.5128],[138.4539,35.5128],[138.4539,35.4227]]]}},{"type":"Feature","properties":{"cell_id":1482},"geometry":{"type":"Polygon","coordinates":[[[138.5614,35.4227],[138.6688,35.4227],[138.6688,35.5128],[138.5614,35.5128],[138.5614,35.4227]]]}},{"type":"Feature","properties":{"cell_id":1483},"geometry":{"type":"Polygon","coordinates":[[[138.6688,35.4227],[138.7762,35.4227],[138.7762,35.5128],[138.6688,35.5128],[138.6688,35.4227]]]}},{"type":"Feature","properties":{"cell_id":1484},"geometry":{"type":"Polygon","coordinates":[[[138.7762,35.4227],[138.8836,35.4227],[138.8836,35.5128],[138.7762,35.5128],[138.7762,35.4227]]]}},{"type":"Feature","properties":{"cell_id":1485},"geometry":{"type":"Polygon","coordinates":[[[138.8836,35.4227],[138.991,35.4227],[138.991,35.5128],[138.8836,35.5128],[138.8836,35.4227]]]}},{"type":"Feature","properties":{"cell_id":1486},"geometry":{"type":"Polygon","coordinates":[[[138.991,35.4227],[139.0984,35.4227],[139.0984,35.5128],[138.991,35.5128],[138.991,35.4227]]]}},{"type":"Feature","properties":{"cell_id":1487},"geometry":{"type":"Polygon","coordinates":[[[139.0984,35.4227],[139.2058,35.4227],[139.2058,35.5128],[139.0984,35.5128],[139.0984,35.4227]]]}},{"type":"Feature","properties":{"cell_id":1488},"geometry":{"type":"Polygon","coordinates":[[[139.2058,35.4227],[139.3132,35.4227],[139.3132,35.5128],[139.2058,35.5128],[139.2058,35.4227]]]}},{"type":"Feature","properties":{"cell_id":1489},"geometry":{"type":"Polygon","coordinates":[[[139.3132,35.4227],[139.4206,35.4227],[139.4206,35.5128],[139.3132,35.5128],[139.3132,35.4227]]]}},{"type":"Feature","properties":{"cell_id":1490},"geometry":{"type":"Polygon","coordinates":[[[139.4206,35.4227],[139.528,35.4227],[139.528,35.5128],[139.4206,35.5128],[139.4206,35.4227]]]}},{"type":"Feature","properties":{"cell_id":1491},"geometry":{"type":"Polygon","coordinates":[[[139.528,35.4227],[139.6354,35.4227],[139.6354,35.5128],[139.528,35.5128],[139.528,35.4227]]]}},{"type":"Feature","properties":{"cell_id":1492},"geometry":{"type":"Polygon","coordinates":[[[139.6354,35.4227],[139.7428,35.4227],[139.7428,35.5128],[139.6354,35.5128],[139.6354,35.4227]]]}},{"type":"Feature","properties":{"cell_id":1493},"geometry":{"type":"Polygon","coordinates":[[[139.9577,35.4227],[140.0651,35.4227],[140.0651,35.5128],[139.9577,35.5128],[139.9577,35.4227]]]}},{"type":"Feature","properties":{"cell_id":1494},"geometry":{"type":"Polygon","coordinates":[[[140.0651,35.4227],[140.1725,35.4227],[140.1725,35.5128],[140.0651,35.5128],[140.0651,35.4227]]]}},{"type":"Feature","properties":{"cell_id":1495},"geometry":{"type":"Polygon","coordinates":[[[140.1725,35.4227],[140.2799,35.4227],[140.2799,35.5128],[140.1725,35.5128],[140.1725,35.4227]]]}},{"type":"Feature","properties":{"cell_id":1496},"geometry":{"type":"Polygon","coordinates":[[[140.2799,35.4227],[140.3873,35.4227],[140.3873,35.5128],[140.2799,35.5128],[140.2799,35.4227]]]}},{"type":"Feature","properties":{"cell_id":1497},"geometry":{"type":"Polygon","coordinates":[[[133.0835,35.5128],[133.191,35.5128],[133.191,35.6029],[133.0835,35.6029],[133.0835,35.5128]]]}},{"type":"Feature","properties":{"cell_id":1498},"geometry":{"type":"Polygon","coordinates":[[[133.191,35.5128],[133.2984,35.5128],[133.2984,35.6029],[133.191,35.6029],[133.191,35.5128]]]}},{"type":"Feature","properties":{"cell_id":1499},"geometry":{"type":"Polygon","coordinates":[[[134.265,35.5128],[134.3724,35.5128],[134.3724,35.6029],[134.265,35.6029],[134.265,35.5128]]]}},{"type":"Feature","properties":{"cell_id":1500},"geometry":{"type":"Polygon","coordinates":[[[134.3724,35.5128],[134.4799,35.5128],[134.4799,35.6029],[134.3724,35.6029],[134.3724,35.5128]]]}},{"type":"Feature","properties":{"cell_id":1501},"geometry":{"type":"Polygon","coordinates":[[[134.4799,35.5128],[134.5873,35.5128],[134.5873,35.6029],[134.4799,35.6029],[134.4799,35.5128]]]}},{"type":"Feature","properties":{"cell_id":1502},"geometry":{"type":"Polygon","coordinates":[[[134.5873,35.5128],[134.6947,35.5128],[134.6947,35.6029],[134.5873,35.6029],[134.5873,35.5128]]]}},{"type":"Feature","properties":{"cell_id":1503},"geometry":{"type":"Polygon","coordinates":[[[134.6947,35.5128],[134.8021,35.5128],[134.8021,35.6029],[134.6947,35.6029],[134.6947,35.5128]]]}},{"type":"Feature","properties":{"cell_id":1504},"geometry":{"type":"Polygon","coordinates":[[[134.8021,35.5128],[134.9095,35.5128],[134.9095,35.6029],[134.8021,35.6029],[134.8021,35.5128]]]}},{"type":"Feature","properties":{"cell_id":1505},"geometry":{"type":"Polygon","coordinates":[[[134.9095,35.5128],[135.0169,35.5128],[135.0169,35.6029],[134.9095,35.6029],[134.9095,35.5128]]]}},{"type":"Feature","properties":{"cell_id":1506},"geometry":{"type":"Polygon","coordinates":[[[135.0169,35.5128],[135.1243,35.5128],[135.1243,35.6029],[135.0169,35.6029],[135.0169,35.5128]]]}},{"type":"Feature","properties":{"cell_id":1507},"geometry":{"type":"Polygon","coordinates":[[[135.1243,35.5128],[135.2317,35.5128],[135.2317,35.6029],[135.1243,35.6029],[135.1243,35.5128]]]}},{"type":"Feature","properties":{"cell_id":1508},"geometry":{"type":"Polygon","coordinates":[[[135.3391,35.5128],[135.4465,35.5128],[135.4465,35.6029],[135.3391,35.6029],[135.3391,35.5128]]]}},{"type":"Feature","properties":{"cell_id":1509},"geometry":{"type":"Polygon","coordinates":[[[135.6613,35.5128],[135.7687,35.5128],[135.7687,35.6029],[135.6613,35.6029],[135.6613,35.5128]]]}},{"type":"Feature","properties":{"cell_id":1510},"geometry":{"type":"Polygon","coordinates":[[[135.7687,35.5128],[135.8762,35.5128],[135.8762,35.6029],[135.7687,35.6029],[135.7687,35.5128]]]}},{"type":"Feature","properties":{"cell_id":1511},"geometry":{"type":"Polygon","coordinates":[[[135.8762,35.5128],[135.9836,35.5128],[135.9836,35.6029],[135.8762,35.6029],[135.8762,35.5128]]]}},{"type":"Feature","properties":{"cell_id":1512},"geometry":{"type":"Polygon","coordinates":[[[135.9836,35.5128],[136.091,35.5128],[136.091,35.6029],[135.9836,35.6029],[135.9836,35.5128]]]}},{"type":"Feature","properties":{"cell_id":1513},"geometry":{"type":"Polygon","coordinates":[[[136.091,35.5128],[136.1984,35.5128],[136.1984,35.6029],[136.091,35.6029],[136.091,35.5128]]]}},{"type":"Feature","properties":{"cell_id":1514},"geometry":{"type":"Polygon","coordinates":[[[136.1984,35.5128],[136.3058,35.5128],[136.3058,35.6029],[136.1984,35.6029],[136.1984,35.5128]]]}},{"type":"Feature","properties":{"cell_id":1515},"geometry":{"type":"Polygon","coordinates":[[[136.3058,35.5128],[136.4132,35.5128],[136.4132,35.6029],[136.3058,35.6029],[136.3058,35.5128]]]}},{"type":"Feature","properties":{"cell_id":1516},"geometry":{"type":"Polygon","coordinates":[[[136.4132,35.5128],[136.5206,35.5128],[136.5206,35.6029],[136.4132,35.6029],[136.4132,35.5128]]]}},{"type":"Feature","properties":{"cell_id":1517},"geometry":{"type":"Polygon","coordinates":[[[136.5206,35.5128],[136.628,35.5128],[136.628,35.6029],[136.5206,35.6029],[136.5206,35.5128]]]}},{"type":"Feature","properties":{"cell_id":1518},"geometry":{"type":"Polygon","coordinates":[[[136.628,35.5128],[136.7354,35.5128],[136.7354,35.6029],[136.628,35.6029],[136.628,35.5128]]]}},{"type":"Feature","properties":{"cell_id":1519},"geometry":{"type":"Polygon","coordinates":[[[136.7354,35.5128],[136.8428,35.5128],[136.8428,35.6029],[136.7354,35.6029],[136.7354,35.5128]]]}},{"type":"Feature","properties":{"cell_id":1520},"geometry":{"type":"Polygon","coordinates":[[[136.8428,35.5128],[136.9502,35.5128],[136.9502,35.6029],[136.8428,35.6029],[136.8428,35.5128]]]}},{"type":"Feature","properties":{"cell_id":1521},"geometry":{"type":"Polygon","coordinates":[[[136.9502,35.5128],[137.0576,35.5128],[137.0576,35.6029],[136.9502,35.6029],[136.9502,35.5128]]]}},{"type":"Feature","properties":{"cell_id":1522},"geometry":{"type":"Polygon","coordinates":[[[137.0576,35.5128],[137.1651,35.5128],[137.1651,35.6029],[137.0576,35.6029],[137.0576,35.5128]]]}},{"type":"Feature","properties":{"cell_id":1523},"geometry":{"type":"Polygon","coordinates":[[[137.1651,35.5128],[137.2725,35.5128],[137.2725,35.6029],[137.1651,35.6029],[137.1651,35.5128]]]}},{"type":"Feature","properties":{"cell_id":1524},"geometry":{"type":"Polygon","coordinates":[[[137.2725,35.5128],[137.3799,35.5128],[137.3799,35.6029],[137.2725,35.6029],[137.2725,35.5128]]]}},{"type":"Feature","properties":{"cell_id":1525},"geometry":{"type":"Polygon","coordinates":[[[137.3799,35.5128],[137.4873,35.5128],[137.4873,35.6029],[137.3799,35.6029],[137.3799,35.5128]]]}},{"type":"Feature","properties":{"cell_id":1526},"geometry":{"type":"Polygon","coordinates":[[[137.4873,35.5128],[137.5947,35.5128],[137.5947,35.6029],[137.4873,35.6029],[137.4873,35.5128]]]}},{"type":"Feature","properties":{"cell_id":1527},"geometry":{"type":"Polygon","coordinates":[[[137.5947,35.5128],[137.7021,35.5128],[137.7021,35.6029],[137.5947,35.6029],[137.5947,35.5128]]]}},{"type":"Feature","properties":{"cell_id":1528},"geometry":{"type":"Polygon","coordinates":[[[137.7021,35.5128],[137.8095,35.5128],[137.8095,35.6029],[137.7021,35.6029],[137.7021,35.5128]]]}},{"type":"Feature","properties":{"cell_id":1529},"geometry":{"type":"Polygon","coordinates":[[[137.8095,35.5128],[137.9169,35.5128],[137.9169,35.6029],[137.8095,35.6029],[137.8095,35.5128]]]}},{"type":"Feature","properties":{"cell_id":1530},"geometry":{"type":"Polygon","coordinates":[[[137.9169,35.5128],[138.0243,35.5128],[138.0243,35.6029],[137.9169,35.6029],[137.9169,35.5128]]]}},{"type":"Feature","properties":{"cell_id":1531},"geometry":{"type":"Polygon","coordinates":[[[138.0243,35.5128],[138.1317,35.5128],[138.1317,35.6029],[138.0243,35.6029],[138.0243,35.5128]]]}},{"type":"Feature","properties":{"cell_id":1532},"geometry":{"type":"Polygon","coordinates":[[[138.1317,35.5128],[138.2391,35.5128],[138.2391,35.6029],[138.1317,35.6029],[138.1317,35.5128]]]}},{"type":"Feature","properties":{"cell_id":1533},"geometry":{"type":"Polygon","coordinates":[[[138.2391,35.5128],[138.3465,35.5128],[138.3465,35.6029],[138.2391,35.6029],[138.2391,35.5128]]]}},{"type":"Feature","properties":{"cell_id":1534},"geometry":{"type":"Polygon","coordinates":[[[138.3465,35.5128],[138.4539,35.5128],[138.4539,35.6029],[138.3465,35.6029],[138.3465,35.5128]]]}},{"type":"Feature","properties":{"cell_id":1535},"geometry":{"type":"Polygon","coordinates":[[[138.4539,35.5128],[138.5614,35.5128],[138.5614,35.6029],[138.4539,35.6029],[138.4539,35.5128]]]}},{"type":"Feature","properties":{"cell_id":1536},"geometry":{"type":"Polygon","coordinates":[[[138.5614,35.5128],[138.6688,35.5128],[138.6688,35.6029],[138.5614,35.6029],[138.5614,35.5128]]]}},{"type":"Feature","properties":{"cell_id":1537},"geometry":{"type":"Polygon","coordinates":[[[138.6688,35.5128],[138.7762,35.5128],[138.7762,35.6029],[138.6688,35.6029],[138.6688,35.5128]]]}},{"type":"Feature","properties":{"cell_id":1538},"geometry":{"type":"Polygon","coordinates":[[[138.7762,35.5128],[138.8836,35.5128],[138.8836,35.6029],[138.7762,35.6029],[138.7762,35.5128]]]}},{"type":"Feature","properties":{"cell_id":1539},"geometry":{"type":"Polygon","coordinates":[[[138.8836,35.5128],[138.991,35.5128],[138.991,35.6029],[138.8836,35.6029],[138.8836,35.5128]]]}},{"type":"Feature","properties":{"cell_id":1540},"geometry":{"type":"Polygon","coordinates":[[[138.991,35.5128],[139.0984,35.5128],[139.0984,35.6029],[138.991,35.6029],[138.991,35.5128]]]}},{"type":"Feature","properties":{"cell_id":1541},"geometry":{"type":"Polygon","coordinates":[[[139.0984,35.5128],[139.2058,35.5128],[139.2058,35.6029],[139.0984,35.6029],[139.0984,35.5128]]]}},{"type":"Feature","properties":{"cell_id":1542},"geometry":{"type":"Polygon","coordinates":[[[139.2058,35.5128],[139.3132,35.5128],[139.3132,35.6029],[139.2058,35.6029],[139.2058,35.5128]]]}},{"type":"Feature","properties":{"cell_id":1543},"geometry":{"type":"Polygon","coordinates":[[[139.3132,35.5128],[139.4206,35.5128],[139.4206,35.6029],[139.3132,35.6029],[139.3132,35.5128]]]}},{"type":"Feature","properties":{"cell_id":1544},"geometry":{"type":"Polygon","coordinates":[[[139.4206,35.5128],[139.528,35.5128],[139.528,35.6029],[139.4206,35.6029],[139.4206,35.5128]]]}},{"type":"Feature","properties":{"cell_id":1545},"geometry":{"type":"Polygon","coordinates":[[[139.528,35.5128],[139.6354,35.5128],[139.6354,35.6029],[139.528,35.6029],[139.528,35.5128]]]}},{"type":"Feature","properties":{"cell_id":1546},"geometry":{"type":"Polygon","coordinates":[[[139.6354,35.5128],[139.7428,35.5128],[139.7428,35.6029],[139.6354,35.6029],[139.6354,35.5128]]]}},{"type":"Feature","properties":{"cell_id":1547},"geometry":{"type":"Polygon","coordinates":[[[140.0651,35.5128],[140.1725,35.5128],[140.1725,35.6029],[140.0651,35.6029],[140.0651,35.5128]]]}},{"type":"Feature","properties":{"cell_id":1548},"geometry":{"type":"Polygon","coordinates":[[[140.1725,35.5128],[140.2799,35.5128],[140.2799,35.6029],[140.1725,35.6029],[140.1725,35.5128]]]}},{"type":"Feature","properties":{"cell_id":1549},"geometry":{"type":"Polygon","coordinates":[[[140.2799,35.5128],[140.3873,35.5128],[140.3873,35.6029],[140.2799,35.6029],[140.2799,35.5128]]]}},{"type":"Feature","properties":{"cell_id":1550},"geometry":{"type":"Polygon","coordinates":[[[140.3873,35.5128],[140.4947,35.5128],[140.4947,35.6029],[140.3873,35.6029],[140.3873,35.5128]]]}},{"type":"Feature","properties":{"cell_id":1551},"geometry":{"type":"Polygon","coordinates":[[[134.4799,35.6029],[134.5873,35.6029],[134.5873,35.693],[134.4799,35.693],[134.4799,35.6029]]]}},{"type":"Feature","properties":{"cell_id":1552},"geometry":{"type":"Polygon","coordinates":[[[134.5873,35.6029],[134.6947,35.6029],[134.6947,35.693],[134.5873,35.693],[134.5873,35.6029]]]}},{"type":"Feature","properties":{"cell_id":1553},"geometry":{"type":"Polygon","coordinates":[[[134.6947,35.6029],[134.8021,35.6029],[134.8021,35.693],[134.6947,35.693],[134.6947,35.6029]]]}},{"type":"Feature","properties":{"cell_id":1554},"geometry":{"type":"Polygon","coordinates":[[[134.8021,35.6029],[134.9095,35.6029],[134.9095,35.693],[134.8021,35.693],[134.8021,35.6029]]]}},{"type":"Feature","properties":{"cell_id":1555},"geometry":{"type":"Polygon","coordinates":[[[134.9095,35.6029],[135.0169,35.6029],[135.0169,35.693],[134.9095,35.693],[134.9095,35.6029]]]}},{"type":"Feature","properties":{"cell_id":1556},"geometry":{"type":"Polygon","coordinates":[[[135.0169,35.6029],[135.1243,35.6029],[135.1243,35.693],[135.0169,35.693],[135.0169,35.6029]]]}},{"type":"Feature","properties":{"cell_id":1557},"geometry":{"type":"Polygon","coordinates":[[[135.1243,35.6029],[135.2317,35.6029],[135.2317,35.693],[135.1243,35.693],[135.1243,35.6029]]]}},{"type":"Feature","properties":{"cell_id":1558},"geometry":{"type":"Polygon","coordinates":[[[135.9836,35.6029],[136.091,35.6029],[136.091,35.693],[135.9836,35.693],[135.9836,35.6029]]]}},{"type":"Feature","properties":{"cell_id":1559},"geometry":{"type":"Polygon","coordinates":[[[136.091,35.6029],[136.1984,35.6029],[136.1984,35.693],[136.091,35.693],[136.091,35.6029]]]}},{"type":"Feature","properties":{"cell_id":1560},"geometry":{"type":"Polygon","coordinates":[[[136.1984,35.6029],[136.3058,35.6029],[136.3058,35.693],[136.1984,35.693],[136.1984,35.6029]]]}},{"type":"Feature","properties":{"cell_id":1561},"geometry":{"type":"Polygon","coordinates":[[[136.3058,35.6029],[136.4132,35.6029],[136.4132,35.693],[136.3058,35.693],[136.3058,35.6029]]]}},{"type":"Feature","properties":{"cell_id":1562},"geometry":{"type":"Polygon","coordinates":[[[136.4132,35.6029],[136.5206,35.6029],[136.5206,35.693],[136.4132,35.693],[136.4132,35.6029]]]}},{"type":"Feature","properties":{"cell_id":1563},"geometry":{"type":"Polygon","coordinates":[[[136.5206,35.6029],[136.628,35.6029],[136.628,35.693],[136.5206,35.693],[136.5206,35.6029]]]}},{"type":"Feature","properties":{"cell_id":1564},"geometry":{"type":"Polygon","coordinates":[[[136.628,35.6029],[136.7354,35.6029],[136.7354,35.693],[136.628,35.693],[136.628,35.6029]]]}},{"type":"Feature","properties":{"cell_id":1565},"geometry":{"type":"Polygon","coordinates":[[[136.7354,35.6029],[136.8428,35.6029],[136.8428,35.693],[136.7354,35.693],[136.7354,35.6029]]]}},{"type":"Feature","properties":{"cell_id":1566},"geometry":{"type":"Polygon","coordinates":[[[136.8428,35.6029],[136.9502,35.6029],[136.9502,35.693],[136.8428,35.693],[136.8428,35.6029]]]}},{"type":"Feature","properties":{"cell_id":1567},"geometry":{"type":"Polygon","coordinates":[[[136.9502,35.6029],[137.0576,35.6029],[137.0576,35.693],[136.9502,35.693],[136.9502,35.6029]]]}},{"type":"Feature","properties":{"cell_id":1568},"geometry":{"type":"Polygon","coordinates":[[[137.0576,35.6029],[137.1651,35.6029],[137.1651,35.693],[137.0576,35.693],[137.0576,35.6029]]]}},{"type":"Feature","properties":{"cell_id":1569},"geometry":{"type":"Polygon","coordinates":[[[137.1651,35.6029],[137.2725,35.6029],[137.2725,35.693],[137.1651,35.693],[137.1651,35.6029]]]}},{"type":"Feature","properties":{"cell_id":1570},"geometry":{"type":"Polygon","coordinates":[[[137.2725,35.6029],[137.3799,35.6029],[137.3799,35.693],[137.2725,35.693],[137.2725,35.6029]]]}},{"type":"Feature","properties":{"cell_id":1571},"geometry":{"type":"Polygon","coordinates":[[[137.3799,35.6029],[137.4873,35.6029],[137.4873,35.693],[137.3799,35.693],[137.3799,35.6029]]]}},{"type":"Feature","properties":{"cell_id":1572},"geometry":{"type":"Polygon","coordinates":[[[137.4873,35.6029],[137.5947,35.6029],[137.5947,35.693],[137.4873,35.693],[137.4873,35.6029]]]}},{"type":"Feature","properties":{"cell_id":1573},"geometry":{"type":"Polygon","coordinates":[[[137.5947,35.6029],[137.7021,35.6029],[137.7021,35.693],[137.5947,35.693],[137.5947,35.6029]]]}},{"type":"Feature","properties":{"cell_id":1574},"geometry":{"type":"Polygon","coordinates":[[[137.7021,35.6029],[137.8095,35.6029],[137.8095,35.693],[137.7021,35.693],[137.7021,35.6029]]]}},{"type":"Feature","properties":{"cell_id":1575},"geometry":{"type":"Polygon","coordinates":[[[137.8095,35.6029],[137.9169,35.6029],[137.9169,35.693],[137.8095,35.693],[137.8095,35.6029]]]}},{"type":"Feature","properties":{"cell_id":1576},"geometry":{"type":"Polygon","coordinates":[[[137.9169,35.6029],[138.0243,35.6029],[138.0243,35.693],[137.9169,35.693],[137.9169,35.6029]]]}},{"type":"Feature","properties":{"cell_id":1577},"geometry":{"type":"Polygon","coordinates":[[[138.0243,35.6029],[138.1317,35.6029],[138.1317,35.693],[138.0243,35.693],[138.0243,35.6029]]]}},{"type":"Feature","properties":{"cell_id":1578},"geometry":{"type":"Polygon","coordinates":[[[138.1317,35.6029],[138.2391,35.6029],[138.2391,35.693],[138.1317,35.693],[138.1317,35.6029]]]}},{"type":"Feature","properties":{"cell_id":1579},"geometry":{"type":"Polygon","coordinates":[[[138.2391,35.6029],[138.3465,35.6029],[138.3465,35.693],[138.2391,35.693],[138.2391,35.6029]]]}},{"type":"Feature","properties":{"cell_id":1580},"geometry":{"type":"Polygon","coordinates":[[[138.3465,35.6029],[138.4539,35.6029],[138.4539,35.693],[138.3465,35.693],[138.3465,35.6029]]]}},{"type":"Feature","properties":{"cell_id":1581},"geometry":{"type":"Polygon","coordinates":[[[138.4539,35.6029],[138.5614,35.6029],[138.5614,35.693],[138.4539,35.693],[138.4539,35.6029]]]}},{"type":"Feature","properties":{"cell_id":1582},"geometry":{"type":"Polygon","coordinates":[[[138.5614,35.6029],[138.6688,35.6029],[138.6688,35.693],[138.5614,35.693],[138.5614,35.6029]]]}},{"type":"Feature","properties":{"cell_id":1583},"geometry":{"type":"Polygon","coordinates":[[[138.6688,35.6029],[138.7762,35.6029],[138.7762,35.693],[138.6688,35.693],[138.6688,35.6029]]]}},{"type":"Feature","properties":{"cell_id":1584},"geometry":{"type":"Polygon","coordinates":[[[138.7762,35.6029],[138.8836,35.6029],[138.8836,35.693],[138.7762,35.693],[138.7762,35.6029]]]}},{"type":"Feature","properties":{"cell_id":1585},"geometry":{"type":"Polygon","coordinates":[[[138.8836,35.6029],[138.991,35.6029],[138.991,35.693],[138.8836,35.693],[138.8836,35.6029]]]}},{"type":"Feature","properties":{"cell_id":1586},"geometry":{"type":"Polygon","coordinates":[[[138.991,35.6029],[139.0984,35.6029],[139.0984,35.693],[138.991,35.693],[138.991,35.6029]]]}},{"type":"Feature","properties":{"cell_id":1587},"geometry":{"type":"Polygon","coordinates":[[[139.0984,35.6029],[139.2058,35.6029],[139.2058,35.693],[139.0984,35.693],[139.0984,35.6029]]]}},{"type":"Feature","properties":{"cell_id":1588},"geometry":{"type":"Polygon","coordinates":[[[139.2058,35.6029],[139.3132,35.6029],[139.3132,35.693],[139.2058,35.693],[139.2058,35.6029]]]}},{"type":"Feature","properties":{"cell_id":1589},"geometry":{"type":"Polygon","coordinates":[[[139.3132,35.6029],[139.4206,35.6029],[139.4206,35.693],[139.3132,35.693],[139.3132,35.6029]]]}},{"type":"Feature","properties":{"cell_id":1590},"geometry":{"type":"Polygon","coordinates":[[[139.4206,35.6029],[139.528,35.6029],[139.528,35.693],[139.4206,35.693],[139.4206,35.6029]]]}},{"type":"Feature","properties":{"cell_id":1591},"geometry":{"type":"Polygon","coordinates":[[[139.528,35.6029],[139.6354,35.6029],[139.6354,35.693],[139.528,35.693],[139.528,35.6029]]]}},{"type":"Feature","properties":{"cell_id":1592},"geometry":{"type":"Polygon","coordinates":[[[139.6354,35.6029],[139.7428,35.6029],[139.7428,35.693],[139.6354,35.693],[139.6354,35.6029]]]}},{"type":"Feature","properties":{"cell_id":1593},"geometry":{"type":"Polygon","coordinates":[[[139.7428,35.6029],[139.8503,35.6029],[139.8503,35.693],[139.7428,35.693],[139.7428,35.6029]]]}},{"type":"Feature","properties":{"cell_id":1594},"geometry":{"type":"Polygon","coordinates":[[[139.8503,35.6029],[139.9577,35.6029],[139.9577,35.693],[139.8503,35.693],[139.8503,35.6029]]]}},{"type":"Feature","properties":{"cell_id":1595},"geometry":{"type":"Polygon","coordinates":[[[140.0651,35.6029],[140.1725,35.6029],[140.1725,35.693],[140.0651,35.693],[140.0651,35.6029]]]}},{"type":"Feature","properties":{"cell_id":1596},"geometry":{"type":"Polygon","coordinates":[[[140.1725,35.6029],[140.2799,35.6029],[140.2799,35.693],[140.1725,35.693],[140.1725,35.6029]]]}},{"type":"Feature","properties":{"cell_id":1597},"geometry":{"type":"Polygon","coordinates":[[[140.2799,35.6029],[140.3873,35.6029],[140.3873,35.693],[140.2799,35.693],[140.2799,35.6029]]]}},{"type":"Feature","properties":{"cell_id":1598},"geometry":{"type":"Polygon","coordinates":[[[140.3873,35.6029],[140.4947,35.6029],[140.4947,35.693],[140.3873,35.693],[140.3873,35.6029]]]}},{"type":"Feature","properties":{"cell_id":1599},"geometry":{"type":"Polygon","coordinates":[[[140.4947,35.6029],[140.6021,35.6029],[140.6021,35.693],[140.4947,35.693],[140.4947,35.6029]]]}},{"type":"Feature","properties":{"cell_id":1600},"geometry":{"type":"Polygon","coordinates":[[[135.1243,35.693],[135.2317,35.693],[135.2317,35.7831],[135.1243,35.7831],[135.1243,35.693]]]}},{"type":"Feature","properties":{"cell_id":1601},"geometry":{"type":"Polygon","coordinates":[[[136.091,35.693],[136.1984,35.693],[136.1984,35.7831],[136.091,35.7831],[136.091,35.693]]]}},{"type":"Feature","properties":{"cell_id":1602},"geometry":{"type":"Polygon","coordinates":[[[136.1984,35.693],[136.3058,35.693],[136.3058,35.7831],[136.1984,35.7831],[136.1984,35.693]]]}},{"type":"Feature","properties":{"cell_id":1603},"geometry":{"type":"Polygon","coordinates":[[[136.3058,35.693],[136.4132,35.693],[136.4132,35.7831],[136.3058,35.7831],[136.3058,35.693]]]}},{"type":"Feature","properties":{"cell_id":1604},"geometry":{"type":"Polygon","coordinates":[[[136.4132,35.693],[136.5206,35.693],[136.5206,35.7831],[136.4132,35.7831],[136.4132,35.693]]]}},{"type":"Feature","properties":{"cell_id":1605},"geometry":{"type":"Polygon","coordinates":[[[136.5206,35.693],[136.628,35.693],[136.628,35.7831],[136.5206,35.7831],[136.5206,35.693]]]}},{"type":"Feature","properties":{"cell_id":1606},"geometry":{"type":"Polygon","coordinates":[[[136.628,35.693],[136.7354,35.693],[136.7354,35.7831],[136.628,35.7831],[136.628,35.693]]]}},{"type":"Feature","properties":{"cell_id":1607},"geometry":{"type":"Polygon","coordinates":[[[136.7354,35.693],[136.8428,35.693],[136.8428,35.7831],[136.7354,35.7831],[136.7354,35.693]]]}},{"type":"Feature","properties":{"cell_id":1608},"geometry":{"type":"Polygon","coordinates":[[[136.8428,35.693],[136.9502,35.693],[136.9502,35.7831],[136.8428,35.7831],[136.8428,35.693]]]}},{"type":"Feature","properties":{"cell_id":1609},"geometry":{"type":"Polygon","coordinates":[[[136.9502,35.693],[137.0576,35.693],[137.0576,35.7831],[136.9502,35.7831],[136.9502,35.693]]]}},{"type":"Feature","properties":{"cell_id":1610},"geometry":{"type":"Polygon","coordinates":[[[137.0576,35.693],[137.1651,35.693],[137.1651,35.7831],[137.0576,35.7831],[137.0576,35.693]]]}},{"type":"Feature","properties":{"cell_id":1611},"geometry":{"type":"Polygon","coordinates":[[[137.1651,35.693],[137.2725,35.693],[137.2725,35.7831],[137.1651,35.7831],[137.1651,35.693]]]}},{"type":"Feature","properties":{"cell_id":1612},"geometry":{"type":"Polygon","coordinates":[[[137.2725,35.693],[137.3799,35.693],[137.3799,35.7831],[137.2725,35.7831],[137.2725,35.693]]]}},{"type":"Feature","properties":{"cell_id":1613},"geometry":{"type":"Polygon","coordinates":[[[137.3799,35.693],[137.4873,35.693],[137.4873,35.7831],[137.3799,35.7831],[137.3799,35.693]]]}},{"type":"Feature","properties":{"cell_id":1614},"geometry":{"type":"Polygon","coordinates":[[[137.4873,35.693],[137.5947,35.693],[137.5947,35.7831],[137.4873,35.7831],[137.4873,35.693]]]}},{"type":"Feature","properties":{"cell_id":1615},"geometry":{"type":"Polygon","coordinates":[[[137.5947,35.693],[137.7021,35.693],[137.7021,35.7831],[137.5947,35.7831],[137.5947,35.693]]]}},{"type":"Feature","properties":{"cell_id":1616},"geometry":{"type":"Polygon","coordinates":[[[137.7021,35.693],[137.8095,35.693],[137.8095,35.7831],[137.7021,35.7831],[137.7021,35.693]]]}},{"type":"Feature","properties":{"cell_id":1617},"geometry":{"type":"Polygon","coordinates":[[[137.8095,35.693],[137.9169,35.693],[137.9169,35.7831],[137.8095,35.7831],[137.8095,35.693]]]}},{"type":"Feature","properties":{"cell_id":1618},"geometry":{"type":"Polygon","coordinates":[[[137.9169,35.693],[138.0243,35.693],[138.0243,35.7831],[137.9169,35.7831],[137.9169,35.693]]]}},{"type":"Feature","properties":{"cell_id":1619},"geometry":{"type":"Polygon","coordinates":[[[138.0243,35.693],[138.1317,35.693],[138.1317,35.7831],[138.0243,35.7831],[138.0243,35.693]]]}},{"type":"Feature","properties":{"cell_id":1620},"geometry":{"type":"Polygon","coordinates":[[[138.1317,35.693],[138.2391,35.693],[138.2391,35.7831],[138.1317,35.7831],[138.1317,35.693]]]}},{"type":"Feature","properties":{"cell_id":1621},"geometry":{"type":"Polygon","coordinates":[[[138.2391,35.693],[138.3465,35.693],[138.3465,35.7831],[138.2391,35.7831],[138.2391,35.693]]]}},{"type":"Feature","properties":{"cell_id":1622},"geometry":{"type":"Polygon","coordinates":[[[138.3465,35.693],[138.4539,35.693],[138.4539,35.7831],[138.3465,35.7831],[138.3465,35.693]]]}},{"type":"Feature","properties":{"cell_id":1623},"geometry":{"type":"Polygon","coordinates":[[[138.4539,35.693],[138.5614,35.693],[138.5614,35.7831],[138.4539,35.7831],[138.4539,35.693]]]}},{"type":"Feature","properties":{"cell_id":1624},"geometry":{"type":"Polygon","coordinates":[[[138.5614,35.693],[138.6688,35.693],[138.6688,35.7831],[138.5614,35.7831],[138.5614,35.693]]]}},{"type":"Feature","properties":{"cell_id":1625},"geometry":{"type":"Polygon","coordinates":[[[138.6688,35.693],[138.7762,35.693],[138.7762,35.7831],[138.6688,35.7831],[138.6688,35.693]]]}},{"type":"Feature","properties":{"cell_id":1626},"geometry":{"type":"Polygon","coordinates":[[[138.7762,35.693],[138.8836,35.693],[138.8836,35.7831],[138.7762,35.7831],[138.7762,35.693]]]}},{"type":"Feature","properties":{"cell_id":1627},"geometry":{"type":"Polygon","coordinates":[[[138.8836,35.693],[138.991,35.693],[138.991,35.7831],[138.8836,35.7831],[138.8836,35.693]]]}},{"type":"Feature","properties":{"cell_id":1628},"geometry":{"type":"Polygon","coordinates":[[[138.991,35.693],[139.0984,35.693],[139.0984,35.7831],[138.991,35.7831],[138.991,35.693]]]}},{"type":"Feature","properties":{"cell_id":1629},"geometry":{"type":"Polygon","coordinates":[[[139.0984,35.693],[139.2058,35.693],[139.2058,35.7831],[139.0984,35.7831],[139.0984,35.693]]]}},{"type":"Feature","properties":{"cell_id":1630},"geometry":{"type":"Polygon","coordinates":[[[139.2058,35.693],[139.3132,35.693],[139.3132,35.7831],[139.2058,35.7831],[139.2058,35.693]]]}},{"type":"Feature","properties":{"cell_id":1631},"geometry":{"type":"Polygon","coordinates":[[[139.3132,35.693],[139.4206,35.693],[139.4206,35.7831],[139.3132,35.7831],[139.3132,35.693]]]}},{"type":"Feature","properties":{"cell_id":1632},"geometry":{"type":"Polygon","coordinates":[[[139.4206,35.693],[139.528,35.693],[139.528,35.7831],[139.4206,35.7831],[139.4206,35.693]]]}},{"type":"Feature","properties":{"cell_id":1633},"geometry":{"type":"Polygon","coordinates":[[[139.528,35.693],[139.6354,35.693],[139.6354,35.7831],[139.528,35.7831],[139.528,35.693]]]}},{"type":"Feature","properties":{"cell_id":1634},"geometry":{"type":"Polygon","coordinates":[[[139.6354,35.693],[139.7428,35.693],[139.7428,35.7831],[139.6354,35.7831],[139.6354,35.693]]]}},{"type":"Feature","properties":{"cell_id":1635},"geometry":{"type":"Polygon","coordinates":[[[139.7428,35.693],[139.8503,35.693],[139.8503,35.7831],[139.7428,35.7831],[139.7428,35.693]]]}},{"type":"Feature","properties":{"cell_id":1636},"geometry":{"type":"Polygon","coordinates":[[[139.8503,35.693],[139.9577,35.693],[139.9577,35.7831],[139.8503,35.7831],[139.8503,35.693]]]}},{"type":"Feature","properties":{"cell_id":1637},"geometry":{"type":"Polygon","coordinates":[[[139.9577,35.693],[140.0651,35.693],[140.0651,35.7831],[139.9577,35.7831],[139.9577,35.693]]]}},{"type":"Feature","properties":{"cell_id":1638},"geometry":{"type":"Polygon","coordinates":[[[140.0651,35.693],[140.1725,35.693],[140.1725,35.7831],[140.0651,35.7831],[140.0651,35.693]]]}},{"type":"Feature","properties":{"cell_id":1639},"geometry":{"type":"Polygon","coordinates":[[[140.1725,35.693],[140.2799,35.693],[140.2799,35.7831],[140.1725,35.7831],[140.1725,35.693]]]}},{"type":"Feature","properties":{"cell_id":1640},"geometry":{"type":"Polygon","coordinates":[[[140.2799,35.693],[140.3873,35.693],[140.3873,35.7831],[140.2799,35.7831],[140.2799,35.693]]]}},{"type":"Feature","properties":{"cell_id":1641},"geometry":{"type":"Polygon","coordinates":[[[140.3873,35.693],[140.4947,35.693],[140.4947,35.7831],[140.3873,35.7831],[140.3873,35.693]]]}},{"type":"Feature","properties":{"cell_id":1642},"geometry":{"type":"Polygon","coordinates":[[[140.4947,35.693],[140.6021,35.693],[140.6021,35.7831],[140.4947,35.7831],[140.4947,35.693]]]}},{"type":"Feature","properties":{"cell_id":1643},"geometry":{"type":"Polygon","coordinates":[[[140.6021,35.693],[140.7095,35.693],[140.7095,35.7831],[140.6021,35.7831],[140.6021,35.693]]]}},{"type":"Feature","properties":{"cell_id":1644},"geometry":{"type":"Polygon","coordinates":[[[140.7095,35.693],[140.8169,35.693],[140.8169,35.7831],[140.7095,35.7831],[140.7095,35.693]]]}},{"type":"Feature","properties":{"cell_id":1645},"geometry":{"type":"Polygon","coordinates":[[[136.091,35.7831],[136.1984,35.7831],[136.1984,35.8732],[136.091,35.8732],[136.091,35.7831]]]}},{"type":"Feature","properties":{"cell_id":1646},"geometry":{"type":"Polygon","coordinates":[[[136.1984,35.7831],[136.3058,35.7831],[136.3058,35.8732],[136.1984,35.8732],[136.1984,35.7831]]]}},{"type":"Feature","properties":{"cell_id":1647},"geometry":{"type":"Polygon","coordinates":[[[136.3058,35.7831],[136.4132,35.7831],[136.4132,35.8732],[136.3058,35.8732],[136.3058,35.7831]]]}},{"type":"Feature","properties":{"cell_id":1648},"geometry":{"type":"Polygon","coordinates":[[[136.4132,35.7831],[136.5206,35.7831],[136.5206,35.8732],[136.4132,35.8732],[136.4132,35.7831]]]}},{"type":"Feature","properties":{"cell_id":1649},"geometry":{"type":"Polygon","coordinates":[[[136.5206,35.7831],[136.628,35.7831],[136.628,35.8732],[136.5206,35.8732],[136.5206,35.7831]]]}},{"type":"Feature","properties":{"cell_id":1650},"geometry":{"type":"Polygon","coordinates":[[[136.628,35.7831],[136.7354,35.7831],[136.7354,35.8732],[136.628,35.8732],[136.628,35.7831]]]}},{"type":"Feature","properties":{"cell_id":1651},"geometry":{"type":"Polygon","coordinates":[[[136.7354,35.7831],[136.8428,35.7831],[136.8428,35.8732],[136.7354,35.8732],[136.7354,35.7831]]]}},{"type":"Feature","properties":{"cell_id":1652},"geometry":{"type":"Polygon","coordinates":[[[136.8428,35.7831],[136.9502,35.7831],[136.9502,35.8732],[136.8428,35.8732],[136.8428,35.7831]]]}},{"type":"Feature","properties":{"cell_id":1653},"geometry":{"type":"Polygon","coordinates":[[[136.9502,35.7831],[137.0576,35.7831],[137.0576,35.8732],[136.9502,35.8732],[136.9502,35.7831]]]}},{"type":"Feature","properties":{"cell_id":1654},"geometry":{"type":"Polygon","coordinates":[[[137.0576,35.7831],[137.1651,35.7831],[137.1651,35.8732],[137.0576,35.8732],[137.0576,35.7831]]]}},{"type":"Feature","properties":{"cell_id":1655},"geometry":{"type":"Polygon","coordinates":[[[137.1651,35.7831],[137.2725,35.7831],[137.2725,35.8732],[137.1651,35.8732],[137.1651,35.7831]]]}},{"type":"Feature","properties":{"cell_id":1656},"geometry":{"type":"Polygon","coordinates":[[[137.2725,35.7831],[137.3799,35.7831],[137.3799,35.8732],[137.2725,35.8732],[137.2725,35.7831]]]}},{"type":"Feature","properties":{"cell_id":1657},"geometry":{"type":"Polygon","coordinates":[[[137.3799,35.7831],[137.4873,35.7831],[137.4873,35.8732],[137.3799,35.8732],[137.3799,35.7831]]]}},{"type":"Feature","properties":{"cell_id":1658},"geometry":{"type":"Polygon","coordinates":[[[137.4873,35.7831],[137.5947,35.7831],[137.5947,35.8732],[137.4873,35.8732],[137.4873,35.7831]]]}},{"type":"Feature","properties":{"cell_id":1659},"geometry":{"type":"Polygon","coordinates":[[[137.5947,35.7831],[137.7021,35.7831],[137.7021,35.8732],[137.5947,35.8732],[137.5947,35.7831]]]}},{"type":"Feature","properties":{"cell_id":1660},"geometry":{"type":"Polygon","coordinates":[[[137.7021,35.7831],[137.8095,35.7831],[137.8095,35.8732],[137.7021,35.8732],[137.7021,35.7831]]]}},{"type":"Feature","properties":{"cell_id":1661},"geometry":{"type":"Polygon","coordinates":[[[137.8095,35.7831],[137.9169,35.7831],[137.9169,35.8732],[137.8095,35.8732],[137.8095,35.7831]]]}},{"type":"Feature","properties":{"cell_id":1662},"geometry":{"type":"Polygon","coordinates":[[[137.9169,35.7831],[138.0243,35.7831],[138.0243,35.8732],[137.9169,35.8732],[137.9169,35.7831]]]}},{"type":"Feature","properties":{"cell_id":1663},"geometry":{"type":"Polygon","coordinates":[[[138.0243,35.7831],[138.1317,35.7831],[138.1317,35.8732],[138.0243,35.8732],[138.0243,35.7831]]]}},{"type":"Feature","properties":{"cell_id":1664},"geometry":{"type":"Polygon","coordinates":[[[138.1317,35.7831],[138.2391,35.7831],[138.2391,35.8732],[138.1317,35.8732],[138.1317,35.7831]]]}},{"type":"Feature","properties":{"cell_id":1665},"geometry":{"type":"Polygon","coordinates":[[[138.2391,35.7831],[138.3465,35.7831],[138.3465,35.8732],[138.2391,35.8732],[138.2391,35.7831]]]}},{"type":"Feature","properties":{"cell_id":1666},"geometry":{"type":"Polygon","coordinates":[[[138.3465,35.7831],[138.4539,35.7831],[138.4539,35.8732],[138.3465,35.8732],[138.3465,35.7831]]]}},{"type":"Feature","properties":{"cell_id":1667},"geometry":{"type":"Polygon","coordinates":[[[138.4539,35.7831],[138.5614,35.7831],[138.5614,35.8732],[138.4539,35.8732],[138.4539,35.7831]]]}},{"type":"Feature","properties":{"cell_id":1668},"geometry":{"type":"Polygon","coordinates":[[[138.5614,35.7831],[138.6688,35.7831],[138.6688,35.8732],[138.5614,35.8732],[138.5614,35.7831]]]}},{"type":"Feature","properties":{"cell_id":1669},"geometry":{"type":"Polygon","coordinates":[[[138.6688,35.7831],[138.7762,35.7831],[138.7762,35.8732],[138.6688,35.8732],[138.6688,35.7831]]]}},{"type":"Feature","properties":{"cell_id":1670},"geometry":{"type":"Polygon","coordinates":[[[138.7762,35.7831],[138.8836,35.7831],[138.8836,35.8732],[138.7762,35.8732],[138.7762,35.7831]]]}},{"type":"Feature","properties":{"cell_id":1671},"geometry":{"type":"Polygon","coordinates":[[[138.8836,35.7831],[138.991,35.7831],[138.991,35.8732],[138.8836,35.8732],[138.8836,35.7831]]]}},{"type":"Feature","properties":{"cell_id":1672},"geometry":{"type":"Polygon","coordinates":[[[138.991,35.7831],[139.0984,35.7831],[139.0984,35.8732],[138.991,35.8732],[138.991,35.7831]]]}},{"type":"Feature","properties":{"cell_id":1673},"geometry":{"type":"Polygon","coordinates":[[[139.0984,35.7831],[139.2058,35.7831],[139.2058,35.8732],[139.0984,35.8732],[139.0984,35.7831]]]}},{"type":"Feature","properties":{"cell_id":1674},"geometry":{"type":"Polygon","coordinates":[[[139.2058,35.7831],[139.3132,35.7831],[139.3132,35.8732],[139.2058,35.8732],[139.2058,35.7831]]]}},{"type":"Feature","properties":{"cell_id":1675},"geometry":{"type":"Polygon","coordinates":[[[139.3132,35.7831],[139.4206,35.7831],[139.4206,35.8732],[139.3132,35.8732],[139.3132,35.7831]]]}},{"type":"Feature","properties":{"cell_id":1676},"geometry":{"type":"Polygon","coordinates":[[[139.4206,35.7831],[139.528,35.7831],[139.528,35.8732],[139.4206,35.8732],[139.4206,35.7831]]]}},{"type":"Feature","properties":{"cell_id":1677},"geometry":{"type":"Polygon","coordinates":[[[139.528,35.7831],[139.6354,35.7831],[139.6354,35.8732],[139.528,35.8732],[139.528,35.7831]]]}},{"type":"Feature","properties":{"cell_id":1678},"geometry":{"type":"Polygon","coordinates":[[[139.6354,35.7831],[139.7428,35.7831],[139.7428,35.8732],[139.6354,35.8732],[139.6354,35.7831]]]}},{"type":"Feature","properties":{"cell_id":1679},"geometry":{"type":"Polygon","coordinates":[[[139.7428,35.7831],[139.8503,35.7831],[139.8503,35.8732],[139.7428,35.8732],[139.7428,35.7831]]]}},{"type":"Feature","properties":{"cell_id":1680},"geometry":{"type":"Polygon","coordinates":[[[139.8503,35.7831],[139.9577,35.7831],[139.9577,35.8732],[139.8503,35.8732],[139.8503,35.7831]]]}},{"type":"Feature","properties":{"cell_id":1681},"geometry":{"type":"Polygon","coordinates":[[[139.9577,35.7831],[140.0651,35.7831],[140.0651,35.8732],[139.9577,35.8732],[139.9577,35.7831]]]}},{"type":"Feature","properties":{"cell_id":1682},"geometry":{"type":"Polygon","coordinates":[[[140.0651,35.7831],[140.1725,35.7831],[140.1725,35.8732],[140.0651,35.8732],[140.0651,35.7831]]]}},{"type":"Feature","properties":{"cell_id":1683},"geometry":{"type":"Polygon","coordinates":[[[140.1725,35.7831],[140.2799,35.7831],[140.2799,35.8732],[140.1725,35.8732],[140.1725,35.7831]]]}},{"type":"Feature","properties":{"cell_id":1684},"geometry":{"type":"Polygon","coordinates":[[[140.2799,35.7831],[140.3873,35.7831],[140.3873,35.8732],[140.2799,35.8732],[140.2799,35.7831]]]}},{"type":"Feature","properties":{"cell_id":1685},"geometry":{"type":"Polygon","coordinates":[[[140.3873,35.7831],[140.4947,35.7831],[140.4947,35.8732],[140.3873,35.8732],[140.3873,35.7831]]]}},{"type":"Feature","properties":{"cell_id":1686},"geometry":{"type":"Polygon","coordinates":[[[140.4947,35.7831],[140.6021,35.7831],[140.6021,35.8732],[140.4947,35.8732],[140.4947,35.7831]]]}},{"type":"Feature","properties":{"cell_id":1687},"geometry":{"type":"Polygon","coordinates":[[[140.6021,35.7831],[140.7095,35.7831],[140.7095,35.8732],[140.6021,35.8732],[140.6021,35.7831]]]}},{"type":"Feature","properties":{"cell_id":1688},"geometry":{"type":"Polygon","coordinates":[[[140.7095,35.7831],[140.8169,35.7831],[140.8169,35.8732],[140.7095,35.8732],[140.7095,35.7831]]]}},{"type":"Feature","properties":{"cell_id":1689},"geometry":{"type":"Polygon","coordinates":[[[135.9836,35.8732],[136.091,35.8732],[136.091,35.9633],[135.9836,35.9633],[135.9836,35.8732]]]}},{"type":"Feature","properties":{"cell_id":1690},"geometry":{"type":"Polygon","coordinates":[[[136.091,35.8732],[136.1984,35.8732],[136.1984,35.9633],[136.091,35.9633],[136.091,35.8732]]]}},{"type":"Feature","properties":{"cell_id":1691},"geometry":{"type":"Polygon","coordinates":[[[136.1984,35.8732],[136.3058,35.8732],[136.3058,35.9633],[136.1984,35.9633],[136.1984,35.8732]]]}},{"type":"Feature","properties":{"cell_id":1692},"geometry":{"type":"Polygon","coordinates":[[[136.3058,35.8732],[136.4132,35.8732],[136.4132,35.9633],[136.3058,35.9633],[136.3058,35.8732]]]}},{"type":"Feature","properties":{"cell_id":1693},"geometry":{"type":"Polygon","coordinates":[[[136.4132,35.8732],[136.5206,35.8732],[136.5206,35.9633],[136.4132,35.9633],[136.4132,35.8732]]]}},{"type":"Feature","properties":{"cell_id":1694},"geometry":{"type":"Polygon","coordinates":[[[136.5206,35.8732],[136.628,35.8732],[136.628,35.9633],[136.5206,35.9633],[136.5206,35.8732]]]}},{"type":"Feature","properties":{"cell_id":1695},"geometry":{"type":"Polygon","coordinates":[[[136.628,35.8732],[136.7354,35.8732],[136.7354,35.9633],[136.628,35.9633],[136.628,35.8732]]]}},{"type":"Feature","properties":{"cell_id":1696},"geometry":{"type":"Polygon","coordinates":[[[136.7354,35.8732],[136.8428,35.8732],[136.8428,35.9633],[136.7354,35.9633],[136.7354,35.8732]]]}},{"type":"Feature","properties":{"cell_id":1697},"geometry":{"type":"Polygon","coordinates":[[[136.8428,35.8732],[136.9502,35.8732],[136.9502,35.9633],[136.8428,35.9633],[136.8428,35.8732]]]}},{"type":"Feature","properties":{"cell_id":1698},"geometry":{"type":"Polygon","coordinates":[[[136.9502,35.8732],[137.0576,35.8732],[137.0576,35.9633],[136.9502,35.9633],[136.9502,35.8732]]]}},{"type":"Feature","properties":{"cell_id":1699},"geometry":{"type":"Polygon","coordinates":[[[137.0576,35.8732],[137.1651,35.8732],[137.1651,35.9633],[137.0576,35.9633],[137.0576,35.8732]]]}},{"type":"Feature","properties":{"cell_id":1700},"geometry":{"type":"Polygon","coordinates":[[[137.1651,35.8732],[137.2725,35.8732],[137.2725,35.9633],[137.1651,35.9633],[137.1651,35.8732]]]}},{"type":"Feature","properties":{"cell_id":1701},"geometry":{"type":"Polygon","coordinates":[[[137.2725,35.8732],[137.3799,35.8732],[137.3799,35.9633],[137.2725,35.9633],[137.2725,35.8732]]]}},{"type":"Feature","properties":{"cell_id":1702},"geometry":{"type":"Polygon","coordinates":[[[137.3799,35.8732],[137.4873,35.8732],[137.4873,35.9633],[137.3799,35.9633],[137.3799,35.8732]]]}},{"type":"Feature","properties":{"cell_id":1703},"geometry":{"type":"Polygon","coordinates":[[[137.4873,35.8732],[137.5947,35.8732],[137.5947,35.9633],[137.4873,35.9633],[137.4873,35.8732]]]}},{"type":"Feature","properties":{"cell_id":1704},"geometry":{"type":"Polygon","coordinates":[[[137.5947,35.8732],[137.7021,35.8732],[137.7021,35.9633],[137.5947,35.9633],[137.5947,35.8732]]]}},{"type":"Feature","properties":{"cell_id":1705},"geometry":{"type":"Polygon","coordinates":[[[137.7021,35.8732],[137.8095,35.8732],[137.8095,35.9633],[137.7021,35.9633],[137.7021,35.8732]]]}},{"type":"Feature","properties":{"cell_id":1706},"geometry":{"type":"Polygon","coordinates":[[[137.8095,35.8732],[137.9169,35.8732],[137.9169,35.9633],[137.8095,35.9633],[137.8095,35.8732]]]}},{"type":"Feature","properties":{"cell_id":1707},"geometry":{"type":"Polygon","coordinates":[[[137.9169,35.8732],[138.0243,35.8732],[138.0243,35.9633],[137.9169,35.9633],[137.9169,35.8732]]]}},{"type":"Feature","properties":{"cell_id":1708},"geometry":{"type":"Polygon","coordinates":[[[138.0243,35.8732],[138.1317,35.8732],[138.1317,35.9633],[138.0243,35.9633],[138.0243,35.8732]]]}},{"type":"Feature","properties":{"cell_id":1709},"geometry":{"type":"Polygon","coordinates":[[[138.1317,35.8732],[138.2391,35.8732],[138.2391,35.9633],[138.1317,35.9633],[138.1317,35.8732]]]}},{"type":"Feature","properties":{"cell_id":1710},"geometry":{"type":"Polygon","coordinates":[[[138.2391,35.8732],[138.3465,35.8732],[138.3465,35.9633],[138.2391,35.9633],[138.2391,35.8732]]]}},{"type":"Feature","properties":{"cell_id":1711},"geometry":{"type":"Polygon","coordinates":[[[138.3465,35.8732],[138.4539,35.8732],[138.4539,35.9633],[138.3465,35.9633],[138.3465,35.8732]]]}},{"type":"Feature","properties":{"cell_id":1712},"geometry":{"type":"Polygon","coordinates":[[[138.4539,35.8732],[138.5614,35.8732],[138.5614,35.9633],[138.4539,35.9633],[138.4539,35.8732]]]}},{"type":"Feature","properties":{"cell_id":1713},"geometry":{"type":"Polygon","coordinates":[[[138.5614,35.8732],[138.6688,35.8732],[138.6688,35.9633],[138.5614,35.9633],[138.5614,35.8732]]]}},{"type":"Feature","properties":{"cell_id":1714},"geometry":{"type":"Polygon","coordinates":[[[138.6688,35.8732],[138.7762,35.8732],[138.7762,35.9633],[138.6688,35.9633],[138.6688,35.8732]]]}},{"type":"Feature","properties":{"cell_id":1715},"geometry":{"type":"Polygon","coordinates":[[[138.7762,35.8732],[138.8836,35.8732],[138.8836,35.9633],[138.7762,35.9633],[138.7762,35.8732]]]}},{"type":"Feature","properties":{"cell_id":1716},"geometry":{"type":"Polygon","coordinates":[[[138.8836,35.8732],[138.991,35.8732],[138.991,35.9633],[138.8836,35.9633],[138.8836,35.8732]]]}},{"type":"Feature","properties":{"cell_id":1717},"geometry":{"type":"Polygon","coordinates":[[[138.991,35.8732],[139.0984,35.8732],[139.0984,35.9633],[138.991,35.9633],[138.991,35.8732]]]}},{"type":"Feature","properties":{"cell_id":1718},"geometry":{"type":"Polygon","coordinates":[[[139.0984,35.8732],[139.2058,35.8732],[139.2058,35.9633],[139.0984,35.9633],[139.0984,35.8732]]]}},{"type":"Feature","properties":{"cell_id":1719},"geometry":{"type":"Polygon","coordinates":[[[139.2058,35.8732],[139.3132,35.8732],[139.3132,35.9633],[139.2058,35.9633],[139.2058,35.8732]]]}},{"type":"Feature","properties":{"cell_id":1720},"geometry":{"type":"Polygon","coordinates":[[[139.3132,35.8732],[139.4206,35.8732],[139.4206,35.9633],[139.3132,35.9633],[139.3132,35.8732]]]}},{"type":"Feature","properties":{"cell_id":1721},"geometry":{"type":"Polygon","coordinates":[[[139.4206,35.8732],[139.528,35.8732],[139.528,35.9633],[139.4206,35.9633],[139.4206,35.8732]]]}},{"type":"Feature","properties":{"cell_id":1722},"geometry":{"type":"Polygon","coordinates":[[[139.528,35.8732],[139.6354,35.8732],[139.6354,35.9633],[139.528,35.9633],[139.528,35.8732]]]}},{"type":"Feature","properties":{"cell_id":1723},"geometry":{"type":"Polygon","coordinates":[[[139.6354,35.8732],[139.7428,35.8732],[139.7428,35.9633],[139.6354,35.9633],[139.6354,35.8732]]]}},{"type":"Feature","properties":{"cell_id":1724},"geometry":{"type":"Polygon","coordinates":[[[139.7428,35.8732],[139.8503,35.8732],[139.8503,35.9633],[139.7428,35.9633],[139.7428,35.8732]]]}},{"type":"Feature","properties":{"cell_id":1725},"geometry":{"type":"Polygon","coordinates":[[[139.8503,35.8732],[139.9577,35.8732],[139.9577,35.9633],[139.8503,35.9633],[139.8503,35.8732]]]}},{"type":"Feature","properties":{"cell_id":1726},"geometry":{"type":"Polygon","coordinates":[[[139.9577,35.8732],[140.0651,35.8732],[140.0651,35.9633],[139.9577,35.9633],[139.9577,35.8732]]]}},{"type":"Feature","properties":{"cell_id":1727},"geometry":{"type":"Polygon","coordinates":[[[140.0651,35.8732],[140.1725,35.8732],[140.1725,35.9633],[140.0651,35.9633],[140.0651,35.8732]]]}},{"type":"Feature","properties":{"cell_id":1728},"geometry":{"type":"Polygon","coordinates":[[[140.1725,35.8732],[140.2799,35.8732],[140.2799,35.9633],[140.1725,35.9633],[140.1725,35.8732]]]}},{"type":"Feature","properties":{"cell_id":1729},"geometry":{"type":"Polygon","coordinates":[[[140.2799,35.8732],[140.3873,35.8732],[140.3873,35.9633],[140.2799,35.9633],[140.2799,35.8732]]]}},{"type":"Feature","properties":{"cell_id":1730},"geometry":{"type":"Polygon","coordinates":[[[140.3873,35.8732],[140.4947,35.8732],[140.4947,35.9633],[140.3873,35.9633],[140.3873,35.8732]]]}},{"type":"Feature","properties":{"cell_id":1731},"geometry":{"type":"Polygon","coordinates":[[[140.4947,35.8732],[140.6021,35.8732],[140.6021,35.9633],[140.4947,35.9633],[140.4947,35.8732]]]}},{"type":"Feature","properties":{"cell_id":1732},"geometry":{"type":"Polygon","coordinates":[[[140.6021,35.8732],[140.7095,35.8732],[140.7095,35.9633],[140.6021,35.9633],[140.6021,35.8732]]]}},{"type":"Feature","properties":{"cell_id":1733},"geometry":{"type":"Polygon","coordinates":[[[132.9761,35.9633],[133.0835,35.9633],[133.0835,36.0534],[132.9761,36.0534],[132.9761,35.9633]]]}},{"type":"Feature","properties":{"cell_id":1734},"geometry":{"type":"Polygon","coordinates":[[[135.9836,35.9633],[136.091,35.9633],[136.091,36.0534],[135.9836,36.0534],[135.9836,35.9633]]]}},{"type":"Feature","properties":{"cell_id":1735},"geometry":{"type":"Polygon","coordinates":[[[136.091,35.9633],[136.1984,35.9633],[136.1984,36.0534],[136.091,36.0534],[136.091,35.9633]]]}},{"type":"Feature","properties":{"cell_id":1736},"geometry":{"type":"Polygon","coordinates":[[[136.1984,35.9633],[136.3058,35.9633],[136.3058,36.0534],[136.1984,36.0534],[136.1984,35.9633]]]}},{"type":"Feature","properties":{"cell_id":1737},"geometry":{"type":"Polygon","coordinates":[[[136.3058,35.9633],[136.4132,35.9633],[136.4132,36.0534],[136.3058,36.0534],[136.3058,35.9633]]]}},{"type":"Feature","properties":{"cell_id":1738},"geometry":{"type":"Polygon","coordinates":[[[136.4132,35.9633],[136.5206,35.9633],[136.5206,36.0534],[136.4132,36.0534],[136.4132,35.9633]]]}},{"type":"Feature","properties":{"cell_id":1739},"geometry":{"type":"Polygon","coordinates":[[[136.5206,35.9633],[136.628,35.9633],[136.628,36.0534],[136.5206,36.0534],[136.5206,35.9633]]]}},{"type":"Feature","properties":{"cell_id":1740},"geometry":{"type":"Polygon","coordinates":[[[136.628,35.9633],[136.7354,35.9633],[136.7354,36.0534],[136.628,36.0534],[136.628,35.9633]]]}},{"type":"Feature","properties":{"cell_id":1741},"geometry":{"type":"Polygon","coordinates":[[[136.7354,35.9633],[136.8428,35.9633],[136.8428,36.0534],[136.7354,36.0534],[136.7354,35.9633]]]}},{"type":"Feature","properties":{"cell_id":1742},"geometry":{"type":"Polygon","coordinates":[[[136.8428,35.9633],[136.9502,35.9633],[136.9502,36.0534],[136.8428,36.0534],[136.8428,35.9633]]]}},{"type":"Feature","properties":{"cell_id":1743},"geometry":{"type":"Polygon","coordinates":[[[136.9502,35.9633],[137.0576,35.9633],[137.0576,36.0534],[136.9502,36.0534],[136.9502,35.9633]]]}},{"type":"Feature","properties":{"cell_id":1744},"geometry":{"type":"Polygon","coordinates":[[[137.0576,35.9633],[137.1651,35.9633],[137.1651,36.0534],[137.0576,36.0534],[137.0576,35.9633]]]}},{"type":"Feature","properties":{"cell_id":1745},"geometry":{"type":"Polygon","coordinates":[[[137.1651,35.9633],[137.2725,35.9633],[137.2725,36.0534],[137.1651,36.0534],[137.1651,35.9633]]]}},{"type":"Feature","properties":{"cell_id":1746},"geometry":{"type":"Polygon","coordinates":[[[137.2725,35.9633],[137.3799,35.9633],[137.3799,36.0534],[137.2725,36.0534],[137.2725,35.9633]]]}},{"type":"Feature","properties":{"cell_id":1747},"geometry":{"type":"Polygon","coordinates":[[[137.3799,35.9633],[137.4873,35.9633],[137.4873,36.0534],[137.3799,36.0534],[137.3799,35.9633]]]}},{"type":"Feature","properties":{"cell_id":1748},"geometry":{"type":"Polygon","coordinates":[[[137.4873,35.9633],[137.5947,35.9633],[137.5947,36.0534],[137.4873,36.0534],[137.4873,35.9633]]]}},{"type":"Feature","properties":{"cell_id":1749},"geometry":{"type":"Polygon","coordinates":[[[137.5947,35.9633],[137.7021,35.9633],[137.7021,36.0534],[137.5947,36.0534],[137.5947,35.9633]]]}},{"type":"Feature","properties":{"cell_id":1750},"geometry":{"type":"Polygon","coordinates":[[[137.7021,35.9633],[137.8095,35.9633],[137.8095,36.0534],[137.7021,36.0534],[137.7021,35.9633]]]}},{"type":"Feature","properties":{"cell_id":1751},"geometry":{"type":"Polygon","coordinates":[[[137.8095,35.9633],[137.9169,35.9633],[137.9169,36.0534],[137.8095,36.0534],[137.8095,35.9633]]]}},{"type":"Feature","properties":{"cell_id":1752},"geometry":{"type":"Polygon","coordinates":[[[137.9169,35.9633],[138.0243,35.9633],[138.0243,36.0534],[137.9169,36.0534],[137.9169,35.9633]]]}},{"type":"Feature","properties":{"cell_id":1753},"geometry":{"type":"Polygon","coordinates":[[[138.0243,35.9633],[138.1317,35.9633],[138.1317,36.0534],[138.0243,36.0534],[138.0243,35.9633]]]}},{"type":"Feature","properties":{"cell_id":1754},"geometry":{"type":"Polygon","coordinates":[[[138.1317,35.9633],[138.2391,35.9633],[138.2391,36.0534],[138.1317,36.0534],[138.1317,35.9633]]]}},{"type":"Feature","properties":{"cell_id":1755},"geometry":{"type":"Polygon","coordinates":[[[138.2391,35.9633],[138.3465,35.9633],[138.3465,36.0534],[138.2391,36.0534],[138.2391,35.9633]]]}},{"type":"Feature","properties":{"cell_id":1756},"geometry":{"type":"Polygon","coordinates":[[[138.3465,35.9633],[138.4539,35.9633],[138.4539,36.0534],[138.3465,36.0534],[138.3465,35.9633]]]}},{"type":"Feature","properties":{"cell_id":1757},"geometry":{"type":"Polygon","coordinates":[[[138.4539,35.9633],[138.5614,35.9633],[138.5614,36.0534],[138.4539,36.0534],[138.4539,35.9633]]]}},{"type":"Feature","properties":{"cell_id":1758},"geometry":{"type":"Polygon","coordinates":[[[138.5614,35.9633],[138.6688,35.9633],[138.6688,36.0534],[138.5614,36.0534],[138.5614,35.9633]]]}},{"type":"Feature","properties":{"cell_id":1759},"geometry":{"type":"Polygon","coordinates":[[[138.6688,35.9633],[138.7762,35.9633],[138.7762,36.0534],[138.6688,36.0534],[138.6688,35.9633]]]}},{"type":"Feature","properties":{"cell_id":1760},"geometry":{"type":"Polygon","coordinates":[[[138.7762,35.9633],[138.8836,35.9633],[138.8836,36.0534],[138.7762,36.0534],[138.7762,35.9633]]]}},{"type":"Feature","properties":{"cell_id":1761},"geometry":{"type":"Polygon","coordinates":[[[138.8836,35.9633],[138.991,35.9633],[138.991,36.0534],[138.8836,36.0534],[138.8836,35.9633]]]}},{"type":"Feature","properties":{"cell_id":1762},"geometry":{"type":"Polygon","coordinates":[[[138.991,35.9633],[139.0984,35.9633],[139.0984,36.0534],[138.991,36.0534],[138.991,35.9633]]]}},{"type":"Feature","properties":{"cell_id":1763},"geometry":{"type":"Polygon","coordinates":[[[139.0984,35.9633],[139.2058,35.9633],[139.2058,36.0534],[139.0984,36.0534],[139.0984,35.9633]]]}},{"type":"Feature","properties":{"cell_id":1764},"geometry":{"type":"Polygon","coordinates":[[[139.2058,35.9633],[139.3132,35.9633],[139.3132,36.0534],[139.2058,36.0534],[139.2058,35.9633]]]}},{"type":"Feature","properties":{"cell_id":1765},"geometry":{"type":"Polygon","coordinates":[[[139.3132,35.9633],[139.4206,35.9633],[139.4206,36.0534],[139.3132,36.0534],[139.3132,35.9633]]]}},{"type":"Feature","properties":{"cell_id":1766},"geometry":{"type":"Polygon","coordinates":[[[139.4206,35.9633],[139.528,35.9633],[139.528,36.0534],[139.4206,36.0534],[139.4206,35.9633]]]}},{"type":"Feature","properties":{"cell_id":1767},"geometry":{"type":"Polygon","coordinates":[[[139.528,35.9633],[139.6354,35.9633],[139.6354,36.0534],[139.528,36.0534],[139.528,35.9633]]]}},{"type":"Feature","properties":{"cell_id":1768},"geometry":{"type":"Polygon","coordinates":[[[139.6354,35.9633],[139.7428,35.9633],[139.7428,36.0534],[139.6354,36.0534],[139.6354,35.9633]]]}},{"type":"Feature","properties":{"cell_id":1769},"geometry":{"type":"Polygon","coordinates":[[[139.7428,35.9633],[139.8503,35.9633],[139.8503,36.0534],[139.7428,36.0534],[139.7428,35.9633]]]}},{"type":"Feature","properties":{"cell_id":1770},"geometry":{"type":"Polygon","coordinates":[[[139.8503,35.9633],[139.9577,35.9633],[139.9577,36.0534],[139.8503,36.0534],[139.8503,35.9633]]]}},{"type":"Feature","properties":{"cell_id":1771},"geometry":{"type":"Polygon","coordinates":[[[139.9577,35.9633],[140.0651,35.9633],[140.0651,36.0534],[139.9577,36.0534],[139.9577,35.9633]]]}},{"type":"Feature","properties":{"cell_id":1772},"geometry":{"type":"Polygon","coordinates":[[[140.0651,35.9633],[140.1725,35.9633],[140.1725,36.0534],[140.0651,36.0534],[140.0651,35.9633]]]}},{"type":"Feature","properties":{"cell_id":1773},"geometry":{"type":"Polygon","coordinates":[[[140.1725,35.9633],[140.2799,35.9633],[140.2799,36.0534],[140.1725,36.0534],[140.1725,35.9633]]]}},{"type":"Feature","properties":{"cell_id":1774},"geometry":{"type":"Polygon","coordinates":[[[140.2799,35.9633],[140.3873,35.9633],[140.3873,36.0534],[140.2799,36.0534],[140.2799,35.9633]]]}},{"type":"Feature","properties":{"cell_id":1775},"geometry":{"type":"Polygon","coordinates":[[[140.3873,35.9633],[140.4947,35.9633],[140.4947,36.0534],[140.3873,36.0534],[140.3873,35.9633]]]}},{"type":"Feature","properties":{"cell_id":1776},"geometry":{"type":"Polygon","coordinates":[[[140.4947,35.9633],[140.6021,35.9633],[140.6021,36.0534],[140.4947,36.0534],[140.4947,35.9633]]]}},{"type":"Feature","properties":{"cell_id":1777},"geometry":{"type":"Polygon","coordinates":[[[132.9761,36.0534],[133.0835,36.0534],[133.0835,36.1435],[132.9761,36.1435],[132.9761,36.0534]]]}},{"type":"Feature","properties":{"cell_id":1778},"geometry":{"type":"Polygon","coordinates":[[[135.9836,36.0534],[136.091,36.0534],[136.091,36.1435],[135.9836,36.1435],[135.9836,36.0534]]]}},{"type":"Feature","properties":{"cell_id":1779},"geometry":{"type":"Polygon","coordinates":[[[136.091,36.0534],[136.1984,36.0534],[136.1984,36.1435],[136.091,36.1435],[136.091,36.0534]]]}},{"type":"Feature","properties":{"cell_id":1780},"geometry":{"type":"Polygon","coordinates":[[[136.1984,36.0534],[136.3058,36.0534],[136.3058,36.1435],[136.1984,36.1435],[136.1984,36.0534]]]}},{"type":"Feature","properties":{"cell_id":1781},"geometry":{"type":"Polygon","coordinates":[[[136.3058,36.0534],[136.4132,36.0534],[136.4132,36.1435],[136.3058,36.1435],[136.3058,36.0534]]]}},{"type":"Feature","properties":{"cell_id":1782},"geometry":{"type":"Polygon","coordinates":[[[136.4132,36.0534],[136.5206,36.0534],[136.5206,36.1435],[136.4132,36.1435],[136.4132,36.0534]]]}},{"type":"Feature","properties":{"cell_id":1783},"geometry":{"type":"Polygon","coordinates":[[[136.5206,36.0534],[136.628,36.0534],[136.628,36.1435],[136.5206,36.1435],[136.5206,36.0534]]]}},{"type":"Feature","properties":{"cell_id":1784},"geometry":{"type":"Polygon","coordinates":[[[136.628,36.0534],[136.7354,36.0534],[136.7354,36.1435],[136.628,36.1435],[136.628,36.0534]]]}},{"type":"Feature","properties":{"cell_id":1785},"geometry":{"type":"Polygon","coordinates":[[[136.7354,36.0534],[136.8428,36.0534],[136.8428,36.1435],[136.7354,36.1435],[136.7354,36.0534]]]}},{"type":"Feature","properties":{"cell_id":1786},"geometry":{"type":"Polygon","coordinates":[[[136.8428,36.0534],[136.9502,36.0534],[136.9502,36.1435],[136.8428,36.1435],[136.8428,36.0534]]]}},{"type":"Feature","properties":{"cell_id":1787},"geometry":{"type":"Polygon","coordinates":[[[136.9502,36.0534],[137.0576,36.0534],[137.0576,36.1435],[136.9502,36.1435],[136.9502,36.0534]]]}},{"type":"Feature","properties":{"cell_id":1788},"geometry":{"type":"Polygon","coordinates":[[[137.0576,36.0534],[137.1651,36.0534],[137.1651,36.1435],[137.0576,36.1435],[137.0576,36.0534]]]}},{"type":"Feature","properties":{"cell_id":1789},"geometry":{"type":"Polygon","coordinates":[[[137.1651,36.0534],[137.2725,36.0534],[137.2725,36.1435],[137.1651,36.1435],[137.1651,36.0534]]]}},{"type":"Feature","properties":{"cell_id":1790},"geometry":{"type":"Polygon","coordinates":[[[137.2725,36.0534],[137.3799,36.0534],[137.3799,36.1435],[137.2725,36.1435],[137.2725,36.0534]]]}},{"type":"Feature","properties":{"cell_id":1791},"geometry":{"type":"Polygon","coordinates":[[[137.3799,36.0534],[137.4873,36.0534],[137.4873,36.1435],[137.3799,36.1435],[137.3799,36.0534]]]}},{"type":"Feature","properties":{"cell_id":1792},"geometry":{"type":"Polygon","coordinates":[[[137.4873,36.0534],[137.5947,36.0534],[137.5947,36.1435],[137.4873,36.1435],[137.4873,36.0534]]]}},{"type":"Feature","properties":{"cell_id":1793},"geometry":{"type":"Polygon","coordinates":[[[137.5947,36.0534],[137.7021,36.0534],[137.7021,36.1435],[137.5947,36.1435],[137.5947,36.0534]]]}},{"type":"Feature","properties":{"cell_id":1794},"geometry":{"type":"Polygon","coordinates":[[[137.7021,36.0534],[137.8095,36.0534],[137.8095,36.1435],[137.7021,36.1435],[137.7021,36.0534]]]}},{"type":"Feature","properties":{"cell_id":1795},"geometry":{"type":"Polygon","coordinates":[[[137.8095,36.0534],[137.9169,36.0534],[137.9169,36.1435],[137.8095,36.1435],[137.8095,36.0534]]]}},{"type":"Feature","properties":{"cell_id":1796},"geometry":{"type":"Polygon","coordinates":[[[137.9169,36.0534],[138.0243,36.0534],[138.0243,36.1435],[137.9169,36.1435],[137.9169,36.0534]]]}},{"type":"Feature","properties":{"cell_id":1797},"geometry":{"type":"Polygon","coordinates":[[[138.0243,36.0534],[138.1317,36.0534],[138.1317,36.1435],[138.0243,36.1435],[138.0243,36.0534]]]}},{"type":"Feature","properties":{"cell_id":1798},"geometry":{"type":"Polygon","coordinates":[[[138.1317,36.0534],[138.2391,36.0534],[138.2391,36.1435],[138.1317,36.1435],[138.1317,36.0534]]]}},{"type":"Feature","properties":{"cell_id":1799},"geometry":{"type":"Polygon","coordinates":[[[138.2391,36.0534],[138.3465,36.0534],[138.3465,36.1435],[138.2391,36.1435],[138.2391,36.0534]]]}},{"type":"Feature","properties":{"cell_id":1800},"geometry":{"type":"Polygon","coordinates":[[[138.3465,36.0534],[138.4539,36.0534],[138.4539,36.1435],[138.3465,36.1435],[138.3465,36.0534]]]}},{"type":"Feature","properties":{"cell_id":1801},"geometry":{"type":"Polygon","coordinates":[[[138.4539,36.0534],[138.5614,36.0534],[138.5614,36.1435],[138.4539,36.1435],[138.4539,36.0534]]]}},{"type":"Feature","properties":{"cell_id":1802},"geometry":{"type":"Polygon","coordinates":[[[138.5614,36.0534],[138.6688,36.0534],[138.6688,36.1435],[138.5614,36.1435],[138.5614,36.0534]]]}},{"type":"Feature","properties":{"cell_id":1803},"geometry":{"type":"Polygon","coordinates":[[[138.6688,36.0534],[138.7762,36.0534],[138.7762,36.1435],[138.6688,36.1435],[138.6688,36.0534]]]}},{"type":"Feature","properties":{"cell_id":1804},"geometry":{"type":"Polygon","coordinates":[[[138.7762,36.0534],[138.8836,36.0534],[138.8836,36.1435],[138.7762,36.1435],[138.7762,36.0534]]]}},{"type":"Feature","properties":{"cell_id":1805},"geometry":{"type":"Polygon","coordinates":[[[138.8836,36.0534],[138.991,36.0534],[138.991,36.1435],[138.8836,36.1435],[138.8836,36.0534]]]}},{"type":"Feature","properties":{"cell_id":1806},"geometry":{"type":"Polygon","coordinates":[[[138.991,36.0534],[139.0984,36.0534],[139.0984,36.1435],[138.991,36.1435],[138.991,36.0534]]]}},{"type":"Feature","properties":{"cell_id":1807},"geometry":{"type":"Polygon","coordinates":[[[139.0984,36.0534],[139.2058,36.0534],[139.2058,36.1435],[139.0984,36.1435],[139.0984,36.0534]]]}},{"type":"Feature","properties":{"cell_id":1808},"geometry":{"type":"Polygon","coordinates":[[[139.2058,36.0534],[139.3132,36.0534],[139.3132,36.1435],[139.2058,36.1435],[139.2058,36.0534]]]}},{"type":"Feature","properties":{"cell_id":1809},"geometry":{"type":"Polygon","coordinates":[[[139.3132,36.0534],[139.4206,36.0534],[139.4206,36.1435],[139.3132,36.1435],[139.3132,36.0534]]]}},{"type":"Feature","properties":{"cell_id":1810},"geometry":{"type":"Polygon","coordinates":[[[139.4206,36.0534],[139.528,36.0534],[139.528,36.1435],[139.4206,36.1435],[139.4206,36.0534]]]}},{"type":"Feature","properties":{"cell_id":1811},"geometry":{"type":"Polygon","coordinates":[[[139.528,36.0534],[139.6354,36.0534],[139.6354,36.1435],[139.528,36.1435],[139.528,36.0534]]]}},{"type":"Feature","properties":{"cell_id":1812},"geometry":{"type":"Polygon","coordinates":[[[139.6354,36.0534],[139.7428,36.0534],[139.7428,36.1435],[139.6354,36.1435],[139.6354,36.0534]]]}},{"type":"Feature","properties":{"cell_id":1813},"geometry":{"type":"Polygon","coordinates":[[[139.7428,36.0534],[139.8503,36.0534],[139.8503,36.1435],[139.7428,36.1435],[139.7428,36.0534]]]}},{"type":"Feature","properties":{"cell_id":1814},"geometry":{"type":"Polygon","coordinates":[[[139.8503,36.0534],[139.9577,36.0534],[139.9577,36.1435],[139.8503,36.1435],[139.8503,36.0534]]]}},{"type":"Feature","properties":{"cell_id":1815},"geometry":{"type":"Polygon","coordinates":[[[139.9577,36.0534],[140.0651,36.0534],[140.0651,36.1435],[139.9577,36.1435],[139.9577,36.0534]]]}},{"type":"Feature","properties":{"cell_id":1816},"geometry":{"type":"Polygon","coordinates":[[[140.0651,36.0534],[140.1725,36.0534],[140.1725,36.1435],[140.0651,36.1435],[140.0651,36.0534]]]}},{"type":"Feature","properties":{"cell_id":1817},"geometry":{"type":"Polygon","coordinates":[[[140.1725,36.0534],[140.2799,36.0534],[140.2799,36.1435],[140.1725,36.1435],[140.1725,36.0534]]]}},{"type":"Feature","properties":{"cell_id":1818},"geometry":{"type":"Polygon","coordinates":[[[140.2799,36.0534],[140.3873,36.0534],[140.3873,36.1435],[140.2799,36.1435],[140.2799,36.0534]]]}},{"type":"Feature","properties":{"cell_id":1819},"geometry":{"type":"Polygon","coordinates":[[[140.3873,36.0534],[140.4947,36.0534],[140.4947,36.1435],[140.3873,36.1435],[140.3873,36.0534]]]}},{"type":"Feature","properties":{"cell_id":1820},"geometry":{"type":"Polygon","coordinates":[[[140.4947,36.0534],[140.6021,36.0534],[140.6021,36.1435],[140.4947,36.1435],[140.4947,36.0534]]]}},{"type":"Feature","properties":{"cell_id":1821},"geometry":{"type":"Polygon","coordinates":[[[136.091,36.1435],[136.1984,36.1435],[136.1984,36.2336],[136.091,36.2336],[136.091,36.1435]]]}},{"type":"Feature","properties":{"cell_id":1822},"geometry":{"type":"Polygon","coordinates":[[[136.1984,36.1435],[136.3058,36.1435],[136.3058,36.2336],[136.1984,36.2336],[136.1984,36.1435]]]}},{"type":"Feature","properties":{"cell_id":1823},"geometry":{"type":"Polygon","coordinates":[[[136.3058,36.1435],[136.4132,36.1435],[136.4132,36.2336],[136.3058,36.2336],[136.3058,36.1435]]]}},{"type":"Feature","properties":{"cell_id":1824},"geometry":{"type":"Polygon","coordinates":[[[136.4132,36.1435],[136.5206,36.1435],[136.5206,36.2336],[136.4132,36.2336],[136.4132,36.1435]]]}},{"type":"Feature","properties":{"cell_id":1825},"geometry":{"type":"Polygon","coordinates":[[[136.5206,36.1435],[136.628,36.1435],[136.628,36.2336],[136.5206,36.2336],[136.5206,36.1435]]]}},{"type":"Feature","properties":{"cell_id":1826},"geometry":{"type":"Polygon","coordinates":[[[136.628,36.1435],[136.7354,36.1435],[136.7354,36.2336],[136.628,36.2336],[136.628,36.1435]]]}},{"type":"Feature","properties":{"cell_id":1827},"geometry":{"type":"Polygon","coordinates":[[[136.7354,36.1435],[136.8428,36.1435],[136.8428,36.2336],[136.7354,36.2336],[136.7354,36.1435]]]}},{"type":"Feature","properties":{"cell_id":1828},"geometry":{"type":"Polygon","coordinates":[[[136.8428,36.1435],[136.9502,36.1435],[136.9502,36.2336],[136.8428,36.2336],[136.8428,36.1435]]]}},{"type":"Feature","properties":{"cell_id":1829},"geometry":{"type":"Polygon","coordinates":[[[136.9502,36.1435],[137.0576,36.1435],[137.0576,36.2336],[136.9502,36.2336],[136.9502,36.1435]]]}},{"type":"Feature","properties":{"cell_id":1830},"geometry":{"type":"Polygon","coordinates":[[[137.0576,36.1435],[137.1651,36.1435],[137.1651,36.2336],[137.0576,36.2336],[137.0576,36.1435]]]}},{"type":"Feature","properties":{"cell_id":1831},"geometry":{"type":"Polygon","coordinates":[[[137.1651,36.1435],[137.2725,36.1435],[137.2725,36.2336],[137.1651,36.2336],[137.1651,36.1435]]]}},{"type":"Feature","properties":{"cell_id":1832},"geometry":{"type":"Polygon","coordinates":[[[137.2725,36.1435],[137.3799,36.1435],[137.3799,36.2336],[137.2725,36.2336],[137.2725,36.1435]]]}},{"type":"Feature","properties":{"cell_id":1833},"geometry":{"type":"Polygon","coordinates":[[[137.3799,36.1435],[137.4873,36.1435],[137.4873,36.2336],[137.3799,36.2336],[137.3799,36.1435]]]}},{"type":"Feature","properties":{"cell_id":1834},"geometry":{"type":"Polygon","coordinates":[[[137.4873,36.1435],[137.5947,36.1435],[137.5947,36.2336],[137.4873,36.2336],[137.4873,36.1435]]]}},{"type":"Feature","properties":{"cell_id":1835},"geometry":{"type":"Polygon","coordinates":[[[137.5947,36.1435],[137.7021,36.1435],[137.7021,36.2336],[137.5947,36.2336],[137.5947,36.1435]]]}},{"type":"Feature","properties":{"cell_id":1836},"geometry":{"type":"Polygon","coordinates":[[[137.7021,36.1435],[137.8095,36.1435],[137.8095,36.2336],[137.7021,36.2336],[137.7021,36.1435]]]}},{"type":"Feature","properties":{"cell_id":1837},"geometry":{"type":"Polygon","coordinates":[[[137.8095,36.1435],[137.9169,36.1435],[137.9169,36.2336],[137.8095,36.2336],[137.8095,36.1435]]]}},{"type":"Feature","properties":{"cell_id":1838},"geometry":{"type":"Polygon","coordinates":[[[137.9169,36.1435],[138.0243,36.1435],[138.0243,36.2336],[137.9169,36.2336],[137.9169,36.1435]]]}},{"type":"Feature","properties":{"cell_id":1839},"geometry":{"type":"Polygon","coordinates":[[[138.0243,36.1435],[138.1317,36.1435],[138.1317,36.2336],[138.0243,36.2336],[138.0243,36.1435]]]}},{"type":"Feature","properties":{"cell_id":1840},"geometry":{"type":"Polygon","coordinates":[[[138.1317,36.1435],[138.2391,36.1435],[138.2391,36.2336],[138.1317,36.2336],[138.1317,36.1435]]]}},{"type":"Feature","properties":{"cell_id":1841},"geometry":{"type":"Polygon","coordinates":[[[138.2391,36.1435],[138.3465,36.1435],[138.3465,36.2336],[138.2391,36.2336],[138.2391,36.1435]]]}},{"type":"Feature","properties":{"cell_id":1842},"geometry":{"type":"Polygon","coordinates":[[[138.3465,36.1435],[138.4539,36.1435],[138.4539,36.2336],[138.3465,36.2336],[138.3465,36.1435]]]}},{"type":"Feature","properties":{"cell_id":1843},"geometry":{"type":"Polygon","coordinates":[[[138.4539,36.1435],[138.5614,36.1435],[138.5614,36.2336],[138.4539,36.2336],[138.4539,36.1435]]]}},{"type":"Feature","properties":{"cell_id":1844},"geometry":{"type":"Polygon","coordinates":[[[138.5614,36.1435],[138.6688,36.1435],[138.6688,36.2336],[138.5614,36.2336],[138.5614,36.1435]]]}},{"type":"Feature","properties":{"cell_id":1845},"geometry":{"type":"Polygon","coordinates":[[[138.6688,36.1435],[138.7762,36.1435],[138.7762,36.2336],[138.6688,36.2336],[138.6688,36.1435]]]}},{"type":"Feature","properties":{"cell_id":1846},"geometry":{"type":"Polygon","coordinates":[[[138.7762,36.1435],[138.8836,36.1435],[138.8836,36.2336],[138.7762,36.2336],[138.7762,36.1435]]]}},{"type":"Feature","properties":{"cell_id":1847},"geometry":{"type":"Polygon","coordinates":[[[138.8836,36.1435],[138.991,36.1435],[138.991,36.2336],[138.8836,36.2336],[138.8836,36.1435]]]}},{"type":"Feature","properties":{"cell_id":1848},"geometry":{"type":"Polygon","coordinates":[[[138.991,36.1435],[139.0984,36.1435],[139.0984,36.2336],[138.991,36.2336],[138.991,36.1435]]]}},{"type":"Feature","properties":{"cell_id":1849},"geometry":{"type":"Polygon","coordinates":[[[139.0984,36.1435],[139.2058,36.1435],[139.2058,36.2336],[139.0984,36.2336],[139.0984,36.1435]]]}},{"type":"Feature","properties":{"cell_id":1850},"geometry":{"type":"Polygon","coordinates":[[[139.2058,36.1435],[139.3132,36.1435],[139.3132,36.2336],[139.2058,36.2336],[139.2058,36.1435]]]}},{"type":"Feature","properties":{"cell_id":1851},"geometry":{"type":"Polygon","coordinates":[[[139.3132,36.1435],[139.4206,36.1435],[139.4206,36.2336],[139.3132,36.2336],[139.3132,36.1435]]]}},{"type":"Feature","properties":{"cell_id":1852},"geometry":{"type":"Polygon","coordinates":[[[139.4206,36.1435],[139.528,36.1435],[139.528,36.2336],[139.4206,36.2336],[139.4206,36.1435]]]}},{"type":"Feature","properties":{"cell_id":1853},"geometry":{"type":"Polygon","coordinates":[[[139.528,36.1435],[139.6354,36.1435],[139.6354,36.2336],[139.528,36.2336],[139.528,36.1435]]]}},{"type":"Feature","properties":{"cell_id":1854},"geometry":{"type":"Polygon","coordinates":[[[139.6354,36.1435],[139.7428,36.1435],[139.7428,36.2336],[139.6354,36.2336],[139.6354,36.1435]]]}},{"type":"Feature","properties":{"cell_id":1855},"geometry":{"type":"Polygon","coordinates":[[[139.7428,36.1435],[139.8503,36.1435],[139.8503,36.2336],[139.7428,36.2336],[139.7428,36.1435]]]}},{"type":"Feature","properties":{"cell_id":1856},"geometry":{"type":"Polygon","coordinates":[[[139.8503,36.1435],[139.9577,36.1435],[139.9577,36.2336],[139.8503,36.2336],[139.8503,36.1435]]]}},{"type":"Feature","properties":{"cell_id":1857},"geometry":{"type":"Polygon","coordinates":[[[139.9577,36.1435],[140.0651,36.1435],[140.0651,36.2336],[139.9577,36.2336],[139.9577,36.1435]]]}},{"type":"Feature","properties":{"cell_id":1858},"geometry":{"type":"Polygon","coordinates":[[[140.0651,36.1435],[140.1725,36.1435],[140.1725,36.2336],[140.0651,36.2336],[140.0651,36.1435]]]}},{"type":"Feature","properties":{"cell_id":1859},"geometry":{"type":"Polygon","coordinates":[[[140.1725,36.1435],[140.2799,36.1435],[140.2799,36.2336],[140.1725,36.2336],[140.1725,36.1435]]]}},{"type":"Feature","properties":{"cell_id":1860},"geometry":{"type":"Polygon","coordinates":[[[140.2799,36.1435],[140.3873,36.1435],[140.3873,36.2336],[140.2799,36.2336],[140.2799,36.1435]]]}},{"type":"Feature","properties":{"cell_id":1861},"geometry":{"type":"Polygon","coordinates":[[[140.3873,36.1435],[140.4947,36.1435],[140.4947,36.2336],[140.3873,36.2336],[140.3873,36.1435]]]}},{"type":"Feature","properties":{"cell_id":1862},"geometry":{"type":"Polygon","coordinates":[[[140.4947,36.1435],[140.6021,36.1435],[140.6021,36.2336],[140.4947,36.2336],[140.4947,36.1435]]]}},{"type":"Feature","properties":{"cell_id":1863},"geometry":{"type":"Polygon","coordinates":[[[133.191,36.2336],[133.2984,36.2336],[133.2984,36.3236],[133.191,36.3236],[133.191,36.2336]]]}},{"type":"Feature","properties":{"cell_id":1864},"geometry":{"type":"Polygon","coordinates":[[[133.2984,36.2336],[133.4058,36.2336],[133.4058,36.3236],[133.2984,36.3236],[133.2984,36.2336]]]}},{"type":"Feature","properties":{"cell_id":1865},"geometry":{"type":"Polygon","coordinates":[[[136.1984,36.2336],[136.3058,36.2336],[136.3058,36.3236],[136.1984,36.3236],[136.1984,36.2336]]]}},{"type":"Feature","properties":{"cell_id":1866},"geometry":{"type":"Polygon","coordinates":[[[136.3058,36.2336],[136.4132,36.2336],[136.4132,36.3236],[136.3058,36.3236],[136.3058,36.2336]]]}},{"type":"Feature","properties":{"cell_id":1867},"geometry":{"type":"Polygon","coordinates":[[[136.4132,36.2336],[136.5206,36.2336],[136.5206,36.3236],[136.4132,36.3236],[136.4132,36.2336]]]}},{"type":"Feature","properties":{"cell_id":1868},"geometry":{"type":"Polygon","coordinates":[[[136.5206,36.2336],[136.628,36.2336],[136.628,36.3236],[136.5206,36.3236],[136.5206,36.2336]]]}},{"type":"Feature","properties":{"cell_id":1869},"geometry":{"type":"Polygon","coordinates":[[[136.628,36.2336],[136.7354,36.2336],[136.7354,36.3236],[136.628,36.3236],[136.628,36.2336]]]}},{"type":"Feature","properties":{"cell_id":1870},"geometry":{"type":"Polygon","coordinates":[[[136.7354,36.2336],[136.8428,36.2336],[136.8428,36.3236],[136.7354,36.3236],[136.7354,36.2336]]]}},{"type":"Feature","properties":{"cell_id":1871},"geometry":{"type":"Polygon","coordinates":[[[136.8428,36.2336],[136.9502,36.2336],[136.9502,36.3236],[136.8428,36.3236],[136.8428,36.2336]]]}},{"type":"Feature","properties":{"cell_id":1872},"geometry":{"type":"Polygon","coordinates":[[[136.9502,36.2336],[137.0576,36.2336],[137.0576,36.3236],[136.9502,36.3236],[136.9502,36.2336]]]}},{"type":"Feature","properties":{"cell_id":1873},"geometry":{"type":"Polygon","coordinates":[[[137.0576,36.2336],[137.1651,36.2336],[137.1651,36.3236],[137.0576,36.3236],[137.0576,36.2336]]]}},{"type":"Feature","properties":{"cell_id":1874},"geometry":{"type":"Polygon","coordinates":[[[137.1651,36.2336],[137.2725,36.2336],[137.2725,36.3236],[137.1651,36.3236],[137.1651,36.2336]]]}},{"type":"Feature","properties":{"cell_id":1875},"geometry":{"type":"Polygon","coordinates":[[[137.2725,36.2336],[137.3799,36.2336],[137.3799,36.3236],[137.2725,36.3236],[137.2725,36.2336]]]}},{"type":"Feature","properties":{"cell_id":1876},"geometry":{"type":"Polygon","coordinates":[[[137.3799,36.2336],[137.4873,36.2336],[137.4873,36.3236],[137.3799,36.3236],[137.3799,36.2336]]]}},{"type":"Feature","properties":{"cell_id":1877},"geometry":{"type":"Polygon","coordinates":[[[137.4873,36.2336],[137.5947,36.2336],[137.5947,36.3236],[137.4873,36.3236],[137.4873,36.2336]]]}},{"type":"Feature","properties":{"cell_id":1878},"geometry":{"type":"Polygon","coordinates":[[[137.5947,36.2336],[137.7021,36.2336],[137.7021,36.3236],[137.5947,36.3236],[137.5947,36.2336]]]}},{"type":"Feature","properties":{"cell_id":1879},"geometry":{"type":"Polygon","coordinates":[[[137.7021,36.2336],[137.8095,36.2336],[137.8095,36.3236],[137.7021,36.3236],[137.7021,36.2336]]]}},{"type":"Feature","properties":{"cell_id":1880},"geometry":{"type":"Polygon","coordinates":[[[137.8095,36.2336],[137.9169,36.2336],[137.9169,36.3236],[137.8095,36.3236],[137.8095,36.2336]]]}},{"type":"Feature","properties":{"cell_id":1881},"geometry":{"type":"Polygon","coordinates":[[[137.9169,36.2336],[138.0243,36.2336],[138.0243,36.3236],[137.9169,36.3236],[137.9169,36.2336]]]}},{"type":"Feature","properties":{"cell_id":1882},"geometry":{"type":"Polygon","coordinates":[[[138.0243,36.2336],[138.1317,36.2336],[138.1317,36.3236],[138.0243,36.3236],[138.0243,36.2336]]]}},{"type":"Feature","properties":{"cell_id":1883},"geometry":{"type":"Polygon","coordinates":[[[138.1317,36.2336],[138.2391,36.2336],[138.2391,36.3236],[138.1317,36.3236],[138.1317,36.2336]]]}},{"type":"Feature","properties":{"cell_id":1884},"geometry":{"type":"Polygon","coordinates":[[[138.2391,36.2336],[138.3465,36.2336],[138.3465,36.3236],[138.2391,36.3236],[138.2391,36.2336]]]}},{"type":"Feature","properties":{"cell_id":1885},"geometry":{"type":"Polygon","coordinates":[[[138.3465,36.2336],[138.4539,36.2336],[138.4539,36.3236],[138.3465,36.3236],[138.3465,36.2336]]]}},{"type":"Feature","properties":{"cell_id":1886},"geometry":{"type":"Polygon","coordinates":[[[138.4539,36.2336],[138.5614,36.2336],[138.5614,36.3236],[138.4539,36.3236],[138.4539,36.2336]]]}},{"type":"Feature","properties":{"cell_id":1887},"geometry":{"type":"Polygon","coordinates":[[[138.5614,36.2336],[138.6688,36.2336],[138.6688,36.3236],[138.5614,36.3236],[138.5614,36.2336]]]}},{"type":"Feature","properties":{"cell_id":1888},"geometry":{"type":"Polygon","coordinates":[[[138.6688,36.2336],[138.7762,36.2336],[138.7762,36.3236],[138.6688,36.3236],[138.6688,36.2336]]]}},{"type":"Feature","properties":{"cell_id":1889},"geometry":{"type":"Polygon","coordinates":[[[138.7762,36.2336],[138.8836,36.2336],[138.8836,36.3236],[138.7762,36.3236],[138.7762,36.2336]]]}},{"type":"Feature","properties":{"cell_id":1890},"geometry":{"type":"Polygon","coordinates":[[[138.8836,36.2336],[138.991,36.2336],[138.991,36.3236],[138.8836,36.3236],[138.8836,36.2336]]]}},{"type":"Feature","properties":{"cell_id":1891},"geometry":{"type":"Polygon","coordinates":[[[138.991,36.2336],[139.0984,36.2336],[139.0984,36.3236],[138.991,36.3236],[138.991,36.2336]]]}},{"type":"Feature","properties":{"cell_id":1892},"geometry":{"type":"Polygon","coordinates":[[[139.0984,36.2336],[139.2058,36.2336],[139.2058,36.3236],[139.0984,36.3236],[139.0984,36.2336]]]}},{"type":"Feature","properties":{"cell_id":1893},"geometry":{"type":"Polygon","coordinates":[[[139.2058,36.2336],[139.3132,36.2336],[139.3132,36.3236],[139.2058,36.3236],[139.2058,36.2336]]]}},{"type":"Feature","properties":{"cell_id":1894},"geometry":{"type":"Polygon","coordinates":[[[139.3132,36.2336],[139.4206,36.2336],[139.4206,36.3236],[139.3132,36.3236],[139.3132,36.2336]]]}},{"type":"Feature","properties":{"cell_id":1895},"geometry":{"type":"Polygon","coordinates":[[[139.4206,36.2336],[139.528,36.2336],[139.528,36.3236],[139.4206,36.3236],[139.4206,36.2336]]]}},{"type":"Feature","properties":{"cell_id":1896},"geometry":{"type":"Polygon","coordinates":[[[139.528,36.2336],[139.6354,36.2336],[139.6354,36.3236],[139.528,36.3236],[139.528,36.2336]]]}},{"type":"Feature","properties":{"cell_id":1897},"geometry":{"type":"Polygon","coordinates":[[[139.6354,36.2336],[139.7428,36.2336],[139.7428,36.3236],[139.6354,36.3236],[139.6354,36.2336]]]}},{"type":"Feature","properties":{"cell_id":1898},"geometry":{"type":"Polygon","coordinates":[[[139.7428,36.2336],[139.8503,36.2336],[139.8503,36.3236],[139.7428,36.3236],[139.7428,36.2336]]]}},{"type":"Feature","properties":{"cell_id":1899},"geometry":{"type":"Polygon","coordinates":[[[139.8503,36.2336],[139.9577,36.2336],[139.9577,36.3236],[139.8503,36.3236],[139.8503,36.2336]]]}},{"type":"Feature","properties":{"cell_id":1900},"geometry":{"type":"Polygon","coordinates":[[[139.9577,36.2336],[140.0651,36.2336],[140.0651,36.3236],[139.9577,36.3236],[139.9577,36.2336]]]}},{"type":"Feature","properties":{"cell_id":1901},"geometry":{"type":"Polygon","coordinates":[[[140.0651,36.2336],[140.1725,36.2336],[140.1725,36.3236],[140.0651,36.3236],[140.0651,36.2336]]]}},{"type":"Feature","properties":{"cell_id":1902},"geometry":{"type":"Polygon","coordinates":[[[140.1725,36.2336],[140.2799,36.2336],[140.2799,36.3236],[140.1725,36.3236],[140.1725,36.2336]]]}},{"type":"Feature","properties":{"cell_id":1903},"geometry":{"type":"Polygon","coordinates":[[[140.2799,36.2336],[140.3873,36.2336],[140.3873,36.3236],[140.2799,36.3236],[140.2799,36.2336]]]}},{"type":"Feature","properties":{"cell_id":1904},"geometry":{"type":"Polygon","coordinates":[[[140.3873,36.2336],[140.4947,36.2336],[140.4947,36.3236],[140.3873,36.3236],[140.3873,36.2336]]]}},{"type":"Feature","properties":{"cell_id":1905},"geometry":{"type":"Polygon","coordinates":[[[140.4947,36.2336],[140.6021,36.2336],[140.6021,36.3236],[140.4947,36.3236],[140.4947,36.2336]]]}},{"type":"Feature","properties":{"cell_id":1906},"geometry":{"type":"Polygon","coordinates":[[[136.3058,36.3236],[136.4132,36.3236],[136.4132,36.4137],[136.3058,36.4137],[136.3058,36.3236]]]}},{"type":"Feature","properties":{"cell_id":1907},"geometry":{"type":"Polygon","coordinates":[[[136.4132,36.3236],[136.5206,36.3236],[136.5206,36.4137],[136.4132,36.4137],[136.4132,36.3236]]]}},{"type":"Feature","properties":{"cell_id":1908},"geometry":{"type":"Polygon","coordinates":[[[136.5206,36.3236],[136.628,36.3236],[136.628,36.4137],[136.5206,36.4137],[136.5206,36.3236]]]}},{"type":"Feature","properties":{"cell_id":1909},"geometry":{"type":"Polygon","coordinates":[[[136.628,36.3236],[136.7354,36.3236],[136.7354,36.4137],[136.628,36.4137],[136.628,36.3236]]]}},{"type":"Feature","properties":{"cell_id":1910},"geometry":{"type":"Polygon","coordinates":[[[136.7354,36.3236],[136.8428,36.3236],[136.8428,36.4137],[136.7354,36.4137],[136.7354,36.3236]]]}},{"type":"Feature","properties":{"cell_id":1911},"geometry":{"type":"Polygon","coordinates":[[[136.8428,36.3236],[136.9502,36.3236],[136.9502,36.4137],[136.8428,36.4137],[136.8428,36.3236]]]}},{"type":"Feature","properties":{"cell_id":1912},"geometry":{"type":"Polygon","coordinates":[[[136.9502,36.3236],[137.0576,36.3236],[137.0576,36.4137],[136.9502,36.4137],[136.9502,36.3236]]]}},{"type":"Feature","properties":{"cell_id":1913},"geometry":{"type":"Polygon","coordinates":[[[137.0576,36.3236],[137.1651,36.3236],[137.1651,36.4137],[137.0576,36.4137],[137.0576,36.3236]]]}},{"type":"Feature","properties":{"cell_id":1914},"geometry":{"type":"Polygon","coordinates":[[[137.1651,36.3236],[137.2725,36.3236],[137.2725,36.4137],[137.1651,36.4137],[137.1651,36.3236]]]}},{"type":"Feature","properties":{"cell_id":1915},"geometry":{"type":"Polygon","coordinates":[[[137.2725,36.3236],[137.3799,36.3236],[137.3799,36.4137],[137.2725,36.4137],[137.2725,36.3236]]]}},{"type":"Feature","properties":{"cell_id":1916},"geometry":{"type":"Polygon","coordinates":[[[137.3799,36.3236],[137.4873,36.3236],[137.4873,36.4137],[137.3799,36.4137],[137.3799,36.3236]]]}},{"type":"Feature","properties":{"cell_id":1917},"geometry":{"type":"Polygon","coordinates":[[[137.4873,36.3236],[137.5947,36.3236],[137.5947,36.4137],[137.4873,36.4137],[137.4873,36.3236]]]}},{"type":"Feature","properties":{"cell_id":1918},"geometry":{"type":"Polygon","coordinates":[[[137.5947,36.3236],[137.7021,36.3236],[137.7021,36.4137],[137.5947,36.4137],[137.5947,36.3236]]]}},{"type":"Feature","properties":{"cell_id":1919},"geometry":{"type":"Polygon","coordinates":[[[137.7021,36.3236],[137.8095,36.3236],[137.8095,36.4137],[137.7021,36.4137],[137.7021,36.3236]]]}},{"type":"Feature","properties":{"cell_id":1920},"geometry":{"type":"Polygon","coordinates":[[[137.8095,36.3236],[137.9169,36.3236],[137.9169,36.4137],[137.8095,36.4137],[137.8095,36.3236]]]}},{"type":"Feature","properties":{"cell_id":1921},"geometry":{"type":"Polygon","coordinates":[[[137.9169,36.3236],[138.0243,36.3236],[138.0243,36.4137],[137.9169,36.4137],[137.9169,36.3236]]]}},{"type":"Feature","properties":{"cell_id":1922},"geometry":{"type":"Polygon","coordinates":[[[138.0243,36.3236],[138.1317,36.3236],[138.1317,36.4137],[138.0243,36.4137],[138.0243,36.3236]]]}},{"type":"Feature","properties":{"cell_id":1923},"geometry":{"type":"Polygon","coordinates":[[[138.1317,36.3236],[138.2391,36.3236],[138.2391,36.4137],[138.1317,36.4137],[138.1317,36.3236]]]}},{"type":"Feature","properties":{"cell_id":1924},"geometry":{"type":"Polygon","coordinates":[[[138.2391,36.3236],[138.3465,36.3236],[138.3465,36.4137],[138.2391,36.4137],[138.2391,36.3236]]]}},{"type":"Feature","properties":{"cell_id":1925},"geometry":{"type":"Polygon","coordinates":[[[138.3465,36.3236],[138.4539,36.3236],[138.4539,36.4137],[138.3465,36.4137],[138.3465,36.3236]]]}},{"type":"Feature","properties":{"cell_id":1926},"geometry":{"type":"Polygon","coordinates":[[[138.4539,36.3236],[138.5614,36.3236],[138.5614,36.4137],[138.4539,36.4137],[138.4539,36.3236]]]}},{"type":"Feature","properties":{"cell_id":1927},"geometry":{"type":"Polygon","coordinates":[[[138.5614,36.3236],[138.6688,36.3236],[138.6688,36.4137],[138.5614,36.4137],[138.5614,36.3236]]]}},{"type":"Feature","properties":{"cell_id":1928},"geometry":{"type":"Polygon","coordinates":[[[138.6688,36.3236],[138.7762,36.3236],[138.7762,36.4137],[138.6688,36.4137],[138.6688,36.3236]]]}},{"type":"Feature","properties":{"cell_id":1929},"geometry":{"type":"Polygon","coordinates":[[[138.7762,36.3236],[138.8836,36.3236],[138.8836,36.4137],[138.7762,36.4137],[138.7762,36.3236]]]}},{"type":"Feature","properties":{"cell_id":1930},"geometry":{"type":"Polygon","coordinates":[[[138.8836,36.3236],[138.991,36.3236],[138.991,36.4137],[138.8836,36.4137],[138.8836,36.3236]]]}},{"type":"Feature","properties":{"cell_id":1931},"geometry":{"type":"Polygon","coordinates":[[[138.991,36.3236],[139.0984,36.3236],[139.0984,36.4137],[138.991,36.4137],[138.991,36.3236]]]}},{"type":"Feature","properties":{"cell_id":1932},"geometry":{"type":"Polygon","coordinates":[[[139.0984,36.3236],[139.2058,36.3236],[139.2058,36.4137],[139.0984,36.4137],[139.0984,36.3236]]]}},{"type":"Feature","properties":{"cell_id":1933},"geometry":{"type":"Polygon","coordinates":[[[139.2058,36.3236],[139.3132,36.3236],[139.3132,36.4137],[139.2058,36.4137],[139.2058,36.3236]]]}},{"type":"Feature","properties":{"cell_id":1934},"geometry":{"type":"Polygon","coordinates":[[[139.3132,36.3236],[139.4206,36.3236],[139.4206,36.4137],[139.3132,36.4137],[139.3132,36.3236]]]}},{"type":"Feature","properties":{"cell_id":1935},"geometry":{"type":"Polygon","coordinates":[[[139.4206,36.3236],[139.528,36.3236],[139.528,36.4137],[139.4206,36.4137],[139.4206,36.3236]]]}},{"type":"Feature","properties":{"cell_id":1936},"geometry":{"type":"Polygon","coordinates":[[[139.528,36.3236],[139.6354,36.3236],[139.6354,36.4137],[139.528,36.4137],[139.528,36.3236]]]}},{"type":"Feature","properties":{"cell_id":1937},"geometry":{"type":"Polygon","coordinates":[[[139.6354,36.3236],[139.7428,36.3236],[139.7428,36.4137],[139.6354,36.4137],[139.6354,36.3236]]]}},{"type":"Feature","properties":{"cell_id":1938},"geometry":{"type":"Polygon","coordinates":[[[139.7428,36.3236],[139.8503,36.3236],[139.8503,36.4137],[139.7428,36.4137],[139.7428,36.3236]]]}},{"type":"Feature","properties":{"cell_id":1939},"geometry":{"type":"Polygon","coordinates":[[[139.8503,36.3236],[139.9577,36.3236],[139.9577,36.4137],[139.8503,36.4137],[139.8503,36.3236]]]}},{"type":"Feature","properties":{"cell_id":1940},"geometry":{"type":"Polygon","coordinates":[[[139.9577,36.3236],[140.0651,36.3236],[140.0651,36.4137],[139.9577,36.4137],[139.9577,36.3236]]]}},{"type":"Feature","properties":{"cell_id":1941},"geometry":{"type":"Polygon","coordinates":[[[140.0651,36.3236],[140.1725,36.3236],[140.1725,36.4137],[140.0651,36.4137],[140.0651,36.3236]]]}},{"type":"Feature","properties":{"cell_id":1942},"geometry":{"type":"Polygon","coordinates":[[[140.1725,36.3236],[140.2799,36.3236],[140.2799,36.4137],[140.1725,36.4137],[140.1725,36.3236]]]}},{"type":"Feature","properties":{"cell_id":1943},"geometry":{"type":"Polygon","coordinates":[[[140.2799,36.3236],[140.3873,36.3236],[140.3873,36.4137],[140.2799,36.4137],[140.2799,36.3236]]]}},{"type":"Feature","properties":{"cell_id":1944},"geometry":{"type":"Polygon","coordinates":[[[140.3873,36.3236],[140.4947,36.3236],[140.4947,36.4137],[140.3873,36.4137],[140.3873,36.3236]]]}},{"type":"Feature","properties":{"cell_id":1945},"geometry":{"type":"Polygon","coordinates":[[[140.4947,36.3236],[140.6021,36.3236],[140.6021,36.4137],[140.4947,36.4137],[140.4947,36.3236]]]}},{"type":"Feature","properties":{"cell_id":1946},"geometry":{"type":"Polygon","coordinates":[[[136.4132,36.4137],[136.5206,36.4137],[136.5206,36.5038],[136.4132,36.5038],[136.4132,36.4137]]]}},{"type":"Feature","properties":{"cell_id":1947},"geometry":{"type":"Polygon","coordinates":[[[136.5206,36.4137],[136.628,36.4137],[136.628,36.5038],[136.5206,36.5038],[136.5206,36.4137]]]}},{"type":"Feature","properties":{"cell_id":1948},"geometry":{"type":"Polygon","coordinates":[[[136.628,36.4137],[136.7354,36.4137],[136.7354,36.5038],[136.628,36.5038],[136.628,36.4137]]]}},{"type":"Feature","properties":{"cell_id":1949},"geometry":{"type":"Polygon","coordinates":[[[136.7354,36.4137],[136.8428,36.4137],[136.8428,36.5038],[136.7354,36.5038],[136.7354,36.4137]]]}},{"type":"Feature","properties":{"cell_id":1950},"geometry":{"type":"Polygon","coordinates":[[[136.8428,36.4137],[136.9502,36.4137],[136.9502,36.5038],[136.8428,36.5038],[136.8428,36.4137]]]}},{"type":"Feature","properties":{"cell_id":1951},"geometry":{"type":"Polygon","coordinates":[[[136.9502,36.4137],[137.0576,36.4137],[137.0576,36.5038],[136.9502,36.5038],[136.9502,36.4137]]]}},{"type":"Feature","properties":{"cell_id":1952},"geometry":{"type":"Polygon","coordinates":[[[137.0576,36.4137],[137.1651,36.4137],[137.1651,36.5038],[137.0576,36.5038],[137.0576,36.4137]]]}},{"type":"Feature","properties":{"cell_id":1953},"geometry":{"type":"Polygon","coordinates":[[[137.1651,36.4137],[137.2725,36.4137],[137.2725,36.5038],[137.1651,36.5038],[137.1651,36.4137]]]}},{"type":"Feature","properties":{"cell_id":1954},"geometry":{"type":"Polygon","coordinates":[[[137.2725,36.4137],[137.3799,36.4137],[137.3799,36.5038],[137.2725,36.5038],[137.2725,36.4137]]]}},{"type":"Feature","properties":{"cell_id":1955},"geometry":{"type":"Polygon","coordinates":[[[137.3799,36.4137],[137.4873,36.4137],[137.4873,36.5038],[137.3799,36.5038],[137.3799,36.4137]]]}},{"type":"Feature","properties":{"cell_id":1956},"geometry":{"type":"Polygon","coordinates":[[[137.4873,36.4137],[137.5947,36.4137],[137.5947,36.5038],[137.4873,36.5038],[137.4873,36.4137]]]}},{"type":"Feature","properties":{"cell_id":1957},"geometry":{"type":"Polygon","coordinates":[[[137.5947,36.4137],[137.7021,36.4137],[137.7021,36.5038],[137.5947,36.5038],[137.5947,36.4137]]]}},{"type":"Feature","properties":{"cell_id":1958},"geometry":{"type":"Polygon","coordinates":[[[137.7021,36.4137],[137.8095,36.4137],[137.8095,36.5038],[137.7021,36.5038],[137.7021,36.4137]]]}},{"type":"Feature","properties":{"cell_id":1959},"geometry":{"type":"Polygon","coordinates":[[[137.8095,36.4137],[137.9169,36.4137],[137.9169,36.5038],[137.8095,36.5038],[137.8095,36.4137]]]}},{"type":"Feature","properties":{"cell_id":1960},"geometry":{"type":"Polygon","coordinates":[[[137.9169,36.4137],[138.0243,36.4137],[138.0243,36.5038],[137.9169,36.5038],[137.9169,36.4137]]]}},{"type":"Feature","properties":{"cell_id":1961},"geometry":{"type":"Polygon","coordinates":[[[138.0243,36.4137],[138.1317,36.4137],[138.1317,36.5038],[138.0243,36.5038],[138.0243,36.4137]]]}},{"type":"Feature","properties":{"cell_id":1962},"geometry":{"type":"Polygon","coordinates":[[[138.1317,36.4137],[138.2391,36.4137],[138.2391,36.5038],[138.1317,36.5038],[138.1317,36.4137]]]}},{"type":"Feature","properties":{"cell_id":1963},"geometry":{"type":"Polygon","coordinates":[[[138.2391,36.4137],[138.3465,36.4137],[138.3465,36.5038],[138.2391,36.5038],[138.2391,36.4137]]]}},{"type":"Feature","properties":{"cell_id":1964},"geometry":{"type":"Polygon","coordinates":[[[138.3465,36.4137],[138.4539,36.4137],[138.4539,36.5038],[138.3465,36.5038],[138.3465,36.4137]]]}},{"type":"Feature","properties":{"cell_id":1965},"geometry":{"type":"Polygon","coordinates":[[[138.4539,36.4137],[138.5614,36.4137],[138.5614,36.5038],[138.4539,36.5038],[138.4539,36.4137]]]}},{"type":"Feature","properties":{"cell_id":1966},"geometry":{"type":"Polygon","coordinates":[[[138.5614,36.4137],[138.6688,36.4137],[138.6688,36.5038],[138.5614,36.5038],[138.5614,36.4137]]]}},{"type":"Feature","properties":{"cell_id":1967},"geometry":{"type":"Polygon","coordinates":[[[138.6688,36.4137],[138.7762,36.4137],[138.7762,36.5038],[138.6688,36.5038],[138.6688,36.4137]]]}},{"type":"Feature","properties":{"cell_id":1968},"geometry":{"type":"Polygon","coordinates":[[[138.7762,36.4137],[138.8836,36.4137],[138.8836,36.5038],[138.7762,36.5038],[138.7762,36.4137]]]}},{"type":"Feature","properties":{"cell_id":1969},"geometry":{"type":"Polygon","coordinates":[[[138.8836,36.4137],[138.991,36.4137],[138.991,36.5038],[138.8836,36.5038],[138.8836,36.4137]]]}},{"type":"Feature","properties":{"cell_id":1970},"geometry":{"type":"Polygon","coordinates":[[[138.991,36.4137],[139.0984,36.4137],[139.0984,36.5038],[138.991,36.5038],[138.991,36.4137]]]}},{"type":"Feature","properties":{"cell_id":1971},"geometry":{"type":"Polygon","coordinates":[[[139.0984,36.4137],[139.2058,36.4137],[139.2058,36.5038],[139.0984,36.5038],[139.0984,36.4137]]]}},{"type":"Feature","properties":{"cell_id":1972},"geometry":{"type":"Polygon","coordinates":[[[139.2058,36.4137],[139.3132,36.4137],[139.3132,36.5038],[139.2058,36.5038],[139.2058,36.4137]]]}},{"type":"Feature","properties":{"cell_id":1973},"geometry":{"type":"Polygon","coordinates":[[[139.3132,36.4137],[139.4206,36.4137],[139.4206,36.5038],[139.3132,36.5038],[139.3132,36.4137]]]}},{"type":"Feature","properties":{"cell_id":1974},"geometry":{"type":"Polygon","coordinates":[[[139.4206,36.4137],[139.528,36.4137],[139.528,36.5038],[139.4206,36.5038],[139.4206,36.4137]]]}},{"type":"Feature","properties":{"cell_id":1975},"geometry":{"type":"Polygon","coordinates":[[[139.528,36.4137],[139.6354,36.4137],[139.6354,36.5038],[139.528,36.5038],[139.528,36.4137]]]}},{"type":"Feature","properties":{"cell_id":1976},"geometry":{"type":"Polygon","coordinates":[[[139.6354,36.4137],[139.7428,36.4137],[139.7428,36.5038],[139.6354,36.5038],[139.6354,36.4137]]]}},{"type":"Feature","properties":{"cell_id":1977},"geometry":{"type":"Polygon","coordinates":[[[139.7428,36.4137],[139.8503,36.4137],[139.8503,36.5038],[139.7428,36.5038],[139.7428,36.4137]]]}},{"type":"Feature","properties":{"cell_id":1978},"geometry":{"type":"Polygon","coordinates":[[[139.8503,36.4137],[139.9577,36.4137],[139.9577,36.5038],[139.8503,36.5038],[139.8503,36.4137]]]}},{"type":"Feature","properties":{"cell_id":1979},"geometry":{"type":"Polygon","coordinates":[[[139.9577,36.4137],[140.0651,36.4137],[140.0651,36.5038],[139.9577,36.5038],[139.9577,36.4137]]]}},{"type":"Feature","properties":{"cell_id":1980},"geometry":{"type":"Polygon","coordinates":[[[140.0651,36.4137],[140.1725,36.4137],[140.1725,36.5038],[140.0651,36.5038],[140.0651,36.4137]]]}},{"type":"Feature","properties":{"cell_id":1981},"geometry":{"type":"Polygon","coordinates":[[[140.1725,36.4137],[140.2799,36.4137],[140.2799,36.5038],[140.1725,36.5038],[140.1725,36.4137]]]}},{"type":"Feature","properties":{"cell_id":1982},"geometry":{"type":"Polygon","coordinates":[[[140.2799,36.4137],[140.3873,36.4137],[140.3873,36.5038],[140.2799,36.5038],[140.2799,36.4137]]]}},{"type":"Feature","properties":{"cell_id":1983},"geometry":{"type":"Polygon","coordinates":[[[140.3873,36.4137],[140.4947,36.4137],[140.4947,36.5038],[140.3873,36.5038],[140.3873,36.4137]]]}},{"type":"Feature","properties":{"cell_id":1984},"geometry":{"type":"Polygon","coordinates":[[[140.4947,36.4137],[140.6021,36.4137],[140.6021,36.5038],[140.4947,36.5038],[140.4947,36.4137]]]}},{"type":"Feature","properties":{"cell_id":1985},"geometry":{"type":"Polygon","coordinates":[[[136.5206,36.5038],[136.628,36.5038],[136.628,36.5939],[136.5206,36.5939],[136.5206,36.5038]]]}},{"type":"Feature","properties":{"cell_id":1986},"geometry":{"type":"Polygon","coordinates":[[[136.628,36.5038],[136.7354,36.5038],[136.7354,36.5939],[136.628,36.5939],[136.628,36.5038]]]}},{"type":"Feature","properties":{"cell_id":1987},"geometry":{"type":"Polygon","coordinates":[[[136.7354,36.5038],[136.8428,36.5038],[136.8428,36.5939],[136.7354,36.5939],[136.7354,36.5038]]]}},{"type":"Feature","properties":{"cell_id":1988},"geometry":{"type":"Polygon","coordinates":[[[136.8428,36.5038],[136.9502,36.5038],[136.9502,36.5939],[136.8428,36.5939],[136.8428,36.5038]]]}},{"type":"Feature","properties":{"cell_id":1989},"geometry":{"type":"Polygon","coordinates":[[[136.9502,36.5038],[137.0576,36.5038],[137.0576,36.5939],[136.9502,36.5939],[136.9502,36.5038]]]}},{"type":"Feature","properties":{"cell_id":1990},"geometry":{"type":"Polygon","coordinates":[[[137.0576,36.5038],[137.1651,36.5038],[137.1651,36.5939],[137.0576,36.5939],[137.0576,36.5038]]]}},{"type":"Feature","properties":{"cell_id":1991},"geometry":{"type":"Polygon","coordinates":[[[137.1651,36.5038],[137.2725,36.5038],[137.2725,36.5939],[137.1651,36.5939],[137.1651,36.5038]]]}},{"type":"Feature","properties":{"cell_id":1992},"geometry":{"type":"Polygon","coordinates":[[[137.2725,36.5038],[137.3799,36.5038],[137.3799,36.5939],[137.2725,36.5939],[137.2725,36.5038]]]}},{"type":"Feature","properties":{"cell_id":1993},"geometry":{"type":"Polygon","coordinates":[[[137.3799,36.5038],[137.4873,36.5038],[137.4873,36.5939],[137.3799,36.5939],[137.3799,36.5038]]]}},{"type":"Feature","properties":{"cell_id":1994},"geometry":{"type":"Polygon","coordinates":[[[137.4873,36.5038],[137.5947,36.5038],[137.5947,36.5939],[137.4873,36.5939],[137.4873,36.5038]]]}},{"type":"Feature","properties":{"cell_id":1995},"geometry":{"type":"Polygon","coordinates":[[[137.5947,36.5038],[137.7021,36.5038],[137.7021,36.5939],[137.5947,36.5939],[137.5947,36.5038]]]}},{"type":"Feature","properties":{"cell_id":1996},"geometry":{"type":"Polygon","coordinates":[[[137.7021,36.5038],[137.8095,36.5038],[137.8095,36.5939],[137.7021,36.5939],[137.7021,36.5038]]]}},{"type":"Feature","properties":{"cell_id":1997},"geometry":{"type":"Polygon","coordinates":[[[137.8095,36.5038],[137.9169,36.5038],[137.9169,36.5939],[137.8095,36.5939],[137.8095,36.5038]]]}},{"type":"Feature","properties":{"cell_id":1998},"geometry":{"type":"Polygon","coordinates":[[[137.9169,36.5038],[138.0243,36.5038],[138.0243,36.5939],[137.9169,36.5939],[137.9169,36.5038]]]}},{"type":"Feature","properties":{"cell_id":1999},"geometry":{"type":"Polygon","coordinates":[[[138.0243,36.5038],[138.1317,36.5038],[138.1317,36.5939],[138.0243,36.5939],[138.0243,36.5038]]]}},{"type":"Feature","properties":{"cell_id":2000},"geometry":{"type":"Polygon","coordinates":[[[138.1317,36.5038],[138.2391,36.5038],[138.2391,36.5939],[138.1317,36.5939],[138.1317,36.5038]]]}},{"type":"Feature","properties":{"cell_id":2001},"geometry":{"type":"Polygon","coordinates":[[[138.2391,36.5038],[138.3465,36.5038],[138.3465,36.5939],[138.2391,36.5939],[138.2391,36.5038]]]}},{"type":"Feature","properties":{"cell_id":2002},"geometry":{"type":"Polygon","coordinates":[[[138.3465,36.5038],[138.4539,36.5038],[138.4539,36.5939],[138.3465,36.5939],[138.3465,36.5038]]]}},{"type":"Feature","properties":{"cell_id":2003},"geometry":{"type":"Polygon","coordinates":[[[138.4539,36.5038],[138.5614,36.5038],[138.5614,36.5939],[138.4539,36.5939],[138.4539,36.5038]]]}},{"type":"Feature","properties":{"cell_id":2004},"geometry":{"type":"Polygon","coordinates":[[[138.5614,36.5038],[138.6688,36.5038],[138.6688,36.5939],[138.5614,36.5939],[138.5614,36.5038]]]}},{"type":"Feature","properties":{"cell_id":2005},"geometry":{"type":"Polygon","coordinates":[[[138.6688,36.5038],[138.7762,36.5038],[138.7762,36.5939],[138.6688,36.5939],[138.6688,36.5038]]]}},{"type":"Feature","properties":{"cell_id":2006},"geometry":{"type":"Polygon","coordinates":[[[138.7762,36.5038],[138.8836,36.5038],[138.8836,36.5939],[138.7762,36.5939],[138.7762,36.5038]]]}},{"type":"Feature","properties":{"cell_id":2007},"geometry":{"type":"Polygon","coordinates":[[[138.8836,36.5038],[138.991,36.5038],[138.991,36.5939],[138.8836,36.5939],[138.8836,36.5038]]]}},{"type":"Feature","properties":{"cell_id":2008},"geometry":{"type":"Polygon","coordinates":[[[138.991,36.5038],[139.0984,36.5038],[139.0984,36.5939],[138.991,36.5939],[138.991,36.5038]]]}},{"type":"Feature","properties":{"cell_id":2009},"geometry":{"type":"Polygon","coordinates":[[[139.0984,36.5038],[139.2058,36.5038],[139.2058,36.5939],[139.0984,36.5939],[139.0984,36.5038]]]}},{"type":"Feature","properties":{"cell_id":2010},"geometry":{"type":"Polygon","coordinates":[[[139.2058,36.5038],[139.3132,36.5038],[139.3132,36.5939],[139.2058,36.5939],[139.2058,36.5038]]]}},{"type":"Feature","properties":{"cell_id":2011},"geometry":{"type":"Polygon","coordinates":[[[139.3132,36.5038],[139.4206,36.5038],[139.4206,36.5939],[139.3132,36.5939],[139.3132,36.5038]]]}},{"type":"Feature","properties":{"cell_id":2012},"geometry":{"type":"Polygon","coordinates":[[[139.4206,36.5038],[139.528,36.5038],[139.528,36.5939],[139.4206,36.5939],[139.4206,36.5038]]]}},{"type":"Feature","properties":{"cell_id":2013},"geometry":{"type":"Polygon","coordinates":[[[139.528,36.5038],[139.6354,36.5038],[139.6354,36.5939],[139.528,36.5939],[139.528,36.5038]]]}},{"type":"Feature","properties":{"cell_id":2014},"geometry":{"type":"Polygon","coordinates":[[[139.6354,36.5038],[139.7428,36.5038],[139.7428,36.5939],[139.6354,36.5939],[139.6354,36.5038]]]}},{"type":"Feature","properties":{"cell_id":2015},"geometry":{"type":"Polygon","coordinates":[[[139.7428,36.5038],[139.8503,36.5038],[139.8503,36.5939],[139.7428,36.5939],[139.7428,36.5038]]]}},{"type":"Feature","properties":{"cell_id":2016},"geometry":{"type":"Polygon","coordinates":[[[139.8503,36.5038],[139.9577,36.5038],[139.9577,36.5939],[139.8503,36.5939],[139.8503,36.5038]]]}},{"type":"Feature","properties":{"cell_id":2017},"geometry":{"type":"Polygon","coordinates":[[[139.9577,36.5038],[140.0651,36.5038],[140.0651,36.5939],[139.9577,36.5939],[139.9577,36.5038]]]}},{"type":"Feature","properties":{"cell_id":2018},"geometry":{"type":"Polygon","coordinates":[[[140.0651,36.5038],[140.1725,36.5038],[140.1725,36.5939],[140.0651,36.5939],[140.0651,36.5038]]]}},{"type":"Feature","properties":{"cell_id":2019},"geometry":{"type":"Polygon","coordinates":[[[140.1725,36.5038],[140.2799,36.5038],[140.2799,36.5939],[140.1725,36.5939],[140.1725,36.5038]]]}},{"type":"Feature","properties":{"cell_id":2020},"geometry":{"type":"Polygon","coordinates":[[[140.2799,36.5038],[140.3873,36.5038],[140.3873,36.5939],[140.2799,36.5939],[140.2799,36.5038]]]}},{"type":"Feature","properties":{"cell_id":2021},"geometry":{"type":"Polygon","coordinates":[[[140.3873,36.5038],[140.4947,36.5038],[140.4947,36.5939],[140.3873,36.5939],[140.3873,36.5038]]]}},{"type":"Feature","properties":{"cell_id":2022},"geometry":{"type":"Polygon","coordinates":[[[140.4947,36.5038],[140.6021,36.5038],[140.6021,36.5939],[140.4947,36.5939],[140.4947,36.5038]]]}},{"type":"Feature","properties":{"cell_id":2023},"geometry":{"type":"Polygon","coordinates":[[[136.628,36.5939],[136.7354,36.5939],[136.7354,36.684],[136.628,36.684],[136.628,36.5939]]]}},{"type":"Feature","properties":{"cell_id":2024},"geometry":{"type":"Polygon","coordinates":[[[136.7354,36.5939],[136.8428,36.5939],[136.8428,36.684],[136.7354,36.684],[136.7354,36.5939]]]}},{"type":"Feature","properties":{"cell_id":2025},"geometry":{"type":"Polygon","coordinates":[[[136.8428,36.5939],[136.9502,36.5939],[136.9502,36.684],[136.8428,36.684],[136.8428,36.5939]]]}},{"type":"Feature","properties":{"cell_id":2026},"geometry":{"type":"Polygon","coordinates":[[[136.9502,36.5939],[137.0576,36.5939],[137.0576,36.684],[136.9502,36.684],[136.9502,36.5939]]]}},{"type":"Feature","properties":{"cell_id":2027},"geometry":{"type":"Polygon","coordinates":[[[137.0576,36.5939],[137.1651,36.5939],[137.1651,36.684],[137.0576,36.684],[137.0576,36.5939]]]}},{"type":"Feature","properties":{"cell_id":2028},"geometry":{"type":"Polygon","coordinates":[[[137.1651,36.5939],[137.2725,36.5939],[137.2725,36.684],[137.1651,36.684],[137.1651,36.5939]]]}},{"type":"Feature","properties":{"cell_id":2029},"geometry":{"type":"Polygon","coordinates":[[[137.2725,36.5939],[137.3799,36.5939],[137.3799,36.684],[137.2725,36.684],[137.2725,36.5939]]]}},{"type":"Feature","properties":{"cell_id":2030},"geometry":{"type":"Polygon","coordinates":[[[137.3799,36.5939],[137.4873,36.5939],[137.4873,36.684],[137.3799,36.684],[137.3799,36.5939]]]}},{"type":"Feature","properties":{"cell_id":2031},"geometry":{"type":"Polygon","coordinates":[[[137.4873,36.5939],[137.5947,36.5939],[137.5947,36.684],[137.4873,36.684],[137.4873,36.5939]]]}},{"type":"Feature","properties":{"cell_id":2032},"geometry":{"type":"Polygon","coordinates":[[[137.5947,36.5939],[137.7021,36.5939],[137.7021,36.684],[137.5947,36.684],[137.5947,36.5939]]]}},{"type":"Feature","properties":{"cell_id":2033},"geometry":{"type":"Polygon","coordinates":[[[137.7021,36.5939],[137.8095,36.5939],[137.8095,36.684],[137.7021,36.684],[137.7021,36.5939]]]}},{"type":"Feature","properties":{"cell_id":2034},"geometry":{"type":"Polygon","coordinates":[[[137.8095,36.5939],[137.9169,36.5939],[137.9169,36.684],[137.8095,36.684],[137.8095,36.5939]]]}},{"type":"Feature","properties":{"cell_id":2035},"geometry":{"type":"Polygon","coordinates":[[[137.9169,36.5939],[138.0243,36.5939],[138.0243,36.684],[137.9169,36.684],[137.9169,36.5939]]]}},{"type":"Feature","properties":{"cell_id":2036},"geometry":{"type":"Polygon","coordinates":[[[138.0243,36.5939],[138.1317,36.5939],[138.1317,36.684],[138.0243,36.684],[138.0243,36.5939]]]}},{"type":"Feature","properties":{"cell_id":2037},"geometry":{"type":"Polygon","coordinates":[[[138.1317,36.5939],[138.2391,36.5939],[138.2391,36.684],[138.1317,36.684],[138.1317,36.5939]]]}},{"type":"Feature","properties":{"cell_id":2038},"geometry":{"type":"Polygon","coordinates":[[[138.2391,36.5939],[138.3465,36.5939],[138.3465,36.684],[138.2391,36.684],[138.2391,36.5939]]]}},{"type":"Feature","properties":{"cell_id":2039},"geometry":{"type":"Polygon","coordinates":[[[138.3465,36.5939],[138.4539,36.5939],[138.4539,36.684],[138.3465,36.684],[138.3465,36.5939]]]}},{"type":"Feature","properties":{"cell_id":2040},"geometry":{"type":"Polygon","coordinates":[[[138.4539,36.5939],[138.5614,36.5939],[138.5614,36.684],[138.4539,36.684],[138.4539,36.5939]]]}},{"type":"Feature","properties":{"cell_id":2041},"geometry":{"type":"Polygon","coordinates":[[[138.5614,36.5939],[138.6688,36.5939],[138.6688,36.684],[138.5614,36.684],[138.5614,36.5939]]]}},{"type":"Feature","properties":{"cell_id":2042},"geometry":{"type":"Polygon","coordinates":[[[138.6688,36.5939],[138.7762,36.5939],[138.7762,36.684],[138.6688,36.684],[138.6688,36.5939]]]}},{"type":"Feature","properties":{"cell_id":2043},"geometry":{"type":"Polygon","coordinates":[[[138.7762,36.5939],[138.8836,36.5939],[138.8836,36.684],[138.7762,36.684],[138.7762,36.5939]]]}},{"type":"Feature","properties":{"cell_id":2044},"geometry":{"type":"Polygon","coordinates":[[[138.8836,36.5939],[138.991,36.5939],[138.991,36.684],[138.8836,36.684],[138.8836,36.5939]]]}},{"type":"Feature","properties":{"cell_id":2045},"geometry":{"type":"Polygon","coordinates":[[[138.991,36.5939],[139.0984,36.5939],[139.0984,36.684],[138.991,36.684],[138.991,36.5939]]]}},{"type":"Feature","properties":{"cell_id":2046},"geometry":{"type":"Polygon","coordinates":[[[139.0984,36.5939],[139.2058,36.5939],[139.2058,36.684],[139.0984,36.684],[139.0984,36.5939]]]}},{"type":"Feature","properties":{"cell_id":2047},"geometry":{"type":"Polygon","coordinates":[[[139.2058,36.5939],[139.3132,36.5939],[139.3132,36.684],[139.2058,36.684],[139.2058,36.5939]]]}},{"type":"Feature","properties":{"cell_id":2048},"geometry":{"type":"Polygon","coordinates":[[[139.3132,36.5939],[139.4206,36.5939],[139.4206,36.684],[139.3132,36.684],[139.3132,36.5939]]]}},{"type":"Feature","properties":{"cell_id":2049},"geometry":{"type":"Polygon","coordinates":[[[139.4206,36.5939],[139.528,36.5939],[139.528,36.684],[139.4206,36.684],[139.4206,36.5939]]]}},{"type":"Feature","properties":{"cell_id":2050},"geometry":{"type":"Polygon","coordinates":[[[139.528,36.5939],[139.6354,36.5939],[139.6354,36.684],[139.528,36.684],[139.528,36.5939]]]}},{"type":"Feature","properties":{"cell_id":2051},"geometry":{"type":"Polygon","coordinates":[[[139.6354,36.5939],[139.7428,36.5939],[139.7428,36.684],[139.6354,36.684],[139.6354,36.5939]]]}},{"type":"Feature","properties":{"cell_id":2052},"geometry":{"type":"Polygon","coordinates":[[[139.7428,36.5939],[139.8503,36.5939],[139.8503,36.684],[139.7428,36.684],[139.7428,36.5939]]]}},{"type":"Feature","properties":{"cell_id":2053},"geometry":{"type":"Polygon","coordinates":[[[139.8503,36.5939],[139.9577,36.5939],[139.9577,36.684],[139.8503,36.684],[139.8503,36.5939]]]}},{"type":"Feature","properties":{"cell_id":2054},"geometry":{"type":"Polygon","coordinates":[[[139.9577,36.5939],[140.0651,36.5939],[140.0651,36.684],[139.9577,36.684],[139.9577,36.5939]]]}},{"type":"Feature","properties":{"cell_id":2055},"geometry":{"type":"Polygon","coordinates":[[[140.0651,36.5939],[140.1725,36.5939],[140.1725,36.684],[140.0651,36.684],[140.0651,36.5939]]]}},{"type":"Feature","properties":{"cell_id":2056},"geometry":{"type":"Polygon","coordinates":[[[140.1725,36.5939],[140.2799,36.5939],[140.2799,36.684],[140.1725,36.684],[140.1725,36.5939]]]}},{"type":"Feature","properties":{"cell_id":2057},"geometry":{"type":"Polygon","coordinates":[[[140.2799,36.5939],[140.3873,36.5939],[140.3873,36.684],[140.2799,36.684],[140.2799,36.5939]]]}},{"type":"Feature","properties":{"cell_id":2058},"geometry":{"type":"Polygon","coordinates":[[[140.3873,36.5939],[140.4947,36.5939],[140.4947,36.684],[140.3873,36.684],[140.3873,36.5939]]]}},{"type":"Feature","properties":{"cell_id":2059},"geometry":{"type":"Polygon","coordinates":[[[140.4947,36.5939],[140.6021,36.5939],[140.6021,36.684],[140.4947,36.684],[140.4947,36.5939]]]}},{"type":"Feature","properties":{"cell_id":2060},"geometry":{"type":"Polygon","coordinates":[[[140.6021,36.5939],[140.7095,36.5939],[140.7095,36.684],[140.6021,36.684],[140.6021,36.5939]]]}},{"type":"Feature","properties":{"cell_id":2061},"geometry":{"type":"Polygon","coordinates":[[[136.7354,36.684],[136.8428,36.684],[136.8428,36.7741],[136.7354,36.7741],[136.7354,36.684]]]}},{"type":"Feature","properties":{"cell_id":2062},"geometry":{"type":"Polygon","coordinates":[[[136.8428,36.684],[136.9502,36.684],[136.9502,36.7741],[136.8428,36.7741],[136.8428,36.684]]]}},{"type":"Feature","properties":{"cell_id":2063},"geometry":{"type":"Polygon","coordinates":[[[136.9502,36.684],[137.0576,36.684],[137.0576,36.7741],[136.9502,36.7741],[136.9502,36.684]]]}},{"type":"Feature","properties":{"cell_id":2064},"geometry":{"type":"Polygon","coordinates":[[[137.0576,36.684],[137.1651,36.684],[137.1651,36.7741],[137.0576,36.7741],[137.0576,36.684]]]}},{"type":"Feature","properties":{"cell_id":2065},"geometry":{"type":"Polygon","coordinates":[[[137.1651,36.684],[137.2725,36.684],[137.2725,36.7741],[137.1651,36.7741],[137.1651,36.684]]]}},{"type":"Feature","properties":{"cell_id":2066},"geometry":{"type":"Polygon","coordinates":[[[137.2725,36.684],[137.3799,36.684],[137.3799,36.7741],[137.2725,36.7741],[137.2725,36.684]]]}},{"type":"Feature","properties":{"cell_id":2067},"geometry":{"type":"Polygon","coordinates":[[[137.3799,36.684],[137.4873,36.684],[137.4873,36.7741],[137.3799,36.7741],[137.3799,36.684]]]}},{"type":"Feature","properties":{"cell_id":2068},"geometry":{"type":"Polygon","coordinates":[[[137.4873,36.684],[137.5947,36.684],[137.5947,36.7741],[137.4873,36.7741],[137.4873,36.684]]]}},{"type":"Feature","properties":{"cell_id":2069},"geometry":{"type":"Polygon","coordinates":[[[137.5947,36.684],[137.7021,36.684],[137.7021,36.7741],[137.5947,36.7741],[137.5947,36.684]]]}},{"type":"Feature","properties":{"cell_id":2070},"geometry":{"type":"Polygon","coordinates":[[[137.7021,36.684],[137.8095,36.684],[137.8095,36.7741],[137.7021,36.7741],[137.7021,36.684]]]}},{"type":"Feature","properties":{"cell_id":2071},"geometry":{"type":"Polygon","coordinates":[[[137.8095,36.684],[137.9169,36.684],[137.9169,36.7741],[137.8095,36.7741],[137.8095,36.684]]]}},{"type":"Feature","properties":{"cell_id":2072},"geometry":{"type":"Polygon","coordinates":[[[137.9169,36.684],[138.0243,36.684],[138.0243,36.7741],[137.9169,36.7741],[137.9169,36.684]]]}},{"type":"Feature","properties":{"cell_id":2073},"geometry":{"type":"Polygon","coordinates":[[[138.0243,36.684],[138.1317,36.684],[138.1317,36.7741],[138.0243,36.7741],[138.0243,36.684]]]}},{"type":"Feature","properties":{"cell_id":2074},"geometry":{"type":"Polygon","coordinates":[[[138.1317,36.684],[138.2391,36.684],[138.2391,36.7741],[138.1317,36.7741],[138.1317,36.684]]]}},{"type":"Feature","properties":{"cell_id":2075},"geometry":{"type":"Polygon","coordinates":[[[138.2391,36.684],[138.3465,36.684],[138.3465,36.7741],[138.2391,36.7741],[138.2391,36.684]]]}},{"type":"Feature","properties":{"cell_id":2076},"geometry":{"type":"Polygon","coordinates":[[[138.3465,36.684],[138.4539,36.684],[138.4539,36.7741],[138.3465,36.7741],[138.3465,36.684]]]}},{"type":"Feature","properties":{"cell_id":2077},"geometry":{"type":"Polygon","coordinates":[[[138.4539,36.684],[138.5614,36.684],[138.5614,36.7741],[138.4539,36.7741],[138.4539,36.684]]]}},{"type":"Feature","properties":{"cell_id":2078},"geometry":{"type":"Polygon","coordinates":[[[138.5614,36.684],[138.6688,36.684],[138.6688,36.7741],[138.5614,36.7741],[138.5614,36.684]]]}},{"type":"Feature","properties":{"cell_id":2079},"geometry":{"type":"Polygon","coordinates":[[[138.6688,36.684],[138.7762,36.684],[138.7762,36.7741],[138.6688,36.7741],[138.6688,36.684]]]}},{"type":"Feature","properties":{"cell_id":2080},"geometry":{"type":"Polygon","coordinates":[[[138.7762,36.684],[138.8836,36.684],[138.8836,36.7741],[138.7762,36.7741],[138.7762,36.684]]]}},{"type":"Feature","properties":{"cell_id":2081},"geometry":{"type":"Polygon","coordinates":[[[138.8836,36.684],[138.991,36.684],[138.991,36.7741],[138.8836,36.7741],[138.8836,36.684]]]}},{"type":"Feature","properties":{"cell_id":2082},"geometry":{"type":"Polygon","coordinates":[[[138.991,36.684],[139.0984,36.684],[139.0984,36.7741],[138.991,36.7741],[138.991,36.684]]]}},{"type":"Feature","properties":{"cell_id":2083},"geometry":{"type":"Polygon","coordinates":[[[139.0984,36.684],[139.2058,36.684],[139.2058,36.7741],[139.0984,36.7741],[139.0984,36.684]]]}},{"type":"Feature","properties":{"cell_id":2084},"geometry":{"type":"Polygon","coordinates":[[[139.2058,36.684],[139.3132,36.684],[139.3132,36.7741],[139.2058,36.7741],[139.2058,36.684]]]}},{"type":"Feature","properties":{"cell_id":2085},"geometry":{"type":"Polygon","coordinates":[[[139.3132,36.684],[139.4206,36.684],[139.4206,36.7741],[139.3132,36.7741],[139.3132,36.684]]]}},{"type":"Feature","properties":{"cell_id":2086},"geometry":{"type":"Polygon","coordinates":[[[139.4206,36.684],[139.528,36.684],[139.528,36.7741],[139.4206,36.7741],[139.4206,36.684]]]}},{"type":"Feature","properties":{"cell_id":2087},"geometry":{"type":"Polygon","coordinates":[[[139.528,36.684],[139.6354,36.684],[139.6354,36.7741],[139.528,36.7741],[139.528,36.684]]]}},{"type":"Feature","properties":{"cell_id":2088},"geometry":{"type":"Polygon","coordinates":[[[139.6354,36.684],[139.7428,36.684],[139.7428,36.7741],[139.6354,36.7741],[139.6354,36.684]]]}},{"type":"Feature","properties":{"cell_id":2089},"geometry":{"type":"Polygon","coordinates":[[[139.7428,36.684],[139.8503,36.684],[139.8503,36.7741],[139.7428,36.7741],[139.7428,36.684]]]}},{"type":"Feature","properties":{"cell_id":2090},"geometry":{"type":"Polygon","coordinates":[[[139.8503,36.684],[139.9577,36.684],[139.9577,36.7741],[139.8503,36.7741],[139.8503,36.684]]]}},{"type":"Feature","properties":{"cell_id":2091},"geometry":{"type":"Polygon","coordinates":[[[139.9577,36.684],[140.0651,36.684],[140.0651,36.7741],[139.9577,36.7741],[139.9577,36.684]]]}},{"type":"Feature","properties":{"cell_id":2092},"geometry":{"type":"Polygon","coordinates":[[[140.0651,36.684],[140.1725,36.684],[140.1725,36.7741],[140.0651,36.7741],[140.0651,36.684]]]}},{"type":"Feature","properties":{"cell_id":2093},"geometry":{"type":"Polygon","coordinates":[[[140.1725,36.684],[140.2799,36.684],[140.2799,36.7741],[140.1725,36.7741],[140.1725,36.684]]]}},{"type":"Feature","properties":{"cell_id":2094},"geometry":{"type":"Polygon","coordinates":[[[140.2799,36.684],[140.3873,36.684],[140.3873,36.7741],[140.2799,36.7741],[140.2799,36.684]]]}},{"type":"Feature","properties":{"cell_id":2095},"geometry":{"type":"Polygon","coordinates":[[[140.3873,36.684],[140.4947,36.684],[140.4947,36.7741],[140.3873,36.7741],[140.3873,36.684]]]}},{"type":"Feature","properties":{"cell_id":2096},"geometry":{"type":"Polygon","coordinates":[[[140.4947,36.684],[140.6021,36.684],[140.6021,36.7741],[140.4947,36.7741],[140.4947,36.684]]]}},{"type":"Feature","properties":{"cell_id":2097},"geometry":{"type":"Polygon","coordinates":[[[140.6021,36.684],[140.7095,36.684],[140.7095,36.7741],[140.6021,36.7741],[140.6021,36.684]]]}},{"type":"Feature","properties":{"cell_id":2098},"geometry":{"type":"Polygon","coordinates":[[[136.7354,36.7741],[136.8428,36.7741],[136.8428,36.8642],[136.7354,36.8642],[136.7354,36.7741]]]}},{"type":"Feature","properties":{"cell_id":2099},"geometry":{"type":"Polygon","coordinates":[[[136.8428,36.7741],[136.9502,36.7741],[136.9502,36.8642],[136.8428,36.8642],[136.8428,36.7741]]]}},{"type":"Feature","properties":{"cell_id":2100},"geometry":{"type":"Polygon","coordinates":[[[136.9502,36.7741],[137.0576,36.7741],[137.0576,36.8642],[136.9502,36.8642],[136.9502,36.7741]]]}},{"type":"Feature","properties":{"cell_id":2101},"geometry":{"type":"Polygon","coordinates":[[[137.3799,36.7741],[137.4873,36.7741],[137.4873,36.8642],[137.3799,36.8642],[137.3799,36.7741]]]}},{"type":"Feature","properties":{"cell_id":2102},"geometry":{"type":"Polygon","coordinates":[[[137.4873,36.7741],[137.5947,36.7741],[137.5947,36.8642],[137.4873,36.8642],[137.4873,36.7741]]]}},{"type":"Feature","properties":{"cell_id":2103},"geometry":{"type":"Polygon","coordinates":[[[137.5947,36.7741],[137.7021,36.7741],[137.7021,36.8642],[137.5947,36.8642],[137.5947,36.7741]]]}},{"type":"Feature","properties":{"cell_id":2104},"geometry":{"type":"Polygon","coordinates":[[[137.7021,36.7741],[137.8095,36.7741],[137.8095,36.8642],[137.7021,36.8642],[137.7021,36.7741]]]}},{"type":"Feature","properties":{"cell_id":2105},"geometry":{"type":"Polygon","coordinates":[[[137.8095,36.7741],[137.9169,36.7741],[137.9169,36.8642],[137.8095,36.8642],[137.8095,36.7741]]]}},{"type":"Feature","properties":{"cell_id":2106},"geometry":{"type":"Polygon","coordinates":[[[137.9169,36.7741],[138.0243,36.7741],[138.0243,36.8642],[137.9169,36.8642],[137.9169,36.7741]]]}},{"type":"Feature","properties":{"cell_id":2107},"geometry":{"type":"Polygon","coordinates":[[[138.0243,36.7741],[138.1317,36.7741],[138.1317,36.8642],[138.0243,36.8642],[138.0243,36.7741]]]}},{"type":"Feature","properties":{"cell_id":2108},"geometry":{"type":"Polygon","coordinates":[[[138.1317,36.7741],[138.2391,36.7741],[138.2391,36.8642],[138.1317,36.8642],[138.1317,36.7741]]]}},{"type":"Feature","properties":{"cell_id":2109},"geometry":{"type":"Polygon","coordinates":[[[138.2391,36.7741],[138.3465,36.7741],[138.3465,36.8642],[138.2391,36.8642],[138.2391,36.7741]]]}},{"type":"Feature","properties":{"cell_id":2110},"geometry":{"type":"Polygon","coordinates":[[[138.3465,36.7741],[138.4539,36.7741],[138.4539,36.8642],[138.3465,36.8642],[138.3465,36.7741]]]}},{"type":"Feature","properties":{"cell_id":2111},"geometry":{"type":"Polygon","coordinates":[[[138.4539,36.7741],[138.5614,36.7741],[138.5614,36.8642],[138.4539,36.8642],[138.4539,36.7741]]]}},{"type":"Feature","properties":{"cell_id":2112},"geometry":{"type":"Polygon","coordinates":[[[138.5614,36.7741],[138.6688,36.7741],[138.6688,36.8642],[138.5614,36.8642],[138.5614,36.7741]]]}},{"type":"Feature","properties":{"cell_id":2113},"geometry":{"type":"Polygon","coordinates":[[[138.6688,36.7741],[138.7762,36.7741],[138.7762,36.8642],[138.6688,36.8642],[138.6688,36.7741]]]}},{"type":"Feature","properties":{"cell_id":2114},"geometry":{"type":"Polygon","coordinates":[[[138.7762,36.7741],[138.8836,36.7741],[138.8836,36.8642],[138.7762,36.8642],[138.7762,36.7741]]]}},{"type":"Feature","properties":{"cell_id":2115},"geometry":{"type":"Polygon","coordinates":[[[138.8836,36.7741],[138.991,36.7741],[138.991,36.8642],[138.8836,36.8642],[138.8836,36.7741]]]}},{"type":"Feature","properties":{"cell_id":2116},"geometry":{"type":"Polygon","coordinates":[[[138.991,36.7741],[139.0984,36.7741],[139.0984,36.8642],[138.991,36.8642],[138.991,36.7741]]]}},{"type":"Feature","properties":{"cell_id":2117},"geometry":{"type":"Polygon","coordinates":[[[139.0984,36.7741],[139.2058,36.7741],[139.2058,36.8642],[139.0984,36.8642],[139.0984,36.7741]]]}},{"type":"Feature","properties":{"cell_id":2118},"geometry":{"type":"Polygon","coordinates":[[[139.2058,36.7741],[139.3132,36.7741],[139.3132,36.8642],[139.2058,36.8642],[139.2058,36.7741]]]}},{"type":"Feature","properties":{"cell_id":2119},"geometry":{"type":"Polygon","coordinates":[[[139.3132,36.7741],[139.4206,36.7741],[139.4206,36.8642],[139.3132,36.8642],[139.3132,36.7741]]]}},{"type":"Feature","properties":{"cell_id":2120},"geometry":{"type":"Polygon","coordinates":[[[139.4206,36.7741],[139.528,36.7741],[139.528,36.8642],[139.4206,36.8642],[139.4206,36.7741]]]}},{"type":"Feature","properties":{"cell_id":2121},"geometry":{"type":"Polygon","coordinates":[[[139.528,36.7741],[139.6354,36.7741],[139.6354,36.8642],[139.528,36.8642],[139.528,36.7741]]]}},{"type":"Feature","properties":{"cell_id":2122},"geometry":{"type":"Polygon","coordinates":[[[139.6354,36.7741],[139.7428,36.7741],[139.7428,36.8642],[139.6354,36.8642],[139.6354,36.7741]]]}},{"type":"Feature","properties":{"cell_id":2123},"geometry":{"type":"Polygon","coordinates":[[[139.7428,36.7741],[139.8503,36.7741],[139.8503,36.8642],[139.7428,36.8642],[139.7428,36.7741]]]}},{"type":"Feature","properties":{"cell_id":2124},"geometry":{"type":"Polygon","coordinates":[[[139.8503,36.7741],[139.9577,36.7741],[139.9577,36.8642],[139.8503,36.8642],[139.8503,36.7741]]]}},{"type":"Feature","properties":{"cell_id":2125},"geometry":{"type":"Polygon","coordinates":[[[139.9577,36.7741],[140.0651,36.7741],[140.0651,36.8642],[139.9577,36.8642],[139.9577,36.7741]]]}},{"type":"Feature","properties":{"cell_id":2126},"geometry":{"type":"Polygon","coordinates":[[[140.0651,36.7741],[140.1725,36.7741],[140.1725,36.8642],[140.0651,36.8642],[140.0651,36.7741]]]}},{"type":"Feature","properties":{"cell_id":2127},"geometry":{"type":"Polygon","coordinates":[[[140.1725,36.7741],[140.2799,36.7741],[140.2799,36.8642],[140.1725,36.8642],[140.1725,36.7741]]]}},{"type":"Feature","properties":{"cell_id":2128},"geometry":{"type":"Polygon","coordinates":[[[140.2799,36.7741],[140.3873,36.7741],[140.3873,36.8642],[140.2799,36.8642],[140.2799,36.7741]]]}},{"type":"Feature","properties":{"cell_id":2129},"geometry":{"type":"Polygon","coordinates":[[[140.3873,36.7741],[140.4947,36.7741],[140.4947,36.8642],[140.3873,36.8642],[140.3873,36.7741]]]}},{"type":"Feature","properties":{"cell_id":2130},"geometry":{"type":"Polygon","coordinates":[[[140.4947,36.7741],[140.6021,36.7741],[140.6021,36.8642],[140.4947,36.8642],[140.4947,36.7741]]]}},{"type":"Feature","properties":{"cell_id":2131},"geometry":{"type":"Polygon","coordinates":[[[140.6021,36.7741],[140.7095,36.7741],[140.7095,36.8642],[140.6021,36.8642],[140.6021,36.7741]]]}},{"type":"Feature","properties":{"cell_id":2132},"geometry":{"type":"Polygon","coordinates":[[[140.7095,36.7741],[140.8169,36.7741],[140.8169,36.8642],[140.7095,36.8642],[140.7095,36.7741]]]}},{"type":"Feature","properties":{"cell_id":2133},"geometry":{"type":"Polygon","coordinates":[[[136.7354,36.8642],[136.8428,36.8642],[136.8428,36.9543],[136.7354,36.9543],[136.7354,36.8642]]]}},{"type":"Feature","properties":{"cell_id":2134},"geometry":{"type":"Polygon","coordinates":[[[136.8428,36.8642],[136.9502,36.8642],[136.9502,36.9543],[136.8428,36.9543],[136.8428,36.8642]]]}},{"type":"Feature","properties":{"cell_id":2135},"geometry":{"type":"Polygon","coordinates":[[[136.9502,36.8642],[137.0576,36.8642],[137.0576,36.9543],[136.9502,36.9543],[136.9502,36.8642]]]}},{"type":"Feature","properties":{"cell_id":2136},"geometry":{"type":"Polygon","coordinates":[[[137.3799,36.8642],[137.4873,36.8642],[137.4873,36.9543],[137.3799,36.9543],[137.3799,36.8642]]]}},{"type":"Feature","properties":{"cell_id":2137},"geometry":{"type":"Polygon","coordinates":[[[137.4873,36.8642],[137.5947,36.8642],[137.5947,36.9543],[137.4873,36.9543],[137.4873,36.8642]]]}},{"type":"Feature","properties":{"cell_id":2138},"geometry":{"type":"Polygon","coordinates":[[[137.5947,36.8642],[137.7021,36.8642],[137.7021,36.9543],[137.5947,36.9543],[137.5947,36.8642]]]}},{"type":"Feature","properties":{"cell_id":2139},"geometry":{"type":"Polygon","coordinates":[[[137.7021,36.8642],[137.8095,36.8642],[137.8095,36.9543],[137.7021,36.9543],[137.7021,36.8642]]]}},{"type":"Feature","properties":{"cell_id":2140},"geometry":{"type":"Polygon","coordinates":[[[137.8095,36.8642],[137.9169,36.8642],[137.9169,36.9543],[137.8095,36.9543],[137.8095,36.8642]]]}},{"type":"Feature","properties":{"cell_id":2141},"geometry":{"type":"Polygon","coordinates":[[[137.9169,36.8642],[138.0243,36.8642],[138.0243,36.9543],[137.9169,36.9543],[137.9169,36.8642]]]}},{"type":"Feature","properties":{"cell_id":2142},"geometry":{"type":"Polygon","coordinates":[[[138.0243,36.8642],[138.1317,36.8642],[138.1317,36.9543],[138.0243,36.9543],[138.0243,36.8642]]]}},{"type":"Feature","properties":{"cell_id":2143},"geometry":{"type":"Polygon","coordinates":[[[138.1317,36.8642],[138.2391,36.8642],[138.2391,36.9543],[138.1317,36.9543],[138.1317,36.8642]]]}},{"type":"Feature","properties":{"cell_id":2144},"geometry":{"type":"Polygon","coordinates":[[[138.2391,36.8642],[138.3465,36.8642],[138.3465,36.9543],[138.2391,36.9543],[138.2391,36.8642]]]}},{"type":"Feature","properties":{"cell_id":2145},"geometry":{"type":"Polygon","coordinates":[[[138.3465,36.8642],[138.4539,36.8642],[138.4539,36.9543],[138.3465,36.9543],[138.3465,36.8642]]]}},{"type":"Feature","properties":{"cell_id":2146},"geometry":{"type":"Polygon","coordinates":[[[138.4539,36.8642],[138.5614,36.8642],[138.5614,36.9543],[138.4539,36.9543],[138.4539,36.8642]]]}},{"type":"Feature","properties":{"cell_id":2147},"geometry":{"type":"Polygon","coordinates":[[[138.5614,36.8642],[138.6688,36.8642],[138.6688,36.9543],[138.5614,36.9543],[138.5614,36.8642]]]}},{"type":"Feature","properties":{"cell_id":2148},"geometry":{"type":"Polygon","coordinates":[[[138.6688,36.8642],[138.7762,36.8642],[138.7762,36.9543],[138.6688,36.9543],[138.6688,36.8642]]]}},{"type":"Feature","properties":{"cell_id":2149},"geometry":{"type":"Polygon","coordinates":[[[138.7762,36.8642],[138.8836,36.8642],[138.8836,36.9543],[138.7762,36.9543],[138.7762,36.8642]]]}},{"type":"Feature","properties":{"cell_id":2150},"geometry":{"type":"Polygon","coordinates":[[[138.8836,36.8642],[138.991,36.8642],[138.991,36.9543],[138.8836,36.9543],[138.8836,36.8642]]]}},{"type":"Feature","properties":{"cell_id":2151},"geometry":{"type":"Polygon","coordinates":[[[138.991,36.8642],[139.0984,36.8642],[139.0984,36.9543],[138.991,36.9543],[138.991,36.8642]]]}},{"type":"Feature","properties":{"cell_id":2152},"geometry":{"type":"Polygon","coordinates":[[[139.0984,36.8642],[139.2058,36.8642],[139.2058,36.9543],[139.0984,36.9543],[139.0984,36.8642]]]}},{"type":"Feature","properties":{"cell_id":2153},"geometry":{"type":"Polygon","coordinates":[[[139.2058,36.8642],[139.3132,36.8642],[139.3132,36.9543],[139.2058,36.9543],[139.2058,36.8642]]]}},{"type":"Feature","properties":{"cell_id":2154},"geometry":{"type":"Polygon","coordinates":[[[139.3132,36.8642],[139.4206,36.8642],[139.4206,36.9543],[139.3132,36.9543],[139.3132,36.8642]]]}},{"type":"Feature","properties":{"cell_id":2155},"geometry":{"type":"Polygon","coordinates":[[[139.4206,36.8642],[139.528,36.8642],[139.528,36.9543],[139.4206,36.9543],[139.4206,36.8642]]]}},{"type":"Feature","properties":{"cell_id":2156},"geometry":{"type":"Polygon","coordinates":[[[139.528,36.8642],[139.6354,36.8642],[139.6354,36.9543],[139.528,36.9543],[139.528,36.8642]]]}},{"type":"Feature","properties":{"cell_id":2157},"geometry":{"type":"Polygon","coordinates":[[[139.6354,36.8642],[139.7428,36.8642],[139.7428,36.9543],[139.6354,36.9543],[139.6354,36.8642]]]}},{"type":"Feature","properties":{"cell_id":2158},"geometry":{"type":"Polygon","coordinates":[[[139.7428,36.8642],[139.8503,36.8642],[139.8503,36.9543],[139.7428,36.9543],[139.7428,36.8642]]]}},{"type":"Feature","properties":{"cell_id":2159},"geometry":{"type":"Polygon","coordinates":[[[139.8503,36.8642],[139.9577,36.8642],[139.9577,36.9543],[139.8503,36.9543],[139.8503,36.8642]]]}},{"type":"Feature","properties":{"cell_id":2160},"geometry":{"type":"Polygon","coordinates":[[[139.9577,36.8642],[140.0651,36.8642],[140.0651,36.9543],[139.9577,36.9543],[139.9577,36.8642]]]}},{"type":"Feature","properties":{"cell_id":2161},"geometry":{"type":"Polygon","coordinates":[[[140.0651,36.8642],[140.1725,36.8642],[140.1725,36.9543],[140.0651,36.9543],[140.0651,36.8642]]]}},{"type":"Feature","properties":{"cell_id":2162},"geometry":{"type":"Polygon","coordinates":[[[140.1725,36.8642],[140.2799,36.8642],[140.2799,36.9543],[140.1725,36.9543],[140.1725,36.8642]]]}},{"type":"Feature","properties":{"cell_id":2163},"geometry":{"type":"Polygon","coordinates":[[[140.2799,36.8642],[140.3873,36.8642],[140.3873,36.9543],[140.2799,36.9543],[140.2799,36.8642]]]}},{"type":"Feature","properties":{"cell_id":2164},"geometry":{"type":"Polygon","coordinates":[[[140.3873,36.8642],[140.4947,36.8642],[140.4947,36.9543],[140.3873,36.9543],[140.3873,36.8642]]]}},{"type":"Feature","properties":{"cell_id":2165},"geometry":{"type":"Polygon","coordinates":[[[140.4947,36.8642],[140.6021,36.8642],[140.6021,36.9543],[140.4947,36.9543],[140.4947,36.8642]]]}},{"type":"Feature","properties":{"cell_id":2166},"geometry":{"type":"Polygon","coordinates":[[[140.6021,36.8642],[140.7095,36.8642],[140.7095,36.9543],[140.6021,36.9543],[140.6021,36.8642]]]}},{"type":"Feature","properties":{"cell_id":2167},"geometry":{"type":"Polygon","coordinates":[[[140.7095,36.8642],[140.8169,36.8642],[140.8169,36.9543],[140.7095,36.9543],[140.7095,36.8642]]]}},{"type":"Feature","properties":{"cell_id":2168},"geometry":{"type":"Polygon","coordinates":[[[136.7354,36.9543],[136.8428,36.9543],[136.8428,37.0444],[136.7354,37.0444],[136.7354,36.9543]]]}},{"type":"Feature","properties":{"cell_id":2169},"geometry":{"type":"Polygon","coordinates":[[[136.8428,36.9543],[136.9502,36.9543],[136.9502,37.0444],[136.8428,37.0444],[136.8428,36.9543]]]}},{"type":"Feature","properties":{"cell_id":2170},"geometry":{"type":"Polygon","coordinates":[[[136.9502,36.9543],[137.0576,36.9543],[137.0576,37.0444],[136.9502,37.0444],[136.9502,36.9543]]]}},{"type":"Feature","properties":{"cell_id":2171},"geometry":{"type":"Polygon","coordinates":[[[137.7021,36.9543],[137.8095,36.9543],[137.8095,37.0444],[137.7021,37.0444],[137.7021,36.9543]]]}},{"type":"Feature","properties":{"cell_id":2172},"geometry":{"type":"Polygon","coordinates":[[[137.8095,36.9543],[137.9169,36.9543],[137.9169,37.0444],[137.8095,37.0444],[137.8095,36.9543]]]}},{"type":"Feature","properties":{"cell_id":2173},"geometry":{"type":"Polygon","coordinates":[[[137.9169,36.9543],[138.0243,36.9543],[138.0243,37.0444],[137.9169,37.0444],[137.9169,36.9543]]]}},{"type":"Feature","properties":{"cell_id":2174},"geometry":{"type":"Polygon","coordinates":[[[138.0243,36.9543],[138.1317,36.9543],[138.1317,37.0444],[138.0243,37.0444],[138.0243,36.9543]]]}},{"type":"Feature","properties":{"cell_id":2175},"geometry":{"type":"Polygon","coordinates":[[[138.1317,36.9543],[138.2391,36.9543],[138.2391,37.0444],[138.1317,37.0444],[138.1317,36.9543]]]}},{"type":"Feature","properties":{"cell_id":2176},"geometry":{"type":"Polygon","coordinates":[[[138.2391,36.9543],[138.3465,36.9543],[138.3465,37.0444],[138.2391,37.0444],[138.2391,36.9543]]]}},{"type":"Feature","properties":{"cell_id":2177},"geometry":{"type":"Polygon","coordinates":[[[138.3465,36.9543],[138.4539,36.9543],[138.4539,37.0444],[138.3465,37.0444],[138.3465,36.9543]]]}},{"type":"Feature","properties":{"cell_id":2178},"geometry":{"type":"Polygon","coordinates":[[[138.4539,36.9543],[138.5614,36.9543],[138.5614,37.0444],[138.4539,37.0444],[138.4539,36.9543]]]}},{"type":"Feature","properties":{"cell_id":2179},"geometry":{"type":"Polygon","coordinates":[[[138.5614,36.9543],[138.6688,36.9543],[138.6688,37.0444],[138.5614,37.0444],[138.5614,36.9543]]]}},{"type":"Feature","properties":{"cell_id":2180},"geometry":{"type":"Polygon","coordinates":[[[138.6688,36.9543],[138.7762,36.9543],[138.7762,37.0444],[138.6688,37.0444],[138.6688,36.9543]]]}},{"type":"Feature","properties":{"cell_id":2181},"geometry":{"type":"Polygon","coordinates":[[[138.7762,36.9543],[138.8836,36.9543],[138.8836,37.0444],[138.7762,37.0444],[138.7762,36.9543]]]}},{"type":"Feature","properties":{"cell_id":2182},"geometry":{"type":"Polygon","coordinates":[[[138.8836,36.9543],[138.991,36.9543],[138.991,37.0444],[138.8836,37.0444],[138.8836,36.9543]]]}},{"type":"Feature","properties":{"cell_id":2183},"geometry":{"type":"Polygon","coordinates":[[[138.991,36.9543],[139.0984,36.9543],[139.0984,37.0444],[138.991,37.0444],[138.991,36.9543]]]}},{"type":"Feature","properties":{"cell_id":2184},"geometry":{"type":"Polygon","coordinates":[[[139.0984,36.9543],[139.2058,36.9543],[139.2058,37.0444],[139.0984,37.0444],[139.0984,36.9543]]]}},{"type":"Feature","properties":{"cell_id":2185},"geometry":{"type":"Polygon","coordinates":[[[139.2058,36.9543],[139.3132,36.9543],[139.3132,37.0444],[139.2058,37.0444],[139.2058,36.9543]]]}},{"type":"Feature","properties":{"cell_id":2186},"geometry":{"type":"Polygon","coordinates":[[[139.3132,36.9543],[139.4206,36.9543],[139.4206,37.0444],[139.3132,37.0444],[139.3132,36.9543]]]}},{"type":"Feature","properties":{"cell_id":2187},"geometry":{"type":"Polygon","coordinates":[[[139.4206,36.9543],[139.528,36.9543],[139.528,37.0444],[139.4206,37.0444],[139.4206,36.9543]]]}},{"type":"Feature","properties":{"cell_id":2188},"geometry":{"type":"Polygon","coordinates":[[[139.528,36.9543],[139.6354,36.9543],[139.6354,37.0444],[139.528,37.0444],[139.528,36.9543]]]}},{"type":"Feature","properties":{"cell_id":2189},"geometry":{"type":"Polygon","coordinates":[[[139.6354,36.9543],[139.7428,36.9543],[139.7428,37.0444],[139.6354,37.0444],[139.6354,36.9543]]]}},{"type":"Feature","properties":{"cell_id":2190},"geometry":{"type":"Polygon","coordinates":[[[139.7428,36.9543],[139.8503,36.9543],[139.8503,37.0444],[139.7428,37.0444],[139.7428,36.9543]]]}},{"type":"Feature","properties":{"cell_id":2191},"geometry":{"type":"Polygon","coordinates":[[[139.8503,36.9543],[139.9577,36.9543],[139.9577,37.0444],[139.8503,37.0444],[139.8503,36.9543]]]}},{"type":"Feature","properties":{"cell_id":2192},"geometry":{"type":"Polygon","coordinates":[[[139.9577,36.9543],[140.0651,36.9543],[140.0651,37.0444],[139.9577,37.0444],[139.9577,36.9543]]]}},{"type":"Feature","properties":{"cell_id":2193},"geometry":{"type":"Polygon","coordinates":[[[140.0651,36.9543],[140.1725,36.9543],[140.1725,37.0444],[140.0651,37.0444],[140.0651,36.9543]]]}},{"type":"Feature","properties":{"cell_id":2194},"geometry":{"type":"Polygon","coordinates":[[[140.1725,36.9543],[140.2799,36.9543],[140.2799,37.0444],[140.1725,37.0444],[140.1725,36.9543]]]}},{"type":"Feature","properties":{"cell_id":2195},"geometry":{"type":"Polygon","coordinates":[[[140.2799,36.9543],[140.3873,36.9543],[140.3873,37.0444],[140.2799,37.0444],[140.2799,36.9543]]]}},{"type":"Feature","properties":{"cell_id":2196},"geometry":{"type":"Polygon","coordinates":[[[140.3873,36.9543],[140.4947,36.9543],[140.4947,37.0444],[140.3873,37.0444],[140.3873,36.9543]]]}},{"type":"Feature","properties":{"cell_id":2197},"geometry":{"type":"Polygon","coordinates":[[[140.4947,36.9543],[140.6021,36.9543],[140.6021,37.0444],[140.4947,37.0444],[140.4947,36.9543]]]}},{"type":"Feature","properties":{"cell_id":2198},"geometry":{"type":"Polygon","coordinates":[[[140.6021,36.9543],[140.7095,36.9543],[140.7095,37.0444],[140.6021,37.0444],[140.6021,36.9543]]]}},{"type":"Feature","properties":{"cell_id":2199},"geometry":{"type":"Polygon","coordinates":[[[140.7095,36.9543],[140.8169,36.9543],[140.8169,37.0444],[140.7095,37.0444],[140.7095,36.9543]]]}},{"type":"Feature","properties":{"cell_id":2200},"geometry":{"type":"Polygon","coordinates":[[[140.8169,36.9543],[140.9243,36.9543],[140.9243,37.0444],[140.8169,37.0444],[140.8169,36.9543]]]}},{"type":"Feature","properties":{"cell_id":2201},"geometry":{"type":"Polygon","coordinates":[[[140.9243,36.9543],[141.0317,36.9543],[141.0317,37.0444],[140.9243,37.0444],[140.9243,36.9543]]]}},{"type":"Feature","properties":{"cell_id":2202},"geometry":{"type":"Polygon","coordinates":[[[136.7354,37.0444],[136.8428,37.0444],[136.8428,37.1345],[136.7354,37.1345],[136.7354,37.0444]]]}},{"type":"Feature","properties":{"cell_id":2203},"geometry":{"type":"Polygon","coordinates":[[[137.9169,37.0444],[138.0243,37.0444],[138.0243,37.1345],[137.9169,37.1345],[137.9169,37.0444]]]}},{"type":"Feature","properties":{"cell_id":2204},"geometry":{"type":"Polygon","coordinates":[[[138.0243,37.0444],[138.1317,37.0444],[138.1317,37.1345],[138.0243,37.1345],[138.0243,37.0444]]]}},{"type":"Feature","properties":{"cell_id":2205},"geometry":{"type":"Polygon","coordinates":[[[138.1317,37.0444],[138.2391,37.0444],[138.2391,37.1345],[138.1317,37.1345],[138.1317,37.0444]]]}},{"type":"Feature","properties":{"cell_id":2206},"geometry":{"type":"Polygon","coordinates":[[[138.2391,37.0444],[138.3465,37.0444],[138.3465,37.1345],[138.2391,37.1345],[138.2391,37.0444]]]}},{"type":"Feature","properties":{"cell_id":2207},"geometry":{"type":"Polygon","coordinates":[[[138.3465,37.0444],[138.4539,37.0444],[138.4539,37.1345],[138.3465,37.1345],[138.3465,37.0444]]]}},{"type":"Feature","properties":{"cell_id":2208},"geometry":{"type":"Polygon","coordinates":[[[138.4539,37.0444],[138.5614,37.0444],[138.5614,37.1345],[138.4539,37.1345],[138.4539,37.0444]]]}},{"type":"Feature","properties":{"cell_id":2209},"geometry":{"type":"Polygon","coordinates":[[[138.5614,37.0444],[138.6688,37.0444],[138.6688,37.1345],[138.5614,37.1345],[138.5614,37.0444]]]}},{"type":"Feature","properties":{"cell_id":2210},"geometry":{"type":"Polygon","coordinates":[[[138.6688,37.0444],[138.7762,37.0444],[138.7762,37.1345],[138.6688,37.1345],[138.6688,37.0444]]]}},{"type":"Feature","properties":{"cell_id":2211},"geometry":{"type":"Polygon","coordinates":[[[138.7762,37.0444],[138.8836,37.0444],[138.8836,37.1345],[138.7762,37.1345],[138.7762,37.0444]]]}},{"type":"Feature","properties":{"cell_id":2212},"geometry":{"type":"Polygon","coordinates":[[[138.8836,37.0444],[138.991,37.0444],[138.991,37.1345],[138.8836,37.1345],[138.8836,37.0444]]]}},{"type":"Feature","properties":{"cell_id":2213},"geometry":{"type":"Polygon","coordinates":[[[138.991,37.0444],[139.0984,37.0444],[139.0984,37.1345],[138.991,37.1345],[138.991,37.0444]]]}},{"type":"Feature","properties":{"cell_id":2214},"geometry":{"type":"Polygon","coordinates":[[[139.0984,37.0444],[139.2058,37.0444],[139.2058,37.1345],[139.0984,37.1345],[139.0984,37.0444]]]}},{"type":"Feature","properties":{"cell_id":2215},"geometry":{"type":"Polygon","coordinates":[[[139.2058,37.0444],[139.3132,37.0444],[139.3132,37.1345],[139.2058,37.1345],[139.2058,37.0444]]]}},{"type":"Feature","properties":{"cell_id":2216},"geometry":{"type":"Polygon","coordinates":[[[139.3132,37.0444],[139.4206,37.0444],[139.4206,37.1345],[139.3132,37.1345],[139.3132,37.0444]]]}},{"type":"Feature","properties":{"cell_id":2217},"geometry":{"type":"Polygon","coordinates":[[[139.4206,37.0444],[139.528,37.0444],[139.528,37.1345],[139.4206,37.1345],[139.4206,37.0444]]]}},{"type":"Feature","properties":{"cell_id":2218},"geometry":{"type":"Polygon","coordinates":[[[139.528,37.0444],[139.6354,37.0444],[139.6354,37.1345],[139.528,37.1345],[139.528,37.0444]]]}},{"type":"Feature","properties":{"cell_id":2219},"geometry":{"type":"Polygon","coordinates":[[[139.6354,37.0444],[139.7428,37.0444],[139.7428,37.1345],[139.6354,37.1345],[139.6354,37.0444]]]}},{"type":"Feature","properties":{"cell_id":2220},"geometry":{"type":"Polygon","coordinates":[[[139.7428,37.0444],[139.8503,37.0444],[139.8503,37.1345],[139.7428,37.1345],[139.7428,37.0444]]]}},{"type":"Feature","properties":{"cell_id":2221},"geometry":{"type":"Polygon","coordinates":[[[139.8503,37.0444],[139.9577,37.0444],[139.9577,37.1345],[139.8503,37.1345],[139.8503,37.0444]]]}},{"type":"Feature","properties":{"cell_id":2222},"geometry":{"type":"Polygon","coordinates":[[[139.9577,37.0444],[140.0651,37.0444],[140.0651,37.1345],[139.9577,37.1345],[139.9577,37.0444]]]}},{"type":"Feature","properties":{"cell_id":2223},"geometry":{"type":"Polygon","coordinates":[[[140.0651,37.0444],[140.1725,37.0444],[140.1725,37.1345],[140.0651,37.1345],[140.0651,37.0444]]]}},{"type":"Feature","properties":{"cell_id":2224},"geometry":{"type":"Polygon","coordinates":[[[140.1725,37.0444],[140.2799,37.0444],[140.2799,37.1345],[140.1725,37.1345],[140.1725,37.0444]]]}},{"type":"Feature","properties":{"cell_id":2225},"geometry":{"type":"Polygon","coordinates":[[[140.2799,37.0444],[140.3873,37.0444],[140.3873,37.1345],[140.2799,37.1345],[140.2799,37.0444]]]}},{"type":"Feature","properties":{"cell_id":2226},"geometry":{"type":"Polygon","coordinates":[[[140.3873,37.0444],[140.4947,37.0444],[140.4947,37.1345],[140.3873,37.1345],[140.3873,37.0444]]]}},{"type":"Feature","properties":{"cell_id":2227},"geometry":{"type":"Polygon","coordinates":[[[140.4947,37.0444],[140.6021,37.0444],[140.6021,37.1345],[140.4947,37.1345],[140.4947,37.0444]]]}},{"type":"Feature","properties":{"cell_id":2228},"geometry":{"type":"Polygon","coordinates":[[[140.6021,37.0444],[140.7095,37.0444],[140.7095,37.1345],[140.6021,37.1345],[140.6021,37.0444]]]}},{"type":"Feature","properties":{"cell_id":2229},"geometry":{"type":"Polygon","coordinates":[[[140.7095,37.0444],[140.8169,37.0444],[140.8169,37.1345],[140.7095,37.1345],[140.7095,37.0444]]]}},{"type":"Feature","properties":{"cell_id":2230},"geometry":{"type":"Polygon","coordinates":[[[140.8169,37.0444],[140.9243,37.0444],[140.9243,37.1345],[140.8169,37.1345],[140.8169,37.0444]]]}},{"type":"Feature","properties":{"cell_id":2231},"geometry":{"type":"Polygon","coordinates":[[[140.9243,37.0444],[141.0317,37.0444],[141.0317,37.1345],[140.9243,37.1345],[140.9243,37.0444]]]}},{"type":"Feature","properties":{"cell_id":2232},"geometry":{"type":"Polygon","coordinates":[[[136.628,37.1345],[136.7354,37.1345],[136.7354,37.2245],[136.628,37.2245],[136.628,37.1345]]]}},{"type":"Feature","properties":{"cell_id":2233},"geometry":{"type":"Polygon","coordinates":[[[136.7354,37.1345],[136.8428,37.1345],[136.8428,37.2245],[136.7354,37.2245],[136.7354,37.1345]]]}},{"type":"Feature","properties":{"cell_id":2234},"geometry":{"type":"Polygon","coordinates":[[[136.8428,37.1345],[136.9502,37.1345],[136.9502,37.2245],[136.8428,37.2245],[136.8428,37.1345]]]}},{"type":"Feature","properties":{"cell_id":2235},"geometry":{"type":"Polygon","coordinates":[[[138.2391,37.1345],[138.3465,37.1345],[138.3465,37.2245],[138.2391,37.2245],[138.2391,37.1345]]]}},{"type":"Feature","properties":{"cell_id":2236},"geometry":{"type":"Polygon","coordinates":[[[138.3465,37.1345],[138.4539,37.1345],[138.4539,37.2245],[138.3465,37.2245],[138.3465,37.1345]]]}},{"type":"Feature","properties":{"cell_id":2237},"geometry":{"type":"Polygon","coordinates":[[[138.4539,37.1345],[138.5614,37.1345],[138.5614,37.2245],[138.4539,37.2245],[138.4539,37.1345]]]}},{"type":"Feature","properties":{"cell_id":2238},"geometry":{"type":"Polygon","coordinates":[[[138.5614,37.1345],[138.6688,37.1345],[138.6688,37.2245],[138.5614,37.2245],[138.5614,37.1345]]]}},{"type":"Feature","properties":{"cell_id":2239},"geometry":{"type":"Polygon","coordinates":[[[138.6688,37.1345],[138.7762,37.1345],[138.7762,37.2245],[138.6688,37.2245],[138.6688,37.1345]]]}},{"type":"Feature","properties":{"cell_id":2240},"geometry":{"type":"Polygon","coordinates":[[[138.7762,37.1345],[138.8836,37.1345],[138.8836,37.2245],[138.7762,37.2245],[138.7762,37.1345]]]}},{"type":"Feature","properties":{"cell_id":2241},"geometry":{"type":"Polygon","coordinates":[[[138.8836,37.1345],[138.991,37.1345],[138.991,37.2245],[138.8836,37.2245],[138.8836,37.1345]]]}},{"type":"Feature","properties":{"cell_id":2242},"geometry":{"type":"Polygon","coordinates":[[[138.991,37.1345],[139.0984,37.1345],[139.0984,37.2245],[138.991,37.2245],[138.991,37.1345]]]}},{"type":"Feature","properties":{"cell_id":2243},"geometry":{"type":"Polygon","coordinates":[[[139.0984,37.1345],[139.2058,37.1345],[139.2058,37.2245],[139.0984,37.2245],[139.0984,37.1345]]]}},{"type":"Feature","properties":{"cell_id":2244},"geometry":{"type":"Polygon","coordinates":[[[139.2058,37.1345],[139.3132,37.1345],[139.3132,37.2245],[139.2058,37.2245],[139.2058,37.1345]]]}},{"type":"Feature","properties":{"cell_id":2245},"geometry":{"type":"Polygon","coordinates":[[[139.3132,37.1345],[139.4206,37.1345],[139.4206,37.2245],[139.3132,37.2245],[139.3132,37.1345]]]}},{"type":"Feature","properties":{"cell_id":2246},"geometry":{"type":"Polygon","coordinates":[[[139.4206,37.1345],[139.528,37.1345],[139.528,37.2245],[139.4206,37.2245],[139.4206,37.1345]]]}},{"type":"Feature","properties":{"cell_id":2247},"geometry":{"type":"Polygon","coordinates":[[[139.528,37.1345],[139.6354,37.1345],[139.6354,37.2245],[139.528,37.2245],[139.528,37.1345]]]}},{"type":"Feature","properties":{"cell_id":2248},"geometry":{"type":"Polygon","coordinates":[[[139.6354,37.1345],[139.7428,37.1345],[139.7428,37.2245],[139.6354,37.2245],[139.6354,37.1345]]]}},{"type":"Feature","properties":{"cell_id":2249},"geometry":{"type":"Polygon","coordinates":[[[139.7428,37.1345],[139.8503,37.1345],[139.8503,37.2245],[139.7428,37.2245],[139.7428,37.1345]]]}},{"type":"Feature","properties":{"cell_id":2250},"geometry":{"type":"Polygon","coordinates":[[[139.8503,37.1345],[139.9577,37.1345],[139.9577,37.2245],[139.8503,37.2245],[139.8503,37.1345]]]}},{"type":"Feature","properties":{"cell_id":2251},"geometry":{"type":"Polygon","coordinates":[[[139.9577,37.1345],[140.0651,37.1345],[140.0651,37.2245],[139.9577,37.2245],[139.9577,37.1345]]]}},{"type":"Feature","properties":{"cell_id":2252},"geometry":{"type":"Polygon","coordinates":[[[140.0651,37.1345],[140.1725,37.1345],[140.1725,37.2245],[140.0651,37.2245],[140.0651,37.1345]]]}},{"type":"Feature","properties":{"cell_id":2253},"geometry":{"type":"Polygon","coordinates":[[[140.1725,37.1345],[140.2799,37.1345],[140.2799,37.2245],[140.1725,37.2245],[140.1725,37.1345]]]}},{"type":"Feature","properties":{"cell_id":2254},"geometry":{"type":"Polygon","coordinates":[[[140.2799,37.1345],[140.3873,37.1345],[140.3873,37.2245],[140.2799,37.2245],[140.2799,37.1345]]]}},{"type":"Feature","properties":{"cell_id":2255},"geometry":{"type":"Polygon","coordinates":[[[140.3873,37.1345],[140.4947,37.1345],[140.4947,37.2245],[140.3873,37.2245],[140.3873,37.1345]]]}},{"type":"Feature","properties":{"cell_id":2256},"geometry":{"type":"Polygon","coordinates":[[[140.4947,37.1345],[140.6021,37.1345],[140.6021,37.2245],[140.4947,37.2245],[140.4947,37.1345]]]}},{"type":"Feature","properties":{"cell_id":2257},"geometry":{"type":"Polygon","coordinates":[[[140.6021,37.1345],[140.7095,37.1345],[140.7095,37.2245],[140.6021,37.2245],[140.6021,37.1345]]]}},{"type":"Feature","properties":{"cell_id":2258},"geometry":{"type":"Polygon","coordinates":[[[140.7095,37.1345],[140.8169,37.1345],[140.8169,37.2245],[140.7095,37.2245],[140.7095,37.1345]]]}},{"type":"Feature","properties":{"cell_id":2259},"geometry":{"type":"Polygon","coordinates":[[[140.8169,37.1345],[140.9243,37.1345],[140.9243,37.2245],[140.8169,37.2245],[140.8169,37.1345]]]}},{"type":"Feature","properties":{"cell_id":2260},"geometry":{"type":"Polygon","coordinates":[[[140.9243,37.1345],[141.0317,37.1345],[141.0317,37.2245],[140.9243,37.2245],[140.9243,37.1345]]]}},{"type":"Feature","properties":{"cell_id":2261},"geometry":{"type":"Polygon","coordinates":[[[136.7354,37.2245],[136.8428,37.2245],[136.8428,37.3146],[136.7354,37.3146],[136.7354,37.2245]]]}},{"type":"Feature","properties":{"cell_id":2262},"geometry":{"type":"Polygon","coordinates":[[[136.8428,37.2245],[136.9502,37.2245],[136.9502,37.3146],[136.8428,37.3146],[136.8428,37.2245]]]}},{"type":"Feature","properties":{"cell_id":2263},"geometry":{"type":"Polygon","coordinates":[[[136.9502,37.2245],[137.0576,37.2245],[137.0576,37.3146],[136.9502,37.3146],[136.9502,37.2245]]]}},{"type":"Feature","properties":{"cell_id":2264},"geometry":{"type":"Polygon","coordinates":[[[138.3465,37.2245],[138.4539,37.2245],[138.4539,37.3146],[138.3465,37.3146],[138.3465,37.2245]]]}},{"type":"Feature","properties":{"cell_id":2265},"geometry":{"type":"Polygon","coordinates":[[[138.4539,37.2245],[138.5614,37.2245],[138.5614,37.3146],[138.4539,37.3146],[138.4539,37.2245]]]}},{"type":"Feature","properties":{"cell_id":2266},"geometry":{"type":"Polygon","coordinates":[[[138.5614,37.2245],[138.6688,37.2245],[138.6688,37.3146],[138.5614,37.3146],[138.5614,37.2245]]]}},{"type":"Feature","properties":{"cell_id":2267},"geometry":{"type":"Polygon","coordinates":[[[138.6688,37.2245],[138.7762,37.2245],[138.7762,37.3146],[138.6688,37.3146],[138.6688,37.2245]]]}},{"type":"Feature","properties":{"cell_id":2268},"geometry":{"type":"Polygon","coordinates":[[[138.7762,37.2245],[138.8836,37.2245],[138.8836,37.3146],[138.7762,37.3146],[138.7762,37.2245]]]}},{"type":"Feature","properties":{"cell_id":2269},"geometry":{"type":"Polygon","coordinates":[[[138.8836,37.2245],[138.991,37.2245],[138.991,37.3146],[138.8836,37.3146],[138.8836,37.2245]]]}},{"type":"Feature","properties":{"cell_id":2270},"geometry":{"type":"Polygon","coordinates":[[[138.991,37.2245],[139.0984,37.2245],[139.0984,37.3146],[138.991,37.3146],[138.991,37.2245]]]}},{"type":"Feature","properties":{"cell_id":2271},"geometry":{"type":"Polygon","coordinates":[[[139.0984,37.2245],[139.2058,37.2245],[139.2058,37.3146],[139.0984,37.3146],[139.0984,37.2245]]]}},{"type":"Feature","properties":{"cell_id":2272},"geometry":{"type":"Polygon","coordinates":[[[139.2058,37.2245],[139.3132,37.2245],[139.3132,37.3146],[139.2058,37.3146],[139.2058,37.2245]]]}},{"type":"Feature","properties":{"cell_id":2273},"geometry":{"type":"Polygon","coordinates":[[[139.3132,37.2245],[139.4206,37.2245],[139.4206,37.3146],[139.3132,37.3146],[139.3132,37.2245]]]}},{"type":"Feature","properties":{"cell_id":2274},"geometry":{"type":"Polygon","coordinates":[[[139.4206,37.2245],[139.528,37.2245],[139.528,37.3146],[139.4206,37.3146],[139.4206,37.2245]]]}},{"type":"Feature","properties":{"cell_id":2275},"geometry":{"type":"Polygon","coordinates":[[[139.528,37.2245],[139.6354,37.2245],[139.6354,37.3146],[139.528,37.3146],[139.528,37.2245]]]}},{"type":"Feature","properties":{"cell_id":2276},"geometry":{"type":"Polygon","coordinates":[[[139.6354,37.2245],[139.7428,37.2245],[139.7428,37.3146],[139.6354,37.3146],[139.6354,37.2245]]]}},{"type":"Feature","properties":{"cell_id":2277},"geometry":{"type":"Polygon","coordinates":[[[139.7428,37.2245],[139.8503,37.2245],[139.8503,37.3146],[139.7428,37.3146],[139.7428,37.2245]]]}},{"type":"Feature","properties":{"cell_id":2278},"geometry":{"type":"Polygon","coordinates":[[[139.8503,37.2245],[139.9577,37.2245],[139.9577,37.3146],[139.8503,37.3146],[139.8503,37.2245]]]}},{"type":"Feature","properties":{"cell_id":2279},"geometry":{"type":"Polygon","coordinates":[[[139.9577,37.2245],[140.0651,37.2245],[140.0651,37.3146],[139.9577,37.3146],[139.9577,37.2245]]]}},{"type":"Feature","properties":{"cell_id":2280},"geometry":{"type":"Polygon","coordinates":[[[140.0651,37.2245],[140.1725,37.2245],[140.1725,37.3146],[140.0651,37.3146],[140.0651,37.2245]]]}},{"type":"Feature","properties":{"cell_id":2281},"geometry":{"type":"Polygon","coordinates":[[[140.1725,37.2245],[140.2799,37.2245],[140.2799,37.3146],[140.1725,37.3146],[140.1725,37.2245]]]}},{"type":"Feature","properties":{"cell_id":2282},"geometry":{"type":"Polygon","coordinates":[[[140.2799,37.2245],[140.3873,37.2245],[140.3873,37.3146],[140.2799,37.3146],[140.2799,37.2245]]]}},{"type":"Feature","properties":{"cell_id":2283},"geometry":{"type":"Polygon","coordinates":[[[140.3873,37.2245],[140.4947,37.2245],[140.4947,37.3146],[140.3873,37.3146],[140.3873,37.2245]]]}},{"type":"Feature","properties":{"cell_id":2284},"geometry":{"type":"Polygon","coordinates":[[[140.4947,37.2245],[140.6021,37.2245],[140.6021,37.3146],[140.4947,37.3146],[140.4947,37.2245]]]}},{"type":"Feature","properties":{"cell_id":2285},"geometry":{"type":"Polygon","coordinates":[[[140.6021,37.2245],[140.7095,37.2245],[140.7095,37.3146],[140.6021,37.3146],[140.6021,37.2245]]]}},{"type":"Feature","properties":{"cell_id":2286},"geometry":{"type":"Polygon","coordinates":[[[140.7095,37.2245],[140.8169,37.2245],[140.8169,37.3146],[140.7095,37.3146],[140.7095,37.2245]]]}},{"type":"Feature","properties":{"cell_id":2287},"geometry":{"type":"Polygon","coordinates":[[[140.8169,37.2245],[140.9243,37.2245],[140.9243,37.3146],[140.8169,37.3146],[140.8169,37.2245]]]}},{"type":"Feature","properties":{"cell_id":2288},"geometry":{"type":"Polygon","coordinates":[[[140.9243,37.2245],[141.0317,37.2245],[141.0317,37.3146],[140.9243,37.3146],[140.9243,37.2245]]]}},{"type":"Feature","properties":{"cell_id":2289},"geometry":{"type":"Polygon","coordinates":[[[136.7354,37.3146],[136.8428,37.3146],[136.8428,37.4047],[136.7354,37.4047],[136.7354,37.3146]]]}},{"type":"Feature","properties":{"cell_id":2290},"geometry":{"type":"Polygon","coordinates":[[[136.8428,37.3146],[136.9502,37.3146],[136.9502,37.4047],[136.8428,37.4047],[136.8428,37.3146]]]}},{"type":"Feature","properties":{"cell_id":2291},"geometry":{"type":"Polygon","coordinates":[[[136.9502,37.3146],[137.0576,37.3146],[137.0576,37.4047],[136.9502,37.4047],[136.9502,37.3146]]]}},{"type":"Feature","properties":{"cell_id":2292},"geometry":{"type":"Polygon","coordinates":[[[137.0576,37.3146],[137.1651,37.3146],[137.1651,37.4047],[137.0576,37.4047],[137.0576,37.3146]]]}},{"type":"Feature","properties":{"cell_id":2293},"geometry":{"type":"Polygon","coordinates":[[[137.1651,37.3146],[137.2725,37.3146],[137.2725,37.4047],[137.1651,37.4047],[137.1651,37.3146]]]}},{"type":"Feature","properties":{"cell_id":2294},"geometry":{"type":"Polygon","coordinates":[[[138.5614,37.3146],[138.6688,37.3146],[138.6688,37.4047],[138.5614,37.4047],[138.5614,37.3146]]]}},{"type":"Feature","properties":{"cell_id":2295},"geometry":{"type":"Polygon","coordinates":[[[138.6688,37.3146],[138.7762,37.3146],[138.7762,37.4047],[138.6688,37.4047],[138.6688,37.3146]]]}},{"type":"Feature","properties":{"cell_id":2296},"geometry":{"type":"Polygon","coordinates":[[[138.7762,37.3146],[138.8836,37.3146],[138.8836,37.4047],[138.7762,37.4047],[138.7762,37.3146]]]}},{"type":"Feature","properties":{"cell_id":2297},"geometry":{"type":"Polygon","coordinates":[[[138.8836,37.3146],[138.991,37.3146],[138.991,37.4047],[138.8836,37.4047],[138.8836,37.3146]]]}},{"type":"Feature","properties":{"cell_id":2298},"geometry":{"type":"Polygon","coordinates":[[[138.991,37.3146],[139.0984,37.3146],[139.0984,37.4047],[138.991,37.4047],[138.991,37.3146]]]}},{"type":"Feature","properties":{"cell_id":2299},"geometry":{"type":"Polygon","coordinates":[[[139.0984,37.3146],[139.2058,37.3146],[139.2058,37.4047],[139.0984,37.4047],[139.0984,37.3146]]]}},{"type":"Feature","properties":{"cell_id":2300},"geometry":{"type":"Polygon","coordinates":[[[139.2058,37.3146],[139.3132,37.3146],[139.3132,37.4047],[139.2058,37.4047],[139.2058,37.3146]]]}},{"type":"Feature","properties":{"cell_id":2301},"geometry":{"type":"Polygon","coordinates":[[[139.3132,37.3146],[139.4206,37.3146],[139.4206,37.4047],[139.3132,37.4047],[139.3132,37.3146]]]}},{"type":"Feature","properties":{"cell_id":2302},"geometry":{"type":"Polygon","coordinates":[[[139.4206,37.3146],[139.528,37.3146],[139.528,37.4047],[139.4206,37.4047],[139.4206,37.3146]]]}},{"type":"Feature","properties":{"cell_id":2303},"geometry":{"type":"Polygon","coordinates":[[[139.528,37.3146],[139.6354,37.3146],[139.6354,37.4047],[139.528,37.4047],[139.528,37.3146]]]}},{"type":"Feature","properties":{"cell_id":2304},"geometry":{"type":"Polygon","coordinates":[[[139.6354,37.3146],[139.7428,37.3146],[139.7428,37.4047],[139.6354,37.4047],[139.6354,37.3146]]]}},{"type":"Feature","properties":{"cell_id":2305},"geometry":{"type":"Polygon","coordinates":[[[139.7428,37.3146],[139.8503,37.3146],[139.8503,37.4047],[139.7428,37.4047],[139.7428,37.3146]]]}},{"type":"Feature","properties":{"cell_id":2306},"geometry":{"type":"Polygon","coordinates":[[[139.8503,37.3146],[139.9577,37.3146],[139.9577,37.4047],[139.8503,37.4047],[139.8503,37.3146]]]}},{"type":"Feature","properties":{"cell_id":2307},"geometry":{"type":"Polygon","coordinates":[[[139.9577,37.3146],[140.0651,37.3146],[140.0651,37.4047],[139.9577,37.4047],[139.9577,37.3146]]]}},{"type":"Feature","properties":{"cell_id":2308},"geometry":{"type":"Polygon","coordinates":[[[140.0651,37.3146],[140.1725,37.3146],[140.1725,37.4047],[140.0651,37.4047],[140.0651,37.3146]]]}},{"type":"Feature","properties":{"cell_id":2309},"geometry":{"type":"Polygon","coordinates":[[[140.1725,37.3146],[140.2799,37.3146],[140.2799,37.4047],[140.1725,37.4047],[140.1725,37.3146]]]}},{"type":"Feature","properties":{"cell_id":2310},"geometry":{"type":"Polygon","coordinates":[[[140.2799,37.3146],[140.3873,37.3146],[140.3873,37.4047],[140.2799,37.4047],[140.2799,37.3146]]]}},{"type":"Feature","properties":{"cell_id":2311},"geometry":{"type":"Polygon","coordinates":[[[140.3873,37.3146],[140.4947,37.3146],[140.4947,37.4047],[140.3873,37.4047],[140.3873,37.3146]]]}},{"type":"Feature","properties":{"cell_id":2312},"geometry":{"type":"Polygon","coordinates":[[[140.4947,37.3146],[140.6021,37.3146],[140.6021,37.4047],[140.4947,37.4047],[140.4947,37.3146]]]}},{"type":"Feature","properties":{"cell_id":2313},"geometry":{"type":"Polygon","coordinates":[[[140.6021,37.3146],[140.7095,37.3146],[140.7095,37.4047],[140.6021,37.4047],[140.6021,37.3146]]]}},{"type":"Feature","properties":{"cell_id":2314},"geometry":{"type":"Polygon","coordinates":[[[140.7095,37.3146],[140.8169,37.3146],[140.8169,37.4047],[140.7095,37.4047],[140.7095,37.3146]]]}},{"type":"Feature","properties":{"cell_id":2315},"geometry":{"type":"Polygon","coordinates":[[[140.8169,37.3146],[140.9243,37.3146],[140.9243,37.4047],[140.8169,37.4047],[140.8169,37.3146]]]}},{"type":"Feature","properties":{"cell_id":2316},"geometry":{"type":"Polygon","coordinates":[[[140.9243,37.3146],[141.0317,37.3146],[141.0317,37.4047],[140.9243,37.4047],[140.9243,37.3146]]]}},{"type":"Feature","properties":{"cell_id":2317},"geometry":{"type":"Polygon","coordinates":[[[137.0576,37.4047],[137.1651,37.4047],[137.1651,37.4948],[137.0576,37.4948],[137.0576,37.4047]]]}},{"type":"Feature","properties":{"cell_id":2318},"geometry":{"type":"Polygon","coordinates":[[[137.1651,37.4047],[137.2725,37.4047],[137.2725,37.4948],[137.1651,37.4948],[137.1651,37.4047]]]}},{"type":"Feature","properties":{"cell_id":2319},"geometry":{"type":"Polygon","coordinates":[[[137.2725,37.4047],[137.3799,37.4047],[137.3799,37.4948],[137.2725,37.4948],[137.2725,37.4047]]]}},{"type":"Feature","properties":{"cell_id":2320},"geometry":{"type":"Polygon","coordinates":[[[138.5614,37.4047],[138.6688,37.4047],[138.6688,37.4948],[138.5614,37.4948],[138.5614,37.4047]]]}},{"type":"Feature","properties":{"cell_id":2321},"geometry":{"type":"Polygon","coordinates":[[[138.6688,37.4047],[138.7762,37.4047],[138.7762,37.4948],[138.6688,37.4948],[138.6688,37.4047]]]}},{"type":"Feature","properties":{"cell_id":2322},"geometry":{"type":"Polygon","coordinates":[[[138.7762,37.4047],[138.8836,37.4047],[138.8836,37.4948],[138.7762,37.4948],[138.7762,37.4047]]]}},{"type":"Feature","properties":{"cell_id":2323},"geometry":{"type":"Polygon","coordinates":[[[138.8836,37.4047],[138.991,37.4047],[138.991,37.4948],[138.8836,37.4948],[138.8836,37.4047]]]}},{"type":"Feature","properties":{"cell_id":2324},"geometry":{"type":"Polygon","coordinates":[[[138.991,37.4047],[139.0984,37.4047],[139.0984,37.4948],[138.991,37.4948],[138.991,37.4047]]]}},{"type":"Feature","properties":{"cell_id":2325},"geometry":{"type":"Polygon","coordinates":[[[139.0984,37.4047],[139.2058,37.4047],[139.2058,37.4948],[139.0984,37.4948],[139.0984,37.4047]]]}},{"type":"Feature","properties":{"cell_id":2326},"geometry":{"type":"Polygon","coordinates":[[[139.2058,37.4047],[139.3132,37.4047],[139.3132,37.4948],[139.2058,37.4948],[139.2058,37.4047]]]}},{"type":"Feature","properties":{"cell_id":2327},"geometry":{"type":"Polygon","coordinates":[[[139.3132,37.4047],[139.4206,37.4047],[139.4206,37.4948],[139.3132,37.4948],[139.3132,37.4047]]]}},{"type":"Feature","properties":{"cell_id":2328},"geometry":{"type":"Polygon","coordinates":[[[139.4206,37.4047],[139.528,37.4047],[139.528,37.4948],[139.4206,37.4948],[139.4206,37.4047]]]}},{"type":"Feature","properties":{"cell_id":2329},"geometry":{"type":"Polygon","coordinates":[[[139.528,37.4047],[139.6354,37.4047],[139.6354,37.4948],[139.528,37.4948],[139.528,37.4047]]]}},{"type":"Feature","properties":{"cell_id":2330},"geometry":{"type":"Polygon","coordinates":[[[139.6354,37.4047],[139.7428,37.4047],[139.7428,37.4948],[139.6354,37.4948],[139.6354,37.4047]]]}},{"type":"Feature","properties":{"cell_id":2331},"geometry":{"type":"Polygon","coordinates":[[[139.7428,37.4047],[139.8503,37.4047],[139.8503,37.4948],[139.7428,37.4948],[139.7428,37.4047]]]}},{"type":"Feature","properties":{"cell_id":2332},"geometry":{"type":"Polygon","coordinates":[[[139.8503,37.4047],[139.9577,37.4047],[139.9577,37.4948],[139.8503,37.4948],[139.8503,37.4047]]]}},{"type":"Feature","properties":{"cell_id":2333},"geometry":{"type":"Polygon","coordinates":[[[139.9577,37.4047],[140.0651,37.4047],[140.0651,37.4948],[139.9577,37.4948],[139.9577,37.4047]]]}},{"type":"Feature","properties":{"cell_id":2334},"geometry":{"type":"Polygon","coordinates":[[[140.0651,37.4047],[140.1725,37.4047],[140.1725,37.4948],[140.0651,37.4948],[140.0651,37.4047]]]}},{"type":"Feature","properties":{"cell_id":2335},"geometry":{"type":"Polygon","coordinates":[[[140.1725,37.4047],[140.2799,37.4047],[140.2799,37.4948],[140.1725,37.4948],[140.1725,37.4047]]]}},{"type":"Feature","properties":{"cell_id":2336},"geometry":{"type":"Polygon","coordinates":[[[140.2799,37.4047],[140.3873,37.4047],[140.3873,37.4948],[140.2799,37.4948],[140.2799,37.4047]]]}},{"type":"Feature","properties":{"cell_id":2337},"geometry":{"type":"Polygon","coordinates":[[[140.3873,37.4047],[140.4947,37.4047],[140.4947,37.4948],[140.3873,37.4948],[140.3873,37.4047]]]}},{"type":"Feature","properties":{"cell_id":2338},"geometry":{"type":"Polygon","coordinates":[[[140.4947,37.4047],[140.6021,37.4047],[140.6021,37.4948],[140.4947,37.4948],[140.4947,37.4047]]]}},{"type":"Feature","properties":{"cell_id":2339},"geometry":{"type":"Polygon","coordinates":[[[140.6021,37.4047],[140.7095,37.4047],[140.7095,37.4948],[140.6021,37.4948],[140.6021,37.4047]]]}},{"type":"Feature","properties":{"cell_id":2340},"geometry":{"type":"Polygon","coordinates":[[[140.7095,37.4047],[140.8169,37.4047],[140.8169,37.4948],[140.7095,37.4948],[140.7095,37.4047]]]}},{"type":"Feature","properties":{"cell_id":2341},"geometry":{"type":"Polygon","coordinates":[[[140.8169,37.4047],[140.9243,37.4047],[140.9243,37.4948],[140.8169,37.4948],[140.8169,37.4047]]]}},{"type":"Feature","properties":{"cell_id":2342},"geometry":{"type":"Polygon","coordinates":[[[140.9243,37.4047],[141.0317,37.4047],[141.0317,37.4948],[140.9243,37.4948],[140.9243,37.4047]]]}},{"type":"Feature","properties":{"cell_id":2343},"geometry":{"type":"Polygon","coordinates":[[[138.6688,37.4948],[138.7762,37.4948],[138.7762,37.5849],[138.6688,37.5849],[138.6688,37.4948]]]}},{"type":"Feature","properties":{"cell_id":2344},"geometry":{"type":"Polygon","coordinates":[[[138.7762,37.4948],[138.8836,37.4948],[138.8836,37.5849],[138.7762,37.5849],[138.7762,37.4948]]]}},{"type":"Feature","properties":{"cell_id":2345},"geometry":{"type":"Polygon","coordinates":[[[138.8836,37.4948],[138.991,37.4948],[138.991,37.5849],[138.8836,37.5849],[138.8836,37.4948]]]}},{"type":"Feature","properties":{"cell_id":2346},"geometry":{"type":"Polygon","coordinates":[[[138.991,37.4948],[139.0984,37.4948],[139.0984,37.5849],[138.991,37.5849],[138.991,37.4948]]]}},{"type":"Feature","properties":{"cell_id":2347},"geometry":{"type":"Polygon","coordinates":[[[139.0984,37.4948],[139.2058,37.4948],[139.2058,37.5849],[139.0984,37.5849],[139.0984,37.4948]]]}},{"type":"Feature","properties":{"cell_id":2348},"geometry":{"type":"Polygon","coordinates":[[[139.2058,37.4948],[139.3132,37.4948],[139.3132,37.5849],[139.2058,37.5849],[139.2058,37.4948]]]}},{"type":"Feature","properties":{"cell_id":2349},"geometry":{"type":"Polygon","coordinates":[[[139.3132,37.4948],[139.4206,37.4948],[139.4206,37.5849],[139.3132,37.5849],[139.3132,37.4948]]]}},{"type":"Feature","properties":{"cell_id":2350},"geometry":{"type":"Polygon","coordinates":[[[139.4206,37.4948],[139.528,37.4948],[139.528,37.5849],[139.4206,37.5849],[139.4206,37.4948]]]}},{"type":"Feature","properties":{"cell_id":2351},"geometry":{"type":"Polygon","coordinates":[[[139.528,37.4948],[139.6354,37.4948],[139.6354,37.5849],[139.528,37.5849],[139.528,37.4948]]]}},{"type":"Feature","properties":{"cell_id":2352},"geometry":{"type":"Polygon","coordinates":[[[139.6354,37.4948],[139.7428,37.4948],[139.7428,37.5849],[139.6354,37.5849],[139.6354,37.4948]]]}},{"type":"Feature","properties":{"cell_id":2353},"geometry":{"type":"Polygon","coordinates":[[[139.7428,37.4948],[139.8503,37.4948],[139.8503,37.5849],[139.7428,37.5849],[139.7428,37.4948]]]}},{"type":"Feature","properties":{"cell_id":2354},"geometry":{"type":"Polygon","coordinates":[[[139.8503,37.4948],[139.9577,37.4948],[139.9577,37.5849],[139.8503,37.5849],[139.8503,37.4948]]]}},{"type":"Feature","properties":{"cell_id":2355},"geometry":{"type":"Polygon","coordinates":[[[139.9577,37.4948],[140.0651,37.4948],[140.0651,37.5849],[139.9577,37.5849],[139.9577,37.4948]]]}},{"type":"Feature","properties":{"cell_id":2356},"geometry":{"type":"Polygon","coordinates":[[[140.0651,37.4948],[140.1725,37.4948],[140.1725,37.5849],[140.0651,37.5849],[140.0651,37.4948]]]}},{"type":"Feature","properties":{"cell_id":2357},"geometry":{"type":"Polygon","coordinates":[[[140.1725,37.4948],[140.2799,37.4948],[140.2799,37.5849],[140.1725,37.5849],[140.1725,37.4948]]]}},{"type":"Feature","properties":{"cell_id":2358},"geometry":{"type":"Polygon","coordinates":[[[140.2799,37.4948],[140.3873,37.4948],[140.3873,37.5849],[140.2799,37.5849],[140.2799,37.4948]]]}},{"type":"Feature","properties":{"cell_id":2359},"geometry":{"type":"Polygon","coordinates":[[[140.3873,37.4948],[140.4947,37.4948],[140.4947,37.5849],[140.3873,37.5849],[140.3873,37.4948]]]}},{"type":"Feature","properties":{"cell_id":2360},"geometry":{"type":"Polygon","coordinates":[[[140.4947,37.4948],[140.6021,37.4948],[140.6021,37.5849],[140.4947,37.5849],[140.4947,37.4948]]]}},{"type":"Feature","properties":{"cell_id":2361},"geometry":{"type":"Polygon","coordinates":[[[140.6021,37.4948],[140.7095,37.4948],[140.7095,37.5849],[140.6021,37.5849],[140.6021,37.4948]]]}},{"type":"Feature","properties":{"cell_id":2362},"geometry":{"type":"Polygon","coordinates":[[[140.7095,37.4948],[140.8169,37.4948],[140.8169,37.5849],[140.7095,37.5849],[140.7095,37.4948]]]}},{"type":"Feature","properties":{"cell_id":2363},"geometry":{"type":"Polygon","coordinates":[[[140.8169,37.4948],[140.9243,37.4948],[140.9243,37.5849],[140.8169,37.5849],[140.8169,37.4948]]]}},{"type":"Feature","properties":{"cell_id":2364},"geometry":{"type":"Polygon","coordinates":[[[140.9243,37.4948],[141.0317,37.4948],[141.0317,37.5849],[140.9243,37.5849],[140.9243,37.4948]]]}},{"type":"Feature","properties":{"cell_id":2365},"geometry":{"type":"Polygon","coordinates":[[[138.7762,37.5849],[138.8836,37.5849],[138.8836,37.675],[138.7762,37.675],[138.7762,37.5849]]]}},{"type":"Feature","properties":{"cell_id":2366},"geometry":{"type":"Polygon","coordinates":[[[138.8836,37.5849],[138.991,37.5849],[138.991,37.675],[138.8836,37.675],[138.8836,37.5849]]]}},{"type":"Feature","properties":{"cell_id":2367},"geometry":{"type":"Polygon","coordinates":[[[138.991,37.5849],[139.0984,37.5849],[139.0984,37.675],[138.991,37.675],[138.991,37.5849]]]}},{"type":"Feature","properties":{"cell_id":2368},"geometry":{"type":"Polygon","coordinates":[[[139.0984,37.5849],[139.2058,37.5849],[139.2058,37.675],[139.0984,37.675],[139.0984,37.5849]]]}},{"type":"Feature","properties":{"cell_id":2369},"geometry":{"type":"Polygon","coordinates":[[[139.2058,37.5849],[139.3132,37.5849],[139.3132,37.675],[139.2058,37.675],[139.2058,37.5849]]]}},{"type":"Feature","properties":{"cell_id":2370},"geometry":{"type":"Polygon","coordinates":[[[139.3132,37.5849],[139.4206,37.5849],[139.4206,37.675],[139.3132,37.675],[139.3132,37.5849]]]}},{"type":"Feature","properties":{"cell_id":2371},"geometry":{"type":"Polygon","coordinates":[[[139.4206,37.5849],[139.528,37.5849],[139.528,37.675],[139.4206,37.675],[139.4206,37.5849]]]}},{"type":"Feature","properties":{"cell_id":2372},"geometry":{"type":"Polygon","coordinates":[[[139.528,37.5849],[139.6354,37.5849],[139.6354,37.675],[139.528,37.675],[139.528,37.5849]]]}},{"type":"Feature","properties":{"cell_id":2373},"geometry":{"type":"Polygon","coordinates":[[[139.6354,37.5849],[139.7428,37.5849],[139.7428,37.675],[139.6354,37.675],[139.6354,37.5849]]]}},{"type":"Feature","properties":{"cell_id":2374},"geometry":{"type":"Polygon","coordinates":[[[139.7428,37.5849],[139.8503,37.5849],[139.8503,37.675],[139.7428,37.675],[139.7428,37.5849]]]}},{"type":"Feature","properties":{"cell_id":2375},"geometry":{"type":"Polygon","coordinates":[[[139.8503,37.5849],[139.9577,37.5849],[139.9577,37.675],[139.8503,37.675],[139.8503,37.5849]]]}},{"type":"Feature","properties":{"cell_id":2376},"geometry":{"type":"Polygon","coordinates":[[[139.9577,37.5849],[140.0651,37.5849],[140.0651,37.675],[139.9577,37.675],[139.9577,37.5849]]]}},{"type":"Feature","properties":{"cell_id":2377},"geometry":{"type":"Polygon","coordinates":[[[140.0651,37.5849],[140.1725,37.5849],[140.1725,37.675],[140.0651,37.675],[140.0651,37.5849]]]}},{"type":"Feature","properties":{"cell_id":2378},"geometry":{"type":"Polygon","coordinates":[[[140.1725,37.5849],[140.2799,37.5849],[140.2799,37.675],[140.1725,37.675],[140.1725,37.5849]]]}},{"type":"Feature","properties":{"cell_id":2379},"geometry":{"type":"Polygon","coordinates":[[[140.2799,37.5849],[140.3873,37.5849],[140.3873,37.675],[140.2799,37.675],[140.2799,37.5849]]]}},{"type":"Feature","properties":{"cell_id":2380},"geometry":{"type":"Polygon","coordinates":[[[140.3873,37.5849],[140.4947,37.5849],[140.4947,37.675],[140.3873,37.675],[140.3873,37.5849]]]}},{"type":"Feature","properties":{"cell_id":2381},"geometry":{"type":"Polygon","coordinates":[[[140.4947,37.5849],[140.6021,37.5849],[140.6021,37.675],[140.4947,37.675],[140.4947,37.5849]]]}},{"type":"Feature","properties":{"cell_id":2382},"geometry":{"type":"Polygon","coordinates":[[[140.6021,37.5849],[140.7095,37.5849],[140.7095,37.675],[140.6021,37.675],[140.6021,37.5849]]]}},{"type":"Feature","properties":{"cell_id":2383},"geometry":{"type":"Polygon","coordinates":[[[140.7095,37.5849],[140.8169,37.5849],[140.8169,37.675],[140.7095,37.675],[140.7095,37.5849]]]}},{"type":"Feature","properties":{"cell_id":2384},"geometry":{"type":"Polygon","coordinates":[[[140.8169,37.5849],[140.9243,37.5849],[140.9243,37.675],[140.8169,37.675],[140.8169,37.5849]]]}},{"type":"Feature","properties":{"cell_id":2385},"geometry":{"type":"Polygon","coordinates":[[[140.9243,37.5849],[141.0317,37.5849],[141.0317,37.675],[140.9243,37.675],[140.9243,37.5849]]]}},{"type":"Feature","properties":{"cell_id":2386},"geometry":{"type":"Polygon","coordinates":[[[138.7762,37.675],[138.8836,37.675],[138.8836,37.7651],[138.7762,37.7651],[138.7762,37.675]]]}},{"type":"Feature","properties":{"cell_id":2387},"geometry":{"type":"Polygon","coordinates":[[[138.8836,37.675],[138.991,37.675],[138.991,37.7651],[138.8836,37.7651],[138.8836,37.675]]]}},{"type":"Feature","properties":{"cell_id":2388},"geometry":{"type":"Polygon","coordinates":[[[138.991,37.675],[139.0984,37.675],[139.0984,37.7651],[138.991,37.7651],[138.991,37.675]]]}},{"type":"Feature","properties":{"cell_id":2389},"geometry":{"type":"Polygon","coordinates":[[[139.0984,37.675],[139.2058,37.675],[139.2058,37.7651],[139.0984,37.7651],[139.0984,37.675]]]}},{"type":"Feature","properties":{"cell_id":2390},"geometry":{"type":"Polygon","coordinates":[[[139.2058,37.675],[139.3132,37.675],[139.3132,37.7651],[139.2058,37.7651],[139.2058,37.675]]]}},{"type":"Feature","properties":{"cell_id":2391},"geometry":{"type":"Polygon","coordinates":[[[139.3132,37.675],[139.4206,37.675],[139.4206,37.7651],[139.3132,37.7651],[139.3132,37.675]]]}},{"type":"Feature","properties":{"cell_id":2392},"geometry":{"type":"Polygon","coordinates":[[[139.4206,37.675],[139.528,37.675],[139.528,37.7651],[139.4206,37.7651],[139.4206,37.675]]]}},{"type":"Feature","properties":{"cell_id":2393},"geometry":{"type":"Polygon","coordinates":[[[139.528,37.675],[139.6354,37.675],[139.6354,37.7651],[139.528,37.7651],[139.528,37.675]]]}},{"type":"Feature","properties":{"cell_id":2394},"geometry":{"type":"Polygon","coordinates":[[[139.6354,37.675],[139.7428,37.675],[139.7428,37.7651],[139.6354,37.7651],[139.6354,37.675]]]}},{"type":"Feature","properties":{"cell_id":2395},"geometry":{"type":"Polygon","coordinates":[[[139.7428,37.675],[139.8503,37.675],[139.8503,37.7651],[139.7428,37.7651],[139.7428,37.675]]]}},{"type":"Feature","properties":{"cell_id":2396},"geometry":{"type":"Polygon","coordinates":[[[139.8503,37.675],[139.9577,37.675],[139.9577,37.7651],[139.8503,37.7651],[139.8503,37.675]]]}},{"type":"Feature","properties":{"cell_id":2397},"geometry":{"type":"Polygon","coordinates":[[[139.9577,37.675],[140.0651,37.675],[140.0651,37.7651],[139.9577,37.7651],[139.9577,37.675]]]}},{"type":"Feature","properties":{"cell_id":2398},"geometry":{"type":"Polygon","coordinates":[[[140.0651,37.675],[140.1725,37.675],[140.1725,37.7651],[140.0651,37.7651],[140.0651,37.675]]]}},{"type":"Feature","properties":{"cell_id":2399},"geometry":{"type":"Polygon","coordinates":[[[140.1725,37.675],[140.2799,37.675],[140.2799,37.7651],[140.1725,37.7651],[140.1725,37.675]]]}},{"type":"Feature","properties":{"cell_id":2400},"geometry":{"type":"Polygon","coordinates":[[[140.2799,37.675],[140.3873,37.675],[140.3873,37.7651],[140.2799,37.7651],[140.2799,37.675]]]}},{"type":"Feature","properties":{"cell_id":2401},"geometry":{"type":"Polygon","coordinates":[[[140.3873,37.675],[140.4947,37.675],[140.4947,37.7651],[140.3873,37.7651],[140.3873,37.675]]]}},{"type":"Feature","properties":{"cell_id":2402},"geometry":{"type":"Polygon","coordinates":[[[140.4947,37.675],[140.6021,37.675],[140.6021,37.7651],[140.4947,37.7651],[140.4947,37.675]]]}},{"type":"Feature","properties":{"cell_id":2403},"geometry":{"type":"Polygon","coordinates":[[[140.6021,37.675],[140.7095,37.675],[140.7095,37.7651],[140.6021,37.7651],[140.6021,37.675]]]}},{"type":"Feature","properties":{"cell_id":2404},"geometry":{"type":"Polygon","coordinates":[[[140.7095,37.675],[140.8169,37.675],[140.8169,37.7651],[140.7095,37.7651],[140.7095,37.675]]]}},{"type":"Feature","properties":{"cell_id":2405},"geometry":{"type":"Polygon","coordinates":[[[140.8169,37.675],[140.9243,37.675],[140.9243,37.7651],[140.8169,37.7651],[140.8169,37.675]]]}},{"type":"Feature","properties":{"cell_id":2406},"geometry":{"type":"Polygon","coordinates":[[[140.9243,37.675],[141.0317,37.675],[141.0317,37.7651],[140.9243,37.7651],[140.9243,37.675]]]}},{"type":"Feature","properties":{"cell_id":2407},"geometry":{"type":"Polygon","coordinates":[[[138.8836,37.7651],[138.991,37.7651],[138.991,37.8552],[138.8836,37.8552],[138.8836,37.7651]]]}},{"type":"Feature","properties":{"cell_id":2408},"geometry":{"type":"Polygon","coordinates":[[[138.991,37.7651],[139.0984,37.7651],[139.0984,37.8552],[138.991,37.8552],[138.991,37.7651]]]}},{"type":"Feature","properties":{"cell_id":2409},"geometry":{"type":"Polygon","coordinates":[[[139.0984,37.7651],[139.2058,37.7651],[139.2058,37.8552],[139.0984,37.8552],[139.0984,37.7651]]]}},{"type":"Feature","properties":{"cell_id":2410},"geometry":{"type":"Polygon","coordinates":[[[139.2058,37.7651],[139.3132,37.7651],[139.3132,37.8552],[139.2058,37.8552],[139.2058,37.7651]]]}},{"type":"Feature","properties":{"cell_id":2411},"geometry":{"type":"Polygon","coordinates":[[[139.3132,37.7651],[139.4206,37.7651],[139.4206,37.8552],[139.3132,37.8552],[139.3132,37.7651]]]}},{"type":"Feature","properties":{"cell_id":2412},"geometry":{"type":"Polygon","coordinates":[[[139.4206,37.7651],[139.528,37.7651],[139.528,37.8552],[139.4206,37.8552],[139.4206,37.7651]]]}},{"type":"Feature","properties":{"cell_id":2413},"geometry":{"type":"Polygon","coordinates":[[[139.528,37.7651],[139.6354,37.7651],[139.6354,37.8552],[139.528,37.8552],[139.528,37.7651]]]}},{"type":"Feature","properties":{"cell_id":2414},"geometry":{"type":"Polygon","coordinates":[[[139.6354,37.7651],[139.7428,37.7651],[139.7428,37.8552],[139.6354,37.8552],[139.6354,37.7651]]]}},{"type":"Feature","properties":{"cell_id":2415},"geometry":{"type":"Polygon","coordinates":[[[139.7428,37.7651],[139.8503,37.7651],[139.8503,37.8552],[139.7428,37.8552],[139.7428,37.7651]]]}},{"type":"Feature","properties":{"cell_id":2416},"geometry":{"type":"Polygon","coordinates":[[[139.8503,37.7651],[139.9577,37.7651],[139.9577,37.8552],[139.8503,37.8552],[139.8503,37.7651]]]}},{"type":"Feature","properties":{"cell_id":2417},"geometry":{"type":"Polygon","coordinates":[[[139.9577,37.7651],[140.0651,37.7651],[140.0651,37.8552],[139.9577,37.8552],[139.9577,37.7651]]]}},{"type":"Feature","properties":{"cell_id":2418},"geometry":{"type":"Polygon","coordinates":[[[140.0651,37.7651],[140.1725,37.7651],[140.1725,37.8552],[140.0651,37.8552],[140.0651,37.7651]]]}},{"type":"Feature","properties":{"cell_id":2419},"geometry":{"type":"Polygon","coordinates":[[[140.1725,37.7651],[140.2799,37.7651],[140.2799,37.8552],[140.1725,37.8552],[140.1725,37.7651]]]}},{"type":"Feature","properties":{"cell_id":2420},"geometry":{"type":"Polygon","coordinates":[[[140.2799,37.7651],[140.3873,37.7651],[140.3873,37.8552],[140.2799,37.8552],[140.2799,37.7651]]]}},{"type":"Feature","properties":{"cell_id":2421},"geometry":{"type":"Polygon","coordinates":[[[140.3873,37.7651],[140.4947,37.7651],[140.4947,37.8552],[140.3873,37.8552],[140.3873,37.7651]]]}},{"type":"Feature","properties":{"cell_id":2422},"geometry":{"type":"Polygon","coordinates":[[[140.4947,37.7651],[140.6021,37.7651],[140.6021,37.8552],[140.4947,37.8552],[140.4947,37.7651]]]}},{"type":"Feature","properties":{"cell_id":2423},"geometry":{"type":"Polygon","coordinates":[[[140.6021,37.7651],[140.7095,37.7651],[140.7095,37.8552],[140.6021,37.8552],[140.6021,37.7651]]]}},{"type":"Feature","properties":{"cell_id":2424},"geometry":{"type":"Polygon","coordinates":[[[140.7095,37.7651],[140.8169,37.7651],[140.8169,37.8552],[140.7095,37.8552],[140.7095,37.7651]]]}},{"type":"Feature","properties":{"cell_id":2425},"geometry":{"type":"Polygon","coordinates":[[[140.8169,37.7651],[140.9243,37.7651],[140.9243,37.8552],[140.8169,37.8552],[140.8169,37.7651]]]}},{"type":"Feature","properties":{"cell_id":2426},"geometry":{"type":"Polygon","coordinates":[[[140.9243,37.7651],[141.0317,37.7651],[141.0317,37.8552],[140.9243,37.8552],[140.9243,37.7651]]]}},{"type":"Feature","properties":{"cell_id":2427},"geometry":{"type":"Polygon","coordinates":[[[138.2391,37.8552],[138.3465,37.8552],[138.3465,37.9453],[138.2391,37.9453],[138.2391,37.8552]]]}},{"type":"Feature","properties":{"cell_id":2428},"geometry":{"type":"Polygon","coordinates":[[[138.3465,37.8552],[138.4539,37.8552],[138.4539,37.9453],[138.3465,37.9453],[138.3465,37.8552]]]}},{"type":"Feature","properties":{"cell_id":2429},"geometry":{"type":"Polygon","coordinates":[[[138.991,37.8552],[139.0984,37.8552],[139.0984,37.9453],[138.991,37.9453],[138.991,37.8552]]]}},{"type":"Feature","properties":{"cell_id":2430},"geometry":{"type":"Polygon","coordinates":[[[139.0984,37.8552],[139.2058,37.8552],[139.2058,37.9453],[139.0984,37.9453],[139.0984,37.8552]]]}},{"type":"Feature","properties":{"cell_id":2431},"geometry":{"type":"Polygon","coordinates":[[[139.2058,37.8552],[139.3132,37.8552],[139.3132,37.9453],[139.2058,37.9453],[139.2058,37.8552]]]}},{"type":"Feature","properties":{"cell_id":2432},"geometry":{"type":"Polygon","coordinates":[[[139.3132,37.8552],[139.4206,37.8552],[139.4206,37.9453],[139.3132,37.9453],[139.3132,37.8552]]]}},{"type":"Feature","properties":{"cell_id":2433},"geometry":{"type":"Polygon","coordinates":[[[139.4206,37.8552],[139.528,37.8552],[139.528,37.9453],[139.4206,37.9453],[139.4206,37.8552]]]}},{"type":"Feature","properties":{"cell_id":2434},"geometry":{"type":"Polygon","coordinates":[[[139.528,37.8552],[139.6354,37.8552],[139.6354,37.9453],[139.528,37.9453],[139.528,37.8552]]]}},{"type":"Feature","properties":{"cell_id":2435},"geometry":{"type":"Polygon","coordinates":[[[139.6354,37.8552],[139.7428,37.8552],[139.7428,37.9453],[139.6354,37.9453],[139.6354,37.8552]]]}},{"type":"Feature","properties":{"cell_id":2436},"geometry":{"type":"Polygon","coordinates":[[[139.7428,37.8552],[139.8503,37.8552],[139.8503,37.9453],[139.7428,37.9453],[139.7428,37.8552]]]}},{"type":"Feature","properties":{"cell_id":2437},"geometry":{"type":"Polygon","coordinates":[[[139.8503,37.8552],[139.9577,37.8552],[139.9577,37.9453],[139.8503,37.9453],[139.8503,37.8552]]]}},{"type":"Feature","properties":{"cell_id":2438},"geometry":{"type":"Polygon","coordinates":[[[139.9577,37.8552],[140.0651,37.8552],[140.0651,37.9453],[139.9577,37.9453],[139.9577,37.8552]]]}},{"type":"Feature","properties":{"cell_id":2439},"geometry":{"type":"Polygon","coordinates":[[[140.0651,37.8552],[140.1725,37.8552],[140.1725,37.9453],[140.0651,37.9453],[140.0651,37.8552]]]}},{"type":"Feature","properties":{"cell_id":2440},"geometry":{"type":"Polygon","coordinates":[[[140.1725,37.8552],[140.2799,37.8552],[140.2799,37.9453],[140.1725,37.9453],[140.1725,37.8552]]]}},{"type":"Feature","properties":{"cell_id":2441},"geometry":{"type":"Polygon","coordinates":[[[140.2799,37.8552],[140.3873,37.8552],[140.3873,37.9453],[140.2799,37.9453],[140.2799,37.8552]]]}},{"type":"Feature","properties":{"cell_id":2442},"geometry":{"type":"Polygon","coordinates":[[[140.3873,37.8552],[140.4947,37.8552],[140.4947,37.9453],[140.3873,37.9453],[140.3873,37.8552]]]}},{"type":"Feature","properties":{"cell_id":2443},"geometry":{"type":"Polygon","coordinates":[[[140.4947,37.8552],[140.6021,37.8552],[140.6021,37.9453],[140.4947,37.9453],[140.4947,37.8552]]]}},{"type":"Feature","properties":{"cell_id":2444},"geometry":{"type":"Polygon","coordinates":[[[140.6021,37.8552],[140.7095,37.8552],[140.7095,37.9453],[140.6021,37.9453],[140.6021,37.8552]]]}},{"type":"Feature","properties":{"cell_id":2445},"geometry":{"type":"Polygon","coordinates":[[[140.7095,37.8552],[140.8169,37.8552],[140.8169,37.9453],[140.7095,37.9453],[140.7095,37.8552]]]}},{"type":"Feature","properties":{"cell_id":2446},"geometry":{"type":"Polygon","coordinates":[[[140.8169,37.8552],[140.9243,37.8552],[140.9243,37.9453],[140.8169,37.9453],[140.8169,37.8552]]]}},{"type":"Feature","properties":{"cell_id":2447},"geometry":{"type":"Polygon","coordinates":[[[138.3465,37.9453],[138.4539,37.9453],[138.4539,38.0354],[138.3465,38.0354],[138.3465,37.9453]]]}},{"type":"Feature","properties":{"cell_id":2448},"geometry":{"type":"Polygon","coordinates":[[[138.4539,37.9453],[138.5614,37.9453],[138.5614,38.0354],[138.4539,38.0354],[138.4539,37.9453]]]}},{"type":"Feature","properties":{"cell_id":2449},"geometry":{"type":"Polygon","coordinates":[[[139.2058,37.9453],[139.3132,37.9453],[139.3132,38.0354],[139.2058,38.0354],[139.2058,37.9453]]]}},{"type":"Feature","properties":{"cell_id":2450},"geometry":{"type":"Polygon","coordinates":[[[139.3132,37.9453],[139.4206,37.9453],[139.4206,38.0354],[139.3132,38.0354],[139.3132,37.9453]]]}},{"type":"Feature","properties":{"cell_id":2451},"geometry":{"type":"Polygon","coordinates":[[[139.4206,37.9453],[139.528,37.9453],[139.528,38.0354],[139.4206,38.0354],[139.4206,37.9453]]]}},{"type":"Feature","properties":{"cell_id":2452},"geometry":{"type":"Polygon","coordinates":[[[139.528,37.9453],[139.6354,37.9453],[139.6354,38.0354],[139.528,38.0354],[139.528,37.9453]]]}},{"type":"Feature","properties":{"cell_id":2453},"geometry":{"type":"Polygon","coordinates":[[[139.6354,37.9453],[139.7428,37.9453],[139.7428,38.0354],[139.6354,38.0354],[139.6354,37.9453]]]}},{"type":"Feature","properties":{"cell_id":2454},"geometry":{"type":"Polygon","coordinates":[[[139.7428,37.9453],[139.8503,37.9453],[139.8503,38.0354],[139.7428,38.0354],[139.7428,37.9453]]]}},{"type":"Feature","properties":{"cell_id":2455},"geometry":{"type":"Polygon","coordinates":[[[139.8503,37.9453],[139.9577,37.9453],[139.9577,38.0354],[139.8503,38.0354],[139.8503,37.9453]]]}},{"type":"Feature","properties":{"cell_id":2456},"geometry":{"type":"Polygon","coordinates":[[[139.9577,37.9453],[140.0651,37.9453],[140.0651,38.0354],[139.9577,38.0354],[139.9577,37.9453]]]}},{"type":"Feature","properties":{"cell_id":2457},"geometry":{"type":"Polygon","coordinates":[[[140.0651,37.9453],[140.1725,37.9453],[140.1725,38.0354],[140.0651,38.0354],[140.0651,37.9453]]]}},{"type":"Feature","properties":{"cell_id":2458},"geometry":{"type":"Polygon","coordinates":[[[140.1725,37.9453],[140.2799,37.9453],[140.2799,38.0354],[140.1725,38.0354],[140.1725,37.9453]]]}},{"type":"Feature","properties":{"cell_id":2459},"geometry":{"type":"Polygon","coordinates":[[[140.2799,37.9453],[140.3873,37.9453],[140.3873,38.0354],[140.2799,38.0354],[140.2799,37.9453]]]}},{"type":"Feature","properties":{"cell_id":2460},"geometry":{"type":"Polygon","coordinates":[[[140.3873,37.9453],[140.4947,37.9453],[140.4947,38.0354],[140.3873,38.0354],[140.3873,37.9453]]]}},{"type":"Feature","properties":{"cell_id":2461},"geometry":{"type":"Polygon","coordinates":[[[140.4947,37.9453],[140.6021,37.9453],[140.6021,38.0354],[140.4947,38.0354],[140.4947,37.9453]]]}},{"type":"Feature","properties":{"cell_id":2462},"geometry":{"type":"Polygon","coordinates":[[[140.6021,37.9453],[140.7095,37.9453],[140.7095,38.0354],[140.6021,38.0354],[140.6021,37.9453]]]}},{"type":"Feature","properties":{"cell_id":2463},"geometry":{"type":"Polygon","coordinates":[[[140.7095,37.9453],[140.8169,37.9453],[140.8169,38.0354],[140.7095,38.0354],[140.7095,37.9453]]]}},{"type":"Feature","properties":{"cell_id":2464},"geometry":{"type":"Polygon","coordinates":[[[140.8169,37.9453],[140.9243,37.9453],[140.9243,38.0354],[140.8169,38.0354],[140.8169,37.9453]]]}},{"type":"Feature","properties":{"cell_id":2465},"geometry":{"type":"Polygon","coordinates":[[[138.2391,38.0354],[138.3465,38.0354],[138.3465,38.1254],[138.2391,38.1254],[138.2391,38.0354]]]}},{"type":"Feature","properties":{"cell_id":2466},"geometry":{"type":"Polygon","coordinates":[[[138.3465,38.0354],[138.4539,38.0354],[138.4539,38.1254],[138.3465,38.1254],[138.3465,38.0354]]]}},{"type":"Feature","properties":{"cell_id":2467},"geometry":{"type":"Polygon","coordinates":[[[139.3132,38.0354],[139.4206,38.0354],[139.4206,38.1254],[139.3132,38.1254],[139.3132,38.0354]]]}},{"type":"Feature","properties":{"cell_id":2468},"geometry":{"type":"Polygon","coordinates":[[[139.4206,38.0354],[139.528,38.0354],[139.528,38.1254],[139.4206,38.1254],[139.4206,38.0354]]]}},{"type":"Feature","properties":{"cell_id":2469},"geometry":{"type":"Polygon","coordinates":[[[139.528,38.0354],[139.6354,38.0354],[139.6354,38.1254],[139.528,38.1254],[139.528,38.0354]]]}},{"type":"Feature","properties":{"cell_id":2470},"geometry":{"type":"Polygon","coordinates":[[[139.6354,38.0354],[139.7428,38.0354],[139.7428,38.1254],[139.6354,38.1254],[139.6354,38.0354]]]}},{"type":"Feature","properties":{"cell_id":2471},"geometry":{"type":"Polygon","coordinates":[[[139.7428,38.0354],[139.8503,38.0354],[139.8503,38.1254],[139.7428,38.1254],[139.7428,38.0354]]]}},{"type":"Feature","properties":{"cell_id":2472},"geometry":{"type":"Polygon","coordinates":[[[139.8503,38.0354],[139.9577,38.0354],[139.9577,38.1254],[139.8503,38.1254],[139.8503,38.0354]]]}},{"type":"Feature","properties":{"cell_id":2473},"geometry":{"type":"Polygon","coordinates":[[[139.9577,38.0354],[140.0651,38.0354],[140.0651,38.1254],[139.9577,38.1254],[139.9577,38.0354]]]}},{"type":"Feature","properties":{"cell_id":2474},"geometry":{"type":"Polygon","coordinates":[[[140.0651,38.0354],[140.1725,38.0354],[140.1725,38.1254],[140.0651,38.1254],[140.0651,38.0354]]]}},{"type":"Feature","properties":{"cell_id":2475},"geometry":{"type":"Polygon","coordinates":[[[140.1725,38.0354],[140.2799,38.0354],[140.2799,38.1254],[140.1725,38.1254],[140.1725,38.0354]]]}},{"type":"Feature","properties":{"cell_id":2476},"geometry":{"type":"Polygon","coordinates":[[[140.2799,38.0354],[140.3873,38.0354],[140.3873,38.1254],[140.2799,38.1254],[140.2799,38.0354]]]}},{"type":"Feature","properties":{"cell_id":2477},"geometry":{"type":"Polygon","coordinates":[[[140.3873,38.0354],[140.4947,38.0354],[140.4947,38.1254],[140.3873,38.1254],[140.3873,38.0354]]]}},{"type":"Feature","properties":{"cell_id":2478},"geometry":{"type":"Polygon","coordinates":[[[140.4947,38.0354],[140.6021,38.0354],[140.6021,38.1254],[140.4947,38.1254],[140.4947,38.0354]]]}},{"type":"Feature","properties":{"cell_id":2479},"geometry":{"type":"Polygon","coordinates":[[[140.6021,38.0354],[140.7095,38.0354],[140.7095,38.1254],[140.6021,38.1254],[140.6021,38.0354]]]}},{"type":"Feature","properties":{"cell_id":2480},"geometry":{"type":"Polygon","coordinates":[[[140.7095,38.0354],[140.8169,38.0354],[140.8169,38.1254],[140.7095,38.1254],[140.7095,38.0354]]]}},{"type":"Feature","properties":{"cell_id":2481},"geometry":{"type":"Polygon","coordinates":[[[140.8169,38.0354],[140.9243,38.0354],[140.9243,38.1254],[140.8169,38.1254],[140.8169,38.0354]]]}},{"type":"Feature","properties":{"cell_id":2482},"geometry":{"type":"Polygon","coordinates":[[[138.3465,38.1254],[138.4539,38.1254],[138.4539,38.2155],[138.3465,38.2155],[138.3465,38.1254]]]}},{"type":"Feature","properties":{"cell_id":2483},"geometry":{"type":"Polygon","coordinates":[[[139.4206,38.1254],[139.528,38.1254],[139.528,38.2155],[139.4206,38.2155],[139.4206,38.1254]]]}},{"type":"Feature","properties":{"cell_id":2484},"geometry":{"type":"Polygon","coordinates":[[[139.528,38.1254],[139.6354,38.1254],[139.6354,38.2155],[139.528,38.2155],[139.528,38.1254]]]}},{"type":"Feature","properties":{"cell_id":2485},"geometry":{"type":"Polygon","coordinates":[[[139.6354,38.1254],[139.7428,38.1254],[139.7428,38.2155],[139.6354,38.2155],[139.6354,38.1254]]]}},{"type":"Feature","properties":{"cell_id":2486},"geometry":{"type":"Polygon","coordinates":[[[139.7428,38.1254],[139.8503,38.1254],[139.8503,38.2155],[139.7428,38.2155],[139.7428,38.1254]]]}},{"type":"Feature","properties":{"cell_id":2487},"geometry":{"type":"Polygon","coordinates":[[[139.8503,38.1254],[139.9577,38.1254],[139.9577,38.2155],[139.8503,38.2155],[139.8503,38.1254]]]}},{"type":"Feature","properties":{"cell_id":2488},"geometry":{"type":"Polygon","coordinates":[[[139.9577,38.1254],[140.0651,38.1254],[140.0651,38.2155],[139.9577,38.2155],[139.9577,38.1254]]]}},{"type":"Feature","properties":{"cell_id":2489},"geometry":{"type":"Polygon","coordinates":[[[140.0651,38.1254],[140.1725,38.1254],[140.1725,38.2155],[140.0651,38.2155],[140.0651,38.1254]]]}},{"type":"Feature","properties":{"cell_id":2490},"geometry":{"type":"Polygon","coordinates":[[[140.1725,38.1254],[140.2799,38.1254],[140.2799,38.2155],[140.1725,38.2155],[140.1725,38.1254]]]}},{"type":"Feature","properties":{"cell_id":2491},"geometry":{"type":"Polygon","coordinates":[[[140.2799,38.1254],[140.3873,38.1254],[140.3873,38.2155],[140.2799,38.2155],[140.2799,38.1254]]]}},{"type":"Feature","properties":{"cell_id":2492},"geometry":{"type":"Polygon","coordinates":[[[140.3873,38.1254],[140.4947,38.1254],[140.4947,38.2155],[140.3873,38.2155],[140.3873,38.1254]]]}},{"type":"Feature","properties":{"cell_id":2493},"geometry":{"type":"Polygon","coordinates":[[[140.4947,38.1254],[140.6021,38.1254],[140.6021,38.2155],[140.4947,38.2155],[140.4947,38.1254]]]}},{"type":"Feature","properties":{"cell_id":2494},"geometry":{"type":"Polygon","coordinates":[[[140.6021,38.1254],[140.7095,38.1254],[140.7095,38.2155],[140.6021,38.2155],[140.6021,38.1254]]]}},{"type":"Feature","properties":{"cell_id":2495},"geometry":{"type":"Polygon","coordinates":[[[140.7095,38.1254],[140.8169,38.1254],[140.8169,38.2155],[140.7095,38.2155],[140.7095,38.1254]]]}},{"type":"Feature","properties":{"cell_id":2496},"geometry":{"type":"Polygon","coordinates":[[[140.8169,38.1254],[140.9243,38.1254],[140.9243,38.2155],[140.8169,38.2155],[140.8169,38.1254]]]}},{"type":"Feature","properties":{"cell_id":2497},"geometry":{"type":"Polygon","coordinates":[[[139.4206,38.2155],[139.528,38.2155],[139.528,38.3056],[139.4206,38.3056],[139.4206,38.2155]]]}},{"type":"Feature","properties":{"cell_id":2498},"geometry":{"type":"Polygon","coordinates":[[[139.528,38.2155],[139.6354,38.2155],[139.6354,38.3056],[139.528,38.3056],[139.528,38.2155]]]}},{"type":"Feature","properties":{"cell_id":2499},"geometry":{"type":"Polygon","coordinates":[[[139.6354,38.2155],[139.7428,38.2155],[139.7428,38.3056],[139.6354,38.3056],[139.6354,38.2155]]]}},{"type":"Feature","properties":{"cell_id":2500},"geometry":{"type":"Polygon","coordinates":[[[139.7428,38.2155],[139.8503,38.2155],[139.8503,38.3056],[139.7428,38.3056],[139.7428,38.2155]]]}},{"type":"Feature","properties":{"cell_id":2501},"geometry":{"type":"Polygon","coordinates":[[[139.8503,38.2155],[139.9577,38.2155],[139.9577,38.3056],[139.8503,38.3056],[139.8503,38.2155]]]}},{"type":"Feature","properties":{"cell_id":2502},"geometry":{"type":"Polygon","coordinates":[[[139.9577,38.2155],[140.0651,38.2155],[140.0651,38.3056],[139.9577,38.3056],[139.9577,38.2155]]]}},{"type":"Feature","properties":{"cell_id":2503},"geometry":{"type":"Polygon","coordinates":[[[140.0651,38.2155],[140.1725,38.2155],[140.1725,38.3056],[140.0651,38.3056],[140.0651,38.2155]]]}},{"type":"Feature","properties":{"cell_id":2504},"geometry":{"type":"Polygon","coordinates":[[[140.1725,38.2155],[140.2799,38.2155],[140.2799,38.3056],[140.1725,38.3056],[140.1725,38.2155]]]}},{"type":"Feature","properties":{"cell_id":2505},"geometry":{"type":"Polygon","coordinates":[[[140.2799,38.2155],[140.3873,38.2155],[140.3873,38.3056],[140.2799,38.3056],[140.2799,38.2155]]]}},{"type":"Feature","properties":{"cell_id":2506},"geometry":{"type":"Polygon","coordinates":[[[140.3873,38.2155],[140.4947,38.2155],[140.4947,38.3056],[140.3873,38.3056],[140.3873,38.2155]]]}},{"type":"Feature","properties":{"cell_id":2507},"geometry":{"type":"Polygon","coordinates":[[[140.4947,38.2155],[140.6021,38.2155],[140.6021,38.3056],[140.4947,38.3056],[140.4947,38.2155]]]}},{"type":"Feature","properties":{"cell_id":2508},"geometry":{"type":"Polygon","coordinates":[[[140.6021,38.2155],[140.7095,38.2155],[140.7095,38.3056],[140.6021,38.3056],[140.6021,38.2155]]]}},{"type":"Feature","properties":{"cell_id":2509},"geometry":{"type":"Polygon","coordinates":[[[140.7095,38.2155],[140.8169,38.2155],[140.8169,38.3056],[140.7095,38.3056],[140.7095,38.2155]]]}},{"type":"Feature","properties":{"cell_id":2510},"geometry":{"type":"Polygon","coordinates":[[[140.8169,38.2155],[140.9243,38.2155],[140.9243,38.3056],[140.8169,38.3056],[140.8169,38.2155]]]}},{"type":"Feature","properties":{"cell_id":2511},"geometry":{"type":"Polygon","coordinates":[[[140.9243,38.2155],[141.0317,38.2155],[141.0317,38.3056],[140.9243,38.3056],[140.9243,38.2155]]]}},{"type":"Feature","properties":{"cell_id":2512},"geometry":{"type":"Polygon","coordinates":[[[139.4206,38.3056],[139.528,38.3056],[139.528,38.3957],[139.4206,38.3957],[139.4206,38.3056]]]}},{"type":"Feature","properties":{"cell_id":2513},"geometry":{"type":"Polygon","coordinates":[[[139.528,38.3056],[139.6354,38.3056],[139.6354,38.3957],[139.528,38.3957],[139.528,38.3056]]]}},{"type":"Feature","properties":{"cell_id":2514},"geometry":{"type":"Polygon","coordinates":[[[139.6354,38.3056],[139.7428,38.3056],[139.7428,38.3957],[139.6354,38.3957],[139.6354,38.3056]]]}},{"type":"Feature","properties":{"cell_id":2515},"geometry":{"type":"Polygon","coordinates":[[[139.7428,38.3056],[139.8503,38.3056],[139.8503,38.3957],[139.7428,38.3957],[139.7428,38.3056]]]}},{"type":"Feature","properties":{"cell_id":2516},"geometry":{"type":"Polygon","coordinates":[[[139.8503,38.3056],[139.9577,38.3056],[139.9577,38.3957],[139.8503,38.3957],[139.8503,38.3056]]]}},{"type":"Feature","properties":{"cell_id":2517},"geometry":{"type":"Polygon","coordinates":[[[139.9577,38.3056],[140.0651,38.3056],[140.0651,38.3957],[139.9577,38.3957],[139.9577,38.3056]]]}},{"type":"Feature","properties":{"cell_id":2518},"geometry":{"type":"Polygon","coordinates":[[[140.0651,38.3056],[140.1725,38.3056],[140.1725,38.3957],[140.0651,38.3957],[140.0651,38.3056]]]}},{"type":"Feature","properties":{"cell_id":2519},"geometry":{"type":"Polygon","coordinates":[[[140.1725,38.3056],[140.2799,38.3056],[140.2799,38.3957],[140.1725,38.3957],[140.1725,38.3056]]]}},{"type":"Feature","properties":{"cell_id":2520},"geometry":{"type":"Polygon","coordinates":[[[140.2799,38.3056],[140.3873,38.3056],[140.3873,38.3957],[140.2799,38.3957],[140.2799,38.3056]]]}},{"type":"Feature","properties":{"cell_id":2521},"geometry":{"type":"Polygon","coordinates":[[[140.3873,38.3056],[140.4947,38.3056],[140.4947,38.3957],[140.3873,38.3957],[140.3873,38.3056]]]}},{"type":"Feature","properties":{"cell_id":2522},"geometry":{"type":"Polygon","coordinates":[[[140.4947,38.3056],[140.6021,38.3056],[140.6021,38.3957],[140.4947,38.3957],[140.4947,38.3056]]]}},{"type":"Feature","properties":{"cell_id":2523},"geometry":{"type":"Polygon","coordinates":[[[140.6021,38.3056],[140.7095,38.3056],[140.7095,38.3957],[140.6021,38.3957],[140.6021,38.3056]]]}},{"type":"Feature","properties":{"cell_id":2524},"geometry":{"type":"Polygon","coordinates":[[[140.7095,38.3056],[140.8169,38.3056],[140.8169,38.3957],[140.7095,38.3957],[140.7095,38.3056]]]}},{"type":"Feature","properties":{"cell_id":2525},"geometry":{"type":"Polygon","coordinates":[[[140.8169,38.3056],[140.9243,38.3056],[140.9243,38.3957],[140.8169,38.3957],[140.8169,38.3056]]]}},{"type":"Feature","properties":{"cell_id":2526},"geometry":{"type":"Polygon","coordinates":[[[140.9243,38.3056],[141.0317,38.3056],[141.0317,38.3957],[140.9243,38.3957],[140.9243,38.3056]]]}},{"type":"Feature","properties":{"cell_id":2527},"geometry":{"type":"Polygon","coordinates":[[[141.4614,38.3056],[141.5688,38.3056],[141.5688,38.3957],[141.4614,38.3957],[141.4614,38.3056]]]}},{"type":"Feature","properties":{"cell_id":2528},"geometry":{"type":"Polygon","coordinates":[[[139.528,38.3957],[139.6354,38.3957],[139.6354,38.4858],[139.528,38.4858],[139.528,38.3957]]]}},{"type":"Feature","properties":{"cell_id":2529},"geometry":{"type":"Polygon","coordinates":[[[139.6354,38.3957],[139.7428,38.3957],[139.7428,38.4858],[139.6354,38.4858],[139.6354,38.3957]]]}},{"type":"Feature","properties":{"cell_id":2530},"geometry":{"type":"Polygon","coordinates":[[[139.7428,38.3957],[139.8503,38.3957],[139.8503,38.4858],[139.7428,38.4858],[139.7428,38.3957]]]}},{"type":"Feature","properties":{"cell_id":2531},"geometry":{"type":"Polygon","coordinates":[[[139.8503,38.3957],[139.9577,38.3957],[139.9577,38.4858],[139.8503,38.4858],[139.8503,38.3957]]]}},{"type":"Feature","properties":{"cell_id":2532},"geometry":{"type":"Polygon","coordinates":[[[139.9577,38.3957],[140.0651,38.3957],[140.0651,38.4858],[139.9577,38.4858],[139.9577,38.3957]]]}},{"type":"Feature","properties":{"cell_id":2533},"geometry":{"type":"Polygon","coordinates":[[[140.0651,38.3957],[140.1725,38.3957],[140.1725,38.4858],[140.0651,38.4858],[140.0651,38.3957]]]}},{"type":"Feature","properties":{"cell_id":2534},"geometry":{"type":"Polygon","coordinates":[[[140.1725,38.3957],[140.2799,38.3957],[140.2799,38.4858],[140.1725,38.4858],[140.1725,38.3957]]]}},{"type":"Feature","properties":{"cell_id":2535},"geometry":{"type":"Polygon","coordinates":[[[140.2799,38.3957],[140.3873,38.3957],[140.3873,38.4858],[140.2799,38.4858],[140.2799,38.3957]]]}},{"type":"Feature","properties":{"cell_id":2536},"geometry":{"type":"Polygon","coordinates":[[[140.3873,38.3957],[140.4947,38.3957],[140.4947,38.4858],[140.3873,38.4858],[140.3873,38.3957]]]}},{"type":"Feature","properties":{"cell_id":2537},"geometry":{"type":"Polygon","coordinates":[[[140.4947,38.3957],[140.6021,38.3957],[140.6021,38.4858],[140.4947,38.4858],[140.4947,38.3957]]]}},{"type":"Feature","properties":{"cell_id":2538},"geometry":{"type":"Polygon","coordinates":[[[140.6021,38.3957],[140.7095,38.3957],[140.7095,38.4858],[140.6021,38.4858],[140.6021,38.3957]]]}},{"type":"Feature","properties":{"cell_id":2539},"geometry":{"type":"Polygon","coordinates":[[[140.7095,38.3957],[140.8169,38.3957],[140.8169,38.4858],[140.7095,38.4858],[140.7095,38.3957]]]}},{"type":"Feature","properties":{"cell_id":2540},"geometry":{"type":"Polygon","coordinates":[[[140.8169,38.3957],[140.9243,38.3957],[140.9243,38.4858],[140.8169,38.4858],[140.8169,38.3957]]]}},{"type":"Feature","properties":{"cell_id":2541},"geometry":{"type":"Polygon","coordinates":[[[140.9243,38.3957],[141.0317,38.3957],[141.0317,38.4858],[140.9243,38.4858],[140.9243,38.3957]]]}},{"type":"Feature","properties":{"cell_id":2542},"geometry":{"type":"Polygon","coordinates":[[[141.0317,38.3957],[141.1391,38.3957],[141.1391,38.4858],[141.0317,38.4858],[141.0317,38.3957]]]}},{"type":"Feature","properties":{"cell_id":2543},"geometry":{"type":"Polygon","coordinates":[[[141.1391,38.3957],[141.2466,38.3957],[141.2466,38.4858],[141.1391,38.4858],[141.1391,38.3957]]]}},{"type":"Feature","properties":{"cell_id":2544},"geometry":{"type":"Polygon","coordinates":[[[141.2466,38.3957],[141.354,38.3957],[141.354,38.4858],[141.2466,38.4858],[141.2466,38.3957]]]}},{"type":"Feature","properties":{"cell_id":2545},"geometry":{"type":"Polygon","coordinates":[[[141.354,38.3957],[141.4614,38.3957],[141.4614,38.4858],[141.354,38.4858],[141.354,38.3957]]]}},{"type":"Feature","properties":{"cell_id":2546},"geometry":{"type":"Polygon","coordinates":[[[139.528,38.4858],[139.6354,38.4858],[139.6354,38.5759],[139.528,38.5759],[139.528,38.4858]]]}},{"type":"Feature","properties":{"cell_id":2547},"geometry":{"type":"Polygon","coordinates":[[[139.6354,38.4858],[139.7428,38.4858],[139.7428,38.5759],[139.6354,38.5759],[139.6354,38.4858]]]}},{"type":"Feature","properties":{"cell_id":2548},"geometry":{"type":"Polygon","coordinates":[[[139.7428,38.4858],[139.8503,38.4858],[139.8503,38.5759],[139.7428,38.5759],[139.7428,38.4858]]]}},{"type":"Feature","properties":{"cell_id":2549},"geometry":{"type":"Polygon","coordinates":[[[139.8503,38.4858],[139.9577,38.4858],[139.9577,38.5759],[139.8503,38.5759],[139.8503,38.4858]]]}},{"type":"Feature","properties":{"cell_id":2550},"geometry":{"type":"Polygon","coordinates":[[[139.9577,38.4858],[140.0651,38.4858],[140.0651,38.5759],[139.9577,38.5759],[139.9577,38.4858]]]}},{"type":"Feature","properties":{"cell_id":2551},"geometry":{"type":"Polygon","coordinates":[[[140.0651,38.4858],[140.1725,38.4858],[140.1725,38.5759],[140.0651,38.5759],[140.0651,38.4858]]]}},{"type":"Feature","properties":{"cell_id":2552},"geometry":{"type":"Polygon","coordinates":[[[140.1725,38.4858],[140.2799,38.4858],[140.2799,38.5759],[140.1725,38.5759],[140.1725,38.4858]]]}},{"type":"Feature","properties":{"cell_id":2553},"geometry":{"type":"Polygon","coordinates":[[[140.2799,38.4858],[140.3873,38.4858],[140.3873,38.5759],[140.2799,38.5759],[140.2799,38.4858]]]}},{"type":"Feature","properties":{"cell_id":2554},"geometry":{"type":"Polygon","coordinates":[[[140.3873,38.4858],[140.4947,38.4858],[140.4947,38.5759],[140.3873,38.5759],[140.3873,38.4858]]]}},{"type":"Feature","properties":{"cell_id":2555},"geometry":{"type":"Polygon","coordinates":[[[140.4947,38.4858],[140.6021,38.4858],[140.6021,38.5759],[140.4947,38.5759],[140.4947,38.4858]]]}},{"type":"Feature","properties":{"cell_id":2556},"geometry":{"type":"Polygon","coordinates":[[[140.6021,38.4858],[140.7095,38.4858],[140.7095,38.5759],[140.6021,38.5759],[140.6021,38.4858]]]}},{"type":"Feature","properties":{"cell_id":2557},"geometry":{"type":"Polygon","coordinates":[[[140.7095,38.4858],[140.8169,38.4858],[140.8169,38.5759],[140.7095,38.5759],[140.7095,38.4858]]]}},{"type":"Feature","properties":{"cell_id":2558},"geometry":{"type":"Polygon","coordinates":[[[140.8169,38.4858],[140.9243,38.4858],[140.9243,38.5759],[140.8169,38.5759],[140.8169,38.4858]]]}},{"type":"Feature","properties":{"cell_id":2559},"geometry":{"type":"Polygon","coordinates":[[[140.9243,38.4858],[141.0317,38.4858],[141.0317,38.5759],[140.9243,38.5759],[140.9243,38.4858]]]}},{"type":"Feature","properties":{"cell_id":2560},"geometry":{"type":"Polygon","coordinates":[[[141.0317,38.4858],[141.1391,38.4858],[141.1391,38.5759],[141.0317,38.5759],[141.0317,38.4858]]]}},{"type":"Feature","properties":{"cell_id":2561},"geometry":{"type":"Polygon","coordinates":[[[141.1391,38.4858],[141.2466,38.4858],[141.2466,38.5759],[141.1391,38.5759],[141.1391,38.4858]]]}},{"type":"Feature","properties":{"cell_id":2562},"geometry":{"type":"Polygon","coordinates":[[[141.2466,38.4858],[141.354,38.4858],[141.354,38.5759],[141.2466,38.5759],[141.2466,38.4858]]]}},{"type":"Feature","properties":{"cell_id":2563},"geometry":{"type":"Polygon","coordinates":[[[141.354,38.4858],[141.4614,38.4858],[141.4614,38.5759],[141.354,38.5759],[141.354,38.4858]]]}},{"type":"Feature","properties":{"cell_id":2564},"geometry":{"type":"Polygon","coordinates":[[[141.4614,38.4858],[141.5688,38.4858],[141.5688,38.5759],[141.4614,38.5759],[141.4614,38.4858]]]}},{"type":"Feature","properties":{"cell_id":2565},"geometry":{"type":"Polygon","coordinates":[[[139.6354,38.5759],[139.7428,38.5759],[139.7428,38.666],[139.6354,38.666],[139.6354,38.5759]]]}},{"type":"Feature","properties":{"cell_id":2566},"geometry":{"type":"Polygon","coordinates":[[[139.7428,38.5759],[139.8503,38.5759],[139.8503,38.666],[139.7428,38.666],[139.7428,38.5759]]]}},{"type":"Feature","properties":{"cell_id":2567},"geometry":{"type":"Polygon","coordinates":[[[139.8503,38.5759],[139.9577,38.5759],[139.9577,38.666],[139.8503,38.666],[139.8503,38.5759]]]}},{"type":"Feature","properties":{"cell_id":2568},"geometry":{"type":"Polygon","coordinates":[[[139.9577,38.5759],[140.0651,38.5759],[140.0651,38.666],[139.9577,38.666],[139.9577,38.5759]]]}},{"type":"Feature","properties":{"cell_id":2569},"geometry":{"type":"Polygon","coordinates":[[[140.0651,38.5759],[140.1725,38.5759],[140.1725,38.666],[140.0651,38.666],[140.0651,38.5759]]]}},{"type":"Feature","properties":{"cell_id":2570},"geometry":{"type":"Polygon","coordinates":[[[140.1725,38.5759],[140.2799,38.5759],[140.2799,38.666],[140.1725,38.666],[140.1725,38.5759]]]}},{"type":"Feature","properties":{"cell_id":2571},"geometry":{"type":"Polygon","coordinates":[[[140.2799,38.5759],[140.3873,38.5759],[140.3873,38.666],[140.2799,38.666],[140.2799,38.5759]]]}},{"type":"Feature","properties":{"cell_id":2572},"geometry":{"type":"Polygon","coordinates":[[[140.3873,38.5759],[140.4947,38.5759],[140.4947,38.666],[140.3873,38.666],[140.3873,38.5759]]]}},{"type":"Feature","properties":{"cell_id":2573},"geometry":{"type":"Polygon","coordinates":[[[140.4947,38.5759],[140.6021,38.5759],[140.6021,38.666],[140.4947,38.666],[140.4947,38.5759]]]}},{"type":"Feature","properties":{"cell_id":2574},"geometry":{"type":"Polygon","coordinates":[[[140.6021,38.5759],[140.7095,38.5759],[140.7095,38.666],[140.6021,38.666],[140.6021,38.5759]]]}},{"type":"Feature","properties":{"cell_id":2575},"geometry":{"type":"Polygon","coordinates":[[[140.7095,38.5759],[140.8169,38.5759],[140.8169,38.666],[140.7095,38.666],[140.7095,38.5759]]]}},{"type":"Feature","properties":{"cell_id":2576},"geometry":{"type":"Polygon","coordinates":[[[140.8169,38.5759],[140.9243,38.5759],[140.9243,38.666],[140.8169,38.666],[140.8169,38.5759]]]}},{"type":"Feature","properties":{"cell_id":2577},"geometry":{"type":"Polygon","coordinates":[[[140.9243,38.5759],[141.0317,38.5759],[141.0317,38.666],[140.9243,38.666],[140.9243,38.5759]]]}},{"type":"Feature","properties":{"cell_id":2578},"geometry":{"type":"Polygon","coordinates":[[[141.0317,38.5759],[141.1391,38.5759],[141.1391,38.666],[141.0317,38.666],[141.0317,38.5759]]]}},{"type":"Feature","properties":{"cell_id":2579},"geometry":{"type":"Polygon","coordinates":[[[141.1391,38.5759],[141.2466,38.5759],[141.2466,38.666],[141.1391,38.666],[141.1391,38.5759]]]}},{"type":"Feature","properties":{"cell_id":2580},"geometry":{"type":"Polygon","coordinates":[[[141.2466,38.5759],[141.354,38.5759],[141.354,38.666],[141.2466,38.666],[141.2466,38.5759]]]}},{"type":"Feature","properties":{"cell_id":2581},"geometry":{"type":"Polygon","coordinates":[[[141.354,38.5759],[141.4614,38.5759],[141.4614,38.666],[141.354,38.666],[141.354,38.5759]]]}},{"type":"Feature","properties":{"cell_id":2582},"geometry":{"type":"Polygon","coordinates":[[[141.4614,38.5759],[141.5688,38.5759],[141.5688,38.666],[141.4614,38.666],[141.4614,38.5759]]]}},{"type":"Feature","properties":{"cell_id":2583},"geometry":{"type":"Polygon","coordinates":[[[139.6354,38.666],[139.7428,38.666],[139.7428,38.7561],[139.6354,38.7561],[139.6354,38.666]]]}},{"type":"Feature","properties":{"cell_id":2584},"geometry":{"type":"Polygon","coordinates":[[[139.7428,38.666],[139.8503,38.666],[139.8503,38.7561],[139.7428,38.7561],[139.7428,38.666]]]}},{"type":"Feature","properties":{"cell_id":2585},"geometry":{"type":"Polygon","coordinates":[[[139.8503,38.666],[139.9577,38.666],[139.9577,38.7561],[139.8503,38.7561],[139.8503,38.666]]]}},{"type":"Feature","properties":{"cell_id":2586},"geometry":{"type":"Polygon","coordinates":[[[139.9577,38.666],[140.0651,38.666],[140.0651,38.7561],[139.9577,38.7561],[139.9577,38.666]]]}},{"type":"Feature","properties":{"cell_id":2587},"geometry":{"type":"Polygon","coordinates":[[[140.0651,38.666],[140.1725,38.666],[140.1725,38.7561],[140.0651,38.7561],[140.0651,38.666]]]}},{"type":"Feature","properties":{"cell_id":2588},"geometry":{"type":"Polygon","coordinates":[[[140.1725,38.666],[140.2799,38.666],[140.2799,38.7561],[140.1725,38.7561],[140.1725,38.666]]]}},{"type":"Feature","properties":{"cell_id":2589},"geometry":{"type":"Polygon","coordinates":[[[140.2799,38.666],[140.3873,38.666],[140.3873,38.7561],[140.2799,38.7561],[140.2799,38.666]]]}},{"type":"Feature","properties":{"cell_id":2590},"geometry":{"type":"Polygon","coordinates":[[[140.3873,38.666],[140.4947,38.666],[140.4947,38.7561],[140.3873,38.7561],[140.3873,38.666]]]}},{"type":"Feature","properties":{"cell_id":2591},"geometry":{"type":"Polygon","coordinates":[[[140.4947,38.666],[140.6021,38.666],[140.6021,38.7561],[140.4947,38.7561],[140.4947,38.666]]]}},{"type":"Feature","properties":{"cell_id":2592},"geometry":{"type":"Polygon","coordinates":[[[140.6021,38.666],[140.7095,38.666],[140.7095,38.7561],[140.6021,38.7561],[140.6021,38.666]]]}},{"type":"Feature","properties":{"cell_id":2593},"geometry":{"type":"Polygon","coordinates":[[[140.7095,38.666],[140.8169,38.666],[140.8169,38.7561],[140.7095,38.7561],[140.7095,38.666]]]}},{"type":"Feature","properties":{"cell_id":2594},"geometry":{"type":"Polygon","coordinates":[[[140.8169,38.666],[140.9243,38.666],[140.9243,38.7561],[140.8169,38.7561],[140.8169,38.666]]]}},{"type":"Feature","properties":{"cell_id":2595},"geometry":{"type":"Polygon","coordinates":[[[140.9243,38.666],[141.0317,38.666],[141.0317,38.7561],[140.9243,38.7561],[140.9243,38.666]]]}},{"type":"Feature","properties":{"cell_id":2596},"geometry":{"type":"Polygon","coordinates":[[[141.0317,38.666],[141.1391,38.666],[141.1391,38.7561],[141.0317,38.7561],[141.0317,38.666]]]}},{"type":"Feature","properties":{"cell_id":2597},"geometry":{"type":"Polygon","coordinates":[[[141.1391,38.666],[141.2466,38.666],[141.2466,38.7561],[141.1391,38.7561],[141.1391,38.666]]]}},{"type":"Feature","properties":{"cell_id":2598},"geometry":{"type":"Polygon","coordinates":[[[141.2466,38.666],[141.354,38.666],[141.354,38.7561],[141.2466,38.7561],[141.2466,38.666]]]}},{"type":"Feature","properties":{"cell_id":2599},"geometry":{"type":"Polygon","coordinates":[[[141.354,38.666],[141.4614,38.666],[141.4614,38.7561],[141.354,38.7561],[141.354,38.666]]]}},{"type":"Feature","properties":{"cell_id":2600},"geometry":{"type":"Polygon","coordinates":[[[141.4614,38.666],[141.5688,38.666],[141.5688,38.7561],[141.4614,38.7561],[141.4614,38.666]]]}},{"type":"Feature","properties":{"cell_id":2601},"geometry":{"type":"Polygon","coordinates":[[[139.7428,38.7561],[139.8503,38.7561],[139.8503,38.8462],[139.7428,38.8462],[139.7428,38.7561]]]}},{"type":"Feature","properties":{"cell_id":2602},"geometry":{"type":"Polygon","coordinates":[[[139.8503,38.7561],[139.9577,38.7561],[139.9577,38.8462],[139.8503,38.8462],[139.8503,38.7561]]]}},{"type":"Feature","properties":{"cell_id":2603},"geometry":{"type":"Polygon","coordinates":[[[139.9577,38.7561],[140.0651,38.7561],[140.0651,38.8462],[139.9577,38.8462],[139.9577,38.7561]]]}},{"type":"Feature","properties":{"cell_id":2604},"geometry":{"type":"Polygon","coordinates":[[[140.0651,38.7561],[140.1725,38.7561],[140.1725,38.8462],[140.0651,38.8462],[140.0651,38.7561]]]}},{"type":"Feature","properties":{"cell_id":2605},"geometry":{"type":"Polygon","coordinates":[[[140.1725,38.7561],[140.2799,38.7561],[140.2799,38.8462],[140.1725,38.8462],[140.1725,38.7561]]]}},{"type":"Feature","properties":{"cell_id":2606},"geometry":{"type":"Polygon","coordinates":[[[140.2799,38.7561],[140.3873,38.7561],[140.3873,38.8462],[140.2799,38.8462],[140.2799,38.7561]]]}},{"type":"Feature","properties":{"cell_id":2607},"geometry":{"type":"Polygon","coordinates":[[[140.3873,38.7561],[140.4947,38.7561],[140.4947,38.8462],[140.3873,38.8462],[140.3873,38.7561]]]}},{"type":"Feature","properties":{"cell_id":2608},"geometry":{"type":"Polygon","coordinates":[[[140.4947,38.7561],[140.6021,38.7561],[140.6021,38.8462],[140.4947,38.8462],[140.4947,38.7561]]]}},{"type":"Feature","properties":{"cell_id":2609},"geometry":{"type":"Polygon","coordinates":[[[140.6021,38.7561],[140.7095,38.7561],[140.7095,38.8462],[140.6021,38.8462],[140.6021,38.7561]]]}},{"type":"Feature","properties":{"cell_id":2610},"geometry":{"type":"Polygon","coordinates":[[[140.7095,38.7561],[140.8169,38.7561],[140.8169,38.8462],[140.7095,38.8462],[140.7095,38.7561]]]}},{"type":"Feature","properties":{"cell_id":2611},"geometry":{"type":"Polygon","coordinates":[[[140.8169,38.7561],[140.9243,38.7561],[140.9243,38.8462],[140.8169,38.8462],[140.8169,38.7561]]]}},{"type":"Feature","properties":{"cell_id":2612},"geometry":{"type":"Polygon","coordinates":[[[140.9243,38.7561],[141.0317,38.7561],[141.0317,38.8462],[140.9243,38.8462],[140.9243,38.7561]]]}},{"type":"Feature","properties":{"cell_id":2613},"geometry":{"type":"Polygon","coordinates":[[[141.0317,38.7561],[141.1391,38.7561],[141.1391,38.8462],[141.0317,38.8462],[141.0317,38.7561]]]}},{"type":"Feature","properties":{"cell_id":2614},"geometry":{"type":"Polygon","coordinates":[[[141.1391,38.7561],[141.2466,38.7561],[141.2466,38.8462],[141.1391,38.8462],[141.1391,38.7561]]]}},{"type":"Feature","properties":{"cell_id":2615},"geometry":{"type":"Polygon","coordinates":[[[141.2466,38.7561],[141.354,38.7561],[141.354,38.8462],[141.2466,38.8462],[141.2466,38.7561]]]}},{"type":"Feature","properties":{"cell_id":2616},"geometry":{"type":"Polygon","coordinates":[[[141.354,38.7561],[141.4614,38.7561],[141.4614,38.8462],[141.354,38.8462],[141.354,38.7561]]]}},{"type":"Feature","properties":{"cell_id":2617},"geometry":{"type":"Polygon","coordinates":[[[141.4614,38.7561],[141.5688,38.7561],[141.5688,38.8462],[141.4614,38.8462],[141.4614,38.7561]]]}},{"type":"Feature","properties":{"cell_id":2618},"geometry":{"type":"Polygon","coordinates":[[[139.8503,38.8462],[139.9577,38.8462],[139.9577,38.9363],[139.8503,38.9363],[139.8503,38.8462]]]}},{"type":"Feature","properties":{"cell_id":2619},"geometry":{"type":"Polygon","coordinates":[[[139.9577,38.8462],[140.0651,38.8462],[140.0651,38.9363],[139.9577,38.9363],[139.9577,38.8462]]]}},{"type":"Feature","properties":{"cell_id":2620},"geometry":{"type":"Polygon","coordinates":[[[140.0651,38.8462],[140.1725,38.8462],[140.1725,38.9363],[140.0651,38.9363],[140.0651,38.8462]]]}},{"type":"Feature","properties":{"cell_id":2621},"geometry":{"type":"Polygon","coordinates":[[[140.1725,38.8462],[140.2799,38.8462],[140.2799,38.9363],[140.1725,38.9363],[140.1725,38.8462]]]}},{"type":"Feature","properties":{"cell_id":2622},"geometry":{"type":"Polygon","coordinates":[[[140.2799,38.8462],[140.3873,38.8462],[140.3873,38.9363],[140.2799,38.9363],[140.2799,38.8462]]]}},{"type":"Feature","properties":{"cell_id":2623},"geometry":{"type":"Polygon","coordinates":[[[140.3873,38.8462],[140.4947,38.8462],[140.4947,38.9363],[140.3873,38.9363],[140.3873,38.8462]]]}},{"type":"Feature","properties":{"cell_id":2624},"geometry":{"type":"Polygon","coordinates":[[[140.4947,38.8462],[140.6021,38.8462],[140.6021,38.9363],[140.4947,38.9363],[140.4947,38.8462]]]}},{"type":"Feature","properties":{"cell_id":2625},"geometry":{"type":"Polygon","coordinates":[[[140.6021,38.8462],[140.7095,38.8462],[140.7095,38.9363],[140.6021,38.9363],[140.6021,38.8462]]]}},{"type":"Feature","properties":{"cell_id":2626},"geometry":{"type":"Polygon","coordinates":[[[140.7095,38.8462],[140.8169,38.8462],[140.8169,38.9363],[140.7095,38.9363],[140.7095,38.8462]]]}},{"type":"Feature","properties":{"cell_id":2627},"geometry":{"type":"Polygon","coordinates":[[[140.8169,38.8462],[140.9243,38.8462],[140.9243,38.9363],[140.8169,38.9363],[140.8169,38.8462]]]}},{"type":"Feature","properties":{"cell_id":2628},"geometry":{"type":"Polygon","coordinates":[[[140.9243,38.8462],[141.0317,38.8462],[141.0317,38.9363],[140.9243,38.9363],[140.9243,38.8462]]]}},{"type":"Feature","properties":{"cell_id":2629},"geometry":{"type":"Polygon","coordinates":[[[141.0317,38.8462],[141.1391,38.8462],[141.1391,38.9363],[141.0317,38.9363],[141.0317,38.8462]]]}},{"type":"Feature","properties":{"cell_id":2630},"geometry":{"type":"Polygon","coordinates":[[[141.1391,38.8462],[141.2466,38.8462],[141.2466,38.9363],[141.1391,38.9363],[141.1391,38.8462]]]}},{"type":"Feature","properties":{"cell_id":2631},"geometry":{"type":"Polygon","coordinates":[[[141.2466,38.8462],[141.354,38.8462],[141.354,38.9363],[141.2466,38.9363],[141.2466,38.8462]]]}},{"type":"Feature","properties":{"cell_id":2632},"geometry":{"type":"Polygon","coordinates":[[[141.354,38.8462],[141.4614,38.8462],[141.4614,38.9363],[141.354,38.9363],[141.354,38.8462]]]}},{"type":"Feature","properties":{"cell_id":2633},"geometry":{"type":"Polygon","coordinates":[[[141.4614,38.8462],[141.5688,38.8462],[141.5688,38.9363],[141.4614,38.9363],[141.4614,38.8462]]]}},{"type":"Feature","properties":{"cell_id":2634},"geometry":{"type":"Polygon","coordinates":[[[139.8503,38.9363],[139.9577,38.9363],[139.9577,39.0263],[139.8503,39.0263],[139.8503,38.9363]]]}},{"type":"Feature","properties":{"cell_id":2635},"geometry":{"type":"Polygon","coordinates":[[[139.9577,38.9363],[140.0651,38.9363],[140.0651,39.0263],[139.9577,39.0263],[139.9577,38.9363]]]}},{"type":"Feature","properties":{"cell_id":2636},"geometry":{"type":"Polygon","coordinates":[[[140.0651,38.9363],[140.1725,38.9363],[140.1725,39.0263],[140.0651,39.0263],[140.0651,38.9363]]]}},{"type":"Feature","properties":{"cell_id":2637},"geometry":{"type":"Polygon","coordinates":[[[140.1725,38.9363],[140.2799,38.9363],[140.2799,39.0263],[140.1725,39.0263],[140.1725,38.9363]]]}},{"type":"Feature","properties":{"cell_id":2638},"geometry":{"type":"Polygon","coordinates":[[[140.2799,38.9363],[140.3873,38.9363],[140.3873,39.0263],[140.2799,39.0263],[140.2799,38.9363]]]}},{"type":"Feature","properties":{"cell_id":2639},"geometry":{"type":"Polygon","coordinates":[[[140.3873,38.9363],[140.4947,38.9363],[140.4947,39.0263],[140.3873,39.0263],[140.3873,38.9363]]]}},{"type":"Feature","properties":{"cell_id":2640},"geometry":{"type":"Polygon","coordinates":[[[140.4947,38.9363],[140.6021,38.9363],[140.6021,39.0263],[140.4947,39.0263],[140.4947,38.9363]]]}},{"type":"Feature","properties":{"cell_id":2641},"geometry":{"type":"Polygon","coordinates":[[[140.6021,38.9363],[140.7095,38.9363],[140.7095,39.0263],[140.6021,39.0263],[140.6021,38.9363]]]}},{"type":"Feature","properties":{"cell_id":2642},"geometry":{"type":"Polygon","coordinates":[[[140.7095,38.9363],[140.8169,38.9363],[140.8169,39.0263],[140.7095,39.0263],[140.7095,38.9363]]]}},{"type":"Feature","properties":{"cell_id":2643},"geometry":{"type":"Polygon","coordinates":[[[140.8169,38.9363],[140.9243,38.9363],[140.9243,39.0263],[140.8169,39.0263],[140.8169,38.9363]]]}},{"type":"Feature","properties":{"cell_id":2644},"geometry":{"type":"Polygon","coordinates":[[[140.9243,38.9363],[141.0317,38.9363],[141.0317,39.0263],[140.9243,39.0263],[140.9243,38.9363]]]}},{"type":"Feature","properties":{"cell_id":2645},"geometry":{"type":"Polygon","coordinates":[[[141.0317,38.9363],[141.1391,38.9363],[141.1391,39.0263],[141.0317,39.0263],[141.0317,38.9363]]]}},{"type":"Feature","properties":{"cell_id":2646},"geometry":{"type":"Polygon","coordinates":[[[141.1391,38.9363],[141.2466,38.9363],[141.2466,39.0263],[141.1391,39.0263],[141.1391,38.9363]]]}},{"type":"Feature","properties":{"cell_id":2647},"geometry":{"type":"Polygon","coordinates":[[[141.2466,38.9363],[141.354,38.9363],[141.354,39.0263],[141.2466,39.0263],[141.2466,38.9363]]]}},{"type":"Feature","properties":{"cell_id":2648},"geometry":{"type":"Polygon","coordinates":[[[141.354,38.9363],[141.4614,38.9363],[141.4614,39.0263],[141.354,39.0263],[141.354,38.9363]]]}},{"type":"Feature","properties":{"cell_id":2649},"geometry":{"type":"Polygon","coordinates":[[[141.4614,38.9363],[141.5688,38.9363],[141.5688,39.0263],[141.4614,39.0263],[141.4614,38.9363]]]}},{"type":"Feature","properties":{"cell_id":2650},"geometry":{"type":"Polygon","coordinates":[[[141.5688,38.9363],[141.6762,38.9363],[141.6762,39.0263],[141.5688,39.0263],[141.5688,38.9363]]]}},{"type":"Feature","properties":{"cell_id":2651},"geometry":{"type":"Polygon","coordinates":[[[139.8503,39.0263],[139.9577,39.0263],[139.9577,39.1164],[139.8503,39.1164],[139.8503,39.0263]]]}},{"type":"Feature","properties":{"cell_id":2652},"geometry":{"type":"Polygon","coordinates":[[[139.9577,39.0263],[140.0651,39.0263],[140.0651,39.1164],[139.9577,39.1164],[139.9577,39.0263]]]}},{"type":"Feature","properties":{"cell_id":2653},"geometry":{"type":"Polygon","coordinates":[[[140.0651,39.0263],[140.1725,39.0263],[140.1725,39.1164],[140.0651,39.1164],[140.0651,39.0263]]]}},{"type":"Feature","properties":{"cell_id":2654},"geometry":{"type":"Polygon","coordinates":[[[140.1725,39.0263],[140.2799,39.0263],[140.2799,39.1164],[140.1725,39.1164],[140.1725,39.0263]]]}},{"type":"Feature","properties":{"cell_id":2655},"geometry":{"type":"Polygon","coordinates":[[[140.2799,39.0263],[140.3873,39.0263],[140.3873,39.1164],[140.2799,39.1164],[140.2799,39.0263]]]}},{"type":"Feature","properties":{"cell_id":2656},"geometry":{"type":"Polygon","coordinates":[[[140.3873,39.0263],[140.4947,39.0263],[140.4947,39.1164],[140.3873,39.1164],[140.3873,39.0263]]]}},{"type":"Feature","properties":{"cell_id":2657},"geometry":{"type":"Polygon","coordinates":[[[140.4947,39.0263],[140.6021,39.0263],[140.6021,39.1164],[140.4947,39.1164],[140.4947,39.0263]]]}},{"type":"Feature","properties":{"cell_id":2658},"geometry":{"type":"Polygon","coordinates":[[[140.6021,39.0263],[140.7095,39.0263],[140.7095,39.1164],[140.6021,39.1164],[140.6021,39.0263]]]}},{"type":"Feature","properties":{"cell_id":2659},"geometry":{"type":"Polygon","coordinates":[[[140.7095,39.0263],[140.8169,39.0263],[140.8169,39.1164],[140.7095,39.1164],[140.7095,39.0263]]]}},{"type":"Feature","properties":{"cell_id":2660},"geometry":{"type":"Polygon","coordinates":[[[140.8169,39.0263],[140.9243,39.0263],[140.9243,39.1164],[140.8169,39.1164],[140.8169,39.0263]]]}},{"type":"Feature","properties":{"cell_id":2661},"geometry":{"type":"Polygon","coordinates":[[[140.9243,39.0263],[141.0317,39.0263],[141.0317,39.1164],[140.9243,39.1164],[140.9243,39.0263]]]}},{"type":"Feature","properties":{"cell_id":2662},"geometry":{"type":"Polygon","coordinates":[[[141.0317,39.0263],[141.1391,39.0263],[141.1391,39.1164],[141.0317,39.1164],[141.0317,39.0263]]]}},{"type":"Feature","properties":{"cell_id":2663},"geometry":{"type":"Polygon","coordinates":[[[141.1391,39.0263],[141.2466,39.0263],[141.2466,39.1164],[141.1391,39.1164],[141.1391,39.0263]]]}},{"type":"Feature","properties":{"cell_id":2664},"geometry":{"type":"Polygon","coordinates":[[[141.2466,39.0263],[141.354,39.0263],[141.354,39.1164],[141.2466,39.1164],[141.2466,39.0263]]]}},{"type":"Feature","properties":{"cell_id":2665},"geometry":{"type":"Polygon","coordinates":[[[141.354,39.0263],[141.4614,39.0263],[141.4614,39.1164],[141.354,39.1164],[141.354,39.0263]]]}},{"type":"Feature","properties":{"cell_id":2666},"geometry":{"type":"Polygon","coordinates":[[[141.4614,39.0263],[141.5688,39.0263],[141.5688,39.1164],[141.4614,39.1164],[141.4614,39.0263]]]}},{"type":"Feature","properties":{"cell_id":2667},"geometry":{"type":"Polygon","coordinates":[[[141.5688,39.0263],[141.6762,39.0263],[141.6762,39.1164],[141.5688,39.1164],[141.5688,39.0263]]]}},{"type":"Feature","properties":{"cell_id":2668},"geometry":{"type":"Polygon","coordinates":[[[141.6762,39.0263],[141.7836,39.0263],[141.7836,39.1164],[141.6762,39.1164],[141.6762,39.0263]]]}},{"type":"Feature","properties":{"cell_id":2669},"geometry":{"type":"Polygon","coordinates":[[[141.7836,39.0263],[141.891,39.0263],[141.891,39.1164],[141.7836,39.1164],[141.7836,39.0263]]]}},{"type":"Feature","properties":{"cell_id":2670},"geometry":{"type":"Polygon","coordinates":[[[139.8503,39.1164],[139.9577,39.1164],[139.9577,39.2065],[139.8503,39.2065],[139.8503,39.1164]]]}},{"type":"Feature","properties":{"cell_id":2671},"geometry":{"type":"Polygon","coordinates":[[[139.9577,39.1164],[140.0651,39.1164],[140.0651,39.2065],[139.9577,39.2065],[139.9577,39.1164]]]}},{"type":"Feature","properties":{"cell_id":2672},"geometry":{"type":"Polygon","coordinates":[[[140.0651,39.1164],[140.1725,39.1164],[140.1725,39.2065],[140.0651,39.2065],[140.0651,39.1164]]]}},{"type":"Feature","properties":{"cell_id":2673},"geometry":{"type":"Polygon","coordinates":[[[140.1725,39.1164],[140.2799,39.1164],[140.2799,39.2065],[140.1725,39.2065],[140.1725,39.1164]]]}},{"type":"Feature","properties":{"cell_id":2674},"geometry":{"type":"Polygon","coordinates":[[[140.2799,39.1164],[140.3873,39.1164],[140.3873,39.2065],[140.2799,39.2065],[140.2799,39.1164]]]}},{"type":"Feature","properties":{"cell_id":2675},"geometry":{"type":"Polygon","coordinates":[[[140.3873,39.1164],[140.4947,39.1164],[140.4947,39.2065],[140.3873,39.2065],[140.3873,39.1164]]]}},{"type":"Feature","properties":{"cell_id":2676},"geometry":{"type":"Polygon","coordinates":[[[140.4947,39.1164],[140.6021,39.1164],[140.6021,39.2065],[140.4947,39.2065],[140.4947,39.1164]]]}},{"type":"Feature","properties":{"cell_id":2677},"geometry":{"type":"Polygon","coordinates":[[[140.6021,39.1164],[140.7095,39.1164],[140.7095,39.2065],[140.6021,39.2065],[140.6021,39.1164]]]}},{"type":"Feature","properties":{"cell_id":2678},"geometry":{"type":"Polygon","coordinates":[[[140.7095,39.1164],[140.8169,39.1164],[140.8169,39.2065],[140.7095,39.2065],[140.7095,39.1164]]]}},{"type":"Feature","properties":{"cell_id":2679},"geometry":{"type":"Polygon","coordinates":[[[140.8169,39.1164],[140.9243,39.1164],[140.9243,39.2065],[140.8169,39.2065],[140.8169,39.1164]]]}},{"type":"Feature","properties":{"cell_id":2680},"geometry":{"type":"Polygon","coordinates":[[[140.9243,39.1164],[141.0317,39.1164],[141.0317,39.2065],[140.9243,39.2065],[140.9243,39.1164]]]}},{"type":"Feature","properties":{"cell_id":2681},"geometry":{"type":"Polygon","coordinates":[[[141.0317,39.1164],[141.1391,39.1164],[141.1391,39.2065],[141.0317,39.2065],[141.0317,39.1164]]]}},{"type":"Feature","properties":{"cell_id":2682},"geometry":{"type":"Polygon","coordinates":[[[141.1391,39.1164],[141.2466,39.1164],[141.2466,39.2065],[141.1391,39.2065],[141.1391,39.1164]]]}},{"type":"Feature","properties":{"cell_id":2683},"geometry":{"type":"Polygon","coordinates":[[[141.2466,39.1164],[141.354,39.1164],[141.354,39.2065],[141.2466,39.2065],[141.2466,39.1164]]]}},{"type":"Feature","properties":{"cell_id":2684},"geometry":{"type":"Polygon","coordinates":[[[141.354,39.1164],[141.4614,39.1164],[141.4614,39.2065],[141.354,39.2065],[141.354,39.1164]]]}},{"type":"Feature","properties":{"cell_id":2685},"geometry":{"type":"Polygon","coordinates":[[[141.4614,39.1164],[141.5688,39.1164],[141.5688,39.2065],[141.4614,39.2065],[141.4614,39.1164]]]}},{"type":"Feature","properties":{"cell_id":2686},"geometry":{"type":"Polygon","coordinates":[[[141.5688,39.1164],[141.6762,39.1164],[141.6762,39.2065],[141.5688,39.2065],[141.5688,39.1164]]]}},{"type":"Feature","properties":{"cell_id":2687},"geometry":{"type":"Polygon","coordinates":[[[141.6762,39.1164],[141.7836,39.1164],[141.7836,39.2065],[141.6762,39.2065],[141.6762,39.1164]]]}},{"type":"Feature","properties":{"cell_id":2688},"geometry":{"type":"Polygon","coordinates":[[[141.7836,39.1164],[141.891,39.1164],[141.891,39.2065],[141.7836,39.2065],[141.7836,39.1164]]]}},{"type":"Feature","properties":{"cell_id":2689},"geometry":{"type":"Polygon","coordinates":[[[139.9577,39.2065],[140.0651,39.2065],[140.0651,39.2966],[139.9577,39.2966],[139.9577,39.2065]]]}},{"type":"Feature","properties":{"cell_id":2690},"geometry":{"type":"Polygon","coordinates":[[[140.0651,39.2065],[140.1725,39.2065],[140.1725,39.2966],[140.0651,39.2966],[140.0651,39.2065]]]}},{"type":"Feature","properties":{"cell_id":2691},"geometry":{"type":"Polygon","coordinates":[[[140.1725,39.2065],[140.2799,39.2065],[140.2799,39.2966],[140.1725,39.2966],[140.1725,39.2065]]]}},{"type":"Feature","properties":{"cell_id":2692},"geometry":{"type":"Polygon","coordinates":[[[140.2799,39.2065],[140.3873,39.2065],[140.3873,39.2966],[140.2799,39.2966],[140.2799,39.2065]]]}},{"type":"Feature","properties":{"cell_id":2693},"geometry":{"type":"Polygon","coordinates":[[[140.3873,39.2065],[140.4947,39.2065],[140.4947,39.2966],[140.3873,39.2966],[140.3873,39.2065]]]}},{"type":"Feature","properties":{"cell_id":2694},"geometry":{"type":"Polygon","coordinates":[[[140.4947,39.2065],[140.6021,39.2065],[140.6021,39.2966],[140.4947,39.2966],[140.4947,39.2065]]]}},{"type":"Feature","properties":{"cell_id":2695},"geometry":{"type":"Polygon","coordinates":[[[140.6021,39.2065],[140.7095,39.2065],[140.7095,39.2966],[140.6021,39.2966],[140.6021,39.2065]]]}},{"type":"Feature","properties":{"cell_id":2696},"geometry":{"type":"Polygon","coordinates":[[[140.7095,39.2065],[140.8169,39.2065],[140.8169,39.2966],[140.7095,39.2966],[140.7095,39.2065]]]}},{"type":"Feature","properties":{"cell_id":2697},"geometry":{"type":"Polygon","coordinates":[[[140.8169,39.2065],[140.9243,39.2065],[140.9243,39.2966],[140.8169,39.2966],[140.8169,39.2065]]]}},{"type":"Feature","properties":{"cell_id":2698},"geometry":{"type":"Polygon","coordinates":[[[140.9243,39.2065],[141.0317,39.2065],[141.0317,39.2966],[140.9243,39.2966],[140.9243,39.2065]]]}},{"type":"Feature","properties":{"cell_id":2699},"geometry":{"type":"Polygon","coordinates":[[[141.0317,39.2065],[141.1391,39.2065],[141.1391,39.2966],[141.0317,39.2966],[141.0317,39.2065]]]}},{"type":"Feature","properties":{"cell_id":2700},"geometry":{"type":"Polygon","coordinates":[[[141.1391,39.2065],[141.2466,39.2065],[141.2466,39.2966],[141.1391,39.2966],[141.1391,39.2065]]]}},{"type":"Feature","properties":{"cell_id":2701},"geometry":{"type":"Polygon","coordinates":[[[141.2466,39.2065],[141.354,39.2065],[141.354,39.2966],[141.2466,39.2966],[141.2466,39.2065]]]}},{"type":"Feature","properties":{"cell_id":2702},"geometry":{"type":"Polygon","coordinates":[[[141.354,39.2065],[141.4614,39.2065],[141.4614,39.2966],[141.354,39.2966],[141.354,39.2065]]]}},{"type":"Feature","properties":{"cell_id":2703},"geometry":{"type":"Polygon","coordinates":[[[141.4614,39.2065],[141.5688,39.2065],[141.5688,39.2966],[141.4614,39.2966],[141.4614,39.2065]]]}},{"type":"Feature","properties":{"cell_id":2704},"geometry":{"type":"Polygon","coordinates":[[[141.5688,39.2065],[141.6762,39.2065],[141.6762,39.2966],[141.5688,39.2966],[141.5688,39.2065]]]}},{"type":"Feature","properties":{"cell_id":2705},"geometry":{"type":"Polygon","coordinates":[[[141.6762,39.2065],[141.7836,39.2065],[141.7836,39.2966],[141.6762,39.2966],[141.6762,39.2065]]]}},{"type":"Feature","properties":{"cell_id":2706},"geometry":{"type":"Polygon","coordinates":[[[141.7836,39.2065],[141.891,39.2065],[141.891,39.2966],[141.7836,39.2966],[141.7836,39.2065]]]}},{"type":"Feature","properties":{"cell_id":2707},"geometry":{"type":"Polygon","coordinates":[[[139.9577,39.2966],[140.0651,39.2966],[140.0651,39.3867],[139.9577,39.3867],[139.9577,39.2966]]]}},{"type":"Feature","properties":{"cell_id":2708},"geometry":{"type":"Polygon","coordinates":[[[140.0651,39.2966],[140.1725,39.2966],[140.1725,39.3867],[140.0651,39.3867],[140.0651,39.2966]]]}},{"type":"Feature","properties":{"cell_id":2709},"geometry":{"type":"Polygon","coordinates":[[[140.1725,39.2966],[140.2799,39.2966],[140.2799,39.3867],[140.1725,39.3867],[140.1725,39.2966]]]}},{"type":"Feature","properties":{"cell_id":2710},"geometry":{"type":"Polygon","coordinates":[[[140.2799,39.2966],[140.3873,39.2966],[140.3873,39.3867],[140.2799,39.3867],[140.2799,39.2966]]]}},{"type":"Feature","properties":{"cell_id":2711},"geometry":{"type":"Polygon","coordinates":[[[140.3873,39.2966],[140.4947,39.2966],[140.4947,39.3867],[140.3873,39.3867],[140.3873,39.2966]]]}},{"type":"Feature","properties":{"cell_id":2712},"geometry":{"type":"Polygon","coordinates":[[[140.4947,39.2966],[140.6021,39.2966],[140.6021,39.3867],[140.4947,39.3867],[140.4947,39.2966]]]}},{"type":"Feature","properties":{"cell_id":2713},"geometry":{"type":"Polygon","coordinates":[[[140.6021,39.2966],[140.7095,39.2966],[140.7095,39.3867],[140.6021,39.3867],[140.6021,39.2966]]]}},{"type":"Feature","properties":{"cell_id":2714},"geometry":{"type":"Polygon","coordinates":[[[140.7095,39.2966],[140.8169,39.2966],[140.8169,39.3867],[140.7095,39.3867],[140.7095,39.2966]]]}},{"type":"Feature","properties":{"cell_id":2715},"geometry":{"type":"Polygon","coordinates":[[[140.8169,39.2966],[140.9243,39.2966],[140.9243,39.3867],[140.8169,39.3867],[140.8169,39.2966]]]}},{"type":"Feature","properties":{"cell_id":2716},"geometry":{"type":"Polygon","coordinates":[[[140.9243,39.2966],[141.0317,39.2966],[141.0317,39.3867],[140.9243,39.3867],[140.9243,39.2966]]]}},{"type":"Feature","properties":{"cell_id":2717},"geometry":{"type":"Polygon","coordinates":[[[141.0317,39.2966],[141.1391,39.2966],[141.1391,39.3867],[141.0317,39.3867],[141.0317,39.2966]]]}},{"type":"Feature","properties":{"cell_id":2718},"geometry":{"type":"Polygon","coordinates":[[[141.1391,39.2966],[141.2466,39.2966],[141.2466,39.3867],[141.1391,39.3867],[141.1391,39.2966]]]}},{"type":"Feature","properties":{"cell_id":2719},"geometry":{"type":"Polygon","coordinates":[[[141.2466,39.2966],[141.354,39.2966],[141.354,39.3867],[141.2466,39.3867],[141.2466,39.2966]]]}},{"type":"Feature","properties":{"cell_id":2720},"geometry":{"type":"Polygon","coordinates":[[[141.354,39.2966],[141.4614,39.2966],[141.4614,39.3867],[141.354,39.3867],[141.354,39.2966]]]}},{"type":"Feature","properties":{"cell_id":2721},"geometry":{"type":"Polygon","coordinates":[[[141.4614,39.2966],[141.5688,39.2966],[141.5688,39.3867],[141.4614,39.3867],[141.4614,39.2966]]]}},{"type":"Feature","properties":{"cell_id":2722},"geometry":{"type":"Polygon","coordinates":[[[141.5688,39.2966],[141.6762,39.2966],[141.6762,39.3867],[141.5688,39.3867],[141.5688,39.2966]]]}},{"type":"Feature","properties":{"cell_id":2723},"geometry":{"type":"Polygon","coordinates":[[[141.6762,39.2966],[141.7836,39.2966],[141.7836,39.3867],[141.6762,39.3867],[141.6762,39.2966]]]}},{"type":"Feature","properties":{"cell_id":2724},"geometry":{"type":"Polygon","coordinates":[[[141.7836,39.2966],[141.891,39.2966],[141.891,39.3867],[141.7836,39.3867],[141.7836,39.2966]]]}},{"type":"Feature","properties":{"cell_id":2725},"geometry":{"type":"Polygon","coordinates":[[[140.0651,39.3867],[140.1725,39.3867],[140.1725,39.4768],[140.0651,39.4768],[140.0651,39.3867]]]}},{"type":"Feature","properties":{"cell_id":2726},"geometry":{"type":"Polygon","coordinates":[[[140.1725,39.3867],[140.2799,39.3867],[140.2799,39.4768],[140.1725,39.4768],[140.1725,39.3867]]]}},{"type":"Feature","properties":{"cell_id":2727},"geometry":{"type":"Polygon","coordinates":[[[140.2799,39.3867],[140.3873,39.3867],[140.3873,39.4768],[140.2799,39.4768],[140.2799,39.3867]]]}},{"type":"Feature","properties":{"cell_id":2728},"geometry":{"type":"Polygon","coordinates":[[[140.3873,39.3867],[140.4947,39.3867],[140.4947,39.4768],[140.3873,39.4768],[140.3873,39.3867]]]}},{"type":"Feature","properties":{"cell_id":2729},"geometry":{"type":"Polygon","coordinates":[[[140.4947,39.3867],[140.6021,39.3867],[140.6021,39.4768],[140.4947,39.4768],[140.4947,39.3867]]]}},{"type":"Feature","properties":{"cell_id":2730},"geometry":{"type":"Polygon","coordinates":[[[140.6021,39.3867],[140.7095,39.3867],[140.7095,39.4768],[140.6021,39.4768],[140.6021,39.3867]]]}},{"type":"Feature","properties":{"cell_id":2731},"geometry":{"type":"Polygon","coordinates":[[[140.7095,39.3867],[140.8169,39.3867],[140.8169,39.4768],[140.7095,39.4768],[140.7095,39.3867]]]}},{"type":"Feature","properties":{"cell_id":2732},"geometry":{"type":"Polygon","coordinates":[[[140.8169,39.3867],[140.9243,39.3867],[140.9243,39.4768],[140.8169,39.4768],[140.8169,39.3867]]]}},{"type":"Feature","properties":{"cell_id":2733},"geometry":{"type":"Polygon","coordinates":[[[140.9243,39.3867],[141.0317,39.3867],[141.0317,39.4768],[140.9243,39.4768],[140.9243,39.3867]]]}},{"type":"Feature","properties":{"cell_id":2734},"geometry":{"type":"Polygon","coordinates":[[[141.0317,39.3867],[141.1391,39.3867],[141.1391,39.4768],[141.0317,39.4768],[141.0317,39.3867]]]}},{"type":"Feature","properties":{"cell_id":2735},"geometry":{"type":"Polygon","coordinates":[[[141.1391,39.3867],[141.2466,39.3867],[141.2466,39.4768],[141.1391,39.4768],[141.1391,39.3867]]]}},{"type":"Feature","properties":{"cell_id":2736},"geometry":{"type":"Polygon","coordinates":[[[141.2466,39.3867],[141.354,39.3867],[141.354,39.4768],[141.2466,39.4768],[141.2466,39.3867]]]}},{"type":"Feature","properties":{"cell_id":2737},"geometry":{"type":"Polygon","coordinates":[[[141.354,39.3867],[141.4614,39.3867],[141.4614,39.4768],[141.354,39.4768],[141.354,39.3867]]]}},{"type":"Feature","properties":{"cell_id":2738},"geometry":{"type":"Polygon","coordinates":[[[141.4614,39.3867],[141.5688,39.3867],[141.5688,39.4768],[141.4614,39.4768],[141.4614,39.3867]]]}},{"type":"Feature","properties":{"cell_id":2739},"geometry":{"type":"Polygon","coordinates":[[[141.5688,39.3867],[141.6762,39.3867],[141.6762,39.4768],[141.5688,39.4768],[141.5688,39.3867]]]}},{"type":"Feature","properties":{"cell_id":2740},"geometry":{"type":"Polygon","coordinates":[[[141.6762,39.3867],[141.7836,39.3867],[141.7836,39.4768],[141.6762,39.4768],[141.6762,39.3867]]]}},{"type":"Feature","properties":{"cell_id":2741},"geometry":{"type":"Polygon","coordinates":[[[141.7836,39.3867],[141.891,39.3867],[141.891,39.4768],[141.7836,39.4768],[141.7836,39.3867]]]}},{"type":"Feature","properties":{"cell_id":2742},"geometry":{"type":"Polygon","coordinates":[[[141.891,39.3867],[141.9984,39.3867],[141.9984,39.4768],[141.891,39.4768],[141.891,39.3867]]]}},{"type":"Feature","properties":{"cell_id":2743},"geometry":{"type":"Polygon","coordinates":[[[140.0651,39.4768],[140.1725,39.4768],[140.1725,39.5669],[140.0651,39.5669],[140.0651,39.4768]]]}},{"type":"Feature","properties":{"cell_id":2744},"geometry":{"type":"Polygon","coordinates":[[[140.1725,39.4768],[140.2799,39.4768],[140.2799,39.5669],[140.1725,39.5669],[140.1725,39.4768]]]}},{"type":"Feature","properties":{"cell_id":2745},"geometry":{"type":"Polygon","coordinates":[[[140.2799,39.4768],[140.3873,39.4768],[140.3873,39.5669],[140.2799,39.5669],[140.2799,39.4768]]]}},{"type":"Feature","properties":{"cell_id":2746},"geometry":{"type":"Polygon","coordinates":[[[140.3873,39.4768],[140.4947,39.4768],[140.4947,39.5669],[140.3873,39.5669],[140.3873,39.4768]]]}},{"type":"Feature","properties":{"cell_id":2747},"geometry":{"type":"Polygon","coordinates":[[[140.4947,39.4768],[140.6021,39.4768],[140.6021,39.5669],[140.4947,39.5669],[140.4947,39.4768]]]}},{"type":"Feature","properties":{"cell_id":2748},"geometry":{"type":"Polygon","coordinates":[[[140.6021,39.4768],[140.7095,39.4768],[140.7095,39.5669],[140.6021,39.5669],[140.6021,39.4768]]]}},{"type":"Feature","properties":{"cell_id":2749},"geometry":{"type":"Polygon","coordinates":[[[140.7095,39.4768],[140.8169,39.4768],[140.8169,39.5669],[140.7095,39.5669],[140.7095,39.4768]]]}},{"type":"Feature","properties":{"cell_id":2750},"geometry":{"type":"Polygon","coordinates":[[[140.8169,39.4768],[140.9243,39.4768],[140.9243,39.5669],[140.8169,39.5669],[140.8169,39.4768]]]}},{"type":"Feature","properties":{"cell_id":2751},"geometry":{"type":"Polygon","coordinates":[[[140.9243,39.4768],[141.0317,39.4768],[141.0317,39.5669],[140.9243,39.5669],[140.9243,39.4768]]]}},{"type":"Feature","properties":{"cell_id":2752},"geometry":{"type":"Polygon","coordinates":[[[141.0317,39.4768],[141.1391,39.4768],[141.1391,39.5669],[141.0317,39.5669],[141.0317,39.4768]]]}},{"type":"Feature","properties":{"cell_id":2753},"geometry":{"type":"Polygon","coordinates":[[[141.1391,39.4768],[141.2466,39.4768],[141.2466,39.5669],[141.1391,39.5669],[141.1391,39.4768]]]}},{"type":"Feature","properties":{"cell_id":2754},"geometry":{"type":"Polygon","coordinates":[[[141.2466,39.4768],[141.354,39.4768],[141.354,39.5669],[141.2466,39.5669],[141.2466,39.4768]]]}},{"type":"Feature","properties":{"cell_id":2755},"geometry":{"type":"Polygon","coordinates":[[[141.354,39.4768],[141.4614,39.4768],[141.4614,39.5669],[141.354,39.5669],[141.354,39.4768]]]}},{"type":"Feature","properties":{"cell_id":2756},"geometry":{"type":"Polygon","coordinates":[[[141.4614,39.4768],[141.5688,39.4768],[141.5688,39.5669],[141.4614,39.5669],[141.4614,39.4768]]]}},{"type":"Feature","properties":{"cell_id":2757},"geometry":{"type":"Polygon","coordinates":[[[141.5688,39.4768],[141.6762,39.4768],[141.6762,39.5669],[141.5688,39.5669],[141.5688,39.4768]]]}},{"type":"Feature","properties":{"cell_id":2758},"geometry":{"type":"Polygon","coordinates":[[[141.6762,39.4768],[141.7836,39.4768],[141.7836,39.5669],[141.6762,39.5669],[141.6762,39.4768]]]}},{"type":"Feature","properties":{"cell_id":2759},"geometry":{"type":"Polygon","coordinates":[[[141.7836,39.4768],[141.891,39.4768],[141.891,39.5669],[141.7836,39.5669],[141.7836,39.4768]]]}},{"type":"Feature","properties":{"cell_id":2760},"geometry":{"type":"Polygon","coordinates":[[[141.891,39.4768],[141.9984,39.4768],[141.9984,39.5669],[141.891,39.5669],[141.891,39.4768]]]}},{"type":"Feature","properties":{"cell_id":2761},"geometry":{"type":"Polygon","coordinates":[[[140.0651,39.5669],[140.1725,39.5669],[140.1725,39.657],[140.0651,39.657],[140.0651,39.5669]]]}},{"type":"Feature","properties":{"cell_id":2762},"geometry":{"type":"Polygon","coordinates":[[[140.1725,39.5669],[140.2799,39.5669],[140.2799,39.657],[140.1725,39.657],[140.1725,39.5669]]]}},{"type":"Feature","properties":{"cell_id":2763},"geometry":{"type":"Polygon","coordinates":[[[140.2799,39.5669],[140.3873,39.5669],[140.3873,39.657],[140.2799,39.657],[140.2799,39.5669]]]}},{"type":"Feature","properties":{"cell_id":2764},"geometry":{"type":"Polygon","coordinates":[[[140.3873,39.5669],[140.4947,39.5669],[140.4947,39.657],[140.3873,39.657],[140.3873,39.5669]]]}},{"type":"Feature","properties":{"cell_id":2765},"geometry":{"type":"Polygon","coordinates":[[[140.4947,39.5669],[140.6021,39.5669],[140.6021,39.657],[140.4947,39.657],[140.4947,39.5669]]]}},{"type":"Feature","properties":{"cell_id":2766},"geometry":{"type":"Polygon","coordinates":[[[140.6021,39.5669],[140.7095,39.5669],[140.7095,39.657],[140.6021,39.657],[140.6021,39.5669]]]}},{"type":"Feature","properties":{"cell_id":2767},"geometry":{"type":"Polygon","coordinates":[[[140.7095,39.5669],[140.8169,39.5669],[140.8169,39.657],[140.7095,39.657],[140.7095,39.5669]]]}},{"type":"Feature","properties":{"cell_id":2768},"geometry":{"type":"Polygon","coordinates":[[[140.8169,39.5669],[140.9243,39.5669],[140.9243,39.657],[140.8169,39.657],[140.8169,39.5669]]]}},{"type":"Feature","properties":{"cell_id":2769},"geometry":{"type":"Polygon","coordinates":[[[140.9243,39.5669],[141.0317,39.5669],[141.0317,39.657],[140.9243,39.657],[140.9243,39.5669]]]}},{"type":"Feature","properties":{"cell_id":2770},"geometry":{"type":"Polygon","coordinates":[[[141.0317,39.5669],[141.1391,39.5669],[141.1391,39.657],[141.0317,39.657],[141.0317,39.5669]]]}},{"type":"Feature","properties":{"cell_id":2771},"geometry":{"type":"Polygon","coordinates":[[[141.1391,39.5669],[141.2466,39.5669],[141.2466,39.657],[141.1391,39.657],[141.1391,39.5669]]]}},{"type":"Feature","properties":{"cell_id":2772},"geometry":{"type":"Polygon","coordinates":[[[141.2466,39.5669],[141.354,39.5669],[141.354,39.657],[141.2466,39.657],[141.2466,39.5669]]]}},{"type":"Feature","properties":{"cell_id":2773},"geometry":{"type":"Polygon","coordinates":[[[141.354,39.5669],[141.4614,39.5669],[141.4614,39.657],[141.354,39.657],[141.354,39.5669]]]}},{"type":"Feature","properties":{"cell_id":2774},"geometry":{"type":"Polygon","coordinates":[[[141.4614,39.5669],[141.5688,39.5669],[141.5688,39.657],[141.4614,39.657],[141.4614,39.5669]]]}},{"type":"Feature","properties":{"cell_id":2775},"geometry":{"type":"Polygon","coordinates":[[[141.5688,39.5669],[141.6762,39.5669],[141.6762,39.657],[141.5688,39.657],[141.5688,39.5669]]]}},{"type":"Feature","properties":{"cell_id":2776},"geometry":{"type":"Polygon","coordinates":[[[141.6762,39.5669],[141.7836,39.5669],[141.7836,39.657],[141.6762,39.657],[141.6762,39.5669]]]}},{"type":"Feature","properties":{"cell_id":2777},"geometry":{"type":"Polygon","coordinates":[[[141.7836,39.5669],[141.891,39.5669],[141.891,39.657],[141.7836,39.657],[141.7836,39.5669]]]}},{"type":"Feature","properties":{"cell_id":2778},"geometry":{"type":"Polygon","coordinates":[[[141.891,39.5669],[141.9984,39.5669],[141.9984,39.657],[141.891,39.657],[141.891,39.5669]]]}},{"type":"Feature","properties":{"cell_id":2779},"geometry":{"type":"Polygon","coordinates":[[[140.0651,39.657],[140.1725,39.657],[140.1725,39.7471],[140.0651,39.7471],[140.0651,39.657]]]}},{"type":"Feature","properties":{"cell_id":2780},"geometry":{"type":"Polygon","coordinates":[[[140.1725,39.657],[140.2799,39.657],[140.2799,39.7471],[140.1725,39.7471],[140.1725,39.657]]]}},{"type":"Feature","properties":{"cell_id":2781},"geometry":{"type":"Polygon","coordinates":[[[140.2799,39.657],[140.3873,39.657],[140.3873,39.7471],[140.2799,39.7471],[140.2799,39.657]]]}},{"type":"Feature","properties":{"cell_id":2782},"geometry":{"type":"Polygon","coordinates":[[[140.3873,39.657],[140.4947,39.657],[140.4947,39.7471],[140.3873,39.7471],[140.3873,39.657]]]}},{"type":"Feature","properties":{"cell_id":2783},"geometry":{"type":"Polygon","coordinates":[[[140.4947,39.657],[140.6021,39.657],[140.6021,39.7471],[140.4947,39.7471],[140.4947,39.657]]]}},{"type":"Feature","properties":{"cell_id":2784},"geometry":{"type":"Polygon","coordinates":[[[140.6021,39.657],[140.7095,39.657],[140.7095,39.7471],[140.6021,39.7471],[140.6021,39.657]]]}},{"type":"Feature","properties":{"cell_id":2785},"geometry":{"type":"Polygon","coordinates":[[[140.7095,39.657],[140.8169,39.657],[140.8169,39.7471],[140.7095,39.7471],[140.7095,39.657]]]}},{"type":"Feature","properties":{"cell_id":2786},"geometry":{"type":"Polygon","coordinates":[[[140.8169,39.657],[140.9243,39.657],[140.9243,39.7471],[140.8169,39.7471],[140.8169,39.657]]]}},{"type":"Feature","properties":{"cell_id":2787},"geometry":{"type":"Polygon","coordinates":[[[140.9243,39.657],[141.0317,39.657],[141.0317,39.7471],[140.9243,39.7471],[140.9243,39.657]]]}},{"type":"Feature","properties":{"cell_id":2788},"geometry":{"type":"Polygon","coordinates":[[[141.0317,39.657],[141.1391,39.657],[141.1391,39.7471],[141.0317,39.7471],[141.0317,39.657]]]}},{"type":"Feature","properties":{"cell_id":2789},"geometry":{"type":"Polygon","coordinates":[[[141.1391,39.657],[141.2466,39.657],[141.2466,39.7471],[141.1391,39.7471],[141.1391,39.657]]]}},{"type":"Feature","properties":{"cell_id":2790},"geometry":{"type":"Polygon","coordinates":[[[141.2466,39.657],[141.354,39.657],[141.354,39.7471],[141.2466,39.7471],[141.2466,39.657]]]}},{"type":"Feature","properties":{"cell_id":2791},"geometry":{"type":"Polygon","coordinates":[[[141.354,39.657],[141.4614,39.657],[141.4614,39.7471],[141.354,39.7471],[141.354,39.657]]]}},{"type":"Feature","properties":{"cell_id":2792},"geometry":{"type":"Polygon","coordinates":[[[141.4614,39.657],[141.5688,39.657],[141.5688,39.7471],[141.4614,39.7471],[141.4614,39.657]]]}},{"type":"Feature","properties":{"cell_id":2793},"geometry":{"type":"Polygon","coordinates":[[[141.5688,39.657],[141.6762,39.657],[141.6762,39.7471],[141.5688,39.7471],[141.5688,39.657]]]}},{"type":"Feature","properties":{"cell_id":2794},"geometry":{"type":"Polygon","coordinates":[[[141.6762,39.657],[141.7836,39.657],[141.7836,39.7471],[141.6762,39.7471],[141.6762,39.657]]]}},{"type":"Feature","properties":{"cell_id":2795},"geometry":{"type":"Polygon","coordinates":[[[141.7836,39.657],[141.891,39.657],[141.891,39.7471],[141.7836,39.7471],[141.7836,39.657]]]}},{"type":"Feature","properties":{"cell_id":2796},"geometry":{"type":"Polygon","coordinates":[[[141.891,39.657],[141.9984,39.657],[141.9984,39.7471],[141.891,39.7471],[141.891,39.657]]]}},{"type":"Feature","properties":{"cell_id":2797},"geometry":{"type":"Polygon","coordinates":[[[140.0651,39.7471],[140.1725,39.7471],[140.1725,39.8372],[140.0651,39.8372],[140.0651,39.7471]]]}},{"type":"Feature","properties":{"cell_id":2798},"geometry":{"type":"Polygon","coordinates":[[[140.1725,39.7471],[140.2799,39.7471],[140.2799,39.8372],[140.1725,39.8372],[140.1725,39.7471]]]}},{"type":"Feature","properties":{"cell_id":2799},"geometry":{"type":"Polygon","coordinates":[[[140.2799,39.7471],[140.3873,39.7471],[140.3873,39.8372],[140.2799,39.8372],[140.2799,39.7471]]]}},{"type":"Feature","properties":{"cell_id":2800},"geometry":{"type":"Polygon","coordinates":[[[140.3873,39.7471],[140.4947,39.7471],[140.4947,39.8372],[140.3873,39.8372],[140.3873,39.7471]]]}},{"type":"Feature","properties":{"cell_id":2801},"geometry":{"type":"Polygon","coordinates":[[[140.4947,39.7471],[140.6021,39.7471],[140.6021,39.8372],[140.4947,39.8372],[140.4947,39.7471]]]}},{"type":"Feature","properties":{"cell_id":2802},"geometry":{"type":"Polygon","coordinates":[[[140.6021,39.7471],[140.7095,39.7471],[140.7095,39.8372],[140.6021,39.8372],[140.6021,39.7471]]]}},{"type":"Feature","properties":{"cell_id":2803},"geometry":{"type":"Polygon","coordinates":[[[140.7095,39.7471],[140.8169,39.7471],[140.8169,39.8372],[140.7095,39.8372],[140.7095,39.7471]]]}},{"type":"Feature","properties":{"cell_id":2804},"geometry":{"type":"Polygon","coordinates":[[[140.8169,39.7471],[140.9243,39.7471],[140.9243,39.8372],[140.8169,39.8372],[140.8169,39.7471]]]}},{"type":"Feature","properties":{"cell_id":2805},"geometry":{"type":"Polygon","coordinates":[[[140.9243,39.7471],[141.0317,39.7471],[141.0317,39.8372],[140.9243,39.8372],[140.9243,39.7471]]]}},{"type":"Feature","properties":{"cell_id":2806},"geometry":{"type":"Polygon","coordinates":[[[141.0317,39.7471],[141.1391,39.7471],[141.1391,39.8372],[141.0317,39.8372],[141.0317,39.7471]]]}},{"type":"Feature","properties":{"cell_id":2807},"geometry":{"type":"Polygon","coordinates":[[[141.1391,39.7471],[141.2466,39.7471],[141.2466,39.8372],[141.1391,39.8372],[141.1391,39.7471]]]}},{"type":"Feature","properties":{"cell_id":2808},"geometry":{"type":"Polygon","coordinates":[[[141.2466,39.7471],[141.354,39.7471],[141.354,39.8372],[141.2466,39.8372],[141.2466,39.7471]]]}},{"type":"Feature","properties":{"cell_id":2809},"geometry":{"type":"Polygon","coordinates":[[[141.354,39.7471],[141.4614,39.7471],[141.4614,39.8372],[141.354,39.8372],[141.354,39.7471]]]}},{"type":"Feature","properties":{"cell_id":2810},"geometry":{"type":"Polygon","coordinates":[[[141.4614,39.7471],[141.5688,39.7471],[141.5688,39.8372],[141.4614,39.8372],[141.4614,39.7471]]]}},{"type":"Feature","properties":{"cell_id":2811},"geometry":{"type":"Polygon","coordinates":[[[141.5688,39.7471],[141.6762,39.7471],[141.6762,39.8372],[141.5688,39.8372],[141.5688,39.7471]]]}},{"type":"Feature","properties":{"cell_id":2812},"geometry":{"type":"Polygon","coordinates":[[[141.6762,39.7471],[141.7836,39.7471],[141.7836,39.8372],[141.6762,39.8372],[141.6762,39.7471]]]}},{"type":"Feature","properties":{"cell_id":2813},"geometry":{"type":"Polygon","coordinates":[[[141.7836,39.7471],[141.891,39.7471],[141.891,39.8372],[141.7836,39.8372],[141.7836,39.7471]]]}},{"type":"Feature","properties":{"cell_id":2814},"geometry":{"type":"Polygon","coordinates":[[[141.891,39.7471],[141.9984,39.7471],[141.9984,39.8372],[141.891,39.8372],[141.891,39.7471]]]}},{"type":"Feature","properties":{"cell_id":2815},"geometry":{"type":"Polygon","coordinates":[[[139.7428,39.8372],[139.8503,39.8372],[139.8503,39.9272],[139.7428,39.9272],[139.7428,39.8372]]]}},{"type":"Feature","properties":{"cell_id":2816},"geometry":{"type":"Polygon","coordinates":[[[139.9577,39.8372],[140.0651,39.8372],[140.0651,39.9272],[139.9577,39.9272],[139.9577,39.8372]]]}},{"type":"Feature","properties":{"cell_id":2817},"geometry":{"type":"Polygon","coordinates":[[[140.0651,39.8372],[140.1725,39.8372],[140.1725,39.9272],[140.0651,39.9272],[140.0651,39.8372]]]}},{"type":"Feature","properties":{"cell_id":2818},"geometry":{"type":"Polygon","coordinates":[[[140.1725,39.8372],[140.2799,39.8372],[140.2799,39.9272],[140.1725,39.9272],[140.1725,39.8372]]]}},{"type":"Feature","properties":{"cell_id":2819},"geometry":{"type":"Polygon","coordinates":[[[140.2799,39.8372],[140.3873,39.8372],[140.3873,39.9272],[140.2799,39.9272],[140.2799,39.8372]]]}},{"type":"Feature","properties":{"cell_id":2820},"geometry":{"type":"Polygon","coordinates":[[[140.3873,39.8372],[140.4947,39.8372],[140.4947,39.9272],[140.3873,39.9272],[140.3873,39.8372]]]}},{"type":"Feature","properties":{"cell_id":2821},"geometry":{"type":"Polygon","coordinates":[[[140.4947,39.8372],[140.6021,39.8372],[140.6021,39.9272],[140.4947,39.9272],[140.4947,39.8372]]]}},{"type":"Feature","properties":{"cell_id":2822},"geometry":{"type":"Polygon","coordinates":[[[140.6021,39.8372],[140.7095,39.8372],[140.7095,39.9272],[140.6021,39.9272],[140.6021,39.8372]]]}},{"type":"Feature","properties":{"cell_id":2823},"geometry":{"type":"Polygon","coordinates":[[[140.7095,39.8372],[140.8169,39.8372],[140.8169,39.9272],[140.7095,39.9272],[140.7095,39.8372]]]}},{"type":"Feature","properties":{"cell_id":2824},"geometry":{"type":"Polygon","coordinates":[[[140.8169,39.8372],[140.9243,39.8372],[140.9243,39.9272],[140.8169,39.9272],[140.8169,39.8372]]]}},{"type":"Feature","properties":{"cell_id":2825},"geometry":{"type":"Polygon","coordinates":[[[140.9243,39.8372],[141.0317,39.8372],[141.0317,39.9272],[140.9243,39.9272],[140.9243,39.8372]]]}},{"type":"Feature","properties":{"cell_id":2826},"geometry":{"type":"Polygon","coordinates":[[[141.0317,39.8372],[141.1391,39.8372],[141.1391,39.9272],[141.0317,39.9272],[141.0317,39.8372]]]}},{"type":"Feature","properties":{"cell_id":2827},"geometry":{"type":"Polygon","coordinates":[[[141.1391,39.8372],[141.2466,39.8372],[141.2466,39.9272],[141.1391,39.9272],[141.1391,39.8372]]]}},{"type":"Feature","properties":{"cell_id":2828},"geometry":{"type":"Polygon","coordinates":[[[141.2466,39.8372],[141.354,39.8372],[141.354,39.9272],[141.2466,39.9272],[141.2466,39.8372]]]}},{"type":"Feature","properties":{"cell_id":2829},"geometry":{"type":"Polygon","coordinates":[[[141.354,39.8372],[141.4614,39.8372],[141.4614,39.9272],[141.354,39.9272],[141.354,39.8372]]]}},{"type":"Feature","properties":{"cell_id":2830},"geometry":{"type":"Polygon","coordinates":[[[141.4614,39.8372],[141.5688,39.8372],[141.5688,39.9272],[141.4614,39.9272],[141.4614,39.8372]]]}},{"type":"Feature","properties":{"cell_id":2831},"geometry":{"type":"Polygon","coordinates":[[[141.5688,39.8372],[141.6762,39.8372],[141.6762,39.9272],[141.5688,39.9272],[141.5688,39.8372]]]}},{"type":"Feature","properties":{"cell_id":2832},"geometry":{"type":"Polygon","coordinates":[[[141.6762,39.8372],[141.7836,39.8372],[141.7836,39.9272],[141.6762,39.9272],[141.6762,39.8372]]]}},{"type":"Feature","properties":{"cell_id":2833},"geometry":{"type":"Polygon","coordinates":[[[141.7836,39.8372],[141.891,39.8372],[141.891,39.9272],[141.7836,39.9272],[141.7836,39.8372]]]}},{"type":"Feature","properties":{"cell_id":2834},"geometry":{"type":"Polygon","coordinates":[[[141.891,39.8372],[141.9984,39.8372],[141.9984,39.9272],[141.891,39.9272],[141.891,39.8372]]]}},{"type":"Feature","properties":{"cell_id":2835},"geometry":{"type":"Polygon","coordinates":[[[139.8503,39.9272],[139.9577,39.9272],[139.9577,40.0173],[139.8503,40.0173],[139.8503,39.9272]]]}},{"type":"Feature","properties":{"cell_id":2836},"geometry":{"type":"Polygon","coordinates":[[[139.9577,39.9272],[140.0651,39.9272],[140.0651,40.0173],[139.9577,40.0173],[139.9577,39.9272]]]}},{"type":"Feature","properties":{"cell_id":2837},"geometry":{"type":"Polygon","coordinates":[[[140.0651,39.9272],[140.1725,39.9272],[140.1725,40.0173],[140.0651,40.0173],[140.0651,39.9272]]]}},{"type":"Feature","properties":{"cell_id":2838},"geometry":{"type":"Polygon","coordinates":[[[140.1725,39.9272],[140.2799,39.9272],[140.2799,40.0173],[140.1725,40.0173],[140.1725,39.9272]]]}},{"type":"Feature","properties":{"cell_id":2839},"geometry":{"type":"Polygon","coordinates":[[[140.2799,39.9272],[140.3873,39.9272],[140.3873,40.0173],[140.2799,40.0173],[140.2799,39.9272]]]}},{"type":"Feature","properties":{"cell_id":2840},"geometry":{"type":"Polygon","coordinates":[[[140.3873,39.9272],[140.4947,39.9272],[140.4947,40.0173],[140.3873,40.0173],[140.3873,39.9272]]]}},{"type":"Feature","properties":{"cell_id":2841},"geometry":{"type":"Polygon","coordinates":[[[140.4947,39.9272],[140.6021,39.9272],[140.6021,40.0173],[140.4947,40.0173],[140.4947,39.9272]]]}},{"type":"Feature","properties":{"cell_id":2842},"geometry":{"type":"Polygon","coordinates":[[[140.6021,39.9272],[140.7095,39.9272],[140.7095,40.0173],[140.6021,40.0173],[140.6021,39.9272]]]}},{"type":"Feature","properties":{"cell_id":2843},"geometry":{"type":"Polygon","coordinates":[[[140.7095,39.9272],[140.8169,39.9272],[140.8169,40.0173],[140.7095,40.0173],[140.7095,39.9272]]]}},{"type":"Feature","properties":{"cell_id":2844},"geometry":{"type":"Polygon","coordinates":[[[140.8169,39.9272],[140.9243,39.9272],[140.9243,40.0173],[140.8169,40.0173],[140.8169,39.9272]]]}},{"type":"Feature","properties":{"cell_id":2845},"geometry":{"type":"Polygon","coordinates":[[[140.9243,39.9272],[141.0317,39.9272],[141.0317,40.0173],[140.9243,40.0173],[140.9243,39.9272]]]}},{"type":"Feature","properties":{"cell_id":2846},"geometry":{"type":"Polygon","coordinates":[[[141.0317,39.9272],[141.1391,39.9272],[141.1391,40.0173],[141.0317,40.0173],[141.0317,39.9272]]]}},{"type":"Feature","properties":{"cell_id":2847},"geometry":{"type":"Polygon","coordinates":[[[141.1391,39.9272],[141.2466,39.9272],[141.2466,40.0173],[141.1391,40.0173],[141.1391,39.9272]]]}},{"type":"Feature","properties":{"cell_id":2848},"geometry":{"type":"Polygon","coordinates":[[[141.2466,39.9272],[141.354,39.9272],[141.354,40.0173],[141.2466,40.0173],[141.2466,39.9272]]]}},{"type":"Feature","properties":{"cell_id":2849},"geometry":{"type":"Polygon","coordinates":[[[141.354,39.9272],[141.4614,39.9272],[141.4614,40.0173],[141.354,40.0173],[141.354,39.9272]]]}},{"type":"Feature","properties":{"cell_id":2850},"geometry":{"type":"Polygon","coordinates":[[[141.4614,39.9272],[141.5688,39.9272],[141.5688,40.0173],[141.4614,40.0173],[141.4614,39.9272]]]}},{"type":"Feature","properties":{"cell_id":2851},"geometry":{"type":"Polygon","coordinates":[[[141.5688,39.9272],[141.6762,39.9272],[141.6762,40.0173],[141.5688,40.0173],[141.5688,39.9272]]]}},{"type":"Feature","properties":{"cell_id":2852},"geometry":{"type":"Polygon","coordinates":[[[141.6762,39.9272],[141.7836,39.9272],[141.7836,40.0173],[141.6762,40.0173],[141.6762,39.9272]]]}},{"type":"Feature","properties":{"cell_id":2853},"geometry":{"type":"Polygon","coordinates":[[[141.7836,39.9272],[141.891,39.9272],[141.891,40.0173],[141.7836,40.0173],[141.7836,39.9272]]]}},{"type":"Feature","properties":{"cell_id":2854},"geometry":{"type":"Polygon","coordinates":[[[141.891,39.9272],[141.9984,39.9272],[141.9984,40.0173],[141.891,40.0173],[141.891,39.9272]]]}},{"type":"Feature","properties":{"cell_id":2855},"geometry":{"type":"Polygon","coordinates":[[[139.9577,40.0173],[140.0651,40.0173],[140.0651,40.1074],[139.9577,40.1074],[139.9577,40.0173]]]}},{"type":"Feature","properties":{"cell_id":2856},"geometry":{"type":"Polygon","coordinates":[[[140.0651,40.0173],[140.1725,40.0173],[140.1725,40.1074],[140.0651,40.1074],[140.0651,40.0173]]]}},{"type":"Feature","properties":{"cell_id":2857},"geometry":{"type":"Polygon","coordinates":[[[140.1725,40.0173],[140.2799,40.0173],[140.2799,40.1074],[140.1725,40.1074],[140.1725,40.0173]]]}},{"type":"Feature","properties":{"cell_id":2858},"geometry":{"type":"Polygon","coordinates":[[[140.2799,40.0173],[140.3873,40.0173],[140.3873,40.1074],[140.2799,40.1074],[140.2799,40.0173]]]}},{"type":"Feature","properties":{"cell_id":2859},"geometry":{"type":"Polygon","coordinates":[[[140.3873,40.0173],[140.4947,40.0173],[140.4947,40.1074],[140.3873,40.1074],[140.3873,40.0173]]]}},{"type":"Feature","properties":{"cell_id":2860},"geometry":{"type":"Polygon","coordinates":[[[140.4947,40.0173],[140.6021,40.0173],[140.6021,40.1074],[140.4947,40.1074],[140.4947,40.0173]]]}},{"type":"Feature","properties":{"cell_id":2861},"geometry":{"type":"Polygon","coordinates":[[[140.6021,40.0173],[140.7095,40.0173],[140.7095,40.1074],[140.6021,40.1074],[140.6021,40.0173]]]}},{"type":"Feature","properties":{"cell_id":2862},"geometry":{"type":"Polygon","coordinates":[[[140.7095,40.0173],[140.8169,40.0173],[140.8169,40.1074],[140.7095,40.1074],[140.7095,40.0173]]]}},{"type":"Feature","properties":{"cell_id":2863},"geometry":{"type":"Polygon","coordinates":[[[140.8169,40.0173],[140.9243,40.0173],[140.9243,40.1074],[140.8169,40.1074],[140.8169,40.0173]]]}},{"type":"Feature","properties":{"cell_id":2864},"geometry":{"type":"Polygon","coordinates":[[[140.9243,40.0173],[141.0317,40.0173],[141.0317,40.1074],[140.9243,40.1074],[140.9243,40.0173]]]}},{"type":"Feature","properties":{"cell_id":2865},"geometry":{"type":"Polygon","coordinates":[[[141.0317,40.0173],[141.1391,40.0173],[141.1391,40.1074],[141.0317,40.1074],[141.0317,40.0173]]]}},{"type":"Feature","properties":{"cell_id":2866},"geometry":{"type":"Polygon","coordinates":[[[141.1391,40.0173],[141.2466,40.0173],[141.2466,40.1074],[141.1391,40.1074],[141.1391,40.0173]]]}},{"type":"Feature","properties":{"cell_id":2867},"geometry":{"type":"Polygon","coordinates":[[[141.2466,40.0173],[141.354,40.0173],[141.354,40.1074],[141.2466,40.1074],[141.2466,40.0173]]]}},{"type":"Feature","properties":{"cell_id":2868},"geometry":{"type":"Polygon","coordinates":[[[141.354,40.0173],[141.4614,40.0173],[141.4614,40.1074],[141.354,40.1074],[141.354,40.0173]]]}},{"type":"Feature","properties":{"cell_id":2869},"geometry":{"type":"Polygon","coordinates":[[[141.4614,40.0173],[141.5688,40.0173],[141.5688,40.1074],[141.4614,40.1074],[141.4614,40.0173]]]}},{"type":"Feature","properties":{"cell_id":2870},"geometry":{"type":"Polygon","coordinates":[[[141.5688,40.0173],[141.6762,40.0173],[141.6762,40.1074],[141.5688,40.1074],[141.5688,40.0173]]]}},{"type":"Feature","properties":{"cell_id":2871},"geometry":{"type":"Polygon","coordinates":[[[141.6762,40.0173],[141.7836,40.0173],[141.7836,40.1074],[141.6762,40.1074],[141.6762,40.0173]]]}},{"type":"Feature","properties":{"cell_id":2872},"geometry":{"type":"Polygon","coordinates":[[[141.7836,40.0173],[141.891,40.0173],[141.891,40.1074],[141.7836,40.1074],[141.7836,40.0173]]]}},{"type":"Feature","properties":{"cell_id":2873},"geometry":{"type":"Polygon","coordinates":[[[139.9577,40.1074],[140.0651,40.1074],[140.0651,40.1975],[139.9577,40.1975],[139.9577,40.1074]]]}},{"type":"Feature","properties":{"cell_id":2874},"geometry":{"type":"Polygon","coordinates":[[[140.0651,40.1074],[140.1725,40.1074],[140.1725,40.1975],[140.0651,40.1975],[140.0651,40.1074]]]}},{"type":"Feature","properties":{"cell_id":2875},"geometry":{"type":"Polygon","coordinates":[[[140.1725,40.1074],[140.2799,40.1074],[140.2799,40.1975],[140.1725,40.1975],[140.1725,40.1074]]]}},{"type":"Feature","properties":{"cell_id":2876},"geometry":{"type":"Polygon","coordinates":[[[140.2799,40.1074],[140.3873,40.1074],[140.3873,40.1975],[140.2799,40.1975],[140.2799,40.1074]]]}},{"type":"Feature","properties":{"cell_id":2877},"geometry":{"type":"Polygon","coordinates":[[[140.3873,40.1074],[140.4947,40.1074],[140.4947,40.1975],[140.3873,40.1975],[140.3873,40.1074]]]}},{"type":"Feature","properties":{"cell_id":2878},"geometry":{"type":"Polygon","coordinates":[[[140.4947,40.1074],[140.6021,40.1074],[140.6021,40.1975],[140.4947,40.1975],[140.4947,40.1074]]]}},{"type":"Feature","properties":{"cell_id":2879},"geometry":{"type":"Polygon","coordinates":[[[140.6021,40.1074],[140.7095,40.1074],[140.7095,40.1975],[140.6021,40.1975],[140.6021,40.1074]]]}},{"type":"Feature","properties":{"cell_id":2880},"geometry":{"type":"Polygon","coordinates":[[[140.7095,40.1074],[140.8169,40.1074],[140.8169,40.1975],[140.7095,40.1975],[140.7095,40.1074]]]}},{"type":"Feature","properties":{"cell_id":2881},"geometry":{"type":"Polygon","coordinates":[[[140.8169,40.1074],[140.9243,40.1074],[140.9243,40.1975],[140.8169,40.1975],[140.8169,40.1074]]]}},{"type":"Feature","properties":{"cell_id":2882},"geometry":{"type":"Polygon","coordinates":[[[140.9243,40.1074],[141.0317,40.1074],[141.0317,40.1975],[140.9243,40.1975],[140.9243,40.1074]]]}},{"type":"Feature","properties":{"cell_id":2883},"geometry":{"type":"Polygon","coordinates":[[[141.0317,40.1074],[141.1391,40.1074],[141.1391,40.1975],[141.0317,40.1975],[141.0317,40.1074]]]}},{"type":"Feature","properties":{"cell_id":2884},"geometry":{"type":"Polygon","coordinates":[[[141.1391,40.1074],[141.2466,40.1074],[141.2466,40.1975],[141.1391,40.1975],[141.1391,40.1074]]]}},{"type":"Feature","properties":{"cell_id":2885},"geometry":{"type":"Polygon","coordinates":[[[141.2466,40.1074],[141.354,40.1074],[141.354,40.1975],[141.2466,40.1975],[141.2466,40.1074]]]}},{"type":"Feature","properties":{"cell_id":2886},"geometry":{"type":"Polygon","coordinates":[[[141.354,40.1074],[141.4614,40.1074],[141.4614,40.1975],[141.354,40.1975],[141.354,40.1074]]]}},{"type":"Feature","properties":{"cell_id":2887},"geometry":{"type":"Polygon","coordinates":[[[141.4614,40.1074],[141.5688,40.1074],[141.5688,40.1975],[141.4614,40.1975],[141.4614,40.1074]]]}},{"type":"Feature","properties":{"cell_id":2888},"geometry":{"type":"Polygon","coordinates":[[[141.5688,40.1074],[141.6762,40.1074],[141.6762,40.1975],[141.5688,40.1975],[141.5688,40.1074]]]}},{"type":"Feature","properties":{"cell_id":2889},"geometry":{"type":"Polygon","coordinates":[[[141.6762,40.1074],[141.7836,40.1074],[141.7836,40.1975],[141.6762,40.1975],[141.6762,40.1074]]]}},{"type":"Feature","properties":{"cell_id":2890},"geometry":{"type":"Polygon","coordinates":[[[141.7836,40.1074],[141.891,40.1074],[141.891,40.1975],[141.7836,40.1975],[141.7836,40.1074]]]}},{"type":"Feature","properties":{"cell_id":2891},"geometry":{"type":"Polygon","coordinates":[[[139.9577,40.1975],[140.0651,40.1975],[140.0651,40.2876],[139.9577,40.2876],[139.9577,40.1975]]]}},{"type":"Feature","properties":{"cell_id":2892},"geometry":{"type":"Polygon","coordinates":[[[140.0651,40.1975],[140.1725,40.1975],[140.1725,40.2876],[140.0651,40.2876],[140.0651,40.1975]]]}},{"type":"Feature","properties":{"cell_id":2893},"geometry":{"type":"Polygon","coordinates":[[[140.1725,40.1975],[140.2799,40.1975],[140.2799,40.2876],[140.1725,40.2876],[140.1725,40.1975]]]}},{"type":"Feature","properties":{"cell_id":2894},"geometry":{"type":"Polygon","coordinates":[[[140.2799,40.1975],[140.3873,40.1975],[140.3873,40.2876],[140.2799,40.2876],[140.2799,40.1975]]]}},{"type":"Feature","properties":{"cell_id":2895},"geometry":{"type":"Polygon","coordinates":[[[140.3873,40.1975],[140.4947,40.1975],[140.4947,40.2876],[140.3873,40.2876],[140.3873,40.1975]]]}},{"type":"Feature","properties":{"cell_id":2896},"geometry":{"type":"Polygon","coordinates":[[[140.4947,40.1975],[140.6021,40.1975],[140.6021,40.2876],[140.4947,40.2876],[140.4947,40.1975]]]}},{"type":"Feature","properties":{"cell_id":2897},"geometry":{"type":"Polygon","coordinates":[[[140.6021,40.1975],[140.7095,40.1975],[140.7095,40.2876],[140.6021,40.2876],[140.6021,40.1975]]]}},{"type":"Feature","properties":{"cell_id":2898},"geometry":{"type":"Polygon","coordinates":[[[140.7095,40.1975],[140.8169,40.1975],[140.8169,40.2876],[140.7095,40.2876],[140.7095,40.1975]]]}},{"type":"Feature","properties":{"cell_id":2899},"geometry":{"type":"Polygon","coordinates":[[[140.8169,40.1975],[140.9243,40.1975],[140.9243,40.2876],[140.8169,40.2876],[140.8169,40.1975]]]}},{"type":"Feature","properties":{"cell_id":2900},"geometry":{"type":"Polygon","coordinates":[[[140.9243,40.1975],[141.0317,40.1975],[141.0317,40.2876],[140.9243,40.2876],[140.9243,40.1975]]]}},{"type":"Feature","properties":{"cell_id":2901},"geometry":{"type":"Polygon","coordinates":[[[141.0317,40.1975],[141.1391,40.1975],[141.1391,40.2876],[141.0317,40.2876],[141.0317,40.1975]]]}},{"type":"Feature","properties":{"cell_id":2902},"geometry":{"type":"Polygon","coordinates":[[[141.1391,40.1975],[141.2466,40.1975],[141.2466,40.2876],[141.1391,40.2876],[141.1391,40.1975]]]}},{"type":"Feature","properties":{"cell_id":2903},"geometry":{"type":"Polygon","coordinates":[[[141.2466,40.1975],[141.354,40.1975],[141.354,40.2876],[141.2466,40.2876],[141.2466,40.1975]]]}},{"type":"Feature","properties":{"cell_id":2904},"geometry":{"type":"Polygon","coordinates":[[[141.354,40.1975],[141.4614,40.1975],[141.4614,40.2876],[141.354,40.2876],[141.354,40.1975]]]}},{"type":"Feature","properties":{"cell_id":2905},"geometry":{"type":"Polygon","coordinates":[[[141.4614,40.1975],[141.5688,40.1975],[141.5688,40.2876],[141.4614,40.2876],[141.4614,40.1975]]]}},{"type":"Feature","properties":{"cell_id":2906},"geometry":{"type":"Polygon","coordinates":[[[141.5688,40.1975],[141.6762,40.1975],[141.6762,40.2876],[141.5688,40.2876],[141.5688,40.1975]]]}},{"type":"Feature","properties":{"cell_id":2907},"geometry":{"type":"Polygon","coordinates":[[[141.6762,40.1975],[141.7836,40.1975],[141.7836,40.2876],[141.6762,40.2876],[141.6762,40.1975]]]}},{"type":"Feature","properties":{"cell_id":2908},"geometry":{"type":"Polygon","coordinates":[[[140.0651,40.2876],[140.1725,40.2876],[140.1725,40.3777],[140.0651,40.3777],[140.0651,40.2876]]]}},{"type":"Feature","properties":{"cell_id":2909},"geometry":{"type":"Polygon","coordinates":[[[140.1725,40.2876],[140.2799,40.2876],[140.2799,40.3777],[140.1725,40.3777],[140.1725,40.2876]]]}},{"type":"Feature","properties":{"cell_id":2910},"geometry":{"type":"Polygon","coordinates":[[[140.2799,40.2876],[140.3873,40.2876],[140.3873,40.3777],[140.2799,40.3777],[140.2799,40.2876]]]}},{"type":"Feature","properties":{"cell_id":2911},"geometry":{"type":"Polygon","coordinates":[[[140.3873,40.2876],[140.4947,40.2876],[140.4947,40.3777],[140.3873,40.3777],[140.3873,40.2876]]]}},{"type":"Feature","properties":{"cell_id":2912},"geometry":{"type":"Polygon","coordinates":[[[140.4947,40.2876],[140.6021,40.2876],[140.6021,40.3777],[140.4947,40.3777],[140.4947,40.2876]]]}},{"type":"Feature","properties":{"cell_id":2913},"geometry":{"type":"Polygon","coordinates":[[[140.6021,40.2876],[140.7095,40.2876],[140.7095,40.3777],[140.6021,40.3777],[140.6021,40.2876]]]}},{"type":"Feature","properties":{"cell_id":2914},"geometry":{"type":"Polygon","coordinates":[[[140.7095,40.2876],[140.8169,40.2876],[140.8169,40.3777],[140.7095,40.3777],[140.7095,40.2876]]]}},{"type":"Feature","properties":{"cell_id":2915},"geometry":{"type":"Polygon","coordinates":[[[140.8169,40.2876],[140.9243,40.2876],[140.9243,40.3777],[140.8169,40.3777],[140.8169,40.2876]]]}},{"type":"Feature","properties":{"cell_id":2916},"geometry":{"type":"Polygon","coordinates":[[[140.9243,40.2876],[141.0317,40.2876],[141.0317,40.3777],[140.9243,40.3777],[140.9243,40.2876]]]}},{"type":"Feature","properties":{"cell_id":2917},"geometry":{"type":"Polygon","coordinates":[[[141.0317,40.2876],[141.1391,40.2876],[141.1391,40.3777],[141.0317,40.3777],[141.0317,40.2876]]]}},{"type":"Feature","properties":{"cell_id":2918},"geometry":{"type":"Polygon","coordinates":[[[141.1391,40.2876],[141.2466,40.2876],[141.2466,40.3777],[141.1391,40.3777],[141.1391,40.2876]]]}},{"type":"Feature","properties":{"cell_id":2919},"geometry":{"type":"Polygon","coordinates":[[[141.2466,40.2876],[141.354,40.2876],[141.354,40.3777],[141.2466,40.3777],[141.2466,40.2876]]]}},{"type":"Feature","properties":{"cell_id":2920},"geometry":{"type":"Polygon","coordinates":[[[141.354,40.2876],[141.4614,40.2876],[141.4614,40.3777],[141.354,40.3777],[141.354,40.2876]]]}},{"type":"Feature","properties":{"cell_id":2921},"geometry":{"type":"Polygon","coordinates":[[[141.4614,40.2876],[141.5688,40.2876],[141.5688,40.3777],[141.4614,40.3777],[141.4614,40.2876]]]}},{"type":"Feature","properties":{"cell_id":2922},"geometry":{"type":"Polygon","coordinates":[[[141.5688,40.2876],[141.6762,40.2876],[141.6762,40.3777],[141.5688,40.3777],[141.5688,40.2876]]]}},{"type":"Feature","properties":{"cell_id":2923},"geometry":{"type":"Polygon","coordinates":[[[141.6762,40.2876],[141.7836,40.2876],[141.7836,40.3777],[141.6762,40.3777],[141.6762,40.2876]]]}},{"type":"Feature","properties":{"cell_id":2924},"geometry":{"type":"Polygon","coordinates":[[[139.9577,40.3777],[140.0651,40.3777],[140.0651,40.4678],[139.9577,40.4678],[139.9577,40.3777]]]}},{"type":"Feature","properties":{"cell_id":2925},"geometry":{"type":"Polygon","coordinates":[[[140.0651,40.3777],[140.1725,40.3777],[140.1725,40.4678],[140.0651,40.4678],[140.0651,40.3777]]]}},{"type":"Feature","properties":{"cell_id":2926},"geometry":{"type":"Polygon","coordinates":[[[140.1725,40.3777],[140.2799,40.3777],[140.2799,40.4678],[140.1725,40.4678],[140.1725,40.3777]]]}},{"type":"Feature","properties":{"cell_id":2927},"geometry":{"type":"Polygon","coordinates":[[[140.2799,40.3777],[140.3873,40.3777],[140.3873,40.4678],[140.2799,40.4678],[140.2799,40.3777]]]}},{"type":"Feature","properties":{"cell_id":2928},"geometry":{"type":"Polygon","coordinates":[[[140.3873,40.3777],[140.4947,40.3777],[140.4947,40.4678],[140.3873,40.4678],[140.3873,40.3777]]]}},{"type":"Feature","properties":{"cell_id":2929},"geometry":{"type":"Polygon","coordinates":[[[140.4947,40.3777],[140.6021,40.3777],[140.6021,40.4678],[140.4947,40.4678],[140.4947,40.3777]]]}},{"type":"Feature","properties":{"cell_id":2930},"geometry":{"type":"Polygon","coordinates":[[[140.6021,40.3777],[140.7095,40.3777],[140.7095,40.4678],[140.6021,40.4678],[140.6021,40.3777]]]}},{"type":"Feature","properties":{"cell_id":2931},"geometry":{"type":"Polygon","coordinates":[[[140.7095,40.3777],[140.8169,40.3777],[140.8169,40.4678],[140.7095,40.4678],[140.7095,40.3777]]]}},{"type":"Feature","properties":{"cell_id":2932},"geometry":{"type":"Polygon","coordinates":[[[140.8169,40.3777],[140.9243,40.3777],[140.9243,40.4678],[140.8169,40.4678],[140.8169,40.3777]]]}},{"type":"Feature","properties":{"cell_id":2933},"geometry":{"type":"Polygon","coordinates":[[[140.9243,40.3777],[141.0317,40.3777],[141.0317,40.4678],[140.9243,40.4678],[140.9243,40.3777]]]}},{"type":"Feature","properties":{"cell_id":2934},"geometry":{"type":"Polygon","coordinates":[[[141.0317,40.3777],[141.1391,40.3777],[141.1391,40.4678],[141.0317,40.4678],[141.0317,40.3777]]]}},{"type":"Feature","properties":{"cell_id":2935},"geometry":{"type":"Polygon","coordinates":[[[141.1391,40.3777],[141.2466,40.3777],[141.2466,40.4678],[141.1391,40.4678],[141.1391,40.3777]]]}},{"type":"Feature","properties":{"cell_id":2936},"geometry":{"type":"Polygon","coordinates":[[[141.2466,40.3777],[141.354,40.3777],[141.354,40.4678],[141.2466,40.4678],[141.2466,40.3777]]]}},{"type":"Feature","properties":{"cell_id":2937},"geometry":{"type":"Polygon","coordinates":[[[141.354,40.3777],[141.4614,40.3777],[141.4614,40.4678],[141.354,40.4678],[141.354,40.3777]]]}},{"type":"Feature","properties":{"cell_id":2938},"geometry":{"type":"Polygon","coordinates":[[[141.4614,40.3777],[141.5688,40.3777],[141.5688,40.4678],[141.4614,40.4678],[141.4614,40.3777]]]}},{"type":"Feature","properties":{"cell_id":2939},"geometry":{"type":"Polygon","coordinates":[[[141.5688,40.3777],[141.6762,40.3777],[141.6762,40.4678],[141.5688,40.4678],[141.5688,40.3777]]]}},{"type":"Feature","properties":{"cell_id":2940},"geometry":{"type":"Polygon","coordinates":[[[139.9577,40.4678],[140.0651,40.4678],[140.0651,40.5579],[139.9577,40.5579],[139.9577,40.4678]]]}},{"type":"Feature","properties":{"cell_id":2941},"geometry":{"type":"Polygon","coordinates":[[[140.0651,40.4678],[140.1725,40.4678],[140.1725,40.5579],[140.0651,40.5579],[140.0651,40.4678]]]}},{"type":"Feature","properties":{"cell_id":2942},"geometry":{"type":"Polygon","coordinates":[[[140.1725,40.4678],[140.2799,40.4678],[140.2799,40.5579],[140.1725,40.5579],[140.1725,40.4678]]]}},{"type":"Feature","properties":{"cell_id":2943},"geometry":{"type":"Polygon","coordinates":[[[140.2799,40.4678],[140.3873,40.4678],[140.3873,40.5579],[140.2799,40.5579],[140.2799,40.4678]]]}},{"type":"Feature","properties":{"cell_id":2944},"geometry":{"type":"Polygon","coordinates":[[[140.3873,40.4678],[140.4947,40.4678],[140.4947,40.5579],[140.3873,40.5579],[140.3873,40.4678]]]}},{"type":"Feature","properties":{"cell_id":2945},"geometry":{"type":"Polygon","coordinates":[[[140.4947,40.4678],[140.6021,40.4678],[140.6021,40.5579],[140.4947,40.5579],[140.4947,40.4678]]]}},{"type":"Feature","properties":{"cell_id":2946},"geometry":{"type":"Polygon","coordinates":[[[140.6021,40.4678],[140.7095,40.4678],[140.7095,40.5579],[140.6021,40.5579],[140.6021,40.4678]]]}},{"type":"Feature","properties":{"cell_id":2947},"geometry":{"type":"Polygon","coordinates":[[[140.7095,40.4678],[140.8169,40.4678],[140.8169,40.5579],[140.7095,40.5579],[140.7095,40.4678]]]}},{"type":"Feature","properties":{"cell_id":2948},"geometry":{"type":"Polygon","coordinates":[[[140.8169,40.4678],[140.9243,40.4678],[140.9243,40.5579],[140.8169,40.5579],[140.8169,40.4678]]]}},{"type":"Feature","properties":{"cell_id":2949},"geometry":{"type":"Polygon","coordinates":[[[140.9243,40.4678],[141.0317,40.4678],[141.0317,40.5579],[140.9243,40.5579],[140.9243,40.4678]]]}},{"type":"Feature","properties":{"cell_id":2950},"geometry":{"type":"Polygon","coordinates":[[[141.0317,40.4678],[141.1391,40.4678],[141.1391,40.5579],[141.0317,40.5579],[141.0317,40.4678]]]}},{"type":"Feature","properties":{"cell_id":2951},"geometry":{"type":"Polygon","coordinates":[[[141.1391,40.4678],[141.2466,40.4678],[141.2466,40.5579],[141.1391,40.5579],[141.1391,40.4678]]]}},{"type":"Feature","properties":{"cell_id":2952},"geometry":{"type":"Polygon","coordinates":[[[141.2466,40.4678],[141.354,40.4678],[141.354,40.5579],[141.2466,40.5579],[141.2466,40.4678]]]}},{"type":"Feature","properties":{"cell_id":2953},"geometry":{"type":"Polygon","coordinates":[[[141.354,40.4678],[141.4614,40.4678],[141.4614,40.5579],[141.354,40.5579],[141.354,40.4678]]]}},{"type":"Feature","properties":{"cell_id":2954},"geometry":{"type":"Polygon","coordinates":[[[141.4614,40.4678],[141.5688,40.4678],[141.5688,40.5579],[141.4614,40.5579],[141.4614,40.4678]]]}},{"type":"Feature","properties":{"cell_id":2955},"geometry":{"type":"Polygon","coordinates":[[[139.8503,40.5579],[139.9577,40.5579],[139.9577,40.648],[139.8503,40.648],[139.8503,40.5579]]]}},{"type":"Feature","properties":{"cell_id":2956},"geometry":{"type":"Polygon","coordinates":[[[139.9577,40.5579],[140.0651,40.5579],[140.0651,40.648],[139.9577,40.648],[139.9577,40.5579]]]}},{"type":"Feature","properties":{"cell_id":2957},"geometry":{"type":"Polygon","coordinates":[[[140.0651,40.5579],[140.1725,40.5579],[140.1725,40.648],[140.0651,40.648],[140.0651,40.5579]]]}},{"type":"Feature","properties":{"cell_id":2958},"geometry":{"type":"Polygon","coordinates":[[[140.1725,40.5579],[140.2799,40.5579],[140.2799,40.648],[140.1725,40.648],[140.1725,40.5579]]]}},{"type":"Feature","properties":{"cell_id":2959},"geometry":{"type":"Polygon","coordinates":[[[140.2799,40.5579],[140.3873,40.5579],[140.3873,40.648],[140.2799,40.648],[140.2799,40.5579]]]}},{"type":"Feature","properties":{"cell_id":2960},"geometry":{"type":"Polygon","coordinates":[[[140.3873,40.5579],[140.4947,40.5579],[140.4947,40.648],[140.3873,40.648],[140.3873,40.5579]]]}},{"type":"Feature","properties":{"cell_id":2961},"geometry":{"type":"Polygon","coordinates":[[[140.4947,40.5579],[140.6021,40.5579],[140.6021,40.648],[140.4947,40.648],[140.4947,40.5579]]]}},{"type":"Feature","properties":{"cell_id":2962},"geometry":{"type":"Polygon","coordinates":[[[140.6021,40.5579],[140.7095,40.5579],[140.7095,40.648],[140.6021,40.648],[140.6021,40.5579]]]}},{"type":"Feature","properties":{"cell_id":2963},"geometry":{"type":"Polygon","coordinates":[[[140.7095,40.5579],[140.8169,40.5579],[140.8169,40.648],[140.7095,40.648],[140.7095,40.5579]]]}},{"type":"Feature","properties":{"cell_id":2964},"geometry":{"type":"Polygon","coordinates":[[[140.8169,40.5579],[140.9243,40.5579],[140.9243,40.648],[140.8169,40.648],[140.8169,40.5579]]]}},{"type":"Feature","properties":{"cell_id":2965},"geometry":{"type":"Polygon","coordinates":[[[140.9243,40.5579],[141.0317,40.5579],[141.0317,40.648],[140.9243,40.648],[140.9243,40.5579]]]}},{"type":"Feature","properties":{"cell_id":2966},"geometry":{"type":"Polygon","coordinates":[[[141.0317,40.5579],[141.1391,40.5579],[141.1391,40.648],[141.0317,40.648],[141.0317,40.5579]]]}},{"type":"Feature","properties":{"cell_id":2967},"geometry":{"type":"Polygon","coordinates":[[[141.1391,40.5579],[141.2466,40.5579],[141.2466,40.648],[141.1391,40.648],[141.1391,40.5579]]]}},{"type":"Feature","properties":{"cell_id":2968},"geometry":{"type":"Polygon","coordinates":[[[141.2466,40.5579],[141.354,40.5579],[141.354,40.648],[141.2466,40.648],[141.2466,40.5579]]]}},{"type":"Feature","properties":{"cell_id":2969},"geometry":{"type":"Polygon","coordinates":[[[141.354,40.5579],[141.4614,40.5579],[141.4614,40.648],[141.354,40.648],[141.354,40.5579]]]}},{"type":"Feature","properties":{"cell_id":2970},"geometry":{"type":"Polygon","coordinates":[[[139.9577,40.648],[140.0651,40.648],[140.0651,40.7381],[139.9577,40.7381],[139.9577,40.648]]]}},{"type":"Feature","properties":{"cell_id":2971},"geometry":{"type":"Polygon","coordinates":[[[140.0651,40.648],[140.1725,40.648],[140.1725,40.7381],[140.0651,40.7381],[140.0651,40.648]]]}},{"type":"Feature","properties":{"cell_id":2972},"geometry":{"type":"Polygon","coordinates":[[[140.1725,40.648],[140.2799,40.648],[140.2799,40.7381],[140.1725,40.7381],[140.1725,40.648]]]}},{"type":"Feature","properties":{"cell_id":2973},"geometry":{"type":"Polygon","coordinates":[[[140.2799,40.648],[140.3873,40.648],[140.3873,40.7381],[140.2799,40.7381],[140.2799,40.648]]]}},{"type":"Feature","properties":{"cell_id":2974},"geometry":{"type":"Polygon","coordinates":[[[140.3873,40.648],[140.4947,40.648],[140.4947,40.7381],[140.3873,40.7381],[140.3873,40.648]]]}},{"type":"Feature","properties":{"cell_id":2975},"geometry":{"type":"Polygon","coordinates":[[[140.4947,40.648],[140.6021,40.648],[140.6021,40.7381],[140.4947,40.7381],[140.4947,40.648]]]}},{"type":"Feature","properties":{"cell_id":2976},"geometry":{"type":"Polygon","coordinates":[[[140.6021,40.648],[140.7095,40.648],[140.7095,40.7381],[140.6021,40.7381],[140.6021,40.648]]]}},{"type":"Feature","properties":{"cell_id":2977},"geometry":{"type":"Polygon","coordinates":[[[140.7095,40.648],[140.8169,40.648],[140.8169,40.7381],[140.7095,40.7381],[140.7095,40.648]]]}},{"type":"Feature","properties":{"cell_id":2978},"geometry":{"type":"Polygon","coordinates":[[[140.8169,40.648],[140.9243,40.648],[140.9243,40.7381],[140.8169,40.7381],[140.8169,40.648]]]}},{"type":"Feature","properties":{"cell_id":2979},"geometry":{"type":"Polygon","coordinates":[[[140.9243,40.648],[141.0317,40.648],[141.0317,40.7381],[140.9243,40.7381],[140.9243,40.648]]]}},{"type":"Feature","properties":{"cell_id":2980},"geometry":{"type":"Polygon","coordinates":[[[141.0317,40.648],[141.1391,40.648],[141.1391,40.7381],[141.0317,40.7381],[141.0317,40.648]]]}},{"type":"Feature","properties":{"cell_id":2981},"geometry":{"type":"Polygon","coordinates":[[[141.1391,40.648],[141.2466,40.648],[141.2466,40.7381],[141.1391,40.7381],[141.1391,40.648]]]}},{"type":"Feature","properties":{"cell_id":2982},"geometry":{"type":"Polygon","coordinates":[[[141.2466,40.648],[141.354,40.648],[141.354,40.7381],[141.2466,40.7381],[141.2466,40.648]]]}},{"type":"Feature","properties":{"cell_id":2983},"geometry":{"type":"Polygon","coordinates":[[[141.354,40.648],[141.4614,40.648],[141.4614,40.7381],[141.354,40.7381],[141.354,40.648]]]}},{"type":"Feature","properties":{"cell_id":2984},"geometry":{"type":"Polygon","coordinates":[[[140.2799,40.7381],[140.3873,40.7381],[140.3873,40.8281],[140.2799,40.8281],[140.2799,40.7381]]]}},{"type":"Feature","properties":{"cell_id":2985},"geometry":{"type":"Polygon","coordinates":[[[140.3873,40.7381],[140.4947,40.7381],[140.4947,40.8281],[140.3873,40.8281],[140.3873,40.7381]]]}},{"type":"Feature","properties":{"cell_id":2986},"geometry":{"type":"Polygon","coordinates":[[[140.4947,40.7381],[140.6021,40.7381],[140.6021,40.8281],[140.4947,40.8281],[140.4947,40.7381]]]}},{"type":"Feature","properties":{"cell_id":2987},"geometry":{"type":"Polygon","coordinates":[[[140.6021,40.7381],[140.7095,40.7381],[140.7095,40.8281],[140.6021,40.8281],[140.6021,40.7381]]]}},{"type":"Feature","properties":{"cell_id":2988},"geometry":{"type":"Polygon","coordinates":[[[140.7095,40.7381],[140.8169,40.7381],[140.8169,40.8281],[140.7095,40.8281],[140.7095,40.7381]]]}},{"type":"Feature","properties":{"cell_id":2989},"geometry":{"type":"Polygon","coordinates":[[[140.8169,40.7381],[140.9243,40.7381],[140.9243,40.8281],[140.8169,40.8281],[140.8169,40.7381]]]}},{"type":"Feature","properties":{"cell_id":2990},"geometry":{"type":"Polygon","coordinates":[[[140.9243,40.7381],[141.0317,40.7381],[141.0317,40.8281],[140.9243,40.8281],[140.9243,40.7381]]]}},{"type":"Feature","properties":{"cell_id":2991},"geometry":{"type":"Polygon","coordinates":[[[141.0317,40.7381],[141.1391,40.7381],[141.1391,40.8281],[141.0317,40.8281],[141.0317,40.7381]]]}},{"type":"Feature","properties":{"cell_id":2992},"geometry":{"type":"Polygon","coordinates":[[[141.1391,40.7381],[141.2466,40.7381],[141.2466,40.8281],[141.1391,40.8281],[141.1391,40.7381]]]}},{"type":"Feature","properties":{"cell_id":2993},"geometry":{"type":"Polygon","coordinates":[[[141.2466,40.7381],[141.354,40.7381],[141.354,40.8281],[141.2466,40.8281],[141.2466,40.7381]]]}},{"type":"Feature","properties":{"cell_id":2994},"geometry":{"type":"Polygon","coordinates":[[[141.354,40.7381],[141.4614,40.7381],[141.4614,40.8281],[141.354,40.8281],[141.354,40.7381]]]}},{"type":"Feature","properties":{"cell_id":2995},"geometry":{"type":"Polygon","coordinates":[[[140.2799,40.8281],[140.3873,40.8281],[140.3873,40.9182],[140.2799,40.9182],[140.2799,40.8281]]]}},{"type":"Feature","properties":{"cell_id":2996},"geometry":{"type":"Polygon","coordinates":[[[140.3873,40.8281],[140.4947,40.8281],[140.4947,40.9182],[140.3873,40.9182],[140.3873,40.8281]]]}},{"type":"Feature","properties":{"cell_id":2997},"geometry":{"type":"Polygon","coordinates":[[[140.4947,40.8281],[140.6021,40.8281],[140.6021,40.9182],[140.4947,40.9182],[140.4947,40.8281]]]}},{"type":"Feature","properties":{"cell_id":2998},"geometry":{"type":"Polygon","coordinates":[[[140.6021,40.8281],[140.7095,40.8281],[140.7095,40.9182],[140.6021,40.9182],[140.6021,40.8281]]]}},{"type":"Feature","properties":{"cell_id":2999},"geometry":{"type":"Polygon","coordinates":[[[140.8169,40.8281],[140.9243,40.8281],[140.9243,40.9182],[140.8169,40.9182],[140.8169,40.8281]]]}},{"type":"Feature","properties":{"cell_id":3000},"geometry":{"type":"Polygon","coordinates":[[[140.9243,40.8281],[141.0317,40.8281],[141.0317,40.9182],[140.9243,40.9182],[140.9243,40.8281]]]}},{"type":"Feature","properties":{"cell_id":3001},"geometry":{"type":"Polygon","coordinates":[[[141.0317,40.8281],[141.1391,40.8281],[141.1391,40.9182],[141.0317,40.9182],[141.0317,40.8281]]]}},{"type":"Feature","properties":{"cell_id":3002},"geometry":{"type":"Polygon","coordinates":[[[141.1391,40.8281],[141.2466,40.8281],[141.2466,40.9182],[141.1391,40.9182],[141.1391,40.8281]]]}},{"type":"Feature","properties":{"cell_id":3003},"geometry":{"type":"Polygon","coordinates":[[[141.2466,40.8281],[141.354,40.8281],[141.354,40.9182],[141.2466,40.9182],[141.2466,40.8281]]]}},{"type":"Feature","properties":{"cell_id":3004},"geometry":{"type":"Polygon","coordinates":[[[140.2799,40.9182],[140.3873,40.9182],[140.3873,41.0083],[140.2799,41.0083],[140.2799,40.9182]]]}},{"type":"Feature","properties":{"cell_id":3005},"geometry":{"type":"Polygon","coordinates":[[[140.3873,40.9182],[140.4947,40.9182],[140.4947,41.0083],[140.3873,41.0083],[140.3873,40.9182]]]}},{"type":"Feature","properties":{"cell_id":3006},"geometry":{"type":"Polygon","coordinates":[[[140.4947,40.9182],[140.6021,40.9182],[140.6021,41.0083],[140.4947,41.0083],[140.4947,40.9182]]]}},{"type":"Feature","properties":{"cell_id":3007},"geometry":{"type":"Polygon","coordinates":[[[140.6021,40.9182],[140.7095,40.9182],[140.7095,41.0083],[140.6021,41.0083],[140.6021,40.9182]]]}},{"type":"Feature","properties":{"cell_id":3008},"geometry":{"type":"Polygon","coordinates":[[[140.8169,40.9182],[140.9243,40.9182],[140.9243,41.0083],[140.8169,41.0083],[140.8169,40.9182]]]}},{"type":"Feature","properties":{"cell_id":3009},"geometry":{"type":"Polygon","coordinates":[[[140.9243,40.9182],[141.0317,40.9182],[141.0317,41.0083],[140.9243,41.0083],[140.9243,40.9182]]]}},{"type":"Feature","properties":{"cell_id":3010},"geometry":{"type":"Polygon","coordinates":[[[141.2466,40.9182],[141.354,40.9182],[141.354,41.0083],[141.2466,41.0083],[141.2466,40.9182]]]}},{"type":"Feature","properties":{"cell_id":3011},"geometry":{"type":"Polygon","coordinates":[[[140.2799,41.0083],[140.3873,41.0083],[140.3873,41.0984],[140.2799,41.0984],[140.2799,41.0083]]]}},{"type":"Feature","properties":{"cell_id":3012},"geometry":{"type":"Polygon","coordinates":[[[140.3873,41.0083],[140.4947,41.0083],[140.4947,41.0984],[140.3873,41.0984],[140.3873,41.0083]]]}},{"type":"Feature","properties":{"cell_id":3013},"geometry":{"type":"Polygon","coordinates":[[[140.4947,41.0083],[140.6021,41.0083],[140.6021,41.0984],[140.4947,41.0984],[140.4947,41.0083]]]}},{"type":"Feature","properties":{"cell_id":3014},"geometry":{"type":"Polygon","coordinates":[[[141.2466,41.0083],[141.354,41.0083],[141.354,41.0984],[141.2466,41.0984],[141.2466,41.0083]]]}},{"type":"Feature","properties":{"cell_id":3015},"geometry":{"type":"Polygon","coordinates":[[[140.2799,41.0984],[140.3873,41.0984],[140.3873,41.1885],[140.2799,41.1885],[140.2799,41.0984]]]}},{"type":"Feature","properties":{"cell_id":3016},"geometry":{"type":"Polygon","coordinates":[[[140.3873,41.0984],[140.4947,41.0984],[140.4947,41.1885],[140.3873,41.1885],[140.3873,41.0984]]]}},{"type":"Feature","properties":{"cell_id":3017},"geometry":{"type":"Polygon","coordinates":[[[140.4947,41.0984],[140.6021,41.0984],[140.6021,41.1885],[140.4947,41.1885],[140.4947,41.0984]]]}},{"type":"Feature","properties":{"cell_id":3018},"geometry":{"type":"Polygon","coordinates":[[[141.2466,41.0984],[141.354,41.0984],[141.354,41.1885],[141.2466,41.1885],[141.2466,41.0984]]]}},{"type":"Feature","properties":{"cell_id":3019},"geometry":{"type":"Polygon","coordinates":[[[140.2799,41.1885],[140.3873,41.1885],[140.3873,41.2786],[140.2799,41.2786],[140.2799,41.1885]]]}},{"type":"Feature","properties":{"cell_id":3020},"geometry":{"type":"Polygon","coordinates":[[[140.8169,41.1885],[140.9243,41.1885],[140.9243,41.2786],[140.8169,41.2786],[140.8169,41.1885]]]}},{"type":"Feature","properties":{"cell_id":3021},"geometry":{"type":"Polygon","coordinates":[[[140.9243,41.1885],[141.0317,41.1885],[141.0317,41.2786],[140.9243,41.2786],[140.9243,41.1885]]]}},{"type":"Feature","properties":{"cell_id":3022},"geometry":{"type":"Polygon","coordinates":[[[141.0317,41.1885],[141.1391,41.1885],[141.1391,41.2786],[141.0317,41.2786],[141.0317,41.1885]]]}},{"type":"Feature","properties":{"cell_id":3023},"geometry":{"type":"Polygon","coordinates":[[[141.2466,41.1885],[141.354,41.1885],[141.354,41.2786],[141.2466,41.2786],[141.2466,41.1885]]]}},{"type":"Feature","properties":{"cell_id":3024},"geometry":{"type":"Polygon","coordinates":[[[140.8169,41.2786],[140.9243,41.2786],[140.9243,41.3687],[140.8169,41.3687],[140.8169,41.2786]]]}},{"type":"Feature","properties":{"cell_id":3025},"geometry":{"type":"Polygon","coordinates":[[[140.9243,41.2786],[141.0317,41.2786],[141.0317,41.3687],[140.9243,41.3687],[140.9243,41.2786]]]}},{"type":"Feature","properties":{"cell_id":3026},"geometry":{"type":"Polygon","coordinates":[[[141.0317,41.2786],[141.1391,41.2786],[141.1391,41.3687],[141.0317,41.3687],[141.0317,41.2786]]]}},{"type":"Feature","properties":{"cell_id":3027},"geometry":{"type":"Polygon","coordinates":[[[141.1391,41.2786],[141.2466,41.2786],[141.2466,41.3687],[141.1391,41.3687],[141.1391,41.2786]]]}},{"type":"Feature","properties":{"cell_id":3028},"geometry":{"type":"Polygon","coordinates":[[[141.2466,41.2786],[141.354,41.2786],[141.354,41.3687],[141.2466,41.3687],[141.2466,41.2786]]]}},{"type":"Feature","properties":{"cell_id":3029},"geometry":{"type":"Polygon","coordinates":[[[141.354,41.2786],[141.4614,41.2786],[141.4614,41.3687],[141.354,41.3687],[141.354,41.2786]]]}},{"type":"Feature","properties":{"cell_id":3030},"geometry":{"type":"Polygon","coordinates":[[[140.8169,41.3687],[140.9243,41.3687],[140.9243,41.4588],[140.8169,41.4588],[140.8169,41.3687]]]}},{"type":"Feature","properties":{"cell_id":3031},"geometry":{"type":"Polygon","coordinates":[[[140.9243,41.3687],[141.0317,41.3687],[141.0317,41.4588],[140.9243,41.4588],[140.9243,41.3687]]]}},{"type":"Feature","properties":{"cell_id":3032},"geometry":{"type":"Polygon","coordinates":[[[141.0317,41.3687],[141.1391,41.3687],[141.1391,41.4588],[141.0317,41.4588],[141.0317,41.3687]]]}},{"type":"Feature","properties":{"cell_id":3033},"geometry":{"type":"Polygon","coordinates":[[[139.3132,41.4588],[139.4206,41.4588],[139.4206,41.5489],[139.3132,41.5489],[139.3132,41.4588]]]}},{"type":"Feature","properties":{"cell_id":3034},"geometry":{"type":"Polygon","coordinates":[[[140.0651,41.4588],[140.1725,41.4588],[140.1725,41.5489],[140.0651,41.5489],[140.0651,41.4588]]]}},{"type":"Feature","properties":{"cell_id":3035},"geometry":{"type":"Polygon","coordinates":[[[140.1725,41.4588],[140.2799,41.4588],[140.2799,41.5489],[140.1725,41.5489],[140.1725,41.4588]]]}},{"type":"Feature","properties":{"cell_id":3036},"geometry":{"type":"Polygon","coordinates":[[[139.9577,41.5489],[140.0651,41.5489],[140.0651,41.639],[139.9577,41.639],[139.9577,41.5489]]]}},{"type":"Feature","properties":{"cell_id":3037},"geometry":{"type":"Polygon","coordinates":[[[140.0651,41.5489],[140.1725,41.5489],[140.1725,41.639],[140.0651,41.639],[140.0651,41.5489]]]}},{"type":"Feature","properties":{"cell_id":3038},"geometry":{"type":"Polygon","coordinates":[[[140.1725,41.5489],[140.2799,41.5489],[140.2799,41.639],[140.1725,41.639],[140.1725,41.5489]]]}},{"type":"Feature","properties":{"cell_id":3039},"geometry":{"type":"Polygon","coordinates":[[[140.2799,41.5489],[140.3873,41.5489],[140.3873,41.639],[140.2799,41.639],[140.2799,41.5489]]]}},{"type":"Feature","properties":{"cell_id":3040},"geometry":{"type":"Polygon","coordinates":[[[139.9577,41.639],[140.0651,41.639],[140.0651,41.729],[139.9577,41.729],[139.9577,41.639]]]}},{"type":"Feature","properties":{"cell_id":3041},"geometry":{"type":"Polygon","coordinates":[[[140.0651,41.639],[140.1725,41.639],[140.1725,41.729],[140.0651,41.729],[140.0651,41.639]]]}},{"type":"Feature","properties":{"cell_id":3042},"geometry":{"type":"Polygon","coordinates":[[[140.1725,41.639],[140.2799,41.639],[140.2799,41.729],[140.1725,41.729],[140.1725,41.639]]]}},{"type":"Feature","properties":{"cell_id":3043},"geometry":{"type":"Polygon","coordinates":[[[140.2799,41.639],[140.3873,41.639],[140.3873,41.729],[140.2799,41.729],[140.2799,41.639]]]}},{"type":"Feature","properties":{"cell_id":3044},"geometry":{"type":"Polygon","coordinates":[[[140.3873,41.639],[140.4947,41.639],[140.4947,41.729],[140.3873,41.729],[140.3873,41.639]]]}},{"type":"Feature","properties":{"cell_id":3045},"geometry":{"type":"Polygon","coordinates":[[[140.0651,41.729],[140.1725,41.729],[140.1725,41.8191],[140.0651,41.8191],[140.0651,41.729]]]}},{"type":"Feature","properties":{"cell_id":3046},"geometry":{"type":"Polygon","coordinates":[[[140.1725,41.729],[140.2799,41.729],[140.2799,41.8191],[140.1725,41.8191],[140.1725,41.729]]]}},{"type":"Feature","properties":{"cell_id":3047},"geometry":{"type":"Polygon","coordinates":[[[140.2799,41.729],[140.3873,41.729],[140.3873,41.8191],[140.2799,41.8191],[140.2799,41.729]]]}},{"type":"Feature","properties":{"cell_id":3048},"geometry":{"type":"Polygon","coordinates":[[[140.3873,41.729],[140.4947,41.729],[140.4947,41.8191],[140.3873,41.8191],[140.3873,41.729]]]}},{"type":"Feature","properties":{"cell_id":3049},"geometry":{"type":"Polygon","coordinates":[[[140.4947,41.729],[140.6021,41.729],[140.6021,41.8191],[140.4947,41.8191],[140.4947,41.729]]]}},{"type":"Feature","properties":{"cell_id":3050},"geometry":{"type":"Polygon","coordinates":[[[140.7095,41.729],[140.8169,41.729],[140.8169,41.8191],[140.7095,41.8191],[140.7095,41.729]]]}},{"type":"Feature","properties":{"cell_id":3051},"geometry":{"type":"Polygon","coordinates":[[[140.8169,41.729],[140.9243,41.729],[140.9243,41.8191],[140.8169,41.8191],[140.8169,41.729]]]}},{"type":"Feature","properties":{"cell_id":3052},"geometry":{"type":"Polygon","coordinates":[[[140.9243,41.729],[141.0317,41.729],[141.0317,41.8191],[140.9243,41.8191],[140.9243,41.729]]]}},{"type":"Feature","properties":{"cell_id":3053},"geometry":{"type":"Polygon","coordinates":[[[141.0317,41.729],[141.1391,41.729],[141.1391,41.8191],[141.0317,41.8191],[141.0317,41.729]]]}},{"type":"Feature","properties":{"cell_id":3054},"geometry":{"type":"Polygon","coordinates":[[[140.1725,41.8191],[140.2799,41.8191],[140.2799,41.9092],[140.1725,41.9092],[140.1725,41.8191]]]}},{"type":"Feature","properties":{"cell_id":3055},"geometry":{"type":"Polygon","coordinates":[[[140.2799,41.8191],[140.3873,41.8191],[140.3873,41.9092],[140.2799,41.9092],[140.2799,41.8191]]]}},{"type":"Feature","properties":{"cell_id":3056},"geometry":{"type":"Polygon","coordinates":[[[140.3873,41.8191],[140.4947,41.8191],[140.4947,41.9092],[140.3873,41.9092],[140.3873,41.8191]]]}},{"type":"Feature","properties":{"cell_id":3057},"geometry":{"type":"Polygon","coordinates":[[[140.4947,41.8191],[140.6021,41.8191],[140.6021,41.9092],[140.4947,41.9092],[140.4947,41.8191]]]}},{"type":"Feature","properties":{"cell_id":3058},"geometry":{"type":"Polygon","coordinates":[[[140.6021,41.8191],[140.7095,41.8191],[140.7095,41.9092],[140.6021,41.9092],[140.6021,41.8191]]]}},{"type":"Feature","properties":{"cell_id":3059},"geometry":{"type":"Polygon","coordinates":[[[140.7095,41.8191],[140.8169,41.8191],[140.8169,41.9092],[140.7095,41.9092],[140.7095,41.8191]]]}},{"type":"Feature","properties":{"cell_id":3060},"geometry":{"type":"Polygon","coordinates":[[[140.8169,41.8191],[140.9243,41.8191],[140.9243,41.9092],[140.8169,41.9092],[140.8169,41.8191]]]}},{"type":"Feature","properties":{"cell_id":3061},"geometry":{"type":"Polygon","coordinates":[[[140.9243,41.8191],[141.0317,41.8191],[141.0317,41.9092],[140.9243,41.9092],[140.9243,41.8191]]]}},{"type":"Feature","properties":{"cell_id":3062},"geometry":{"type":"Polygon","coordinates":[[[141.0317,41.8191],[141.1391,41.8191],[141.1391,41.9092],[141.0317,41.9092],[141.0317,41.8191]]]}},{"type":"Feature","properties":{"cell_id":3063},"geometry":{"type":"Polygon","coordinates":[[[140.1725,41.9092],[140.2799,41.9092],[140.2799,41.9993],[140.1725,41.9993],[140.1725,41.9092]]]}},{"type":"Feature","properties":{"cell_id":3064},"geometry":{"type":"Polygon","coordinates":[[[140.2799,41.9092],[140.3873,41.9092],[140.3873,41.9993],[140.2799,41.9993],[140.2799,41.9092]]]}},{"type":"Feature","properties":{"cell_id":3065},"geometry":{"type":"Polygon","coordinates":[[[140.3873,41.9092],[140.4947,41.9092],[140.4947,41.9993],[140.3873,41.9993],[140.3873,41.9092]]]}},{"type":"Feature","properties":{"cell_id":3066},"geometry":{"type":"Polygon","coordinates":[[[140.4947,41.9092],[140.6021,41.9092],[140.6021,41.9993],[140.4947,41.9993],[140.4947,41.9092]]]}},{"type":"Feature","properties":{"cell_id":3067},"geometry":{"type":"Polygon","coordinates":[[[140.6021,41.9092],[140.7095,41.9092],[140.7095,41.9993],[140.6021,41.9993],[140.6021,41.9092]]]}},{"type":"Feature","properties":{"cell_id":3068},"geometry":{"type":"Polygon","coordinates":[[[140.7095,41.9092],[140.8169,41.9092],[140.8169,41.9993],[140.7095,41.9993],[140.7095,41.9092]]]}},{"type":"Feature","properties":{"cell_id":3069},"geometry":{"type":"Polygon","coordinates":[[[140.8169,41.9092],[140.9243,41.9092],[140.9243,41.9993],[140.8169,41.9993],[140.8169,41.9092]]]}},{"type":"Feature","properties":{"cell_id":3070},"geometry":{"type":"Polygon","coordinates":[[[143.1799,41.9092],[143.2873,41.9092],[143.2873,41.9993],[143.1799,41.9993],[143.1799,41.9092]]]}},{"type":"Feature","properties":{"cell_id":3071},"geometry":{"type":"Polygon","coordinates":[[[140.0651,41.9993],[140.1725,41.9993],[140.1725,42.0894],[140.0651,42.0894],[140.0651,41.9993]]]}},{"type":"Feature","properties":{"cell_id":3072},"geometry":{"type":"Polygon","coordinates":[[[140.1725,41.9993],[140.2799,41.9993],[140.2799,42.0894],[140.1725,42.0894],[140.1725,41.9993]]]}},{"type":"Feature","properties":{"cell_id":3073},"geometry":{"type":"Polygon","coordinates":[[[140.2799,41.9993],[140.3873,41.9993],[140.3873,42.0894],[140.2799,42.0894],[140.2799,41.9993]]]}},{"type":"Feature","properties":{"cell_id":3074},"geometry":{"type":"Polygon","coordinates":[[[140.3873,41.9993],[140.4947,41.9993],[140.4947,42.0894],[140.3873,42.0894],[140.3873,41.9993]]]}},{"type":"Feature","properties":{"cell_id":3075},"geometry":{"type":"Polygon","coordinates":[[[140.4947,41.9993],[140.6021,41.9993],[140.6021,42.0894],[140.4947,42.0894],[140.4947,41.9993]]]}},{"type":"Feature","properties":{"cell_id":3076},"geometry":{"type":"Polygon","coordinates":[[[140.6021,41.9993],[140.7095,41.9993],[140.7095,42.0894],[140.6021,42.0894],[140.6021,41.9993]]]}},{"type":"Feature","properties":{"cell_id":3077},"geometry":{"type":"Polygon","coordinates":[[[140.7095,41.9993],[140.8169,41.9993],[140.8169,42.0894],[140.7095,42.0894],[140.7095,41.9993]]]}},{"type":"Feature","properties":{"cell_id":3078},"geometry":{"type":"Polygon","coordinates":[[[143.0725,41.9993],[143.1799,41.9993],[143.1799,42.0894],[143.0725,42.0894],[143.0725,41.9993]]]}},{"type":"Feature","properties":{"cell_id":3079},"geometry":{"type":"Polygon","coordinates":[[[143.1799,41.9993],[143.2873,41.9993],[143.2873,42.0894],[143.1799,42.0894],[143.1799,41.9993]]]}},{"type":"Feature","properties":{"cell_id":3080},"geometry":{"type":"Polygon","coordinates":[[[139.4206,42.0894],[139.528,42.0894],[139.528,42.1795],[139.4206,42.1795],[139.4206,42.0894]]]}},{"type":"Feature","properties":{"cell_id":3081},"geometry":{"type":"Polygon","coordinates":[[[139.9577,42.0894],[140.0651,42.0894],[140.0651,42.1795],[139.9577,42.1795],[139.9577,42.0894]]]}},{"type":"Feature","properties":{"cell_id":3082},"geometry":{"type":"Polygon","coordinates":[[[140.0651,42.0894],[140.1725,42.0894],[140.1725,42.1795],[140.0651,42.1795],[140.0651,42.0894]]]}},{"type":"Feature","properties":{"cell_id":3083},"geometry":{"type":"Polygon","coordinates":[[[140.1725,42.0894],[140.2799,42.0894],[140.2799,42.1795],[140.1725,42.1795],[140.1725,42.0894]]]}},{"type":"Feature","properties":{"cell_id":3084},"geometry":{"type":"Polygon","coordinates":[[[140.2799,42.0894],[140.3873,42.0894],[140.3873,42.1795],[140.2799,42.1795],[140.2799,42.0894]]]}},{"type":"Feature","properties":{"cell_id":3085},"geometry":{"type":"Polygon","coordinates":[[[140.3873,42.0894],[140.4947,42.0894],[140.4947,42.1795],[140.3873,42.1795],[140.3873,42.0894]]]}},{"type":"Feature","properties":{"cell_id":3086},"geometry":{"type":"Polygon","coordinates":[[[142.8577,42.0894],[142.9651,42.0894],[142.9651,42.1795],[142.8577,42.1795],[142.8577,42.0894]]]}},{"type":"Feature","properties":{"cell_id":3087},"geometry":{"type":"Polygon","coordinates":[[[142.9651,42.0894],[143.0725,42.0894],[143.0725,42.1795],[142.9651,42.1795],[142.9651,42.0894]]]}},{"type":"Feature","properties":{"cell_id":3088},"geometry":{"type":"Polygon","coordinates":[[[143.0725,42.0894],[143.1799,42.0894],[143.1799,42.1795],[143.0725,42.1795],[143.0725,42.0894]]]}},{"type":"Feature","properties":{"cell_id":3089},"geometry":{"type":"Polygon","coordinates":[[[143.1799,42.0894],[143.2873,42.0894],[143.2873,42.1795],[143.1799,42.1795],[143.1799,42.0894]]]}},{"type":"Feature","properties":{"cell_id":3090},"geometry":{"type":"Polygon","coordinates":[[[139.8503,42.1795],[139.9577,42.1795],[139.9577,42.2696],[139.8503,42.2696],[139.8503,42.1795]]]}},{"type":"Feature","properties":{"cell_id":3091},"geometry":{"type":"Polygon","coordinates":[[[139.9577,42.1795],[140.0651,42.1795],[140.0651,42.2696],[139.9577,42.2696],[139.9577,42.1795]]]}},{"type":"Feature","properties":{"cell_id":3092},"geometry":{"type":"Polygon","coordinates":[[[140.0651,42.1795],[140.1725,42.1795],[140.1725,42.2696],[140.0651,42.2696],[140.0651,42.1795]]]}},{"type":"Feature","properties":{"cell_id":3093},"geometry":{"type":"Polygon","coordinates":[[[140.1725,42.1795],[140.2799,42.1795],[140.2799,42.2696],[140.1725,42.2696],[140.1725,42.1795]]]}},{"type":"Feature","properties":{"cell_id":3094},"geometry":{"type":"Polygon","coordinates":[[[140.2799,42.1795],[140.3873,42.1795],[140.3873,42.2696],[140.2799,42.2696],[140.2799,42.1795]]]}},{"type":"Feature","properties":{"cell_id":3095},"geometry":{"type":"Polygon","coordinates":[[[142.6429,42.1795],[142.7503,42.1795],[142.7503,42.2696],[142.6429,42.2696],[142.6429,42.1795]]]}},{"type":"Feature","properties":{"cell_id":3096},"geometry":{"type":"Polygon","coordinates":[[[142.7503,42.1795],[142.8577,42.1795],[142.8577,42.2696],[142.7503,42.2696],[142.7503,42.1795]]]}},{"type":"Feature","properties":{"cell_id":3097},"geometry":{"type":"Polygon","coordinates":[[[142.8577,42.1795],[142.9651,42.1795],[142.9651,42.2696],[142.8577,42.2696],[142.8577,42.1795]]]}},{"type":"Feature","properties":{"cell_id":3098},"geometry":{"type":"Polygon","coordinates":[[[142.9651,42.1795],[143.0725,42.1795],[143.0725,42.2696],[142.9651,42.2696],[142.9651,42.1795]]]}},{"type":"Feature","properties":{"cell_id":3099},"geometry":{"type":"Polygon","coordinates":[[[143.0725,42.1795],[143.1799,42.1795],[143.1799,42.2696],[143.0725,42.2696],[143.0725,42.1795]]]}},{"type":"Feature","properties":{"cell_id":3100},"geometry":{"type":"Polygon","coordinates":[[[143.1799,42.1795],[143.2873,42.1795],[143.2873,42.2696],[143.1799,42.2696],[143.1799,42.1795]]]}},{"type":"Feature","properties":{"cell_id":3101},"geometry":{"type":"Polygon","coordinates":[[[139.7428,42.2696],[139.8503,42.2696],[139.8503,42.3597],[139.7428,42.3597],[139.7428,42.2696]]]}},{"type":"Feature","properties":{"cell_id":3102},"geometry":{"type":"Polygon","coordinates":[[[139.8503,42.2696],[139.9577,42.2696],[139.9577,42.3597],[139.8503,42.3597],[139.8503,42.2696]]]}},{"type":"Feature","properties":{"cell_id":3103},"geometry":{"type":"Polygon","coordinates":[[[139.9577,42.2696],[140.0651,42.2696],[140.0651,42.3597],[139.9577,42.3597],[139.9577,42.2696]]]}},{"type":"Feature","properties":{"cell_id":3104},"geometry":{"type":"Polygon","coordinates":[[[140.0651,42.2696],[140.1725,42.2696],[140.1725,42.3597],[140.0651,42.3597],[140.0651,42.2696]]]}},{"type":"Feature","properties":{"cell_id":3105},"geometry":{"type":"Polygon","coordinates":[[[140.1725,42.2696],[140.2799,42.2696],[140.2799,42.3597],[140.1725,42.3597],[140.1725,42.2696]]]}},{"type":"Feature","properties":{"cell_id":3106},"geometry":{"type":"Polygon","coordinates":[[[140.9243,42.2696],[141.0317,42.2696],[141.0317,42.3597],[140.9243,42.3597],[140.9243,42.2696]]]}},{"type":"Feature","properties":{"cell_id":3107},"geometry":{"type":"Polygon","coordinates":[[[142.428,42.2696],[142.5355,42.2696],[142.5355,42.3597],[142.428,42.3597],[142.428,42.2696]]]}},{"type":"Feature","properties":{"cell_id":3108},"geometry":{"type":"Polygon","coordinates":[[[142.5355,42.2696],[142.6429,42.2696],[142.6429,42.3597],[142.5355,42.3597],[142.5355,42.2696]]]}},{"type":"Feature","properties":{"cell_id":3109},"geometry":{"type":"Polygon","coordinates":[[[142.6429,42.2696],[142.7503,42.2696],[142.7503,42.3597],[142.6429,42.3597],[142.6429,42.2696]]]}},{"type":"Feature","properties":{"cell_id":3110},"geometry":{"type":"Polygon","coordinates":[[[142.7503,42.2696],[142.8577,42.2696],[142.8577,42.3597],[142.7503,42.3597],[142.7503,42.2696]]]}},{"type":"Feature","properties":{"cell_id":3111},"geometry":{"type":"Polygon","coordinates":[[[142.8577,42.2696],[142.9651,42.2696],[142.9651,42.3597],[142.8577,42.3597],[142.8577,42.2696]]]}},{"type":"Feature","properties":{"cell_id":3112},"geometry":{"type":"Polygon","coordinates":[[[142.9651,42.2696],[143.0725,42.2696],[143.0725,42.3597],[142.9651,42.3597],[142.9651,42.2696]]]}},{"type":"Feature","properties":{"cell_id":3113},"geometry":{"type":"Polygon","coordinates":[[[143.0725,42.2696],[143.1799,42.2696],[143.1799,42.3597],[143.0725,42.3597],[143.0725,42.2696]]]}},{"type":"Feature","properties":{"cell_id":3114},"geometry":{"type":"Polygon","coordinates":[[[143.1799,42.2696],[143.2873,42.2696],[143.2873,42.3597],[143.1799,42.3597],[143.1799,42.2696]]]}},{"type":"Feature","properties":{"cell_id":3115},"geometry":{"type":"Polygon","coordinates":[[[139.8503,42.3597],[139.9577,42.3597],[139.9577,42.4498],[139.8503,42.4498],[139.8503,42.3597]]]}},{"type":"Feature","properties":{"cell_id":3116},"geometry":{"type":"Polygon","coordinates":[[[139.9577,42.3597],[140.0651,42.3597],[140.0651,42.4498],[139.9577,42.4498],[139.9577,42.3597]]]}},{"type":"Feature","properties":{"cell_id":3117},"geometry":{"type":"Polygon","coordinates":[[[140.0651,42.3597],[140.1725,42.3597],[140.1725,42.4498],[140.0651,42.4498],[140.0651,42.3597]]]}},{"type":"Feature","properties":{"cell_id":3118},"geometry":{"type":"Polygon","coordinates":[[[140.1725,42.3597],[140.2799,42.3597],[140.2799,42.4498],[140.1725,42.4498],[140.1725,42.3597]]]}},{"type":"Feature","properties":{"cell_id":3119},"geometry":{"type":"Polygon","coordinates":[[[140.9243,42.3597],[141.0317,42.3597],[141.0317,42.4498],[140.9243,42.4498],[140.9243,42.3597]]]}},{"type":"Feature","properties":{"cell_id":3120},"geometry":{"type":"Polygon","coordinates":[[[141.0317,42.3597],[141.1391,42.3597],[141.1391,42.4498],[141.0317,42.4498],[141.0317,42.3597]]]}},{"type":"Feature","properties":{"cell_id":3121},"geometry":{"type":"Polygon","coordinates":[[[142.2132,42.3597],[142.3206,42.3597],[142.3206,42.4498],[142.2132,42.4498],[142.2132,42.3597]]]}},{"type":"Feature","properties":{"cell_id":3122},"geometry":{"type":"Polygon","coordinates":[[[142.3206,42.3597],[142.428,42.3597],[142.428,42.4498],[142.3206,42.4498],[142.3206,42.3597]]]}},{"type":"Feature","properties":{"cell_id":3123},"geometry":{"type":"Polygon","coordinates":[[[142.428,42.3597],[142.5355,42.3597],[142.5355,42.4498],[142.428,42.4498],[142.428,42.3597]]]}},{"type":"Feature","properties":{"cell_id":3124},"geometry":{"type":"Polygon","coordinates":[[[142.5355,42.3597],[142.6429,42.3597],[142.6429,42.4498],[142.5355,42.4498],[142.5355,42.3597]]]}},{"type":"Feature","properties":{"cell_id":3125},"geometry":{"type":"Polygon","coordinates":[[[142.6429,42.3597],[142.7503,42.3597],[142.7503,42.4498],[142.6429,42.4498],[142.6429,42.3597]]]}},{"type":"Feature","properties":{"cell_id":3126},"geometry":{"type":"Polygon","coordinates":[[[142.7503,42.3597],[142.8577,42.3597],[142.8577,42.4498],[142.7503,42.4498],[142.7503,42.3597]]]}},{"type":"Feature","properties":{"cell_id":3127},"geometry":{"type":"Polygon","coordinates":[[[142.8577,42.3597],[142.9651,42.3597],[142.9651,42.4498],[142.8577,42.4498],[142.8577,42.3597]]]}},{"type":"Feature","properties":{"cell_id":3128},"geometry":{"type":"Polygon","coordinates":[[[142.9651,42.3597],[143.0725,42.3597],[143.0725,42.4498],[142.9651,42.4498],[142.9651,42.3597]]]}},{"type":"Feature","properties":{"cell_id":3129},"geometry":{"type":"Polygon","coordinates":[[[143.0725,42.3597],[143.1799,42.3597],[143.1799,42.4498],[143.0725,42.4498],[143.0725,42.3597]]]}},{"type":"Feature","properties":{"cell_id":3130},"geometry":{"type":"Polygon","coordinates":[[[143.1799,42.3597],[143.2873,42.3597],[143.2873,42.4498],[143.1799,42.4498],[143.1799,42.3597]]]}},{"type":"Feature","properties":{"cell_id":3131},"geometry":{"type":"Polygon","coordinates":[[[143.2873,42.3597],[143.3947,42.3597],[143.3947,42.4498],[143.2873,42.4498],[143.2873,42.3597]]]}},{"type":"Feature","properties":{"cell_id":3132},"geometry":{"type":"Polygon","coordinates":[[[139.8503,42.4498],[139.9577,42.4498],[139.9577,42.5399],[139.8503,42.5399],[139.8503,42.4498]]]}},{"type":"Feature","properties":{"cell_id":3133},"geometry":{"type":"Polygon","coordinates":[[[139.9577,42.4498],[140.0651,42.4498],[140.0651,42.5399],[139.9577,42.5399],[139.9577,42.4498]]]}},{"type":"Feature","properties":{"cell_id":3134},"geometry":{"type":"Polygon","coordinates":[[[140.0651,42.4498],[140.1725,42.4498],[140.1725,42.5399],[140.0651,42.5399],[140.0651,42.4498]]]}},{"type":"Feature","properties":{"cell_id":3135},"geometry":{"type":"Polygon","coordinates":[[[140.1725,42.4498],[140.2799,42.4498],[140.2799,42.5399],[140.1725,42.5399],[140.1725,42.4498]]]}},{"type":"Feature","properties":{"cell_id":3136},"geometry":{"type":"Polygon","coordinates":[[[140.2799,42.4498],[140.3873,42.4498],[140.3873,42.5399],[140.2799,42.5399],[140.2799,42.4498]]]}},{"type":"Feature","properties":{"cell_id":3137},"geometry":{"type":"Polygon","coordinates":[[[140.8169,42.4498],[140.9243,42.4498],[140.9243,42.5399],[140.8169,42.5399],[140.8169,42.4498]]]}},{"type":"Feature","properties":{"cell_id":3138},"geometry":{"type":"Polygon","coordinates":[[[140.9243,42.4498],[141.0317,42.4498],[141.0317,42.5399],[140.9243,42.5399],[140.9243,42.4498]]]}},{"type":"Feature","properties":{"cell_id":3139},"geometry":{"type":"Polygon","coordinates":[[[141.0317,42.4498],[141.1391,42.4498],[141.1391,42.5399],[141.0317,42.5399],[141.0317,42.4498]]]}},{"type":"Feature","properties":{"cell_id":3140},"geometry":{"type":"Polygon","coordinates":[[[141.1391,42.4498],[141.2466,42.4498],[141.2466,42.5399],[141.1391,42.5399],[141.1391,42.4498]]]}},{"type":"Feature","properties":{"cell_id":3141},"geometry":{"type":"Polygon","coordinates":[[[141.9984,42.4498],[142.1058,42.4498],[142.1058,42.5399],[141.9984,42.5399],[141.9984,42.4498]]]}},{"type":"Feature","properties":{"cell_id":3142},"geometry":{"type":"Polygon","coordinates":[[[142.1058,42.4498],[142.2132,42.4498],[142.2132,42.5399],[142.1058,42.5399],[142.1058,42.4498]]]}},{"type":"Feature","properties":{"cell_id":3143},"geometry":{"type":"Polygon","coordinates":[[[142.2132,42.4498],[142.3206,42.4498],[142.3206,42.5399],[142.2132,42.5399],[142.2132,42.4498]]]}},{"type":"Feature","properties":{"cell_id":3144},"geometry":{"type":"Polygon","coordinates":[[[142.3206,42.4498],[142.428,42.4498],[142.428,42.5399],[142.3206,42.5399],[142.3206,42.4498]]]}},{"type":"Feature","properties":{"cell_id":3145},"geometry":{"type":"Polygon","coordinates":[[[142.428,42.4498],[142.5355,42.4498],[142.5355,42.5399],[142.428,42.5399],[142.428,42.4498]]]}},{"type":"Feature","properties":{"cell_id":3146},"geometry":{"type":"Polygon","coordinates":[[[142.5355,42.4498],[142.6429,42.4498],[142.6429,42.5399],[142.5355,42.5399],[142.5355,42.4498]]]}},{"type":"Feature","properties":{"cell_id":3147},"geometry":{"type":"Polygon","coordinates":[[[142.6429,42.4498],[142.7503,42.4498],[142.7503,42.5399],[142.6429,42.5399],[142.6429,42.4498]]]}},{"type":"Feature","properties":{"cell_id":3148},"geometry":{"type":"Polygon","coordinates":[[[142.7503,42.4498],[142.8577,42.4498],[142.8577,42.5399],[142.7503,42.5399],[142.7503,42.4498]]]}},{"type":"Feature","properties":{"cell_id":3149},"geometry":{"type":"Polygon","coordinates":[[[142.8577,42.4498],[142.9651,42.4498],[142.9651,42.5399],[142.8577,42.5399],[142.8577,42.4498]]]}},{"type":"Feature","properties":{"cell_id":3150},"geometry":{"type":"Polygon","coordinates":[[[142.9651,42.4498],[143.0725,42.4498],[143.0725,42.5399],[142.9651,42.5399],[142.9651,42.4498]]]}},{"type":"Feature","properties":{"cell_id":3151},"geometry":{"type":"Polygon","coordinates":[[[143.0725,42.4498],[143.1799,42.4498],[143.1799,42.5399],[143.0725,42.5399],[143.0725,42.4498]]]}},{"type":"Feature","properties":{"cell_id":3152},"geometry":{"type":"Polygon","coordinates":[[[143.1799,42.4498],[143.2873,42.4498],[143.2873,42.5399],[143.1799,42.5399],[143.1799,42.4498]]]}},{"type":"Feature","properties":{"cell_id":3153},"geometry":{"type":"Polygon","coordinates":[[[143.2873,42.4498],[143.3947,42.4498],[143.3947,42.5399],[143.2873,42.5399],[143.2873,42.4498]]]}},{"type":"Feature","properties":{"cell_id":3154},"geometry":{"type":"Polygon","coordinates":[[[143.3947,42.4498],[143.5021,42.4498],[143.5021,42.5399],[143.3947,42.5399],[143.3947,42.4498]]]}},{"type":"Feature","properties":{"cell_id":3155},"geometry":{"type":"Polygon","coordinates":[[[139.8503,42.5399],[139.9577,42.5399],[139.9577,42.6299],[139.8503,42.6299],[139.8503,42.5399]]]}},{"type":"Feature","properties":{"cell_id":3156},"geometry":{"type":"Polygon","coordinates":[[[139.9577,42.5399],[140.0651,42.5399],[140.0651,42.6299],[139.9577,42.6299],[139.9577,42.5399]]]}},{"type":"Feature","properties":{"cell_id":3157},"geometry":{"type":"Polygon","coordinates":[[[140.0651,42.5399],[140.1725,42.5399],[140.1725,42.6299],[140.0651,42.6299],[140.0651,42.5399]]]}},{"type":"Feature","properties":{"cell_id":3158},"geometry":{"type":"Polygon","coordinates":[[[140.1725,42.5399],[140.2799,42.5399],[140.2799,42.6299],[140.1725,42.6299],[140.1725,42.5399]]]}},{"type":"Feature","properties":{"cell_id":3159},"geometry":{"type":"Polygon","coordinates":[[[140.2799,42.5399],[140.3873,42.5399],[140.3873,42.6299],[140.2799,42.6299],[140.2799,42.5399]]]}},{"type":"Feature","properties":{"cell_id":3160},"geometry":{"type":"Polygon","coordinates":[[[140.3873,42.5399],[140.4947,42.5399],[140.4947,42.6299],[140.3873,42.6299],[140.3873,42.5399]]]}},{"type":"Feature","properties":{"cell_id":3161},"geometry":{"type":"Polygon","coordinates":[[[140.4947,42.5399],[140.6021,42.5399],[140.6021,42.6299],[140.4947,42.6299],[140.4947,42.5399]]]}},{"type":"Feature","properties":{"cell_id":3162},"geometry":{"type":"Polygon","coordinates":[[[140.7095,42.5399],[140.8169,42.5399],[140.8169,42.6299],[140.7095,42.6299],[140.7095,42.5399]]]}},{"type":"Feature","properties":{"cell_id":3163},"geometry":{"type":"Polygon","coordinates":[[[140.8169,42.5399],[140.9243,42.5399],[140.9243,42.6299],[140.8169,42.6299],[140.8169,42.5399]]]}},{"type":"Feature","properties":{"cell_id":3164},"geometry":{"type":"Polygon","coordinates":[[[140.9243,42.5399],[141.0317,42.5399],[141.0317,42.6299],[140.9243,42.6299],[140.9243,42.5399]]]}},{"type":"Feature","properties":{"cell_id":3165},"geometry":{"type":"Polygon","coordinates":[[[141.0317,42.5399],[141.1391,42.5399],[141.1391,42.6299],[141.0317,42.6299],[141.0317,42.5399]]]}},{"type":"Feature","properties":{"cell_id":3166},"geometry":{"type":"Polygon","coordinates":[[[141.1391,42.5399],[141.2466,42.5399],[141.2466,42.6299],[141.1391,42.6299],[141.1391,42.5399]]]}},{"type":"Feature","properties":{"cell_id":3167},"geometry":{"type":"Polygon","coordinates":[[[141.2466,42.5399],[141.354,42.5399],[141.354,42.6299],[141.2466,42.6299],[141.2466,42.5399]]]}},{"type":"Feature","properties":{"cell_id":3168},"geometry":{"type":"Polygon","coordinates":[[[141.354,42.5399],[141.4614,42.5399],[141.4614,42.6299],[141.354,42.6299],[141.354,42.5399]]]}},{"type":"Feature","properties":{"cell_id":3169},"geometry":{"type":"Polygon","coordinates":[[[141.891,42.5399],[141.9984,42.5399],[141.9984,42.6299],[141.891,42.6299],[141.891,42.5399]]]}},{"type":"Feature","properties":{"cell_id":3170},"geometry":{"type":"Polygon","coordinates":[[[141.9984,42.5399],[142.1058,42.5399],[142.1058,42.6299],[141.9984,42.6299],[141.9984,42.5399]]]}},{"type":"Feature","properties":{"cell_id":3171},"geometry":{"type":"Polygon","coordinates":[[[142.1058,42.5399],[142.2132,42.5399],[142.2132,42.6299],[142.1058,42.6299],[142.1058,42.5399]]]}},{"type":"Feature","properties":{"cell_id":3172},"geometry":{"type":"Polygon","coordinates":[[[142.2132,42.5399],[142.3206,42.5399],[142.3206,42.6299],[142.2132,42.6299],[142.2132,42.5399]]]}},{"type":"Feature","properties":{"cell_id":3173},"geometry":{"type":"Polygon","coordinates":[[[142.3206,42.5399],[142.428,42.5399],[142.428,42.6299],[142.3206,42.6299],[142.3206,42.5399]]]}},{"type":"Feature","properties":{"cell_id":3174},"geometry":{"type":"Polygon","coordinates":[[[142.428,42.5399],[142.5355,42.5399],[142.5355,42.6299],[142.428,42.6299],[142.428,42.5399]]]}},{"type":"Feature","properties":{"cell_id":3175},"geometry":{"type":"Polygon","coordinates":[[[142.5355,42.5399],[142.6429,42.5399],[142.6429,42.6299],[142.5355,42.6299],[142.5355,42.5399]]]}},{"type":"Feature","properties":{"cell_id":3176},"geometry":{"type":"Polygon","coordinates":[[[142.6429,42.5399],[142.7503,42.5399],[142.7503,42.6299],[142.6429,42.6299],[142.6429,42.5399]]]}},{"type":"Feature","properties":{"cell_id":3177},"geometry":{"type":"Polygon","coordinates":[[[142.7503,42.5399],[142.8577,42.5399],[142.8577,42.6299],[142.7503,42.6299],[142.7503,42.5399]]]}},{"type":"Feature","properties":{"cell_id":3178},"geometry":{"type":"Polygon","coordinates":[[[142.8577,42.5399],[142.9651,42.5399],[142.9651,42.6299],[142.8577,42.6299],[142.8577,42.5399]]]}},{"type":"Feature","properties":{"cell_id":3179},"geometry":{"type":"Polygon","coordinates":[[[142.9651,42.5399],[143.0725,42.5399],[143.0725,42.6299],[142.9651,42.6299],[142.9651,42.5399]]]}},{"type":"Feature","properties":{"cell_id":3180},"geometry":{"type":"Polygon","coordinates":[[[143.0725,42.5399],[143.1799,42.5399],[143.1799,42.6299],[143.0725,42.6299],[143.0725,42.5399]]]}},{"type":"Feature","properties":{"cell_id":3181},"geometry":{"type":"Polygon","coordinates":[[[143.1799,42.5399],[143.2873,42.5399],[143.2873,42.6299],[143.1799,42.6299],[143.1799,42.5399]]]}},{"type":"Feature","properties":{"cell_id":3182},"geometry":{"type":"Polygon","coordinates":[[[143.2873,42.5399],[143.3947,42.5399],[143.3947,42.6299],[143.2873,42.6299],[143.2873,42.5399]]]}},{"type":"Feature","properties":{"cell_id":3183},"geometry":{"type":"Polygon","coordinates":[[[143.3947,42.5399],[143.5021,42.5399],[143.5021,42.6299],[143.3947,42.6299],[143.3947,42.5399]]]}},{"type":"Feature","properties":{"cell_id":3184},"geometry":{"type":"Polygon","coordinates":[[[139.8503,42.6299],[139.9577,42.6299],[139.9577,42.72],[139.8503,42.72],[139.8503,42.6299]]]}},{"type":"Feature","properties":{"cell_id":3185},"geometry":{"type":"Polygon","coordinates":[[[139.9577,42.6299],[140.0651,42.6299],[140.0651,42.72],[139.9577,42.72],[139.9577,42.6299]]]}},{"type":"Feature","properties":{"cell_id":3186},"geometry":{"type":"Polygon","coordinates":[[[140.0651,42.6299],[140.1725,42.6299],[140.1725,42.72],[140.0651,42.72],[140.0651,42.6299]]]}},{"type":"Feature","properties":{"cell_id":3187},"geometry":{"type":"Polygon","coordinates":[[[140.1725,42.6299],[140.2799,42.6299],[140.2799,42.72],[140.1725,42.72],[140.1725,42.6299]]]}},{"type":"Feature","properties":{"cell_id":3188},"geometry":{"type":"Polygon","coordinates":[[[140.2799,42.6299],[140.3873,42.6299],[140.3873,42.72],[140.2799,42.72],[140.2799,42.6299]]]}},{"type":"Feature","properties":{"cell_id":3189},"geometry":{"type":"Polygon","coordinates":[[[140.3873,42.6299],[140.4947,42.6299],[140.4947,42.72],[140.3873,42.72],[140.3873,42.6299]]]}},{"type":"Feature","properties":{"cell_id":3190},"geometry":{"type":"Polygon","coordinates":[[[140.4947,42.6299],[140.6021,42.6299],[140.6021,42.72],[140.4947,42.72],[140.4947,42.6299]]]}},{"type":"Feature","properties":{"cell_id":3191},"geometry":{"type":"Polygon","coordinates":[[[140.6021,42.6299],[140.7095,42.6299],[140.7095,42.72],[140.6021,42.72],[140.6021,42.6299]]]}},{"type":"Feature","properties":{"cell_id":3192},"geometry":{"type":"Polygon","coordinates":[[[140.7095,42.6299],[140.8169,42.6299],[140.8169,42.72],[140.7095,42.72],[140.7095,42.6299]]]}},{"type":"Feature","properties":{"cell_id":3193},"geometry":{"type":"Polygon","coordinates":[[[140.8169,42.6299],[140.9243,42.6299],[140.9243,42.72],[140.8169,42.72],[140.8169,42.6299]]]}},{"type":"Feature","properties":{"cell_id":3194},"geometry":{"type":"Polygon","coordinates":[[[140.9243,42.6299],[141.0317,42.6299],[141.0317,42.72],[140.9243,42.72],[140.9243,42.6299]]]}},{"type":"Feature","properties":{"cell_id":3195},"geometry":{"type":"Polygon","coordinates":[[[141.0317,42.6299],[141.1391,42.6299],[141.1391,42.72],[141.0317,42.72],[141.0317,42.6299]]]}},{"type":"Feature","properties":{"cell_id":3196},"geometry":{"type":"Polygon","coordinates":[[[141.1391,42.6299],[141.2466,42.6299],[141.2466,42.72],[141.1391,42.72],[141.1391,42.6299]]]}},{"type":"Feature","properties":{"cell_id":3197},"geometry":{"type":"Polygon","coordinates":[[[141.2466,42.6299],[141.354,42.6299],[141.354,42.72],[141.2466,42.72],[141.2466,42.6299]]]}},{"type":"Feature","properties":{"cell_id":3198},"geometry":{"type":"Polygon","coordinates":[[[141.354,42.6299],[141.4614,42.6299],[141.4614,42.72],[141.354,42.72],[141.354,42.6299]]]}},{"type":"Feature","properties":{"cell_id":3199},"geometry":{"type":"Polygon","coordinates":[[[141.4614,42.6299],[141.5688,42.6299],[141.5688,42.72],[141.4614,42.72],[141.4614,42.6299]]]}},{"type":"Feature","properties":{"cell_id":3200},"geometry":{"type":"Polygon","coordinates":[[[141.5688,42.6299],[141.6762,42.6299],[141.6762,42.72],[141.5688,42.72],[141.5688,42.6299]]]}},{"type":"Feature","properties":{"cell_id":3201},"geometry":{"type":"Polygon","coordinates":[[[141.6762,42.6299],[141.7836,42.6299],[141.7836,42.72],[141.6762,42.72],[141.6762,42.6299]]]}},{"type":"Feature","properties":{"cell_id":3202},"geometry":{"type":"Polygon","coordinates":[[[141.7836,42.6299],[141.891,42.6299],[141.891,42.72],[141.7836,42.72],[141.7836,42.6299]]]}},{"type":"Feature","properties":{"cell_id":3203},"geometry":{"type":"Polygon","coordinates":[[[141.891,42.6299],[141.9984,42.6299],[141.9984,42.72],[141.891,42.72],[141.891,42.6299]]]}},{"type":"Feature","properties":{"cell_id":3204},"geometry":{"type":"Polygon","coordinates":[[[141.9984,42.6299],[142.1058,42.6299],[142.1058,42.72],[141.9984,42.72],[141.9984,42.6299]]]}},{"type":"Feature","properties":{"cell_id":3205},"geometry":{"type":"Polygon","coordinates":[[[142.1058,42.6299],[142.2132,42.6299],[142.2132,42.72],[142.1058,42.72],[142.1058,42.6299]]]}},{"type":"Feature","properties":{"cell_id":3206},"geometry":{"type":"Polygon","coordinates":[[[142.2132,42.6299],[142.3206,42.6299],[142.3206,42.72],[142.2132,42.72],[142.2132,42.6299]]]}},{"type":"Feature","properties":{"cell_id":3207},"geometry":{"type":"Polygon","coordinates":[[[142.3206,42.6299],[142.428,42.6299],[142.428,42.72],[142.3206,42.72],[142.3206,42.6299]]]}},{"type":"Feature","properties":{"cell_id":3208},"geometry":{"type":"Polygon","coordinates":[[[142.428,42.6299],[142.5355,42.6299],[142.5355,42.72],[142.428,42.72],[142.428,42.6299]]]}},{"type":"Feature","properties":{"cell_id":3209},"geometry":{"type":"Polygon","coordinates":[[[142.5355,42.6299],[142.6429,42.6299],[142.6429,42.72],[142.5355,42.72],[142.5355,42.6299]]]}},{"type":"Feature","properties":{"cell_id":3210},"geometry":{"type":"Polygon","coordinates":[[[142.6429,42.6299],[142.7503,42.6299],[142.7503,42.72],[142.6429,42.72],[142.6429,42.6299]]]}},{"type":"Feature","properties":{"cell_id":3211},"geometry":{"type":"Polygon","coordinates":[[[142.7503,42.6299],[142.8577,42.6299],[142.8577,42.72],[142.7503,42.72],[142.7503,42.6299]]]}},{"type":"Feature","properties":{"cell_id":3212},"geometry":{"type":"Polygon","coordinates":[[[142.8577,42.6299],[142.9651,42.6299],[142.9651,42.72],[142.8577,42.72],[142.8577,42.6299]]]}},{"type":"Feature","properties":{"cell_id":3213},"geometry":{"type":"Polygon","coordinates":[[[142.9651,42.6299],[143.0725,42.6299],[143.0725,42.72],[142.9651,42.72],[142.9651,42.6299]]]}},{"type":"Feature","properties":{"cell_id":3214},"geometry":{"type":"Polygon","coordinates":[[[143.0725,42.6299],[143.1799,42.6299],[143.1799,42.72],[143.0725,42.72],[143.0725,42.6299]]]}},{"type":"Feature","properties":{"cell_id":3215},"geometry":{"type":"Polygon","coordinates":[[[143.1799,42.6299],[143.2873,42.6299],[143.2873,42.72],[143.1799,42.72],[143.1799,42.6299]]]}},{"type":"Feature","properties":{"cell_id":3216},"geometry":{"type":"Polygon","coordinates":[[[143.2873,42.6299],[143.3947,42.6299],[143.3947,42.72],[143.2873,42.72],[143.2873,42.6299]]]}},{"type":"Feature","properties":{"cell_id":3217},"geometry":{"type":"Polygon","coordinates":[[[143.3947,42.6299],[143.5021,42.6299],[143.5021,42.72],[143.3947,42.72],[143.3947,42.6299]]]}},{"type":"Feature","properties":{"cell_id":3218},"geometry":{"type":"Polygon","coordinates":[[[143.5021,42.6299],[143.6095,42.6299],[143.6095,42.72],[143.5021,42.72],[143.5021,42.6299]]]}},{"type":"Feature","properties":{"cell_id":3219},"geometry":{"type":"Polygon","coordinates":[[[140.1725,42.72],[140.2799,42.72],[140.2799,42.8101],[140.1725,42.8101],[140.1725,42.72]]]}},{"type":"Feature","properties":{"cell_id":3220},"geometry":{"type":"Polygon","coordinates":[[[140.2799,42.72],[140.3873,42.72],[140.3873,42.8101],[140.2799,42.8101],[140.2799,42.72]]]}},{"type":"Feature","properties":{"cell_id":3221},"geometry":{"type":"Polygon","coordinates":[[[140.3873,42.72],[140.4947,42.72],[140.4947,42.8101],[140.3873,42.8101],[140.3873,42.72]]]}},{"type":"Feature","properties":{"cell_id":3222},"geometry":{"type":"Polygon","coordinates":[[[140.4947,42.72],[140.6021,42.72],[140.6021,42.8101],[140.4947,42.8101],[140.4947,42.72]]]}},{"type":"Feature","properties":{"cell_id":3223},"geometry":{"type":"Polygon","coordinates":[[[140.6021,42.72],[140.7095,42.72],[140.7095,42.8101],[140.6021,42.8101],[140.6021,42.72]]]}},{"type":"Feature","properties":{"cell_id":3224},"geometry":{"type":"Polygon","coordinates":[[[140.7095,42.72],[140.8169,42.72],[140.8169,42.8101],[140.7095,42.8101],[140.7095,42.72]]]}},{"type":"Feature","properties":{"cell_id":3225},"geometry":{"type":"Polygon","coordinates":[[[140.8169,42.72],[140.9243,42.72],[140.9243,42.8101],[140.8169,42.8101],[140.8169,42.72]]]}},{"type":"Feature","properties":{"cell_id":3226},"geometry":{"type":"Polygon","coordinates":[[[140.9243,42.72],[141.0317,42.72],[141.0317,42.8101],[140.9243,42.8101],[140.9243,42.72]]]}},{"type":"Feature","properties":{"cell_id":3227},"geometry":{"type":"Polygon","coordinates":[[[141.0317,42.72],[141.1391,42.72],[141.1391,42.8101],[141.0317,42.8101],[141.0317,42.72]]]}},{"type":"Feature","properties":{"cell_id":3228},"geometry":{"type":"Polygon","coordinates":[[[141.1391,42.72],[141.2466,42.72],[141.2466,42.8101],[141.1391,42.8101],[141.1391,42.72]]]}},{"type":"Feature","properties":{"cell_id":3229},"geometry":{"type":"Polygon","coordinates":[[[141.2466,42.72],[141.354,42.72],[141.354,42.8101],[141.2466,42.8101],[141.2466,42.72]]]}},{"type":"Feature","properties":{"cell_id":3230},"geometry":{"type":"Polygon","coordinates":[[[141.354,42.72],[141.4614,42.72],[141.4614,42.8101],[141.354,42.8101],[141.354,42.72]]]}},{"type":"Feature","properties":{"cell_id":3231},"geometry":{"type":"Polygon","coordinates":[[[141.4614,42.72],[141.5688,42.72],[141.5688,42.8101],[141.4614,42.8101],[141.4614,42.72]]]}},{"type":"Feature","properties":{"cell_id":3232},"geometry":{"type":"Polygon","coordinates":[[[141.5688,42.72],[141.6762,42.72],[141.6762,42.8101],[141.5688,42.8101],[141.5688,42.72]]]}},{"type":"Feature","properties":{"cell_id":3233},"geometry":{"type":"Polygon","coordinates":[[[141.6762,42.72],[141.7836,42.72],[141.7836,42.8101],[141.6762,42.8101],[141.6762,42.72]]]}},{"type":"Feature","properties":{"cell_id":3234},"geometry":{"type":"Polygon","coordinates":[[[141.7836,42.72],[141.891,42.72],[141.891,42.8101],[141.7836,42.8101],[141.7836,42.72]]]}},{"type":"Feature","properties":{"cell_id":3235},"geometry":{"type":"Polygon","coordinates":[[[141.891,42.72],[141.9984,42.72],[141.9984,42.8101],[141.891,42.8101],[141.891,42.72]]]}},{"type":"Feature","properties":{"cell_id":3236},"geometry":{"type":"Polygon","coordinates":[[[141.9984,42.72],[142.1058,42.72],[142.1058,42.8101],[141.9984,42.8101],[141.9984,42.72]]]}},{"type":"Feature","properties":{"cell_id":3237},"geometry":{"type":"Polygon","coordinates":[[[142.1058,42.72],[142.2132,42.72],[142.2132,42.8101],[142.1058,42.8101],[142.1058,42.72]]]}},{"type":"Feature","properties":{"cell_id":3238},"geometry":{"type":"Polygon","coordinates":[[[142.2132,42.72],[142.3206,42.72],[142.3206,42.8101],[142.2132,42.8101],[142.2132,42.72]]]}},{"type":"Feature","properties":{"cell_id":3239},"geometry":{"type":"Polygon","coordinates":[[[142.3206,42.72],[142.428,42.72],[142.428,42.8101],[142.3206,42.8101],[142.3206,42.72]]]}},{"type":"Feature","properties":{"cell_id":3240},"geometry":{"type":"Polygon","coordinates":[[[142.428,42.72],[142.5355,42.72],[142.5355,42.8101],[142.428,42.8101],[142.428,42.72]]]}},{"type":"Feature","properties":{"cell_id":3241},"geometry":{"type":"Polygon","coordinates":[[[142.5355,42.72],[142.6429,42.72],[142.6429,42.8101],[142.5355,42.8101],[142.5355,42.72]]]}},{"type":"Feature","properties":{"cell_id":3242},"geometry":{"type":"Polygon","coordinates":[[[142.6429,42.72],[142.7503,42.72],[142.7503,42.8101],[142.6429,42.8101],[142.6429,42.72]]]}},{"type":"Feature","properties":{"cell_id":3243},"geometry":{"type":"Polygon","coordinates":[[[142.7503,42.72],[142.8577,42.72],[142.8577,42.8101],[142.7503,42.8101],[142.7503,42.72]]]}},{"type":"Feature","properties":{"cell_id":3244},"geometry":{"type":"Polygon","coordinates":[[[142.8577,42.72],[142.9651,42.72],[142.9651,42.8101],[142.8577,42.8101],[142.8577,42.72]]]}},{"type":"Feature","properties":{"cell_id":3245},"geometry":{"type":"Polygon","coordinates":[[[142.9651,42.72],[143.0725,42.72],[143.0725,42.8101],[142.9651,42.8101],[142.9651,42.72]]]}},{"type":"Feature","properties":{"cell_id":3246},"geometry":{"type":"Polygon","coordinates":[[[143.0725,42.72],[143.1799,42.72],[143.1799,42.8101],[143.0725,42.8101],[143.0725,42.72]]]}},{"type":"Feature","properties":{"cell_id":3247},"geometry":{"type":"Polygon","coordinates":[[[143.1799,42.72],[143.2873,42.72],[143.2873,42.8101],[143.1799,42.8101],[143.1799,42.72]]]}},{"type":"Feature","properties":{"cell_id":3248},"geometry":{"type":"Polygon","coordinates":[[[143.2873,42.72],[143.3947,42.72],[143.3947,42.8101],[143.2873,42.8101],[143.2873,42.72]]]}},{"type":"Feature","properties":{"cell_id":3249},"geometry":{"type":"Polygon","coordinates":[[[143.3947,42.72],[143.5021,42.72],[143.5021,42.8101],[143.3947,42.8101],[143.3947,42.72]]]}},{"type":"Feature","properties":{"cell_id":3250},"geometry":{"type":"Polygon","coordinates":[[[143.5021,42.72],[143.6095,42.72],[143.6095,42.8101],[143.5021,42.8101],[143.5021,42.72]]]}},{"type":"Feature","properties":{"cell_id":3251},"geometry":{"type":"Polygon","coordinates":[[[143.6095,42.72],[143.7169,42.72],[143.7169,42.8101],[143.6095,42.8101],[143.6095,42.72]]]}},{"type":"Feature","properties":{"cell_id":3252},"geometry":{"type":"Polygon","coordinates":[[[140.3873,42.8101],[140.4947,42.8101],[140.4947,42.9002],[140.3873,42.9002],[140.3873,42.8101]]]}},{"type":"Feature","properties":{"cell_id":3253},"geometry":{"type":"Polygon","coordinates":[[[140.4947,42.8101],[140.6021,42.8101],[140.6021,42.9002],[140.4947,42.9002],[140.4947,42.8101]]]}},{"type":"Feature","properties":{"cell_id":3254},"geometry":{"type":"Polygon","coordinates":[[[140.6021,42.8101],[140.7095,42.8101],[140.7095,42.9002],[140.6021,42.9002],[140.6021,42.8101]]]}},{"type":"Feature","properties":{"cell_id":3255},"geometry":{"type":"Polygon","coordinates":[[[140.7095,42.8101],[140.8169,42.8101],[140.8169,42.9002],[140.7095,42.9002],[140.7095,42.8101]]]}},{"type":"Feature","properties":{"cell_id":3256},"geometry":{"type":"Polygon","coordinates":[[[140.8169,42.8101],[140.9243,42.8101],[140.9243,42.9002],[140.8169,42.9002],[140.8169,42.8101]]]}},{"type":"Feature","properties":{"cell_id":3257},"geometry":{"type":"Polygon","coordinates":[[[140.9243,42.8101],[141.0317,42.8101],[141.0317,42.9002],[140.9243,42.9002],[140.9243,42.8101]]]}},{"type":"Feature","properties":{"cell_id":3258},"geometry":{"type":"Polygon","coordinates":[[[141.0317,42.8101],[141.1391,42.8101],[141.1391,42.9002],[141.0317,42.9002],[141.0317,42.8101]]]}},{"type":"Feature","properties":{"cell_id":3259},"geometry":{"type":"Polygon","coordinates":[[[141.1391,42.8101],[141.2466,42.8101],[141.2466,42.9002],[141.1391,42.9002],[141.1391,42.8101]]]}},{"type":"Feature","properties":{"cell_id":3260},"geometry":{"type":"Polygon","coordinates":[[[141.2466,42.8101],[141.354,42.8101],[141.354,42.9002],[141.2466,42.9002],[141.2466,42.8101]]]}},{"type":"Feature","properties":{"cell_id":3261},"geometry":{"type":"Polygon","coordinates":[[[141.354,42.8101],[141.4614,42.8101],[141.4614,42.9002],[141.354,42.9002],[141.354,42.8101]]]}},{"type":"Feature","properties":{"cell_id":3262},"geometry":{"type":"Polygon","coordinates":[[[141.4614,42.8101],[141.5688,42.8101],[141.5688,42.9002],[141.4614,42.9002],[141.4614,42.8101]]]}},{"type":"Feature","properties":{"cell_id":3263},"geometry":{"type":"Polygon","coordinates":[[[141.5688,42.8101],[141.6762,42.8101],[141.6762,42.9002],[141.5688,42.9002],[141.5688,42.8101]]]}},{"type":"Feature","properties":{"cell_id":3264},"geometry":{"type":"Polygon","coordinates":[[[141.6762,42.8101],[141.7836,42.8101],[141.7836,42.9002],[141.6762,42.9002],[141.6762,42.8101]]]}},{"type":"Feature","properties":{"cell_id":3265},"geometry":{"type":"Polygon","coordinates":[[[141.7836,42.8101],[141.891,42.8101],[141.891,42.9002],[141.7836,42.9002],[141.7836,42.8101]]]}},{"type":"Feature","properties":{"cell_id":3266},"geometry":{"type":"Polygon","coordinates":[[[141.891,42.8101],[141.9984,42.8101],[141.9984,42.9002],[141.891,42.9002],[141.891,42.8101]]]}},{"type":"Feature","properties":{"cell_id":3267},"geometry":{"type":"Polygon","coordinates":[[[141.9984,42.8101],[142.1058,42.8101],[142.1058,42.9002],[141.9984,42.9002],[141.9984,42.8101]]]}},{"type":"Feature","properties":{"cell_id":3268},"geometry":{"type":"Polygon","coordinates":[[[142.1058,42.8101],[142.2132,42.8101],[142.2132,42.9002],[142.1058,42.9002],[142.1058,42.8101]]]}},{"type":"Feature","properties":{"cell_id":3269},"geometry":{"type":"Polygon","coordinates":[[[142.2132,42.8101],[142.3206,42.8101],[142.3206,42.9002],[142.2132,42.9002],[142.2132,42.8101]]]}},{"type":"Feature","properties":{"cell_id":3270},"geometry":{"type":"Polygon","coordinates":[[[142.3206,42.8101],[142.428,42.8101],[142.428,42.9002],[142.3206,42.9002],[142.3206,42.8101]]]}},{"type":"Feature","properties":{"cell_id":3271},"geometry":{"type":"Polygon","coordinates":[[[142.428,42.8101],[142.5355,42.8101],[142.5355,42.9002],[142.428,42.9002],[142.428,42.8101]]]}},{"type":"Feature","properties":{"cell_id":3272},"geometry":{"type":"Polygon","coordinates":[[[142.5355,42.8101],[142.6429,42.8101],[142.6429,42.9002],[142.5355,42.9002],[142.5355,42.8101]]]}},{"type":"Feature","properties":{"cell_id":3273},"geometry":{"type":"Polygon","coordinates":[[[142.6429,42.8101],[142.7503,42.8101],[142.7503,42.9002],[142.6429,42.9002],[142.6429,42.8101]]]}},{"type":"Feature","properties":{"cell_id":3274},"geometry":{"type":"Polygon","coordinates":[[[142.7503,42.8101],[142.8577,42.8101],[142.8577,42.9002],[142.7503,42.9002],[142.7503,42.8101]]]}},{"type":"Feature","properties":{"cell_id":3275},"geometry":{"type":"Polygon","coordinates":[[[142.8577,42.8101],[142.9651,42.8101],[142.9651,42.9002],[142.8577,42.9002],[142.8577,42.8101]]]}},{"type":"Feature","properties":{"cell_id":3276},"geometry":{"type":"Polygon","coordinates":[[[142.9651,42.8101],[143.0725,42.8101],[143.0725,42.9002],[142.9651,42.9002],[142.9651,42.8101]]]}},{"type":"Feature","properties":{"cell_id":3277},"geometry":{"type":"Polygon","coordinates":[[[143.0725,42.8101],[143.1799,42.8101],[143.1799,42.9002],[143.0725,42.9002],[143.0725,42.8101]]]}},{"type":"Feature","properties":{"cell_id":3278},"geometry":{"type":"Polygon","coordinates":[[[143.1799,42.8101],[143.2873,42.8101],[143.2873,42.9002],[143.1799,42.9002],[143.1799,42.8101]]]}},{"type":"Feature","properties":{"cell_id":3279},"geometry":{"type":"Polygon","coordinates":[[[143.2873,42.8101],[143.3947,42.8101],[143.3947,42.9002],[143.2873,42.9002],[143.2873,42.8101]]]}},{"type":"Feature","properties":{"cell_id":3280},"geometry":{"type":"Polygon","coordinates":[[[143.3947,42.8101],[143.5021,42.8101],[143.5021,42.9002],[143.3947,42.9002],[143.3947,42.8101]]]}},{"type":"Feature","properties":{"cell_id":3281},"geometry":{"type":"Polygon","coordinates":[[[143.5021,42.8101],[143.6095,42.8101],[143.6095,42.9002],[143.5021,42.9002],[143.5021,42.8101]]]}},{"type":"Feature","properties":{"cell_id":3282},"geometry":{"type":"Polygon","coordinates":[[[143.6095,42.8101],[143.7169,42.8101],[143.7169,42.9002],[143.6095,42.9002],[143.6095,42.8101]]]}},{"type":"Feature","properties":{"cell_id":3283},"geometry":{"type":"Polygon","coordinates":[[[143.7169,42.8101],[143.8243,42.8101],[143.8243,42.9002],[143.7169,42.9002],[143.7169,42.8101]]]}},{"type":"Feature","properties":{"cell_id":3284},"geometry":{"type":"Polygon","coordinates":[[[143.8243,42.8101],[143.9318,42.8101],[143.9318,42.9002],[143.8243,42.9002],[143.8243,42.8101]]]}},{"type":"Feature","properties":{"cell_id":3285},"geometry":{"type":"Polygon","coordinates":[[[140.3873,42.9002],[140.4947,42.9002],[140.4947,42.9903],[140.3873,42.9903],[140.3873,42.9002]]]}},{"type":"Feature","properties":{"cell_id":3286},"geometry":{"type":"Polygon","coordinates":[[[140.4947,42.9002],[140.6021,42.9002],[140.6021,42.9903],[140.4947,42.9903],[140.4947,42.9002]]]}},{"type":"Feature","properties":{"cell_id":3287},"geometry":{"type":"Polygon","coordinates":[[[140.6021,42.9002],[140.7095,42.9002],[140.7095,42.9903],[140.6021,42.9903],[140.6021,42.9002]]]}},{"type":"Feature","properties":{"cell_id":3288},"geometry":{"type":"Polygon","coordinates":[[[140.7095,42.9002],[140.8169,42.9002],[140.8169,42.9903],[140.7095,42.9903],[140.7095,42.9002]]]}},{"type":"Feature","properties":{"cell_id":3289},"geometry":{"type":"Polygon","coordinates":[[[140.8169,42.9002],[140.9243,42.9002],[140.9243,42.9903],[140.8169,42.9903],[140.8169,42.9002]]]}},{"type":"Feature","properties":{"cell_id":3290},"geometry":{"type":"Polygon","coordinates":[[[140.9243,42.9002],[141.0317,42.9002],[141.0317,42.9903],[140.9243,42.9903],[140.9243,42.9002]]]}},{"type":"Feature","properties":{"cell_id":3291},"geometry":{"type":"Polygon","coordinates":[[[141.0317,42.9002],[141.1391,42.9002],[141.1391,42.9903],[141.0317,42.9903],[141.0317,42.9002]]]}},{"type":"Feature","properties":{"cell_id":3292},"geometry":{"type":"Polygon","coordinates":[[[141.1391,42.9002],[141.2466,42.9002],[141.2466,42.9903],[141.1391,42.9903],[141.1391,42.9002]]]}},{"type":"Feature","properties":{"cell_id":3293},"geometry":{"type":"Polygon","coordinates":[[[141.2466,42.9002],[141.354,42.9002],[141.354,42.9903],[141.2466,42.9903],[141.2466,42.9002]]]}},{"type":"Feature","properties":{"cell_id":3294},"geometry":{"type":"Polygon","coordinates":[[[141.354,42.9002],[141.4614,42.9002],[141.4614,42.9903],[141.354,42.9903],[141.354,42.9002]]]}},{"type":"Feature","properties":{"cell_id":3295},"geometry":{"type":"Polygon","coordinates":[[[141.4614,42.9002],[141.5688,42.9002],[141.5688,42.9903],[141.4614,42.9903],[141.4614,42.9002]]]}},{"type":"Feature","properties":{"cell_id":3296},"geometry":{"type":"Polygon","coordinates":[[[141.5688,42.9002],[141.6762,42.9002],[141.6762,42.9903],[141.5688,42.9903],[141.5688,42.9002]]]}},{"type":"Feature","properties":{"cell_id":3297},"geometry":{"type":"Polygon","coordinates":[[[141.6762,42.9002],[141.7836,42.9002],[141.7836,42.9903],[141.6762,42.9903],[141.6762,42.9002]]]}},{"type":"Feature","properties":{"cell_id":3298},"geometry":{"type":"Polygon","coordinates":[[[141.7836,42.9002],[141.891,42.9002],[141.891,42.9903],[141.7836,42.9903],[141.7836,42.9002]]]}},{"type":"Feature","properties":{"cell_id":3299},"geometry":{"type":"Polygon","coordinates":[[[141.891,42.9002],[141.9984,42.9002],[141.9984,42.9903],[141.891,42.9903],[141.891,42.9002]]]}},{"type":"Feature","properties":{"cell_id":3300},"geometry":{"type":"Polygon","coordinates":[[[141.9984,42.9002],[142.1058,42.9002],[142.1058,42.9903],[141.9984,42.9903],[141.9984,42.9002]]]}},{"type":"Feature","properties":{"cell_id":3301},"geometry":{"type":"Polygon","coordinates":[[[142.1058,42.9002],[142.2132,42.9002],[142.2132,42.9903],[142.1058,42.9903],[142.1058,42.9002]]]}},{"type":"Feature","properties":{"cell_id":3302},"geometry":{"type":"Polygon","coordinates":[[[142.2132,42.9002],[142.3206,42.9002],[142.3206,42.9903],[142.2132,42.9903],[142.2132,42.9002]]]}},{"type":"Feature","properties":{"cell_id":3303},"geometry":{"type":"Polygon","coordinates":[[[142.3206,42.9002],[142.428,42.9002],[142.428,42.9903],[142.3206,42.9903],[142.3206,42.9002]]]}},{"type":"Feature","properties":{"cell_id":3304},"geometry":{"type":"Polygon","coordinates":[[[142.428,42.9002],[142.5355,42.9002],[142.5355,42.9903],[142.428,42.9903],[142.428,42.9002]]]}},{"type":"Feature","properties":{"cell_id":3305},"geometry":{"type":"Polygon","coordinates":[[[142.5355,42.9002],[142.6429,42.9002],[142.6429,42.9903],[142.5355,42.9903],[142.5355,42.9002]]]}},{"type":"Feature","properties":{"cell_id":3306},"geometry":{"type":"Polygon","coordinates":[[[142.6429,42.9002],[142.7503,42.9002],[142.7503,42.9903],[142.6429,42.9903],[142.6429,42.9002]]]}},{"type":"Feature","properties":{"cell_id":3307},"geometry":{"type":"Polygon","coordinates":[[[142.7503,42.9002],[142.8577,42.9002],[142.8577,42.9903],[142.7503,42.9903],[142.7503,42.9002]]]}},{"type":"Feature","properties":{"cell_id":3308},"geometry":{"type":"Polygon","coordinates":[[[142.8577,42.9002],[142.9651,42.9002],[142.9651,42.9903],[142.8577,42.9903],[142.8577,42.9002]]]}},{"type":"Feature","properties":{"cell_id":3309},"geometry":{"type":"Polygon","coordinates":[[[142.9651,42.9002],[143.0725,42.9002],[143.0725,42.9903],[142.9651,42.9903],[142.9651,42.9002]]]}},{"type":"Feature","properties":{"cell_id":3310},"geometry":{"type":"Polygon","coordinates":[[[143.0725,42.9002],[143.1799,42.9002],[143.1799,42.9903],[143.0725,42.9903],[143.0725,42.9002]]]}},{"type":"Feature","properties":{"cell_id":3311},"geometry":{"type":"Polygon","coordinates":[[[143.1799,42.9002],[143.2873,42.9002],[143.2873,42.9903],[143.1799,42.9903],[143.1799,42.9002]]]}},{"type":"Feature","properties":{"cell_id":3312},"geometry":{"type":"Polygon","coordinates":[[[143.2873,42.9002],[143.3947,42.9002],[143.3947,42.9903],[143.2873,42.9903],[143.2873,42.9002]]]}},{"type":"Feature","properties":{"cell_id":3313},"geometry":{"type":"Polygon","coordinates":[[[143.3947,42.9002],[143.5021,42.9002],[143.5021,42.9903],[143.3947,42.9903],[143.3947,42.9002]]]}},{"type":"Feature","properties":{"cell_id":3314},"geometry":{"type":"Polygon","coordinates":[[[143.5021,42.9002],[143.6095,42.9002],[143.6095,42.9903],[143.5021,42.9903],[143.5021,42.9002]]]}},{"type":"Feature","properties":{"cell_id":3315},"geometry":{"type":"Polygon","coordinates":[[[143.6095,42.9002],[143.7169,42.9002],[143.7169,42.9903],[143.6095,42.9903],[143.6095,42.9002]]]}},{"type":"Feature","properties":{"cell_id":3316},"geometry":{"type":"Polygon","coordinates":[[[143.7169,42.9002],[143.8243,42.9002],[143.8243,42.9903],[143.7169,42.9903],[143.7169,42.9002]]]}},{"type":"Feature","properties":{"cell_id":3317},"geometry":{"type":"Polygon","coordinates":[[[143.8243,42.9002],[143.9318,42.9002],[143.9318,42.9903],[143.8243,42.9903],[143.8243,42.9002]]]}},{"type":"Feature","properties":{"cell_id":3318},"geometry":{"type":"Polygon","coordinates":[[[143.9318,42.9002],[144.0392,42.9002],[144.0392,42.9903],[143.9318,42.9903],[143.9318,42.9002]]]}},{"type":"Feature","properties":{"cell_id":3319},"geometry":{"type":"Polygon","coordinates":[[[144.6836,42.9002],[144.791,42.9002],[144.791,42.9903],[144.6836,42.9903],[144.6836,42.9002]]]}},{"type":"Feature","properties":{"cell_id":3320},"geometry":{"type":"Polygon","coordinates":[[[140.4947,42.9903],[140.6021,42.9903],[140.6021,43.0804],[140.4947,43.0804],[140.4947,42.9903]]]}},{"type":"Feature","properties":{"cell_id":3321},"geometry":{"type":"Polygon","coordinates":[[[140.6021,42.9903],[140.7095,42.9903],[140.7095,43.0804],[140.6021,43.0804],[140.6021,42.9903]]]}},{"type":"Feature","properties":{"cell_id":3322},"geometry":{"type":"Polygon","coordinates":[[[140.7095,42.9903],[140.8169,42.9903],[140.8169,43.0804],[140.7095,43.0804],[140.7095,42.9903]]]}},{"type":"Feature","properties":{"cell_id":3323},"geometry":{"type":"Polygon","coordinates":[[[140.8169,42.9903],[140.9243,42.9903],[140.9243,43.0804],[140.8169,43.0804],[140.8169,42.9903]]]}},{"type":"Feature","properties":{"cell_id":3324},"geometry":{"type":"Polygon","coordinates":[[[140.9243,42.9903],[141.0317,42.9903],[141.0317,43.0804],[140.9243,43.0804],[140.9243,42.9903]]]}},{"type":"Feature","properties":{"cell_id":3325},"geometry":{"type":"Polygon","coordinates":[[[141.0317,42.9903],[141.1391,42.9903],[141.1391,43.0804],[141.0317,43.0804],[141.0317,42.9903]]]}},{"type":"Feature","properties":{"cell_id":3326},"geometry":{"type":"Polygon","coordinates":[[[141.1391,42.9903],[141.2466,42.9903],[141.2466,43.0804],[141.1391,43.0804],[141.1391,42.9903]]]}},{"type":"Feature","properties":{"cell_id":3327},"geometry":{"type":"Polygon","coordinates":[[[141.2466,42.9903],[141.354,42.9903],[141.354,43.0804],[141.2466,43.0804],[141.2466,42.9903]]]}},{"type":"Feature","properties":{"cell_id":3328},"geometry":{"type":"Polygon","coordinates":[[[141.354,42.9903],[141.4614,42.9903],[141.4614,43.0804],[141.354,43.0804],[141.354,42.9903]]]}},{"type":"Feature","properties":{"cell_id":3329},"geometry":{"type":"Polygon","coordinates":[[[141.4614,42.9903],[141.5688,42.9903],[141.5688,43.0804],[141.4614,43.0804],[141.4614,42.9903]]]}},{"type":"Feature","properties":{"cell_id":3330},"geometry":{"type":"Polygon","coordinates":[[[141.5688,42.9903],[141.6762,42.9903],[141.6762,43.0804],[141.5688,43.0804],[141.5688,42.9903]]]}},{"type":"Feature","properties":{"cell_id":3331},"geometry":{"type":"Polygon","coordinates":[[[141.6762,42.9903],[141.7836,42.9903],[141.7836,43.0804],[141.6762,43.0804],[141.6762,42.9903]]]}},{"type":"Feature","properties":{"cell_id":3332},"geometry":{"type":"Polygon","coordinates":[[[141.7836,42.9903],[141.891,42.9903],[141.891,43.0804],[141.7836,43.0804],[141.7836,42.9903]]]}},{"type":"Feature","properties":{"cell_id":3333},"geometry":{"type":"Polygon","coordinates":[[[141.891,42.9903],[141.9984,42.9903],[141.9984,43.0804],[141.891,43.0804],[141.891,42.9903]]]}},{"type":"Feature","properties":{"cell_id":3334},"geometry":{"type":"Polygon","coordinates":[[[141.9984,42.9903],[142.1058,42.9903],[142.1058,43.0804],[141.9984,43.0804],[141.9984,42.9903]]]}},{"type":"Feature","properties":{"cell_id":3335},"geometry":{"type":"Polygon","coordinates":[[[142.1058,42.9903],[142.2132,42.9903],[142.2132,43.0804],[142.1058,43.0804],[142.1058,42.9903]]]}},{"type":"Feature","properties":{"cell_id":3336},"geometry":{"type":"Polygon","coordinates":[[[142.2132,42.9903],[142.3206,42.9903],[142.3206,43.0804],[142.2132,43.0804],[142.2132,42.9903]]]}},{"type":"Feature","properties":{"cell_id":3337},"geometry":{"type":"Polygon","coordinates":[[[142.3206,42.9903],[142.428,42.9903],[142.428,43.0804],[142.3206,43.0804],[142.3206,42.9903]]]}},{"type":"Feature","properties":{"cell_id":3338},"geometry":{"type":"Polygon","coordinates":[[[142.428,42.9903],[142.5355,42.9903],[142.5355,43.0804],[142.428,43.0804],[142.428,42.9903]]]}},{"type":"Feature","properties":{"cell_id":3339},"geometry":{"type":"Polygon","coordinates":[[[142.5355,42.9903],[142.6429,42.9903],[142.6429,43.0804],[142.5355,43.0804],[142.5355,42.9903]]]}},{"type":"Feature","properties":{"cell_id":3340},"geometry":{"type":"Polygon","coordinates":[[[142.6429,42.9903],[142.7503,42.9903],[142.7503,43.0804],[142.6429,43.0804],[142.6429,42.9903]]]}},{"type":"Feature","properties":{"cell_id":3341},"geometry":{"type":"Polygon","coordinates":[[[142.7503,42.9903],[142.8577,42.9903],[142.8577,43.0804],[142.7503,43.0804],[142.7503,42.9903]]]}},{"type":"Feature","properties":{"cell_id":3342},"geometry":{"type":"Polygon","coordinates":[[[142.8577,42.9903],[142.9651,42.9903],[142.9651,43.0804],[142.8577,43.0804],[142.8577,42.9903]]]}},{"type":"Feature","properties":{"cell_id":3343},"geometry":{"type":"Polygon","coordinates":[[[142.9651,42.9903],[143.0725,42.9903],[143.0725,43.0804],[142.9651,43.0804],[142.9651,42.9903]]]}},{"type":"Feature","properties":{"cell_id":3344},"geometry":{"type":"Polygon","coordinates":[[[143.0725,42.9903],[143.1799,42.9903],[143.1799,43.0804],[143.0725,43.0804],[143.0725,42.9903]]]}},{"type":"Feature","properties":{"cell_id":3345},"geometry":{"type":"Polygon","coordinates":[[[143.1799,42.9903],[143.2873,42.9903],[143.2873,43.0804],[143.1799,43.0804],[143.1799,42.9903]]]}},{"type":"Feature","properties":{"cell_id":3346},"geometry":{"type":"Polygon","coordinates":[[[143.2873,42.9903],[143.3947,42.9903],[143.3947,43.0804],[143.2873,43.0804],[143.2873,42.9903]]]}},{"type":"Feature","properties":{"cell_id":3347},"geometry":{"type":"Polygon","coordinates":[[[143.3947,42.9903],[143.5021,42.9903],[143.5021,43.0804],[143.3947,43.0804],[143.3947,42.9903]]]}},{"type":"Feature","properties":{"cell_id":3348},"geometry":{"type":"Polygon","coordinates":[[[143.5021,42.9903],[143.6095,42.9903],[143.6095,43.0804],[143.5021,43.0804],[143.5021,42.9903]]]}},{"type":"Feature","properties":{"cell_id":3349},"geometry":{"type":"Polygon","coordinates":[[[143.6095,42.9903],[143.7169,42.9903],[143.7169,43.0804],[143.6095,43.0804],[143.6095,42.9903]]]}},{"type":"Feature","properties":{"cell_id":3350},"geometry":{"type":"Polygon","coordinates":[[[143.7169,42.9903],[143.8243,42.9903],[143.8243,43.0804],[143.7169,43.0804],[143.7169,42.9903]]]}},{"type":"Feature","properties":{"cell_id":3351},"geometry":{"type":"Polygon","coordinates":[[[143.8243,42.9903],[143.9318,42.9903],[143.9318,43.0804],[143.8243,43.0804],[143.8243,42.9903]]]}},{"type":"Feature","properties":{"cell_id":3352},"geometry":{"type":"Polygon","coordinates":[[[143.9318,42.9903],[144.0392,42.9903],[144.0392,43.0804],[143.9318,43.0804],[143.9318,42.9903]]]}},{"type":"Feature","properties":{"cell_id":3353},"geometry":{"type":"Polygon","coordinates":[[[144.0392,42.9903],[144.1466,42.9903],[144.1466,43.0804],[144.0392,43.0804],[144.0392,42.9903]]]}},{"type":"Feature","properties":{"cell_id":3354},"geometry":{"type":"Polygon","coordinates":[[[144.1466,42.9903],[144.254,42.9903],[144.254,43.0804],[144.1466,43.0804],[144.1466,42.9903]]]}},{"type":"Feature","properties":{"cell_id":3355},"geometry":{"type":"Polygon","coordinates":[[[144.254,42.9903],[144.3614,42.9903],[144.3614,43.0804],[144.254,43.0804],[144.254,42.9903]]]}},{"type":"Feature","properties":{"cell_id":3356},"geometry":{"type":"Polygon","coordinates":[[[144.3614,42.9903],[144.4688,42.9903],[144.4688,43.0804],[144.3614,43.0804],[144.3614,42.9903]]]}},{"type":"Feature","properties":{"cell_id":3357},"geometry":{"type":"Polygon","coordinates":[[[144.4688,42.9903],[144.5762,42.9903],[144.5762,43.0804],[144.4688,43.0804],[144.4688,42.9903]]]}},{"type":"Feature","properties":{"cell_id":3358},"geometry":{"type":"Polygon","coordinates":[[[144.5762,42.9903],[144.6836,42.9903],[144.6836,43.0804],[144.5762,43.0804],[144.5762,42.9903]]]}},{"type":"Feature","properties":{"cell_id":3359},"geometry":{"type":"Polygon","coordinates":[[[144.6836,42.9903],[144.791,42.9903],[144.791,43.0804],[144.6836,43.0804],[144.6836,42.9903]]]}},{"type":"Feature","properties":{"cell_id":3360},"geometry":{"type":"Polygon","coordinates":[[[144.791,42.9903],[144.8984,42.9903],[144.8984,43.0804],[144.791,43.0804],[144.791,42.9903]]]}},{"type":"Feature","properties":{"cell_id":3361},"geometry":{"type":"Polygon","coordinates":[[[144.8984,42.9903],[145.0058,42.9903],[145.0058,43.0804],[144.8984,43.0804],[144.8984,42.9903]]]}},{"type":"Feature","properties":{"cell_id":3362},"geometry":{"type":"Polygon","coordinates":[[[140.4947,43.0804],[140.6021,43.0804],[140.6021,43.1705],[140.4947,43.1705],[140.4947,43.0804]]]}},{"type":"Feature","properties":{"cell_id":3363},"geometry":{"type":"Polygon","coordinates":[[[140.6021,43.0804],[140.7095,43.0804],[140.7095,43.1705],[140.6021,43.1705],[140.6021,43.0804]]]}},{"type":"Feature","properties":{"cell_id":3364},"geometry":{"type":"Polygon","coordinates":[[[140.7095,43.0804],[140.8169,43.0804],[140.8169,43.1705],[140.7095,43.1705],[140.7095,43.0804]]]}},{"type":"Feature","properties":{"cell_id":3365},"geometry":{"type":"Polygon","coordinates":[[[140.8169,43.0804],[140.9243,43.0804],[140.9243,43.1705],[140.8169,43.1705],[140.8169,43.0804]]]}},{"type":"Feature","properties":{"cell_id":3366},"geometry":{"type":"Polygon","coordinates":[[[140.9243,43.0804],[141.0317,43.0804],[141.0317,43.1705],[140.9243,43.1705],[140.9243,43.0804]]]}},{"type":"Feature","properties":{"cell_id":3367},"geometry":{"type":"Polygon","coordinates":[[[141.0317,43.0804],[141.1391,43.0804],[141.1391,43.1705],[141.0317,43.1705],[141.0317,43.0804]]]}},{"type":"Feature","properties":{"cell_id":3368},"geometry":{"type":"Polygon","coordinates":[[[141.1391,43.0804],[141.2466,43.0804],[141.2466,43.1705],[141.1391,43.1705],[141.1391,43.0804]]]}},{"type":"Feature","properties":{"cell_id":3369},"geometry":{"type":"Polygon","coordinates":[[[141.2466,43.0804],[141.354,43.0804],[141.354,43.1705],[141.2466,43.1705],[141.2466,43.0804]]]}},{"type":"Feature","properties":{"cell_id":3370},"geometry":{"type":"Polygon","coordinates":[[[141.354,43.0804],[141.4614,43.0804],[141.4614,43.1705],[141.354,43.1705],[141.354,43.0804]]]}},{"type":"Feature","properties":{"cell_id":3371},"geometry":{"type":"Polygon","coordinates":[[[141.4614,43.0804],[141.5688,43.0804],[141.5688,43.1705],[141.4614,43.1705],[141.4614,43.0804]]]}},{"type":"Feature","properties":{"cell_id":3372},"geometry":{"type":"Polygon","coordinates":[[[141.5688,43.0804],[141.6762,43.0804],[141.6762,43.1705],[141.5688,43.1705],[141.5688,43.0804]]]}},{"type":"Feature","properties":{"cell_id":3373},"geometry":{"type":"Polygon","coordinates":[[[141.6762,43.0804],[141.7836,43.0804],[141.7836,43.1705],[141.6762,43.1705],[141.6762,43.0804]]]}},{"type":"Feature","properties":{"cell_id":3374},"geometry":{"type":"Polygon","coordinates":[[[141.7836,43.0804],[141.891,43.0804],[141.891,43.1705],[141.7836,43.1705],[141.7836,43.0804]]]}},{"type":"Feature","properties":{"cell_id":3375},"geometry":{"type":"Polygon","coordinates":[[[141.891,43.0804],[141.9984,43.0804],[141.9984,43.1705],[141.891,43.1705],[141.891,43.0804]]]}},{"type":"Feature","properties":{"cell_id":3376},"geometry":{"type":"Polygon","coordinates":[[[141.9984,43.0804],[142.1058,43.0804],[142.1058,43.1705],[141.9984,43.1705],[141.9984,43.0804]]]}},{"type":"Feature","properties":{"cell_id":3377},"geometry":{"type":"Polygon","coordinates":[[[142.1058,43.0804],[142.2132,43.0804],[142.2132,43.1705],[142.1058,43.1705],[142.1058,43.0804]]]}},{"type":"Feature","properties":{"cell_id":3378},"geometry":{"type":"Polygon","coordinates":[[[142.2132,43.0804],[142.3206,43.0804],[142.3206,43.1705],[142.2132,43.1705],[142.2132,43.0804]]]}},{"type":"Feature","properties":{"cell_id":3379},"geometry":{"type":"Polygon","coordinates":[[[142.3206,43.0804],[142.428,43.0804],[142.428,43.1705],[142.3206,43.1705],[142.3206,43.0804]]]}},{"type":"Feature","properties":{"cell_id":3380},"geometry":{"type":"Polygon","coordinates":[[[142.428,43.0804],[142.5355,43.0804],[142.5355,43.1705],[142.428,43.1705],[142.428,43.0804]]]}},{"type":"Feature","properties":{"cell_id":3381},"geometry":{"type":"Polygon","coordinates":[[[142.5355,43.0804],[142.6429,43.0804],[142.6429,43.1705],[142.5355,43.1705],[142.5355,43.0804]]]}},{"type":"Feature","properties":{"cell_id":3382},"geometry":{"type":"Polygon","coordinates":[[[142.6429,43.0804],[142.7503,43.0804],[142.7503,43.1705],[142.6429,43.1705],[142.6429,43.0804]]]}},{"type":"Feature","properties":{"cell_id":3383},"geometry":{"type":"Polygon","coordinates":[[[142.7503,43.0804],[142.8577,43.0804],[142.8577,43.1705],[142.7503,43.1705],[142.7503,43.0804]]]}},{"type":"Feature","properties":{"cell_id":3384},"geometry":{"type":"Polygon","coordinates":[[[142.8577,43.0804],[142.9651,43.0804],[142.9651,43.1705],[142.8577,43.1705],[142.8577,43.0804]]]}},{"type":"Feature","properties":{"cell_id":3385},"geometry":{"type":"Polygon","coordinates":[[[142.9651,43.0804],[143.0725,43.0804],[143.0725,43.1705],[142.9651,43.1705],[142.9651,43.0804]]]}},{"type":"Feature","properties":{"cell_id":3386},"geometry":{"type":"Polygon","coordinates":[[[143.0725,43.0804],[143.1799,43.0804],[143.1799,43.1705],[143.0725,43.1705],[143.0725,43.0804]]]}},{"type":"Feature","properties":{"cell_id":3387},"geometry":{"type":"Polygon","coordinates":[[[143.1799,43.0804],[143.2873,43.0804],[143.2873,43.1705],[143.1799,43.1705],[143.1799,43.0804]]]}},{"type":"Feature","properties":{"cell_id":3388},"geometry":{"type":"Polygon","coordinates":[[[143.2873,43.0804],[143.3947,43.0804],[143.3947,43.1705],[143.2873,43.1705],[143.2873,43.0804]]]}},{"type":"Feature","properties":{"cell_id":3389},"geometry":{"type":"Polygon","coordinates":[[[143.3947,43.0804],[143.5021,43.0804],[143.5021,43.1705],[143.3947,43.1705],[143.3947,43.0804]]]}},{"type":"Feature","properties":{"cell_id":3390},"geometry":{"type":"Polygon","coordinates":[[[143.5021,43.0804],[143.6095,43.0804],[143.6095,43.1705],[143.5021,43.1705],[143.5021,43.0804]]]}},{"type":"Feature","properties":{"cell_id":3391},"geometry":{"type":"Polygon","coordinates":[[[143.6095,43.0804],[143.7169,43.0804],[143.7169,43.1705],[143.6095,43.1705],[143.6095,43.0804]]]}},{"type":"Feature","properties":{"cell_id":3392},"geometry":{"type":"Polygon","coordinates":[[[143.7169,43.0804],[143.8243,43.0804],[143.8243,43.1705],[143.7169,43.1705],[143.7169,43.0804]]]}},{"type":"Feature","properties":{"cell_id":3393},"geometry":{"type":"Polygon","coordinates":[[[143.8243,43.0804],[143.9318,43.0804],[143.9318,43.1705],[143.8243,43.1705],[143.8243,43.0804]]]}},{"type":"Feature","properties":{"cell_id":3394},"geometry":{"type":"Polygon","coordinates":[[[143.9318,43.0804],[144.0392,43.0804],[144.0392,43.1705],[143.9318,43.1705],[143.9318,43.0804]]]}},{"type":"Feature","properties":{"cell_id":3395},"geometry":{"type":"Polygon","coordinates":[[[144.0392,43.0804],[144.1466,43.0804],[144.1466,43.1705],[144.0392,43.1705],[144.0392,43.0804]]]}},{"type":"Feature","properties":{"cell_id":3396},"geometry":{"type":"Polygon","coordinates":[[[144.1466,43.0804],[144.254,43.0804],[144.254,43.1705],[144.1466,43.1705],[144.1466,43.0804]]]}},{"type":"Feature","properties":{"cell_id":3397},"geometry":{"type":"Polygon","coordinates":[[[144.254,43.0804],[144.3614,43.0804],[144.3614,43.1705],[144.254,43.1705],[144.254,43.0804]]]}},{"type":"Feature","properties":{"cell_id":3398},"geometry":{"type":"Polygon","coordinates":[[[144.3614,43.0804],[144.4688,43.0804],[144.4688,43.1705],[144.3614,43.1705],[144.3614,43.0804]]]}},{"type":"Feature","properties":{"cell_id":3399},"geometry":{"type":"Polygon","coordinates":[[[144.4688,43.0804],[144.5762,43.0804],[144.5762,43.1705],[144.4688,43.1705],[144.4688,43.0804]]]}},{"type":"Feature","properties":{"cell_id":3400},"geometry":{"type":"Polygon","coordinates":[[[144.5762,43.0804],[144.6836,43.0804],[144.6836,43.1705],[144.5762,43.1705],[144.5762,43.0804]]]}},{"type":"Feature","properties":{"cell_id":3401},"geometry":{"type":"Polygon","coordinates":[[[144.6836,43.0804],[144.791,43.0804],[144.791,43.1705],[144.6836,43.1705],[144.6836,43.0804]]]}},{"type":"Feature","properties":{"cell_id":3402},"geometry":{"type":"Polygon","coordinates":[[[144.791,43.0804],[144.8984,43.0804],[144.8984,43.1705],[144.791,43.1705],[144.791,43.0804]]]}},{"type":"Feature","properties":{"cell_id":3403},"geometry":{"type":"Polygon","coordinates":[[[144.8984,43.0804],[145.0058,43.0804],[145.0058,43.1705],[144.8984,43.1705],[144.8984,43.0804]]]}},{"type":"Feature","properties":{"cell_id":3404},"geometry":{"type":"Polygon","coordinates":[[[145.0058,43.0804],[145.1132,43.0804],[145.1132,43.1705],[145.0058,43.1705],[145.0058,43.0804]]]}},{"type":"Feature","properties":{"cell_id":3405},"geometry":{"type":"Polygon","coordinates":[[[140.2799,43.1705],[140.3873,43.1705],[140.3873,43.2606],[140.2799,43.2606],[140.2799,43.1705]]]}},{"type":"Feature","properties":{"cell_id":3406},"geometry":{"type":"Polygon","coordinates":[[[140.3873,43.1705],[140.4947,43.1705],[140.4947,43.2606],[140.3873,43.2606],[140.3873,43.1705]]]}},{"type":"Feature","properties":{"cell_id":3407},"geometry":{"type":"Polygon","coordinates":[[[140.4947,43.1705],[140.6021,43.1705],[140.6021,43.2606],[140.4947,43.2606],[140.4947,43.1705]]]}},{"type":"Feature","properties":{"cell_id":3408},"geometry":{"type":"Polygon","coordinates":[[[140.6021,43.1705],[140.7095,43.1705],[140.7095,43.2606],[140.6021,43.2606],[140.6021,43.1705]]]}},{"type":"Feature","properties":{"cell_id":3409},"geometry":{"type":"Polygon","coordinates":[[[140.7095,43.1705],[140.8169,43.1705],[140.8169,43.2606],[140.7095,43.2606],[140.7095,43.1705]]]}},{"type":"Feature","properties":{"cell_id":3410},"geometry":{"type":"Polygon","coordinates":[[[140.9243,43.1705],[141.0317,43.1705],[141.0317,43.2606],[140.9243,43.2606],[140.9243,43.1705]]]}},{"type":"Feature","properties":{"cell_id":3411},"geometry":{"type":"Polygon","coordinates":[[[141.2466,43.1705],[141.354,43.1705],[141.354,43.2606],[141.2466,43.2606],[141.2466,43.1705]]]}},{"type":"Feature","properties":{"cell_id":3412},"geometry":{"type":"Polygon","coordinates":[[[141.354,43.1705],[141.4614,43.1705],[141.4614,43.2606],[141.354,43.2606],[141.354,43.1705]]]}},{"type":"Feature","properties":{"cell_id":3413},"geometry":{"type":"Polygon","coordinates":[[[141.4614,43.1705],[141.5688,43.1705],[141.5688,43.2606],[141.4614,43.2606],[141.4614,43.1705]]]}},{"type":"Feature","properties":{"cell_id":3414},"geometry":{"type":"Polygon","coordinates":[[[141.5688,43.1705],[141.6762,43.1705],[141.6762,43.2606],[141.5688,43.2606],[141.5688,43.1705]]]}},{"type":"Feature","properties":{"cell_id":3415},"geometry":{"type":"Polygon","coordinates":[[[141.6762,43.1705],[141.7836,43.1705],[141.7836,43.2606],[141.6762,43.2606],[141.6762,43.1705]]]}},{"type":"Feature","properties":{"cell_id":3416},"geometry":{"type":"Polygon","coordinates":[[[141.7836,43.1705],[141.891,43.1705],[141.891,43.2606],[141.7836,43.2606],[141.7836,43.1705]]]}},{"type":"Feature","properties":{"cell_id":3417},"geometry":{"type":"Polygon","coordinates":[[[141.891,43.1705],[141.9984,43.1705],[141.9984,43.2606],[141.891,43.2606],[141.891,43.1705]]]}},{"type":"Feature","properties":{"cell_id":3418},"geometry":{"type":"Polygon","coordinates":[[[141.9984,43.1705],[142.1058,43.1705],[142.1058,43.2606],[141.9984,43.2606],[141.9984,43.1705]]]}},{"type":"Feature","properties":{"cell_id":3419},"geometry":{"type":"Polygon","coordinates":[[[142.1058,43.1705],[142.2132,43.1705],[142.2132,43.2606],[142.1058,43.2606],[142.1058,43.1705]]]}},{"type":"Feature","properties":{"cell_id":3420},"geometry":{"type":"Polygon","coordinates":[[[142.2132,43.1705],[142.3206,43.1705],[142.3206,43.2606],[142.2132,43.2606],[142.2132,43.1705]]]}},{"type":"Feature","properties":{"cell_id":3421},"geometry":{"type":"Polygon","coordinates":[[[142.3206,43.1705],[142.428,43.1705],[142.428,43.2606],[142.3206,43.2606],[142.3206,43.1705]]]}},{"type":"Feature","properties":{"cell_id":3422},"geometry":{"type":"Polygon","coordinates":[[[142.428,43.1705],[142.5355,43.1705],[142.5355,43.2606],[142.428,43.2606],[142.428,43.1705]]]}},{"type":"Feature","properties":{"cell_id":3423},"geometry":{"type":"Polygon","coordinates":[[[142.5355,43.1705],[142.6429,43.1705],[142.6429,43.2606],[142.5355,43.2606],[142.5355,43.1705]]]}},{"type":"Feature","properties":{"cell_id":3424},"geometry":{"type":"Polygon","coordinates":[[[142.6429,43.1705],[142.7503,43.1705],[142.7503,43.2606],[142.6429,43.2606],[142.6429,43.1705]]]}},{"type":"Feature","properties":{"cell_id":3425},"geometry":{"type":"Polygon","coordinates":[[[142.7503,43.1705],[142.8577,43.1705],[142.8577,43.2606],[142.7503,43.2606],[142.7503,43.1705]]]}},{"type":"Feature","properties":{"cell_id":3426},"geometry":{"type":"Polygon","coordinates":[[[142.8577,43.1705],[142.9651,43.1705],[142.9651,43.2606],[142.8577,43.2606],[142.8577,43.1705]]]}},{"type":"Feature","properties":{"cell_id":3427},"geometry":{"type":"Polygon","coordinates":[[[142.9651,43.1705],[143.0725,43.1705],[143.0725,43.2606],[142.9651,43.2606],[142.9651,43.1705]]]}},{"type":"Feature","properties":{"cell_id":3428},"geometry":{"type":"Polygon","coordinates":[[[143.0725,43.1705],[143.1799,43.1705],[143.1799,43.2606],[143.0725,43.2606],[143.0725,43.1705]]]}},{"type":"Feature","properties":{"cell_id":3429},"geometry":{"type":"Polygon","coordinates":[[[143.1799,43.1705],[143.2873,43.1705],[143.2873,43.2606],[143.1799,43.2606],[143.1799,43.1705]]]}},{"type":"Feature","properties":{"cell_id":3430},"geometry":{"type":"Polygon","coordinates":[[[143.2873,43.1705],[143.3947,43.1705],[143.3947,43.2606],[143.2873,43.2606],[143.2873,43.1705]]]}},{"type":"Feature","properties":{"cell_id":3431},"geometry":{"type":"Polygon","coordinates":[[[143.3947,43.1705],[143.5021,43.1705],[143.5021,43.2606],[143.3947,43.2606],[143.3947,43.1705]]]}},{"type":"Feature","properties":{"cell_id":3432},"geometry":{"type":"Polygon","coordinates":[[[143.5021,43.1705],[143.6095,43.1705],[143.6095,43.2606],[143.5021,43.2606],[143.5021,43.1705]]]}},{"type":"Feature","properties":{"cell_id":3433},"geometry":{"type":"Polygon","coordinates":[[[143.6095,43.1705],[143.7169,43.1705],[143.7169,43.2606],[143.6095,43.2606],[143.6095,43.1705]]]}},{"type":"Feature","properties":{"cell_id":3434},"geometry":{"type":"Polygon","coordinates":[[[143.7169,43.1705],[143.8243,43.1705],[143.8243,43.2606],[143.7169,43.2606],[143.7169,43.1705]]]}},{"type":"Feature","properties":{"cell_id":3435},"geometry":{"type":"Polygon","coordinates":[[[143.8243,43.1705],[143.9318,43.1705],[143.9318,43.2606],[143.8243,43.2606],[143.8243,43.1705]]]}},{"type":"Feature","properties":{"cell_id":3436},"geometry":{"type":"Polygon","coordinates":[[[143.9318,43.1705],[144.0392,43.1705],[144.0392,43.2606],[143.9318,43.2606],[143.9318,43.1705]]]}},{"type":"Feature","properties":{"cell_id":3437},"geometry":{"type":"Polygon","coordinates":[[[144.0392,43.1705],[144.1466,43.1705],[144.1466,43.2606],[144.0392,43.2606],[144.0392,43.1705]]]}},{"type":"Feature","properties":{"cell_id":3438},"geometry":{"type":"Polygon","coordinates":[[[144.1466,43.1705],[144.254,43.1705],[144.254,43.2606],[144.1466,43.2606],[144.1466,43.1705]]]}},{"type":"Feature","properties":{"cell_id":3439},"geometry":{"type":"Polygon","coordinates":[[[144.254,43.1705],[144.3614,43.1705],[144.3614,43.2606],[144.254,43.2606],[144.254,43.1705]]]}},{"type":"Feature","properties":{"cell_id":3440},"geometry":{"type":"Polygon","coordinates":[[[144.3614,43.1705],[144.4688,43.1705],[144.4688,43.2606],[144.3614,43.2606],[144.3614,43.1705]]]}},{"type":"Feature","properties":{"cell_id":3441},"geometry":{"type":"Polygon","coordinates":[[[144.4688,43.1705],[144.5762,43.1705],[144.5762,43.2606],[144.4688,43.2606],[144.4688,43.1705]]]}},{"type":"Feature","properties":{"cell_id":3442},"geometry":{"type":"Polygon","coordinates":[[[144.5762,43.1705],[144.6836,43.1705],[144.6836,43.2606],[144.5762,43.2606],[144.5762,43.1705]]]}},{"type":"Feature","properties":{"cell_id":3443},"geometry":{"type":"Polygon","coordinates":[[[144.6836,43.1705],[144.791,43.1705],[144.791,43.2606],[144.6836,43.2606],[144.6836,43.1705]]]}},{"type":"Feature","properties":{"cell_id":3444},"geometry":{"type":"Polygon","coordinates":[[[144.791,43.1705],[144.8984,43.1705],[144.8984,43.2606],[144.791,43.2606],[144.791,43.1705]]]}},{"type":"Feature","properties":{"cell_id":3445},"geometry":{"type":"Polygon","coordinates":[[[144.8984,43.1705],[145.0058,43.1705],[145.0058,43.2606],[144.8984,43.2606],[144.8984,43.1705]]]}},{"type":"Feature","properties":{"cell_id":3446},"geometry":{"type":"Polygon","coordinates":[[[145.0058,43.1705],[145.1132,43.1705],[145.1132,43.2606],[145.0058,43.2606],[145.0058,43.1705]]]}},{"type":"Feature","properties":{"cell_id":3447},"geometry":{"type":"Polygon","coordinates":[[[145.1132,43.1705],[145.2207,43.1705],[145.2207,43.2606],[145.1132,43.2606],[145.1132,43.1705]]]}},{"type":"Feature","properties":{"cell_id":3448},"geometry":{"type":"Polygon","coordinates":[[[145.2207,43.1705],[145.3281,43.1705],[145.3281,43.2606],[145.2207,43.2606],[145.2207,43.1705]]]}},{"type":"Feature","properties":{"cell_id":3449},"geometry":{"type":"Polygon","coordinates":[[[145.3281,43.1705],[145.4355,43.1705],[145.4355,43.2606],[145.3281,43.2606],[145.3281,43.1705]]]}},{"type":"Feature","properties":{"cell_id":3450},"geometry":{"type":"Polygon","coordinates":[[[145.4355,43.1705],[145.5429,43.1705],[145.5429,43.2606],[145.4355,43.2606],[145.4355,43.1705]]]}},{"type":"Feature","properties":{"cell_id":3451},"geometry":{"type":"Polygon","coordinates":[[[145.5429,43.1705],[145.6503,43.1705],[145.6503,43.2606],[145.5429,43.2606],[145.5429,43.1705]]]}},{"type":"Feature","properties":{"cell_id":3452},"geometry":{"type":"Polygon","coordinates":[[[140.3873,43.2606],[140.4947,43.2606],[140.4947,43.3507],[140.3873,43.3507],[140.3873,43.2606]]]}},{"type":"Feature","properties":{"cell_id":3453},"geometry":{"type":"Polygon","coordinates":[[[140.4947,43.2606],[140.6021,43.2606],[140.6021,43.3507],[140.4947,43.3507],[140.4947,43.2606]]]}},{"type":"Feature","properties":{"cell_id":3454},"geometry":{"type":"Polygon","coordinates":[[[141.354,43.2606],[141.4614,43.2606],[141.4614,43.3507],[141.354,43.3507],[141.354,43.2606]]]}},{"type":"Feature","properties":{"cell_id":3455},"geometry":{"type":"Polygon","coordinates":[[[141.4614,43.2606],[141.5688,43.2606],[141.5688,43.3507],[141.4614,43.3507],[141.4614,43.2606]]]}},{"type":"Feature","properties":{"cell_id":3456},"geometry":{"type":"Polygon","coordinates":[[[141.5688,43.2606],[141.6762,43.2606],[141.6762,43.3507],[141.5688,43.3507],[141.5688,43.2606]]]}},{"type":"Feature","properties":{"cell_id":3457},"geometry":{"type":"Polygon","coordinates":[[[141.6762,43.2606],[141.7836,43.2606],[141.7836,43.3507],[141.6762,43.3507],[141.6762,43.2606]]]}},{"type":"Feature","properties":{"cell_id":3458},"geometry":{"type":"Polygon","coordinates":[[[141.7836,43.2606],[141.891,43.2606],[141.891,43.3507],[141.7836,43.3507],[141.7836,43.2606]]]}},{"type":"Feature","properties":{"cell_id":3459},"geometry":{"type":"Polygon","coordinates":[[[141.891,43.2606],[141.9984,43.2606],[141.9984,43.3507],[141.891,43.3507],[141.891,43.2606]]]}},{"type":"Feature","properties":{"cell_id":3460},"geometry":{"type":"Polygon","coordinates":[[[141.9984,43.2606],[142.1058,43.2606],[142.1058,43.3507],[141.9984,43.3507],[141.9984,43.2606]]]}},{"type":"Feature","properties":{"cell_id":3461},"geometry":{"type":"Polygon","coordinates":[[[142.1058,43.2606],[142.2132,43.2606],[142.2132,43.3507],[142.1058,43.3507],[142.1058,43.2606]]]}},{"type":"Feature","properties":{"cell_id":3462},"geometry":{"type":"Polygon","coordinates":[[[142.2132,43.2606],[142.3206,43.2606],[142.3206,43.3507],[142.2132,43.3507],[142.2132,43.2606]]]}},{"type":"Feature","properties":{"cell_id":3463},"geometry":{"type":"Polygon","coordinates":[[[142.3206,43.2606],[142.428,43.2606],[142.428,43.3507],[142.3206,43.3507],[142.3206,43.2606]]]}},{"type":"Feature","properties":{"cell_id":3464},"geometry":{"type":"Polygon","coordinates":[[[142.428,43.2606],[142.5355,43.2606],[142.5355,43.3507],[142.428,43.3507],[142.428,43.2606]]]}},{"type":"Feature","properties":{"cell_id":3465},"geometry":{"type":"Polygon","coordinates":[[[142.5355,43.2606],[142.6429,43.2606],[142.6429,43.3507],[142.5355,43.3507],[142.5355,43.2606]]]}},{"type":"Feature","properties":{"cell_id":3466},"geometry":{"type":"Polygon","coordinates":[[[142.6429,43.2606],[142.7503,43.2606],[142.7503,43.3507],[142.6429,43.3507],[142.6429,43.2606]]]}},{"type":"Feature","properties":{"cell_id":3467},"geometry":{"type":"Polygon","coordinates":[[[142.7503,43.2606],[142.8577,43.2606],[142.8577,43.3507],[142.7503,43.3507],[142.7503,43.2606]]]}},{"type":"Feature","properties":{"cell_id":3468},"geometry":{"type":"Polygon","coordinates":[[[142.8577,43.2606],[142.9651,43.2606],[142.9651,43.3507],[142.8577,43.3507],[142.8577,43.2606]]]}},{"type":"Feature","properties":{"cell_id":3469},"geometry":{"type":"Polygon","coordinates":[[[142.9651,43.2606],[143.0725,43.2606],[143.0725,43.3507],[142.9651,43.3507],[142.9651,43.2606]]]}},{"type":"Feature","properties":{"cell_id":3470},"geometry":{"type":"Polygon","coordinates":[[[143.0725,43.2606],[143.1799,43.2606],[143.1799,43.3507],[143.0725,43.3507],[143.0725,43.2606]]]}},{"type":"Feature","properties":{"cell_id":3471},"geometry":{"type":"Polygon","coordinates":[[[143.1799,43.2606],[143.2873,43.2606],[143.2873,43.3507],[143.1799,43.3507],[143.1799,43.2606]]]}},{"type":"Feature","properties":{"cell_id":3472},"geometry":{"type":"Polygon","coordinates":[[[143.2873,43.2606],[143.3947,43.2606],[143.3947,43.3507],[143.2873,43.3507],[143.2873,43.2606]]]}},{"type":"Feature","properties":{"cell_id":3473},"geometry":{"type":"Polygon","coordinates":[[[143.3947,43.2606],[143.5021,43.2606],[143.5021,43.3507],[143.3947,43.3507],[143.3947,43.2606]]]}},{"type":"Feature","properties":{"cell_id":3474},"geometry":{"type":"Polygon","coordinates":[[[143.5021,43.2606],[143.6095,43.2606],[143.6095,43.3507],[143.5021,43.3507],[143.5021,43.2606]]]}},{"type":"Feature","properties":{"cell_id":3475},"geometry":{"type":"Polygon","coordinates":[[[143.6095,43.2606],[143.7169,43.2606],[143.7169,43.3507],[143.6095,43.3507],[143.6095,43.2606]]]}},{"type":"Feature","properties":{"cell_id":3476},"geometry":{"type":"Polygon","coordinates":[[[143.7169,43.2606],[143.8243,43.2606],[143.8243,43.3507],[143.7169,43.3507],[143.7169,43.2606]]]}},{"type":"Feature","properties":{"cell_id":3477},"geometry":{"type":"Polygon","coordinates":[[[143.8243,43.2606],[143.9318,43.2606],[143.9318,43.3507],[143.8243,43.3507],[143.8243,43.2606]]]}},{"type":"Feature","properties":{"cell_id":3478},"geometry":{"type":"Polygon","coordinates":[[[143.9318,43.2606],[144.0392,43.2606],[144.0392,43.3507],[143.9318,43.3507],[143.9318,43.2606]]]}},{"type":"Feature","properties":{"cell_id":3479},"geometry":{"type":"Polygon","coordinates":[[[144.0392,43.2606],[144.1466,43.2606],[144.1466,43.3507],[144.0392,43.3507],[144.0392,43.2606]]]}},{"type":"Feature","properties":{"cell_id":3480},"geometry":{"type":"Polygon","coordinates":[[[144.1466,43.2606],[144.254,43.2606],[144.254,43.3507],[144.1466,43.3507],[144.1466,43.2606]]]}},{"type":"Feature","properties":{"cell_id":3481},"geometry":{"type":"Polygon","coordinates":[[[144.254,43.2606],[144.3614,43.2606],[144.3614,43.3507],[144.254,43.3507],[144.254,43.2606]]]}},{"type":"Feature","properties":{"cell_id":3482},"geometry":{"type":"Polygon","coordinates":[[[144.3614,43.2606],[144.4688,43.2606],[144.4688,43.3507],[144.3614,43.3507],[144.3614,43.2606]]]}},{"type":"Feature","properties":{"cell_id":3483},"geometry":{"type":"Polygon","coordinates":[[[144.4688,43.2606],[144.5762,43.2606],[144.5762,43.3507],[144.4688,43.3507],[144.4688,43.2606]]]}},{"type":"Feature","properties":{"cell_id":3484},"geometry":{"type":"Polygon","coordinates":[[[144.5762,43.2606],[144.6836,43.2606],[144.6836,43.3507],[144.5762,43.3507],[144.5762,43.2606]]]}},{"type":"Feature","properties":{"cell_id":3485},"geometry":{"type":"Polygon","coordinates":[[[144.6836,43.2606],[144.791,43.2606],[144.791,43.3507],[144.6836,43.3507],[144.6836,43.2606]]]}},{"type":"Feature","properties":{"cell_id":3486},"geometry":{"type":"Polygon","coordinates":[[[144.791,43.2606],[144.8984,43.2606],[144.8984,43.3507],[144.791,43.3507],[144.791,43.2606]]]}},{"type":"Feature","properties":{"cell_id":3487},"geometry":{"type":"Polygon","coordinates":[[[144.8984,43.2606],[145.0058,43.2606],[145.0058,43.3507],[144.8984,43.3507],[144.8984,43.2606]]]}},{"type":"Feature","properties":{"cell_id":3488},"geometry":{"type":"Polygon","coordinates":[[[145.0058,43.2606],[145.1132,43.2606],[145.1132,43.3507],[145.0058,43.3507],[145.0058,43.2606]]]}},{"type":"Feature","properties":{"cell_id":3489},"geometry":{"type":"Polygon","coordinates":[[[145.1132,43.2606],[145.2207,43.2606],[145.2207,43.3507],[145.1132,43.3507],[145.1132,43.2606]]]}},{"type":"Feature","properties":{"cell_id":3490},"geometry":{"type":"Polygon","coordinates":[[[145.2207,43.2606],[145.3281,43.2606],[145.3281,43.3507],[145.2207,43.3507],[145.2207,43.2606]]]}},{"type":"Feature","properties":{"cell_id":3491},"geometry":{"type":"Polygon","coordinates":[[[145.5429,43.2606],[145.6503,43.2606],[145.6503,43.3507],[145.5429,43.3507],[145.5429,43.2606]]]}},{"type":"Feature","properties":{"cell_id":3492},"geometry":{"type":"Polygon","coordinates":[[[141.4614,43.3507],[141.5688,43.3507],[141.5688,43.4408],[141.4614,43.4408],[141.4614,43.3507]]]}},{"type":"Feature","properties":{"cell_id":3493},"geometry":{"type":"Polygon","coordinates":[[[141.5688,43.3507],[141.6762,43.3507],[141.6762,43.4408],[141.5688,43.4408],[141.5688,43.3507]]]}},{"type":"Feature","properties":{"cell_id":3494},"geometry":{"type":"Polygon","coordinates":[[[141.6762,43.3507],[141.7836,43.3507],[141.7836,43.4408],[141.6762,43.4408],[141.6762,43.3507]]]}},{"type":"Feature","properties":{"cell_id":3495},"geometry":{"type":"Polygon","coordinates":[[[141.7836,43.3507],[141.891,43.3507],[141.891,43.4408],[141.7836,43.4408],[141.7836,43.3507]]]}},{"type":"Feature","properties":{"cell_id":3496},"geometry":{"type":"Polygon","coordinates":[[[141.891,43.3507],[141.9984,43.3507],[141.9984,43.4408],[141.891,43.4408],[141.891,43.3507]]]}},{"type":"Feature","properties":{"cell_id":3497},"geometry":{"type":"Polygon","coordinates":[[[141.9984,43.3507],[142.1058,43.3507],[142.1058,43.4408],[141.9984,43.4408],[141.9984,43.3507]]]}},{"type":"Feature","properties":{"cell_id":3498},"geometry":{"type":"Polygon","coordinates":[[[142.1058,43.3507],[142.2132,43.3507],[142.2132,43.4408],[142.1058,43.4408],[142.1058,43.3507]]]}},{"type":"Feature","properties":{"cell_id":3499},"geometry":{"type":"Polygon","coordinates":[[[142.2132,43.3507],[142.3206,43.3507],[142.3206,43.4408],[142.2132,43.4408],[142.2132,43.3507]]]}},{"type":"Feature","properties":{"cell_id":3500},"geometry":{"type":"Polygon","coordinates":[[[142.3206,43.3507],[142.428,43.3507],[142.428,43.4408],[142.3206,43.4408],[142.3206,43.3507]]]}},{"type":"Feature","properties":{"cell_id":3501},"geometry":{"type":"Polygon","coordinates":[[[142.428,43.3507],[142.5355,43.3507],[142.5355,43.4408],[142.428,43.4408],[142.428,43.3507]]]}},{"type":"Feature","properties":{"cell_id":3502},"geometry":{"type":"Polygon","coordinates":[[[142.5355,43.3507],[142.6429,43.3507],[142.6429,43.4408],[142.5355,43.4408],[142.5355,43.3507]]]}},{"type":"Feature","properties":{"cell_id":3503},"geometry":{"type":"Polygon","coordinates":[[[142.6429,43.3507],[142.7503,43.3507],[142.7503,43.4408],[142.6429,43.4408],[142.6429,43.3507]]]}},{"type":"Feature","properties":{"cell_id":3504},"geometry":{"type":"Polygon","coordinates":[[[142.7503,43.3507],[142.8577,43.3507],[142.8577,43.4408],[142.7503,43.4408],[142.7503,43.3507]]]}},{"type":"Feature","properties":{"cell_id":3505},"geometry":{"type":"Polygon","coordinates":[[[142.8577,43.3507],[142.9651,43.3507],[142.9651,43.4408],[142.8577,43.4408],[142.8577,43.3507]]]}},{"type":"Feature","properties":{"cell_id":3506},"geometry":{"type":"Polygon","coordinates":[[[142.9651,43.3507],[143.0725,43.3507],[143.0725,43.4408],[142.9651,43.4408],[142.9651,43.3507]]]}},{"type":"Feature","properties":{"cell_id":3507},"geometry":{"type":"Polygon","coordinates":[[[143.0725,43.3507],[143.1799,43.3507],[143.1799,43.4408],[143.0725,43.4408],[143.0725,43.3507]]]}},{"type":"Feature","properties":{"cell_id":3508},"geometry":{"type":"Polygon","coordinates":[[[143.1799,43.3507],[143.2873,43.3507],[143.2873,43.4408],[143.1799,43.4408],[143.1799,43.3507]]]}},{"type":"Feature","properties":{"cell_id":3509},"geometry":{"type":"Polygon","coordinates":[[[143.2873,43.3507],[143.3947,43.3507],[143.3947,43.4408],[143.2873,43.4408],[143.2873,43.3507]]]}},{"type":"Feature","properties":{"cell_id":3510},"geometry":{"type":"Polygon","coordinates":[[[143.3947,43.3507],[143.5021,43.3507],[143.5021,43.4408],[143.3947,43.4408],[143.3947,43.3507]]]}},{"type":"Feature","properties":{"cell_id":3511},"geometry":{"type":"Polygon","coordinates":[[[143.5021,43.3507],[143.6095,43.3507],[143.6095,43.4408],[143.5021,43.4408],[143.5021,43.3507]]]}},{"type":"Feature","properties":{"cell_id":3512},"geometry":{"type":"Polygon","coordinates":[[[143.6095,43.3507],[143.7169,43.3507],[143.7169,43.4408],[143.6095,43.4408],[143.6095,43.3507]]]}},{"type":"Feature","properties":{"cell_id":3513},"geometry":{"type":"Polygon","coordinates":[[[143.7169,43.3507],[143.8243,43.3507],[143.8243,43.4408],[143.7169,43.4408],[143.7169,43.3507]]]}},{"type":"Feature","properties":{"cell_id":3514},"geometry":{"type":"Polygon","coordinates":[[[143.8243,43.3507],[143.9318,43.3507],[143.9318,43.4408],[143.8243,43.4408],[143.8243,43.3507]]]}},{"type":"Feature","properties":{"cell_id":3515},"geometry":{"type":"Polygon","coordinates":[[[143.9318,43.3507],[144.0392,43.3507],[144.0392,43.4408],[143.9318,43.4408],[143.9318,43.3507]]]}},{"type":"Feature","properties":{"cell_id":3516},"geometry":{"type":"Polygon","coordinates":[[[144.0392,43.3507],[144.1466,43.3507],[144.1466,43.4408],[144.0392,43.4408],[144.0392,43.3507]]]}},{"type":"Feature","properties":{"cell_id":3517},"geometry":{"type":"Polygon","coordinates":[[[144.1466,43.3507],[144.254,43.3507],[144.254,43.4408],[144.1466,43.4408],[144.1466,43.3507]]]}},{"type":"Feature","properties":{"cell_id":3518},"geometry":{"type":"Polygon","coordinates":[[[144.254,43.3507],[144.3614,43.3507],[144.3614,43.4408],[144.254,43.4408],[144.254,43.3507]]]}},{"type":"Feature","properties":{"cell_id":3519},"geometry":{"type":"Polygon","coordinates":[[[144.3614,43.3507],[144.4688,43.3507],[144.4688,43.4408],[144.3614,43.4408],[144.3614,43.3507]]]}},{"type":"Feature","properties":{"cell_id":3520},"geometry":{"type":"Polygon","coordinates":[[[144.4688,43.3507],[144.5762,43.3507],[144.5762,43.4408],[144.4688,43.4408],[144.4688,43.3507]]]}},{"type":"Feature","properties":{"cell_id":3521},"geometry":{"type":"Polygon","coordinates":[[[144.5762,43.3507],[144.6836,43.3507],[144.6836,43.4408],[144.5762,43.4408],[144.5762,43.3507]]]}},{"type":"Feature","properties":{"cell_id":3522},"geometry":{"type":"Polygon","coordinates":[[[144.6836,43.3507],[144.791,43.3507],[144.791,43.4408],[144.6836,43.4408],[144.6836,43.3507]]]}},{"type":"Feature","properties":{"cell_id":3523},"geometry":{"type":"Polygon","coordinates":[[[144.791,43.3507],[144.8984,43.3507],[144.8984,43.4408],[144.791,43.4408],[144.791,43.3507]]]}},{"type":"Feature","properties":{"cell_id":3524},"geometry":{"type":"Polygon","coordinates":[[[144.8984,43.3507],[145.0058,43.3507],[145.0058,43.4408],[144.8984,43.4408],[144.8984,43.3507]]]}},{"type":"Feature","properties":{"cell_id":3525},"geometry":{"type":"Polygon","coordinates":[[[145.0058,43.3507],[145.1132,43.3507],[145.1132,43.4408],[145.0058,43.4408],[145.0058,43.3507]]]}},{"type":"Feature","properties":{"cell_id":3526},"geometry":{"type":"Polygon","coordinates":[[[145.1132,43.3507],[145.2207,43.3507],[145.2207,43.4408],[145.1132,43.4408],[145.1132,43.3507]]]}},{"type":"Feature","properties":{"cell_id":3527},"geometry":{"type":"Polygon","coordinates":[[[145.2207,43.3507],[145.3281,43.3507],[145.3281,43.4408],[145.2207,43.4408],[145.2207,43.3507]]]}},{"type":"Feature","properties":{"cell_id":3528},"geometry":{"type":"Polygon","coordinates":[[[141.354,43.4408],[141.4614,43.4408],[141.4614,43.5308],[141.354,43.5308],[141.354,43.4408]]]}},{"type":"Feature","properties":{"cell_id":3529},"geometry":{"type":"Polygon","coordinates":[[[141.4614,43.4408],[141.5688,43.4408],[141.5688,43.5308],[141.4614,43.5308],[141.4614,43.4408]]]}},{"type":"Feature","properties":{"cell_id":3530},"geometry":{"type":"Polygon","coordinates":[[[141.5688,43.4408],[141.6762,43.4408],[141.6762,43.5308],[141.5688,43.5308],[141.5688,43.4408]]]}},{"type":"Feature","properties":{"cell_id":3531},"geometry":{"type":"Polygon","coordinates":[[[141.6762,43.4408],[141.7836,43.4408],[141.7836,43.5308],[141.6762,43.5308],[141.6762,43.4408]]]}},{"type":"Feature","properties":{"cell_id":3532},"geometry":{"type":"Polygon","coordinates":[[[141.7836,43.4408],[141.891,43.4408],[141.891,43.5308],[141.7836,43.5308],[141.7836,43.4408]]]}},{"type":"Feature","properties":{"cell_id":3533},"geometry":{"type":"Polygon","coordinates":[[[141.891,43.4408],[141.9984,43.4408],[141.9984,43.5308],[141.891,43.5308],[141.891,43.4408]]]}},{"type":"Feature","properties":{"cell_id":3534},"geometry":{"type":"Polygon","coordinates":[[[141.9984,43.4408],[142.1058,43.4408],[142.1058,43.5308],[141.9984,43.5308],[141.9984,43.4408]]]}},{"type":"Feature","properties":{"cell_id":3535},"geometry":{"type":"Polygon","coordinates":[[[142.1058,43.4408],[142.2132,43.4408],[142.2132,43.5308],[142.1058,43.5308],[142.1058,43.4408]]]}},{"type":"Feature","properties":{"cell_id":3536},"geometry":{"type":"Polygon","coordinates":[[[142.2132,43.4408],[142.3206,43.4408],[142.3206,43.5308],[142.2132,43.5308],[142.2132,43.4408]]]}},{"type":"Feature","properties":{"cell_id":3537},"geometry":{"type":"Polygon","coordinates":[[[142.3206,43.4408],[142.428,43.4408],[142.428,43.5308],[142.3206,43.5308],[142.3206,43.4408]]]}},{"type":"Feature","properties":{"cell_id":3538},"geometry":{"type":"Polygon","coordinates":[[[142.428,43.4408],[142.5355,43.4408],[142.5355,43.5308],[142.428,43.5308],[142.428,43.4408]]]}},{"type":"Feature","properties":{"cell_id":3539},"geometry":{"type":"Polygon","coordinates":[[[142.5355,43.4408],[142.6429,43.4408],[142.6429,43.5308],[142.5355,43.5308],[142.5355,43.4408]]]}},{"type":"Feature","properties":{"cell_id":3540},"geometry":{"type":"Polygon","coordinates":[[[142.6429,43.4408],[142.7503,43.4408],[142.7503,43.5308],[142.6429,43.5308],[142.6429,43.4408]]]}},{"type":"Feature","properties":{"cell_id":3541},"geometry":{"type":"Polygon","coordinates":[[[142.7503,43.4408],[142.8577,43.4408],[142.8577,43.5308],[142.7503,43.5308],[142.7503,43.4408]]]}},{"type":"Feature","properties":{"cell_id":3542},"geometry":{"type":"Polygon","coordinates":[[[142.8577,43.4408],[142.9651,43.4408],[142.9651,43.5308],[142.8577,43.5308],[142.8577,43.4408]]]}},{"type":"Feature","properties":{"cell_id":3543},"geometry":{"type":"Polygon","coordinates":[[[142.9651,43.4408],[143.0725,43.4408],[143.0725,43.5308],[142.9651,43.5308],[142.9651,43.4408]]]}},{"type":"Feature","properties":{"cell_id":3544},"geometry":{"type":"Polygon","coordinates":[[[143.0725,43.4408],[143.1799,43.4408],[143.1799,43.5308],[143.0725,43.5308],[143.0725,43.4408]]]}},{"type":"Feature","properties":{"cell_id":3545},"geometry":{"type":"Polygon","coordinates":[[[143.1799,43.4408],[143.2873,43.4408],[143.2873,43.5308],[143.1799,43.5308],[143.1799,43.4408]]]}},{"type":"Feature","properties":{"cell_id":3546},"geometry":{"type":"Polygon","coordinates":[[[143.2873,43.4408],[143.3947,43.4408],[143.3947,43.5308],[143.2873,43.5308],[143.2873,43.4408]]]}},{"type":"Feature","properties":{"cell_id":3547},"geometry":{"type":"Polygon","coordinates":[[[143.3947,43.4408],[143.5021,43.4408],[143.5021,43.5308],[143.3947,43.5308],[143.3947,43.4408]]]}},{"type":"Feature","properties":{"cell_id":3548},"geometry":{"type":"Polygon","coordinates":[[[143.5021,43.4408],[143.6095,43.4408],[143.6095,43.5308],[143.5021,43.5308],[143.5021,43.4408]]]}},{"type":"Feature","properties":{"cell_id":3549},"geometry":{"type":"Polygon","coordinates":[[[143.6095,43.4408],[143.7169,43.4408],[143.7169,43.5308],[143.6095,43.5308],[143.6095,43.4408]]]}},{"type":"Feature","properties":{"cell_id":3550},"geometry":{"type":"Polygon","coordinates":[[[143.7169,43.4408],[143.8243,43.4408],[143.8243,43.5308],[143.7169,43.5308],[143.7169,43.4408]]]}},{"type":"Feature","properties":{"cell_id":3551},"geometry":{"type":"Polygon","coordinates":[[[143.8243,43.4408],[143.9318,43.4408],[143.9318,43.5308],[143.8243,43.5308],[143.8243,43.4408]]]}},{"type":"Feature","properties":{"cell_id":3552},"geometry":{"type":"Polygon","coordinates":[[[143.9318,43.4408],[144.0392,43.4408],[144.0392,43.5308],[143.9318,43.5308],[143.9318,43.4408]]]}},{"type":"Feature","properties":{"cell_id":3553},"geometry":{"type":"Polygon","coordinates":[[[144.0392,43.4408],[144.1466,43.4408],[144.1466,43.5308],[144.0392,43.5308],[144.0392,43.4408]]]}},{"type":"Feature","properties":{"cell_id":3554},"geometry":{"type":"Polygon","coordinates":[[[144.1466,43.4408],[144.254,43.4408],[144.254,43.5308],[144.1466,43.5308],[144.1466,43.4408]]]}},{"type":"Feature","properties":{"cell_id":3555},"geometry":{"type":"Polygon","coordinates":[[[144.254,43.4408],[144.3614,43.4408],[144.3614,43.5308],[144.254,43.5308],[144.254,43.4408]]]}},{"type":"Feature","properties":{"cell_id":3556},"geometry":{"type":"Polygon","coordinates":[[[144.3614,43.4408],[144.4688,43.4408],[144.4688,43.5308],[144.3614,43.5308],[144.3614,43.4408]]]}},{"type":"Feature","properties":{"cell_id":3557},"geometry":{"type":"Polygon","coordinates":[[[144.4688,43.4408],[144.5762,43.4408],[144.5762,43.5308],[144.4688,43.5308],[144.4688,43.4408]]]}},{"type":"Feature","properties":{"cell_id":3558},"geometry":{"type":"Polygon","coordinates":[[[144.5762,43.4408],[144.6836,43.4408],[144.6836,43.5308],[144.5762,43.5308],[144.5762,43.4408]]]}},{"type":"Feature","properties":{"cell_id":3559},"geometry":{"type":"Polygon","coordinates":[[[144.6836,43.4408],[144.791,43.4408],[144.791,43.5308],[144.6836,43.5308],[144.6836,43.4408]]]}},{"type":"Feature","properties":{"cell_id":3560},"geometry":{"type":"Polygon","coordinates":[[[144.791,43.4408],[144.8984,43.4408],[144.8984,43.5308],[144.791,43.5308],[144.791,43.4408]]]}},{"type":"Feature","properties":{"cell_id":3561},"geometry":{"type":"Polygon","coordinates":[[[144.8984,43.4408],[145.0058,43.4408],[145.0058,43.5308],[144.8984,43.5308],[144.8984,43.4408]]]}},{"type":"Feature","properties":{"cell_id":3562},"geometry":{"type":"Polygon","coordinates":[[[145.0058,43.4408],[145.1132,43.4408],[145.1132,43.5308],[145.0058,43.5308],[145.0058,43.4408]]]}},{"type":"Feature","properties":{"cell_id":3563},"geometry":{"type":"Polygon","coordinates":[[[145.1132,43.4408],[145.2207,43.4408],[145.2207,43.5308],[145.1132,43.5308],[145.1132,43.4408]]]}},{"type":"Feature","properties":{"cell_id":3564},"geometry":{"type":"Polygon","coordinates":[[[146.0799,43.4408],[146.1873,43.4408],[146.1873,43.5308],[146.0799,43.5308],[146.0799,43.4408]]]}},{"type":"Feature","properties":{"cell_id":3565},"geometry":{"type":"Polygon","coordinates":[[[141.354,43.5308],[141.4614,43.5308],[141.4614,43.6209],[141.354,43.6209],[141.354,43.5308]]]}},{"type":"Feature","properties":{"cell_id":3566},"geometry":{"type":"Polygon","coordinates":[[[141.4614,43.5308],[141.5688,43.5308],[141.5688,43.6209],[141.4614,43.6209],[141.4614,43.5308]]]}},{"type":"Feature","properties":{"cell_id":3567},"geometry":{"type":"Polygon","coordinates":[[[141.5688,43.5308],[141.6762,43.5308],[141.6762,43.6209],[141.5688,43.6209],[141.5688,43.5308]]]}},{"type":"Feature","properties":{"cell_id":3568},"geometry":{"type":"Polygon","coordinates":[[[141.6762,43.5308],[141.7836,43.5308],[141.7836,43.6209],[141.6762,43.6209],[141.6762,43.5308]]]}},{"type":"Feature","properties":{"cell_id":3569},"geometry":{"type":"Polygon","coordinates":[[[141.7836,43.5308],[141.891,43.5308],[141.891,43.6209],[141.7836,43.6209],[141.7836,43.5308]]]}},{"type":"Feature","properties":{"cell_id":3570},"geometry":{"type":"Polygon","coordinates":[[[141.891,43.5308],[141.9984,43.5308],[141.9984,43.6209],[141.891,43.6209],[141.891,43.5308]]]}},{"type":"Feature","properties":{"cell_id":3571},"geometry":{"type":"Polygon","coordinates":[[[141.9984,43.5308],[142.1058,43.5308],[142.1058,43.6209],[141.9984,43.6209],[141.9984,43.5308]]]}},{"type":"Feature","properties":{"cell_id":3572},"geometry":{"type":"Polygon","coordinates":[[[142.1058,43.5308],[142.2132,43.5308],[142.2132,43.6209],[142.1058,43.6209],[142.1058,43.5308]]]}},{"type":"Feature","properties":{"cell_id":3573},"geometry":{"type":"Polygon","coordinates":[[[142.2132,43.5308],[142.3206,43.5308],[142.3206,43.6209],[142.2132,43.6209],[142.2132,43.5308]]]}},{"type":"Feature","properties":{"cell_id":3574},"geometry":{"type":"Polygon","coordinates":[[[142.3206,43.5308],[142.428,43.5308],[142.428,43.6209],[142.3206,43.6209],[142.3206,43.5308]]]}},{"type":"Feature","properties":{"cell_id":3575},"geometry":{"type":"Polygon","coordinates":[[[142.428,43.5308],[142.5355,43.5308],[142.5355,43.6209],[142.428,43.6209],[142.428,43.5308]]]}},{"type":"Feature","properties":{"cell_id":3576},"geometry":{"type":"Polygon","coordinates":[[[142.5355,43.5308],[142.6429,43.5308],[142.6429,43.6209],[142.5355,43.6209],[142.5355,43.5308]]]}},{"type":"Feature","properties":{"cell_id":3577},"geometry":{"type":"Polygon","coordinates":[[[142.6429,43.5308],[142.7503,43.5308],[142.7503,43.6209],[142.6429,43.6209],[142.6429,43.5308]]]}},{"type":"Feature","properties":{"cell_id":3578},"geometry":{"type":"Polygon","coordinates":[[[142.7503,43.5308],[142.8577,43.5308],[142.8577,43.6209],[142.7503,43.6209],[142.7503,43.5308]]]}},{"type":"Feature","properties":{"cell_id":3579},"geometry":{"type":"Polygon","coordinates":[[[142.8577,43.5308],[142.9651,43.5308],[142.9651,43.6209],[142.8577,43.6209],[142.8577,43.5308]]]}},{"type":"Feature","properties":{"cell_id":3580},"geometry":{"type":"Polygon","coordinates":[[[142.9651,43.5308],[143.0725,43.5308],[143.0725,43.6209],[142.9651,43.6209],[142.9651,43.5308]]]}},{"type":"Feature","properties":{"cell_id":3581},"geometry":{"type":"Polygon","coordinates":[[[143.0725,43.5308],[143.1799,43.5308],[143.1799,43.6209],[143.0725,43.6209],[143.0725,43.5308]]]}},{"type":"Feature","properties":{"cell_id":3582},"geometry":{"type":"Polygon","coordinates":[[[143.1799,43.5308],[143.2873,43.5308],[143.2873,43.6209],[143.1799,43.6209],[143.1799,43.5308]]]}},{"type":"Feature","properties":{"cell_id":3583},"geometry":{"type":"Polygon","coordinates":[[[143.2873,43.5308],[143.3947,43.5308],[143.3947,43.6209],[143.2873,43.6209],[143.2873,43.5308]]]}},{"type":"Feature","properties":{"cell_id":3584},"geometry":{"type":"Polygon","coordinates":[[[143.3947,43.5308],[143.5021,43.5308],[143.5021,43.6209],[143.3947,43.6209],[143.3947,43.5308]]]}},{"type":"Feature","properties":{"cell_id":3585},"geometry":{"type":"Polygon","coordinates":[[[143.5021,43.5308],[143.6095,43.5308],[143.6095,43.6209],[143.5021,43.6209],[143.5021,43.5308]]]}},{"type":"Feature","properties":{"cell_id":3586},"geometry":{"type":"Polygon","coordinates":[[[143.6095,43.5308],[143.7169,43.5308],[143.7169,43.6209],[143.6095,43.6209],[143.6095,43.5308]]]}},{"type":"Feature","properties":{"cell_id":3587},"geometry":{"type":"Polygon","coordinates":[[[143.7169,43.5308],[143.8243,43.5308],[143.8243,43.6209],[143.7169,43.6209],[143.7169,43.5308]]]}},{"type":"Feature","properties":{"cell_id":3588},"geometry":{"type":"Polygon","coordinates":[[[143.8243,43.5308],[143.9318,43.5308],[143.9318,43.6209],[143.8243,43.6209],[143.8243,43.5308]]]}},{"type":"Feature","properties":{"cell_id":3589},"geometry":{"type":"Polygon","coordinates":[[[143.9318,43.5308],[144.0392,43.5308],[144.0392,43.6209],[143.9318,43.6209],[143.9318,43.5308]]]}},{"type":"Feature","properties":{"cell_id":3590},"geometry":{"type":"Polygon","coordinates":[[[144.0392,43.5308],[144.1466,43.5308],[144.1466,43.6209],[144.0392,43.6209],[144.0392,43.5308]]]}},{"type":"Feature","properties":{"cell_id":3591},"geometry":{"type":"Polygon","coordinates":[[[144.1466,43.5308],[144.254,43.5308],[144.254,43.6209],[144.1466,43.6209],[144.1466,43.5308]]]}},{"type":"Feature","properties":{"cell_id":3592},"geometry":{"type":"Polygon","coordinates":[[[144.254,43.5308],[144.3614,43.5308],[144.3614,43.6209],[144.254,43.6209],[144.254,43.5308]]]}},{"type":"Feature","properties":{"cell_id":3593},"geometry":{"type":"Polygon","coordinates":[[[144.3614,43.5308],[144.4688,43.5308],[144.4688,43.6209],[144.3614,43.6209],[144.3614,43.5308]]]}},{"type":"Feature","properties":{"cell_id":3594},"geometry":{"type":"Polygon","coordinates":[[[144.4688,43.5308],[144.5762,43.5308],[144.5762,43.6209],[144.4688,43.6209],[144.4688,43.5308]]]}},{"type":"Feature","properties":{"cell_id":3595},"geometry":{"type":"Polygon","coordinates":[[[144.5762,43.5308],[144.6836,43.5308],[144.6836,43.6209],[144.5762,43.6209],[144.5762,43.5308]]]}},{"type":"Feature","properties":{"cell_id":3596},"geometry":{"type":"Polygon","coordinates":[[[144.6836,43.5308],[144.791,43.5308],[144.791,43.6209],[144.6836,43.6209],[144.6836,43.5308]]]}},{"type":"Feature","properties":{"cell_id":3597},"geometry":{"type":"Polygon","coordinates":[[[144.791,43.5308],[144.8984,43.5308],[144.8984,43.6209],[144.791,43.6209],[144.791,43.5308]]]}},{"type":"Feature","properties":{"cell_id":3598},"geometry":{"type":"Polygon","coordinates":[[[144.8984,43.5308],[145.0058,43.5308],[145.0058,43.6209],[144.8984,43.6209],[144.8984,43.5308]]]}},{"type":"Feature","properties":{"cell_id":3599},"geometry":{"type":"Polygon","coordinates":[[[145.0058,43.5308],[145.1132,43.5308],[145.1132,43.6209],[145.0058,43.6209],[145.0058,43.5308]]]}},{"type":"Feature","properties":{"cell_id":3600},"geometry":{"type":"Polygon","coordinates":[[[145.1132,43.5308],[145.2207,43.5308],[145.2207,43.6209],[145.1132,43.6209],[145.1132,43.5308]]]}},{"type":"Feature","properties":{"cell_id":3601},"geometry":{"type":"Polygon","coordinates":[[[141.354,43.6209],[141.4614,43.6209],[141.4614,43.711],[141.354,43.711],[141.354,43.6209]]]}},{"type":"Feature","properties":{"cell_id":3602},"geometry":{"type":"Polygon","coordinates":[[[141.4614,43.6209],[141.5688,43.6209],[141.5688,43.711],[141.4614,43.711],[141.4614,43.6209]]]}},{"type":"Feature","properties":{"cell_id":3603},"geometry":{"type":"Polygon","coordinates":[[[141.5688,43.6209],[141.6762,43.6209],[141.6762,43.711],[141.5688,43.711],[141.5688,43.6209]]]}},{"type":"Feature","properties":{"cell_id":3604},"geometry":{"type":"Polygon","coordinates":[[[141.6762,43.6209],[141.7836,43.6209],[141.7836,43.711],[141.6762,43.711],[141.6762,43.6209]]]}},{"type":"Feature","properties":{"cell_id":3605},"geometry":{"type":"Polygon","coordinates":[[[141.7836,43.6209],[141.891,43.6209],[141.891,43.711],[141.7836,43.711],[141.7836,43.6209]]]}},{"type":"Feature","properties":{"cell_id":3606},"geometry":{"type":"Polygon","coordinates":[[[141.891,43.6209],[141.9984,43.6209],[141.9984,43.711],[141.891,43.711],[141.891,43.6209]]]}},{"type":"Feature","properties":{"cell_id":3607},"geometry":{"type":"Polygon","coordinates":[[[141.9984,43.6209],[142.1058,43.6209],[142.1058,43.711],[141.9984,43.711],[141.9984,43.6209]]]}},{"type":"Feature","properties":{"cell_id":3608},"geometry":{"type":"Polygon","coordinates":[[[142.1058,43.6209],[142.2132,43.6209],[142.2132,43.711],[142.1058,43.711],[142.1058,43.6209]]]}},{"type":"Feature","properties":{"cell_id":3609},"geometry":{"type":"Polygon","coordinates":[[[142.2132,43.6209],[142.3206,43.6209],[142.3206,43.711],[142.2132,43.711],[142.2132,43.6209]]]}},{"type":"Feature","properties":{"cell_id":3610},"geometry":{"type":"Polygon","coordinates":[[[142.3206,43.6209],[142.428,43.6209],[142.428,43.711],[142.3206,43.711],[142.3206,43.6209]]]}},{"type":"Feature","properties":{"cell_id":3611},"geometry":{"type":"Polygon","coordinates":[[[142.428,43.6209],[142.5355,43.6209],[142.5355,43.711],[142.428,43.711],[142.428,43.6209]]]}},{"type":"Feature","properties":{"cell_id":3612},"geometry":{"type":"Polygon","coordinates":[[[142.5355,43.6209],[142.6429,43.6209],[142.6429,43.711],[142.5355,43.711],[142.5355,43.6209]]]}},{"type":"Feature","properties":{"cell_id":3613},"geometry":{"type":"Polygon","coordinates":[[[142.6429,43.6209],[142.7503,43.6209],[142.7503,43.711],[142.6429,43.711],[142.6429,43.6209]]]}},{"type":"Feature","properties":{"cell_id":3614},"geometry":{"type":"Polygon","coordinates":[[[142.7503,43.6209],[142.8577,43.6209],[142.8577,43.711],[142.7503,43.711],[142.7503,43.6209]]]}},{"type":"Feature","properties":{"cell_id":3615},"geometry":{"type":"Polygon","coordinates":[[[142.8577,43.6209],[142.9651,43.6209],[142.9651,43.711],[142.8577,43.711],[142.8577,43.6209]]]}},{"type":"Feature","properties":{"cell_id":3616},"geometry":{"type":"Polygon","coordinates":[[[142.9651,43.6209],[143.0725,43.6209],[143.0725,43.711],[142.9651,43.711],[142.9651,43.6209]]]}},{"type":"Feature","properties":{"cell_id":3617},"geometry":{"type":"Polygon","coordinates":[[[143.0725,43.6209],[143.1799,43.6209],[143.1799,43.711],[143.0725,43.711],[143.0725,43.6209]]]}},{"type":"Feature","properties":{"cell_id":3618},"geometry":{"type":"Polygon","coordinates":[[[143.1799,43.6209],[143.2873,43.6209],[143.2873,43.711],[143.1799,43.711],[143.1799,43.6209]]]}},{"type":"Feature","properties":{"cell_id":3619},"geometry":{"type":"Polygon","coordinates":[[[143.2873,43.6209],[143.3947,43.6209],[143.3947,43.711],[143.2873,43.711],[143.2873,43.6209]]]}},{"type":"Feature","properties":{"cell_id":3620},"geometry":{"type":"Polygon","coordinates":[[[143.3947,43.6209],[143.5021,43.6209],[143.5021,43.711],[143.3947,43.711],[143.3947,43.6209]]]}},{"type":"Feature","properties":{"cell_id":3621},"geometry":{"type":"Polygon","coordinates":[[[143.5021,43.6209],[143.6095,43.6209],[143.6095,43.711],[143.5021,43.711],[143.5021,43.6209]]]}},{"type":"Feature","properties":{"cell_id":3622},"geometry":{"type":"Polygon","coordinates":[[[143.6095,43.6209],[143.7169,43.6209],[143.7169,43.711],[143.6095,43.711],[143.6095,43.6209]]]}},{"type":"Feature","properties":{"cell_id":3623},"geometry":{"type":"Polygon","coordinates":[[[143.7169,43.6209],[143.8243,43.6209],[143.8243,43.711],[143.7169,43.711],[143.7169,43.6209]]]}},{"type":"Feature","properties":{"cell_id":3624},"geometry":{"type":"Polygon","coordinates":[[[143.8243,43.6209],[143.9318,43.6209],[143.9318,43.711],[143.8243,43.711],[143.8243,43.6209]]]}},{"type":"Feature","properties":{"cell_id":3625},"geometry":{"type":"Polygon","coordinates":[[[143.9318,43.6209],[144.0392,43.6209],[144.0392,43.711],[143.9318,43.711],[143.9318,43.6209]]]}},{"type":"Feature","properties":{"cell_id":3626},"geometry":{"type":"Polygon","coordinates":[[[144.0392,43.6209],[144.1466,43.6209],[144.1466,43.711],[144.0392,43.711],[144.0392,43.6209]]]}},{"type":"Feature","properties":{"cell_id":3627},"geometry":{"type":"Polygon","coordinates":[[[144.1466,43.6209],[144.254,43.6209],[144.254,43.711],[144.1466,43.711],[144.1466,43.6209]]]}},{"type":"Feature","properties":{"cell_id":3628},"geometry":{"type":"Polygon","coordinates":[[[144.254,43.6209],[144.3614,43.6209],[144.3614,43.711],[144.254,43.711],[144.254,43.6209]]]}},{"type":"Feature","properties":{"cell_id":3629},"geometry":{"type":"Polygon","coordinates":[[[144.3614,43.6209],[144.4688,43.6209],[144.4688,43.711],[144.3614,43.711],[144.3614,43.6209]]]}},{"type":"Feature","properties":{"cell_id":3630},"geometry":{"type":"Polygon","coordinates":[[[144.4688,43.6209],[144.5762,43.6209],[144.5762,43.711],[144.4688,43.711],[144.4688,43.6209]]]}},{"type":"Feature","properties":{"cell_id":3631},"geometry":{"type":"Polygon","coordinates":[[[144.5762,43.6209],[144.6836,43.6209],[144.6836,43.711],[144.5762,43.711],[144.5762,43.6209]]]}},{"type":"Feature","properties":{"cell_id":3632},"geometry":{"type":"Polygon","coordinates":[[[144.6836,43.6209],[144.791,43.6209],[144.791,43.711],[144.6836,43.711],[144.6836,43.6209]]]}},{"type":"Feature","properties":{"cell_id":3633},"geometry":{"type":"Polygon","coordinates":[[[144.791,43.6209],[144.8984,43.6209],[144.8984,43.711],[144.791,43.711],[144.791,43.6209]]]}},{"type":"Feature","properties":{"cell_id":3634},"geometry":{"type":"Polygon","coordinates":[[[144.8984,43.6209],[145.0058,43.6209],[145.0058,43.711],[144.8984,43.711],[144.8984,43.6209]]]}},{"type":"Feature","properties":{"cell_id":3635},"geometry":{"type":"Polygon","coordinates":[[[145.0058,43.6209],[145.1132,43.6209],[145.1132,43.711],[145.0058,43.711],[145.0058,43.6209]]]}},{"type":"Feature","properties":{"cell_id":3636},"geometry":{"type":"Polygon","coordinates":[[[141.354,43.711],[141.4614,43.711],[141.4614,43.8011],[141.354,43.8011],[141.354,43.711]]]}},{"type":"Feature","properties":{"cell_id":3637},"geometry":{"type":"Polygon","coordinates":[[[141.4614,43.711],[141.5688,43.711],[141.5688,43.8011],[141.4614,43.8011],[141.4614,43.711]]]}},{"type":"Feature","properties":{"cell_id":3638},"geometry":{"type":"Polygon","coordinates":[[[141.5688,43.711],[141.6762,43.711],[141.6762,43.8011],[141.5688,43.8011],[141.5688,43.711]]]}},{"type":"Feature","properties":{"cell_id":3639},"geometry":{"type":"Polygon","coordinates":[[[141.6762,43.711],[141.7836,43.711],[141.7836,43.8011],[141.6762,43.8011],[141.6762,43.711]]]}},{"type":"Feature","properties":{"cell_id":3640},"geometry":{"type":"Polygon","coordinates":[[[141.7836,43.711],[141.891,43.711],[141.891,43.8011],[141.7836,43.8011],[141.7836,43.711]]]}},{"type":"Feature","properties":{"cell_id":3641},"geometry":{"type":"Polygon","coordinates":[[[141.891,43.711],[141.9984,43.711],[141.9984,43.8011],[141.891,43.8011],[141.891,43.711]]]}},{"type":"Feature","properties":{"cell_id":3642},"geometry":{"type":"Polygon","coordinates":[[[141.9984,43.711],[142.1058,43.711],[142.1058,43.8011],[141.9984,43.8011],[141.9984,43.711]]]}},{"type":"Feature","properties":{"cell_id":3643},"geometry":{"type":"Polygon","coordinates":[[[142.1058,43.711],[142.2132,43.711],[142.2132,43.8011],[142.1058,43.8011],[142.1058,43.711]]]}},{"type":"Feature","properties":{"cell_id":3644},"geometry":{"type":"Polygon","coordinates":[[[142.2132,43.711],[142.3206,43.711],[142.3206,43.8011],[142.2132,43.8011],[142.2132,43.711]]]}},{"type":"Feature","properties":{"cell_id":3645},"geometry":{"type":"Polygon","coordinates":[[[142.3206,43.711],[142.428,43.711],[142.428,43.8011],[142.3206,43.8011],[142.3206,43.711]]]}},{"type":"Feature","properties":{"cell_id":3646},"geometry":{"type":"Polygon","coordinates":[[[142.428,43.711],[142.5355,43.711],[142.5355,43.8011],[142.428,43.8011],[142.428,43.711]]]}},{"type":"Feature","properties":{"cell_id":3647},"geometry":{"type":"Polygon","coordinates":[[[142.5355,43.711],[142.6429,43.711],[142.6429,43.8011],[142.5355,43.8011],[142.5355,43.711]]]}},{"type":"Feature","properties":{"cell_id":3648},"geometry":{"type":"Polygon","coordinates":[[[142.6429,43.711],[142.7503,43.711],[142.7503,43.8011],[142.6429,43.8011],[142.6429,43.711]]]}},{"type":"Feature","properties":{"cell_id":3649},"geometry":{"type":"Polygon","coordinates":[[[142.7503,43.711],[142.8577,43.711],[142.8577,43.8011],[142.7503,43.8011],[142.7503,43.711]]]}},{"type":"Feature","properties":{"cell_id":3650},"geometry":{"type":"Polygon","coordinates":[[[142.8577,43.711],[142.9651,43.711],[142.9651,43.8011],[142.8577,43.8011],[142.8577,43.711]]]}},{"type":"Feature","properties":{"cell_id":3651},"geometry":{"type":"Polygon","coordinates":[[[142.9651,43.711],[143.0725,43.711],[143.0725,43.8011],[142.9651,43.8011],[142.9651,43.711]]]}},{"type":"Feature","properties":{"cell_id":3652},"geometry":{"type":"Polygon","coordinates":[[[143.0725,43.711],[143.1799,43.711],[143.1799,43.8011],[143.0725,43.8011],[143.0725,43.711]]]}},{"type":"Feature","properties":{"cell_id":3653},"geometry":{"type":"Polygon","coordinates":[[[143.1799,43.711],[143.2873,43.711],[143.2873,43.8011],[143.1799,43.8011],[143.1799,43.711]]]}},{"type":"Feature","properties":{"cell_id":3654},"geometry":{"type":"Polygon","coordinates":[[[143.2873,43.711],[143.3947,43.711],[143.3947,43.8011],[143.2873,43.8011],[143.2873,43.711]]]}},{"type":"Feature","properties":{"cell_id":3655},"geometry":{"type":"Polygon","coordinates":[[[143.3947,43.711],[143.5021,43.711],[143.5021,43.8011],[143.3947,43.8011],[143.3947,43.711]]]}},{"type":"Feature","properties":{"cell_id":3656},"geometry":{"type":"Polygon","coordinates":[[[143.5021,43.711],[143.6095,43.711],[143.6095,43.8011],[143.5021,43.8011],[143.5021,43.711]]]}},{"type":"Feature","properties":{"cell_id":3657},"geometry":{"type":"Polygon","coordinates":[[[143.6095,43.711],[143.7169,43.711],[143.7169,43.8011],[143.6095,43.8011],[143.6095,43.711]]]}},{"type":"Feature","properties":{"cell_id":3658},"geometry":{"type":"Polygon","coordinates":[[[143.7169,43.711],[143.8243,43.711],[143.8243,43.8011],[143.7169,43.8011],[143.7169,43.711]]]}},{"type":"Feature","properties":{"cell_id":3659},"geometry":{"type":"Polygon","coordinates":[[[143.8243,43.711],[143.9318,43.711],[143.9318,43.8011],[143.8243,43.8011],[143.8243,43.711]]]}},{"type":"Feature","properties":{"cell_id":3660},"geometry":{"type":"Polygon","coordinates":[[[143.9318,43.711],[144.0392,43.711],[144.0392,43.8011],[143.9318,43.8011],[143.9318,43.711]]]}},{"type":"Feature","properties":{"cell_id":3661},"geometry":{"type":"Polygon","coordinates":[[[144.0392,43.711],[144.1466,43.711],[144.1466,43.8011],[144.0392,43.8011],[144.0392,43.711]]]}},{"type":"Feature","properties":{"cell_id":3662},"geometry":{"type":"Polygon","coordinates":[[[144.1466,43.711],[144.254,43.711],[144.254,43.8011],[144.1466,43.8011],[144.1466,43.711]]]}},{"type":"Feature","properties":{"cell_id":3663},"geometry":{"type":"Polygon","coordinates":[[[144.254,43.711],[144.3614,43.711],[144.3614,43.8011],[144.254,43.8011],[144.254,43.711]]]}},{"type":"Feature","properties":{"cell_id":3664},"geometry":{"type":"Polygon","coordinates":[[[144.3614,43.711],[144.4688,43.711],[144.4688,43.8011],[144.3614,43.8011],[144.3614,43.711]]]}},{"type":"Feature","properties":{"cell_id":3665},"geometry":{"type":"Polygon","coordinates":[[[144.4688,43.711],[144.5762,43.711],[144.5762,43.8011],[144.4688,43.8011],[144.4688,43.711]]]}},{"type":"Feature","properties":{"cell_id":3666},"geometry":{"type":"Polygon","coordinates":[[[144.5762,43.711],[144.6836,43.711],[144.6836,43.8011],[144.5762,43.8011],[144.5762,43.711]]]}},{"type":"Feature","properties":{"cell_id":3667},"geometry":{"type":"Polygon","coordinates":[[[144.6836,43.711],[144.791,43.711],[144.791,43.8011],[144.6836,43.8011],[144.6836,43.711]]]}},{"type":"Feature","properties":{"cell_id":3668},"geometry":{"type":"Polygon","coordinates":[[[144.791,43.711],[144.8984,43.711],[144.8984,43.8011],[144.791,43.8011],[144.791,43.711]]]}},{"type":"Feature","properties":{"cell_id":3669},"geometry":{"type":"Polygon","coordinates":[[[144.8984,43.711],[145.0058,43.711],[145.0058,43.8011],[144.8984,43.8011],[144.8984,43.711]]]}},{"type":"Feature","properties":{"cell_id":3670},"geometry":{"type":"Polygon","coordinates":[[[145.0058,43.711],[145.1132,43.711],[145.1132,43.8011],[145.0058,43.8011],[145.0058,43.711]]]}},{"type":"Feature","properties":{"cell_id":3671},"geometry":{"type":"Polygon","coordinates":[[[145.4355,43.711],[145.5429,43.711],[145.5429,43.8011],[145.4355,43.8011],[145.4355,43.711]]]}},{"type":"Feature","properties":{"cell_id":3672},"geometry":{"type":"Polygon","coordinates":[[[146.617,43.711],[146.7244,43.711],[146.7244,43.8011],[146.617,43.8011],[146.617,43.711]]]}},{"type":"Feature","properties":{"cell_id":3673},"geometry":{"type":"Polygon","coordinates":[[[141.4614,43.8011],[141.5688,43.8011],[141.5688,43.8912],[141.4614,43.8912],[141.4614,43.8011]]]}},{"type":"Feature","properties":{"cell_id":3674},"geometry":{"type":"Polygon","coordinates":[[[141.5688,43.8011],[141.6762,43.8011],[141.6762,43.8912],[141.5688,43.8912],[141.5688,43.8011]]]}},{"type":"Feature","properties":{"cell_id":3675},"geometry":{"type":"Polygon","coordinates":[[[141.6762,43.8011],[141.7836,43.8011],[141.7836,43.8912],[141.6762,43.8912],[141.6762,43.8011]]]}},{"type":"Feature","properties":{"cell_id":3676},"geometry":{"type":"Polygon","coordinates":[[[141.7836,43.8011],[141.891,43.8011],[141.891,43.8912],[141.7836,43.8912],[141.7836,43.8011]]]}},{"type":"Feature","properties":{"cell_id":3677},"geometry":{"type":"Polygon","coordinates":[[[141.891,43.8011],[141.9984,43.8011],[141.9984,43.8912],[141.891,43.8912],[141.891,43.8011]]]}},{"type":"Feature","properties":{"cell_id":3678},"geometry":{"type":"Polygon","coordinates":[[[141.9984,43.8011],[142.1058,43.8011],[142.1058,43.8912],[141.9984,43.8912],[141.9984,43.8011]]]}},{"type":"Feature","properties":{"cell_id":3679},"geometry":{"type":"Polygon","coordinates":[[[142.1058,43.8011],[142.2132,43.8011],[142.2132,43.8912],[142.1058,43.8912],[142.1058,43.8011]]]}},{"type":"Feature","properties":{"cell_id":3680},"geometry":{"type":"Polygon","coordinates":[[[142.2132,43.8011],[142.3206,43.8011],[142.3206,43.8912],[142.2132,43.8912],[142.2132,43.8011]]]}},{"type":"Feature","properties":{"cell_id":3681},"geometry":{"type":"Polygon","coordinates":[[[142.3206,43.8011],[142.428,43.8011],[142.428,43.8912],[142.3206,43.8912],[142.3206,43.8011]]]}},{"type":"Feature","properties":{"cell_id":3682},"geometry":{"type":"Polygon","coordinates":[[[142.428,43.8011],[142.5355,43.8011],[142.5355,43.8912],[142.428,43.8912],[142.428,43.8011]]]}},{"type":"Feature","properties":{"cell_id":3683},"geometry":{"type":"Polygon","coordinates":[[[142.5355,43.8011],[142.6429,43.8011],[142.6429,43.8912],[142.5355,43.8912],[142.5355,43.8011]]]}},{"type":"Feature","properties":{"cell_id":3684},"geometry":{"type":"Polygon","coordinates":[[[142.6429,43.8011],[142.7503,43.8011],[142.7503,43.8912],[142.6429,43.8912],[142.6429,43.8011]]]}},{"type":"Feature","properties":{"cell_id":3685},"geometry":{"type":"Polygon","coordinates":[[[142.7503,43.8011],[142.8577,43.8011],[142.8577,43.8912],[142.7503,43.8912],[142.7503,43.8011]]]}},{"type":"Feature","properties":{"cell_id":3686},"geometry":{"type":"Polygon","coordinates":[[[142.8577,43.8011],[142.9651,43.8011],[142.9651,43.8912],[142.8577,43.8912],[142.8577,43.8011]]]}},{"type":"Feature","properties":{"cell_id":3687},"geometry":{"type":"Polygon","coordinates":[[[142.9651,43.8011],[143.0725,43.8011],[143.0725,43.8912],[142.9651,43.8912],[142.9651,43.8011]]]}},{"type":"Feature","properties":{"cell_id":3688},"geometry":{"type":"Polygon","coordinates":[[[143.0725,43.8011],[143.1799,43.8011],[143.1799,43.8912],[143.0725,43.8912],[143.0725,43.8011]]]}},{"type":"Feature","properties":{"cell_id":3689},"geometry":{"type":"Polygon","coordinates":[[[143.1799,43.8011],[143.2873,43.8011],[143.2873,43.8912],[143.1799,43.8912],[143.1799,43.8011]]]}},{"type":"Feature","properties":{"cell_id":3690},"geometry":{"type":"Polygon","coordinates":[[[143.2873,43.8011],[143.3947,43.8011],[143.3947,43.8912],[143.2873,43.8912],[143.2873,43.8011]]]}},{"type":"Feature","properties":{"cell_id":3691},"geometry":{"type":"Polygon","coordinates":[[[143.3947,43.8011],[143.5021,43.8011],[143.5021,43.8912],[143.3947,43.8912],[143.3947,43.8011]]]}},{"type":"Feature","properties":{"cell_id":3692},"geometry":{"type":"Polygon","coordinates":[[[143.5021,43.8011],[143.6095,43.8011],[143.6095,43.8912],[143.5021,43.8912],[143.5021,43.8011]]]}},{"type":"Feature","properties":{"cell_id":3693},"geometry":{"type":"Polygon","coordinates":[[[143.6095,43.8011],[143.7169,43.8011],[143.7169,43.8912],[143.6095,43.8912],[143.6095,43.8011]]]}},{"type":"Feature","properties":{"cell_id":3694},"geometry":{"type":"Polygon","coordinates":[[[143.7169,43.8011],[143.8243,43.8011],[143.8243,43.8912],[143.7169,43.8912],[143.7169,43.8011]]]}},{"type":"Feature","properties":{"cell_id":3695},"geometry":{"type":"Polygon","coordinates":[[[143.8243,43.8011],[143.9318,43.8011],[143.9318,43.8912],[143.8243,43.8912],[143.8243,43.8011]]]}},{"type":"Feature","properties":{"cell_id":3696},"geometry":{"type":"Polygon","coordinates":[[[143.9318,43.8011],[144.0392,43.8011],[144.0392,43.8912],[143.9318,43.8912],[143.9318,43.8011]]]}},{"type":"Feature","properties":{"cell_id":3697},"geometry":{"type":"Polygon","coordinates":[[[144.0392,43.8011],[144.1466,43.8011],[144.1466,43.8912],[144.0392,43.8912],[144.0392,43.8011]]]}},{"type":"Feature","properties":{"cell_id":3698},"geometry":{"type":"Polygon","coordinates":[[[144.1466,43.8011],[144.254,43.8011],[144.254,43.8912],[144.1466,43.8912],[144.1466,43.8011]]]}},{"type":"Feature","properties":{"cell_id":3699},"geometry":{"type":"Polygon","coordinates":[[[144.254,43.8011],[144.3614,43.8011],[144.3614,43.8912],[144.254,43.8912],[144.254,43.8011]]]}},{"type":"Feature","properties":{"cell_id":3700},"geometry":{"type":"Polygon","coordinates":[[[144.3614,43.8011],[144.4688,43.8011],[144.4688,43.8912],[144.3614,43.8912],[144.3614,43.8011]]]}},{"type":"Feature","properties":{"cell_id":3701},"geometry":{"type":"Polygon","coordinates":[[[144.4688,43.8011],[144.5762,43.8011],[144.5762,43.8912],[144.4688,43.8912],[144.4688,43.8011]]]}},{"type":"Feature","properties":{"cell_id":3702},"geometry":{"type":"Polygon","coordinates":[[[144.5762,43.8011],[144.6836,43.8011],[144.6836,43.8912],[144.5762,43.8912],[144.5762,43.8011]]]}},{"type":"Feature","properties":{"cell_id":3703},"geometry":{"type":"Polygon","coordinates":[[[144.6836,43.8011],[144.791,43.8011],[144.791,43.8912],[144.6836,43.8912],[144.6836,43.8011]]]}},{"type":"Feature","properties":{"cell_id":3704},"geometry":{"type":"Polygon","coordinates":[[[144.791,43.8011],[144.8984,43.8011],[144.8984,43.8912],[144.791,43.8912],[144.791,43.8011]]]}},{"type":"Feature","properties":{"cell_id":3705},"geometry":{"type":"Polygon","coordinates":[[[144.8984,43.8011],[145.0058,43.8011],[145.0058,43.8912],[144.8984,43.8912],[144.8984,43.8011]]]}},{"type":"Feature","properties":{"cell_id":3706},"geometry":{"type":"Polygon","coordinates":[[[145.0058,43.8011],[145.1132,43.8011],[145.1132,43.8912],[145.0058,43.8912],[145.0058,43.8011]]]}},{"type":"Feature","properties":{"cell_id":3707},"geometry":{"type":"Polygon","coordinates":[[[145.4355,43.8011],[145.5429,43.8011],[145.5429,43.8912],[145.4355,43.8912],[145.4355,43.8011]]]}},{"type":"Feature","properties":{"cell_id":3708},"geometry":{"type":"Polygon","coordinates":[[[146.7244,43.8011],[146.8318,43.8011],[146.8318,43.8912],[146.7244,43.8912],[146.7244,43.8011]]]}},{"type":"Feature","properties":{"cell_id":3709},"geometry":{"type":"Polygon","coordinates":[[[146.8318,43.8011],[146.9392,43.8011],[146.9392,43.8912],[146.8318,43.8912],[146.8318,43.8011]]]}},{"type":"Feature","properties":{"cell_id":3710},"geometry":{"type":"Polygon","coordinates":[[[141.6762,43.8912],[141.7836,43.8912],[141.7836,43.9813],[141.6762,43.9813],[141.6762,43.8912]]]}},{"type":"Feature","properties":{"cell_id":3711},"geometry":{"type":"Polygon","coordinates":[[[141.7836,43.8912],[141.891,43.8912],[141.891,43.9813],[141.7836,43.9813],[141.7836,43.8912]]]}},{"type":"Feature","properties":{"cell_id":3712},"geometry":{"type":"Polygon","coordinates":[[[141.891,43.8912],[141.9984,43.8912],[141.9984,43.9813],[141.891,43.9813],[141.891,43.8912]]]}},{"type":"Feature","properties":{"cell_id":3713},"geometry":{"type":"Polygon","coordinates":[[[141.9984,43.8912],[142.1058,43.8912],[142.1058,43.9813],[141.9984,43.9813],[141.9984,43.8912]]]}},{"type":"Feature","properties":{"cell_id":3714},"geometry":{"type":"Polygon","coordinates":[[[142.1058,43.8912],[142.2132,43.8912],[142.2132,43.9813],[142.1058,43.9813],[142.1058,43.8912]]]}},{"type":"Feature","properties":{"cell_id":3715},"geometry":{"type":"Polygon","coordinates":[[[142.2132,43.8912],[142.3206,43.8912],[142.3206,43.9813],[142.2132,43.9813],[142.2132,43.8912]]]}},{"type":"Feature","properties":{"cell_id":3716},"geometry":{"type":"Polygon","coordinates":[[[142.3206,43.8912],[142.428,43.8912],[142.428,43.9813],[142.3206,43.9813],[142.3206,43.8912]]]}},{"type":"Feature","properties":{"cell_id":3717},"geometry":{"type":"Polygon","coordinates":[[[142.428,43.8912],[142.5355,43.8912],[142.5355,43.9813],[142.428,43.9813],[142.428,43.8912]]]}},{"type":"Feature","properties":{"cell_id":3718},"geometry":{"type":"Polygon","coordinates":[[[142.5355,43.8912],[142.6429,43.8912],[142.6429,43.9813],[142.5355,43.9813],[142.5355,43.8912]]]}},{"type":"Feature","properties":{"cell_id":3719},"geometry":{"type":"Polygon","coordinates":[[[142.6429,43.8912],[142.7503,43.8912],[142.7503,43.9813],[142.6429,43.9813],[142.6429,43.8912]]]}},{"type":"Feature","properties":{"cell_id":3720},"geometry":{"type":"Polygon","coordinates":[[[142.7503,43.8912],[142.8577,43.8912],[142.8577,43.9813],[142.7503,43.9813],[142.7503,43.8912]]]}},{"type":"Feature","properties":{"cell_id":3721},"geometry":{"type":"Polygon","coordinates":[[[142.8577,43.8912],[142.9651,43.8912],[142.9651,43.9813],[142.8577,43.9813],[142.8577,43.8912]]]}},{"type":"Feature","properties":{"cell_id":3722},"geometry":{"type":"Polygon","coordinates":[[[142.9651,43.8912],[143.0725,43.8912],[143.0725,43.9813],[142.9651,43.9813],[142.9651,43.8912]]]}},{"type":"Feature","properties":{"cell_id":3723},"geometry":{"type":"Polygon","coordinates":[[[143.0725,43.8912],[143.1799,43.8912],[143.1799,43.9813],[143.0725,43.9813],[143.0725,43.8912]]]}},{"type":"Feature","properties":{"cell_id":3724},"geometry":{"type":"Polygon","coordinates":[[[143.1799,43.8912],[143.2873,43.8912],[143.2873,43.9813],[143.1799,43.9813],[143.1799,43.8912]]]}},{"type":"Feature","properties":{"cell_id":3725},"geometry":{"type":"Polygon","coordinates":[[[143.2873,43.8912],[143.3947,43.8912],[143.3947,43.9813],[143.2873,43.9813],[143.2873,43.8912]]]}},{"type":"Feature","properties":{"cell_id":3726},"geometry":{"type":"Polygon","coordinates":[[[143.3947,43.8912],[143.5021,43.8912],[143.5021,43.9813],[143.3947,43.9813],[143.3947,43.8912]]]}},{"type":"Feature","properties":{"cell_id":3727},"geometry":{"type":"Polygon","coordinates":[[[143.5021,43.8912],[143.6095,43.8912],[143.6095,43.9813],[143.5021,43.9813],[143.5021,43.8912]]]}},{"type":"Feature","properties":{"cell_id":3728},"geometry":{"type":"Polygon","coordinates":[[[143.6095,43.8912],[143.7169,43.8912],[143.7169,43.9813],[143.6095,43.9813],[143.6095,43.8912]]]}},{"type":"Feature","properties":{"cell_id":3729},"geometry":{"type":"Polygon","coordinates":[[[143.7169,43.8912],[143.8243,43.8912],[143.8243,43.9813],[143.7169,43.9813],[143.7169,43.8912]]]}},{"type":"Feature","properties":{"cell_id":3730},"geometry":{"type":"Polygon","coordinates":[[[143.8243,43.8912],[143.9318,43.8912],[143.9318,43.9813],[143.8243,43.9813],[143.8243,43.8912]]]}},{"type":"Feature","properties":{"cell_id":3731},"geometry":{"type":"Polygon","coordinates":[[[143.9318,43.8912],[144.0392,43.8912],[144.0392,43.9813],[143.9318,43.9813],[143.9318,43.8912]]]}},{"type":"Feature","properties":{"cell_id":3732},"geometry":{"type":"Polygon","coordinates":[[[144.0392,43.8912],[144.1466,43.8912],[144.1466,43.9813],[144.0392,43.9813],[144.0392,43.8912]]]}},{"type":"Feature","properties":{"cell_id":3733},"geometry":{"type":"Polygon","coordinates":[[[144.1466,43.8912],[144.254,43.8912],[144.254,43.9813],[144.1466,43.9813],[144.1466,43.8912]]]}},{"type":"Feature","properties":{"cell_id":3734},"geometry":{"type":"Polygon","coordinates":[[[144.254,43.8912],[144.3614,43.8912],[144.3614,43.9813],[144.254,43.9813],[144.254,43.8912]]]}},{"type":"Feature","properties":{"cell_id":3735},"geometry":{"type":"Polygon","coordinates":[[[144.3614,43.8912],[144.4688,43.8912],[144.4688,43.9813],[144.3614,43.9813],[144.3614,43.8912]]]}},{"type":"Feature","properties":{"cell_id":3736},"geometry":{"type":"Polygon","coordinates":[[[144.791,43.8912],[144.8984,43.8912],[144.8984,43.9813],[144.791,43.9813],[144.791,43.8912]]]}},{"type":"Feature","properties":{"cell_id":3737},"geometry":{"type":"Polygon","coordinates":[[[144.8984,43.8912],[145.0058,43.8912],[145.0058,43.9813],[144.8984,43.9813],[144.8984,43.8912]]]}},{"type":"Feature","properties":{"cell_id":3738},"geometry":{"type":"Polygon","coordinates":[[[145.0058,43.8912],[145.1132,43.8912],[145.1132,43.9813],[145.0058,43.9813],[145.0058,43.8912]]]}},{"type":"Feature","properties":{"cell_id":3739},"geometry":{"type":"Polygon","coordinates":[[[145.5429,43.8912],[145.6503,43.8912],[145.6503,43.9813],[145.5429,43.9813],[145.5429,43.8912]]]}},{"type":"Feature","properties":{"cell_id":3740},"geometry":{"type":"Polygon","coordinates":[[[145.6503,43.8912],[145.7577,43.8912],[145.7577,43.9813],[145.6503,43.9813],[145.6503,43.8912]]]}},{"type":"Feature","properties":{"cell_id":3741},"geometry":{"type":"Polygon","coordinates":[[[141.6762,43.9813],[141.7836,43.9813],[141.7836,44.0714],[141.6762,44.0714],[141.6762,43.9813]]]}},{"type":"Feature","properties":{"cell_id":3742},"geometry":{"type":"Polygon","coordinates":[[[141.7836,43.9813],[141.891,43.9813],[141.891,44.0714],[141.7836,44.0714],[141.7836,43.9813]]]}},{"type":"Feature","properties":{"cell_id":3743},"geometry":{"type":"Polygon","coordinates":[[[141.891,43.9813],[141.9984,43.9813],[141.9984,44.0714],[141.891,44.0714],[141.891,43.9813]]]}},{"type":"Feature","properties":{"cell_id":3744},"geometry":{"type":"Polygon","coordinates":[[[141.9984,43.9813],[142.1058,43.9813],[142.1058,44.0714],[141.9984,44.0714],[141.9984,43.9813]]]}},{"type":"Feature","properties":{"cell_id":3745},"geometry":{"type":"Polygon","coordinates":[[[142.1058,43.9813],[142.2132,43.9813],[142.2132,44.0714],[142.1058,44.0714],[142.1058,43.9813]]]}},{"type":"Feature","properties":{"cell_id":3746},"geometry":{"type":"Polygon","coordinates":[[[142.2132,43.9813],[142.3206,43.9813],[142.3206,44.0714],[142.2132,44.0714],[142.2132,43.9813]]]}},{"type":"Feature","properties":{"cell_id":3747},"geometry":{"type":"Polygon","coordinates":[[[142.3206,43.9813],[142.428,43.9813],[142.428,44.0714],[142.3206,44.0714],[142.3206,43.9813]]]}},{"type":"Feature","properties":{"cell_id":3748},"geometry":{"type":"Polygon","coordinates":[[[142.428,43.9813],[142.5355,43.9813],[142.5355,44.0714],[142.428,44.0714],[142.428,43.9813]]]}},{"type":"Feature","properties":{"cell_id":3749},"geometry":{"type":"Polygon","coordinates":[[[142.5355,43.9813],[142.6429,43.9813],[142.6429,44.0714],[142.5355,44.0714],[142.5355,43.9813]]]}},{"type":"Feature","properties":{"cell_id":3750},"geometry":{"type":"Polygon","coordinates":[[[142.6429,43.9813],[142.7503,43.9813],[142.7503,44.0714],[142.6429,44.0714],[142.6429,43.9813]]]}},{"type":"Feature","properties":{"cell_id":3751},"geometry":{"type":"Polygon","coordinates":[[[142.7503,43.9813],[142.8577,43.9813],[142.8577,44.0714],[142.7503,44.0714],[142.7503,43.9813]]]}},{"type":"Feature","properties":{"cell_id":3752},"geometry":{"type":"Polygon","coordinates":[[[142.8577,43.9813],[142.9651,43.9813],[142.9651,44.0714],[142.8577,44.0714],[142.8577,43.9813]]]}},{"type":"Feature","properties":{"cell_id":3753},"geometry":{"type":"Polygon","coordinates":[[[142.9651,43.9813],[143.0725,43.9813],[143.0725,44.0714],[142.9651,44.0714],[142.9651,43.9813]]]}},{"type":"Feature","properties":{"cell_id":3754},"geometry":{"type":"Polygon","coordinates":[[[143.0725,43.9813],[143.1799,43.9813],[143.1799,44.0714],[143.0725,44.0714],[143.0725,43.9813]]]}},{"type":"Feature","properties":{"cell_id":3755},"geometry":{"type":"Polygon","coordinates":[[[143.1799,43.9813],[143.2873,43.9813],[143.2873,44.0714],[143.1799,44.0714],[143.1799,43.9813]]]}},{"type":"Feature","properties":{"cell_id":3756},"geometry":{"type":"Polygon","coordinates":[[[143.2873,43.9813],[143.3947,43.9813],[143.3947,44.0714],[143.2873,44.0714],[143.2873,43.9813]]]}},{"type":"Feature","properties":{"cell_id":3757},"geometry":{"type":"Polygon","coordinates":[[[143.3947,43.9813],[143.5021,43.9813],[143.5021,44.0714],[143.3947,44.0714],[143.3947,43.9813]]]}},{"type":"Feature","properties":{"cell_id":3758},"geometry":{"type":"Polygon","coordinates":[[[143.5021,43.9813],[143.6095,43.9813],[143.6095,44.0714],[143.5021,44.0714],[143.5021,43.9813]]]}},{"type":"Feature","properties":{"cell_id":3759},"geometry":{"type":"Polygon","coordinates":[[[143.6095,43.9813],[143.7169,43.9813],[143.7169,44.0714],[143.6095,44.0714],[143.6095,43.9813]]]}},{"type":"Feature","properties":{"cell_id":3760},"geometry":{"type":"Polygon","coordinates":[[[143.7169,43.9813],[143.8243,43.9813],[143.8243,44.0714],[143.7169,44.0714],[143.7169,43.9813]]]}},{"type":"Feature","properties":{"cell_id":3761},"geometry":{"type":"Polygon","coordinates":[[[143.8243,43.9813],[143.9318,43.9813],[143.9318,44.0714],[143.8243,44.0714],[143.8243,43.9813]]]}},{"type":"Feature","properties":{"cell_id":3762},"geometry":{"type":"Polygon","coordinates":[[[143.9318,43.9813],[144.0392,43.9813],[144.0392,44.0714],[143.9318,44.0714],[143.9318,43.9813]]]}},{"type":"Feature","properties":{"cell_id":3763},"geometry":{"type":"Polygon","coordinates":[[[144.0392,43.9813],[144.1466,43.9813],[144.1466,44.0714],[144.0392,44.0714],[144.0392,43.9813]]]}},{"type":"Feature","properties":{"cell_id":3764},"geometry":{"type":"Polygon","coordinates":[[[144.1466,43.9813],[144.254,43.9813],[144.254,44.0714],[144.1466,44.0714],[144.1466,43.9813]]]}},{"type":"Feature","properties":{"cell_id":3765},"geometry":{"type":"Polygon","coordinates":[[[144.8984,43.9813],[145.0058,43.9813],[145.0058,44.0714],[144.8984,44.0714],[144.8984,43.9813]]]}},{"type":"Feature","properties":{"cell_id":3766},"geometry":{"type":"Polygon","coordinates":[[[145.0058,43.9813],[145.1132,43.9813],[145.1132,44.0714],[145.0058,44.0714],[145.0058,43.9813]]]}},{"type":"Feature","properties":{"cell_id":3767},"geometry":{"type":"Polygon","coordinates":[[[145.1132,43.9813],[145.2207,43.9813],[145.2207,44.0714],[145.1132,44.0714],[145.1132,43.9813]]]}},{"type":"Feature","properties":{"cell_id":3768},"geometry":{"type":"Polygon","coordinates":[[[145.6503,43.9813],[145.7577,43.9813],[145.7577,44.0714],[145.6503,44.0714],[145.6503,43.9813]]]}},{"type":"Feature","properties":{"cell_id":3769},"geometry":{"type":"Polygon","coordinates":[[[145.7577,43.9813],[145.8651,43.9813],[145.8651,44.0714],[145.7577,44.0714],[145.7577,43.9813]]]}},{"type":"Feature","properties":{"cell_id":3770},"geometry":{"type":"Polygon","coordinates":[[[141.6762,44.0714],[141.7836,44.0714],[141.7836,44.1615],[141.6762,44.1615],[141.6762,44.0714]]]}},{"type":"Feature","properties":{"cell_id":3771},"geometry":{"type":"Polygon","coordinates":[[[141.7836,44.0714],[141.891,44.0714],[141.891,44.1615],[141.7836,44.1615],[141.7836,44.0714]]]}},{"type":"Feature","properties":{"cell_id":3772},"geometry":{"type":"Polygon","coordinates":[[[141.891,44.0714],[141.9984,44.0714],[141.9984,44.1615],[141.891,44.1615],[141.891,44.0714]]]}},{"type":"Feature","properties":{"cell_id":3773},"geometry":{"type":"Polygon","coordinates":[[[141.9984,44.0714],[142.1058,44.0714],[142.1058,44.1615],[141.9984,44.1615],[141.9984,44.0714]]]}},{"type":"Feature","properties":{"cell_id":3774},"geometry":{"type":"Polygon","coordinates":[[[142.1058,44.0714],[142.2132,44.0714],[142.2132,44.1615],[142.1058,44.1615],[142.1058,44.0714]]]}},{"type":"Feature","properties":{"cell_id":3775},"geometry":{"type":"Polygon","coordinates":[[[142.2132,44.0714],[142.3206,44.0714],[142.3206,44.1615],[142.2132,44.1615],[142.2132,44.0714]]]}},{"type":"Feature","properties":{"cell_id":3776},"geometry":{"type":"Polygon","coordinates":[[[142.3206,44.0714],[142.428,44.0714],[142.428,44.1615],[142.3206,44.1615],[142.3206,44.0714]]]}},{"type":"Feature","properties":{"cell_id":3777},"geometry":{"type":"Polygon","coordinates":[[[142.428,44.0714],[142.5355,44.0714],[142.5355,44.1615],[142.428,44.1615],[142.428,44.0714]]]}},{"type":"Feature","properties":{"cell_id":3778},"geometry":{"type":"Polygon","coordinates":[[[142.5355,44.0714],[142.6429,44.0714],[142.6429,44.1615],[142.5355,44.1615],[142.5355,44.0714]]]}},{"type":"Feature","properties":{"cell_id":3779},"geometry":{"type":"Polygon","coordinates":[[[142.6429,44.0714],[142.7503,44.0714],[142.7503,44.1615],[142.6429,44.1615],[142.6429,44.0714]]]}},{"type":"Feature","properties":{"cell_id":3780},"geometry":{"type":"Polygon","coordinates":[[[142.7503,44.0714],[142.8577,44.0714],[142.8577,44.1615],[142.7503,44.1615],[142.7503,44.0714]]]}},{"type":"Feature","properties":{"cell_id":3781},"geometry":{"type":"Polygon","coordinates":[[[142.8577,44.0714],[142.9651,44.0714],[142.9651,44.1615],[142.8577,44.1615],[142.8577,44.0714]]]}},{"type":"Feature","properties":{"cell_id":3782},"geometry":{"type":"Polygon","coordinates":[[[142.9651,44.0714],[143.0725,44.0714],[143.0725,44.1615],[142.9651,44.1615],[142.9651,44.0714]]]}},{"type":"Feature","properties":{"cell_id":3783},"geometry":{"type":"Polygon","coordinates":[[[143.0725,44.0714],[143.1799,44.0714],[143.1799,44.1615],[143.0725,44.1615],[143.0725,44.0714]]]}},{"type":"Feature","properties":{"cell_id":3784},"geometry":{"type":"Polygon","coordinates":[[[143.1799,44.0714],[143.2873,44.0714],[143.2873,44.1615],[143.1799,44.1615],[143.1799,44.0714]]]}},{"type":"Feature","properties":{"cell_id":3785},"geometry":{"type":"Polygon","coordinates":[[[143.2873,44.0714],[143.3947,44.0714],[143.3947,44.1615],[143.2873,44.1615],[143.2873,44.0714]]]}},{"type":"Feature","properties":{"cell_id":3786},"geometry":{"type":"Polygon","coordinates":[[[143.3947,44.0714],[143.5021,44.0714],[143.5021,44.1615],[143.3947,44.1615],[143.3947,44.0714]]]}},{"type":"Feature","properties":{"cell_id":3787},"geometry":{"type":"Polygon","coordinates":[[[143.5021,44.0714],[143.6095,44.0714],[143.6095,44.1615],[143.5021,44.1615],[143.5021,44.0714]]]}},{"type":"Feature","properties":{"cell_id":3788},"geometry":{"type":"Polygon","coordinates":[[[143.6095,44.0714],[143.7169,44.0714],[143.7169,44.1615],[143.6095,44.1615],[143.6095,44.0714]]]}},{"type":"Feature","properties":{"cell_id":3789},"geometry":{"type":"Polygon","coordinates":[[[143.7169,44.0714],[143.8243,44.0714],[143.8243,44.1615],[143.7169,44.1615],[143.7169,44.0714]]]}},{"type":"Feature","properties":{"cell_id":3790},"geometry":{"type":"Polygon","coordinates":[[[143.8243,44.0714],[143.9318,44.0714],[143.9318,44.1615],[143.8243,44.1615],[143.8243,44.0714]]]}},{"type":"Feature","properties":{"cell_id":3791},"geometry":{"type":"Polygon","coordinates":[[[143.9318,44.0714],[144.0392,44.0714],[144.0392,44.1615],[143.9318,44.1615],[143.9318,44.0714]]]}},{"type":"Feature","properties":{"cell_id":3792},"geometry":{"type":"Polygon","coordinates":[[[144.0392,44.0714],[144.1466,44.0714],[144.1466,44.1615],[144.0392,44.1615],[144.0392,44.0714]]]}},{"type":"Feature","properties":{"cell_id":3793},"geometry":{"type":"Polygon","coordinates":[[[145.0058,44.0714],[145.1132,44.0714],[145.1132,44.1615],[145.0058,44.1615],[145.0058,44.0714]]]}},{"type":"Feature","properties":{"cell_id":3794},"geometry":{"type":"Polygon","coordinates":[[[145.1132,44.0714],[145.2207,44.0714],[145.2207,44.1615],[145.1132,44.1615],[145.1132,44.0714]]]}},{"type":"Feature","properties":{"cell_id":3795},"geometry":{"type":"Polygon","coordinates":[[[145.7577,44.0714],[145.8651,44.0714],[145.8651,44.1615],[145.7577,44.1615],[145.7577,44.0714]]]}},{"type":"Feature","properties":{"cell_id":3796},"geometry":{"type":"Polygon","coordinates":[[[141.6762,44.1615],[141.7836,44.1615],[141.7836,44.2516],[141.6762,44.2516],[141.6762,44.1615]]]}},{"type":"Feature","properties":{"cell_id":3797},"geometry":{"type":"Polygon","coordinates":[[[141.7836,44.1615],[141.891,44.1615],[141.891,44.2516],[141.7836,44.2516],[141.7836,44.1615]]]}},{"type":"Feature","properties":{"cell_id":3798},"geometry":{"type":"Polygon","coordinates":[[[141.891,44.1615],[141.9984,44.1615],[141.9984,44.2516],[141.891,44.2516],[141.891,44.1615]]]}},{"type":"Feature","properties":{"cell_id":3799},"geometry":{"type":"Polygon","coordinates":[[[141.9984,44.1615],[142.1058,44.1615],[142.1058,44.2516],[141.9984,44.2516],[141.9984,44.1615]]]}},{"type":"Feature","properties":{"cell_id":3800},"geometry":{"type":"Polygon","coordinates":[[[142.1058,44.1615],[142.2132,44.1615],[142.2132,44.2516],[142.1058,44.2516],[142.1058,44.1615]]]}},{"type":"Feature","properties":{"cell_id":3801},"geometry":{"type":"Polygon","coordinates":[[[142.2132,44.1615],[142.3206,44.1615],[142.3206,44.2516],[142.2132,44.2516],[142.2132,44.1615]]]}},{"type":"Feature","properties":{"cell_id":3802},"geometry":{"type":"Polygon","coordinates":[[[142.3206,44.1615],[142.428,44.1615],[142.428,44.2516],[142.3206,44.2516],[142.3206,44.1615]]]}},{"type":"Feature","properties":{"cell_id":3803},"geometry":{"type":"Polygon","coordinates":[[[142.428,44.1615],[142.5355,44.1615],[142.5355,44.2516],[142.428,44.2516],[142.428,44.1615]]]}},{"type":"Feature","properties":{"cell_id":3804},"geometry":{"type":"Polygon","coordinates":[[[142.5355,44.1615],[142.6429,44.1615],[142.6429,44.2516],[142.5355,44.2516],[142.5355,44.1615]]]}},{"type":"Feature","properties":{"cell_id":3805},"geometry":{"type":"Polygon","coordinates":[[[142.6429,44.1615],[142.7503,44.1615],[142.7503,44.2516],[142.6429,44.2516],[142.6429,44.1615]]]}},{"type":"Feature","properties":{"cell_id":3806},"geometry":{"type":"Polygon","coordinates":[[[142.7503,44.1615],[142.8577,44.1615],[142.8577,44.2516],[142.7503,44.2516],[142.7503,44.1615]]]}},{"type":"Feature","properties":{"cell_id":3807},"geometry":{"type":"Polygon","coordinates":[[[142.8577,44.1615],[142.9651,44.1615],[142.9651,44.2516],[142.8577,44.2516],[142.8577,44.1615]]]}},{"type":"Feature","properties":{"cell_id":3808},"geometry":{"type":"Polygon","coordinates":[[[142.9651,44.1615],[143.0725,44.1615],[143.0725,44.2516],[142.9651,44.2516],[142.9651,44.1615]]]}},{"type":"Feature","properties":{"cell_id":3809},"geometry":{"type":"Polygon","coordinates":[[[143.0725,44.1615],[143.1799,44.1615],[143.1799,44.2516],[143.0725,44.2516],[143.0725,44.1615]]]}},{"type":"Feature","properties":{"cell_id":3810},"geometry":{"type":"Polygon","coordinates":[[[143.1799,44.1615],[143.2873,44.1615],[143.2873,44.2516],[143.1799,44.2516],[143.1799,44.1615]]]}},{"type":"Feature","properties":{"cell_id":3811},"geometry":{"type":"Polygon","coordinates":[[[143.2873,44.1615],[143.3947,44.1615],[143.3947,44.2516],[143.2873,44.2516],[143.2873,44.1615]]]}},{"type":"Feature","properties":{"cell_id":3812},"geometry":{"type":"Polygon","coordinates":[[[143.3947,44.1615],[143.5021,44.1615],[143.5021,44.2516],[143.3947,44.2516],[143.3947,44.1615]]]}},{"type":"Feature","properties":{"cell_id":3813},"geometry":{"type":"Polygon","coordinates":[[[143.5021,44.1615],[143.6095,44.1615],[143.6095,44.2516],[143.5021,44.2516],[143.5021,44.1615]]]}},{"type":"Feature","properties":{"cell_id":3814},"geometry":{"type":"Polygon","coordinates":[[[143.6095,44.1615],[143.7169,44.1615],[143.7169,44.2516],[143.6095,44.2516],[143.6095,44.1615]]]}},{"type":"Feature","properties":{"cell_id":3815},"geometry":{"type":"Polygon","coordinates":[[[145.2207,44.1615],[145.3281,44.1615],[145.3281,44.2516],[145.2207,44.2516],[145.2207,44.1615]]]}},{"type":"Feature","properties":{"cell_id":3816},"geometry":{"type":"Polygon","coordinates":[[[145.8651,44.1615],[145.9725,44.1615],[145.9725,44.2516],[145.8651,44.2516],[145.8651,44.1615]]]}},{"type":"Feature","properties":{"cell_id":3817},"geometry":{"type":"Polygon","coordinates":[[[145.9725,44.1615],[146.0799,44.1615],[146.0799,44.2516],[145.9725,44.2516],[145.9725,44.1615]]]}},{"type":"Feature","properties":{"cell_id":3818},"geometry":{"type":"Polygon","coordinates":[[[141.6762,44.2516],[141.7836,44.2516],[141.7836,44.3417],[141.6762,44.3417],[141.6762,44.2516]]]}},{"type":"Feature","properties":{"cell_id":3819},"geometry":{"type":"Polygon","coordinates":[[[141.7836,44.2516],[141.891,44.2516],[141.891,44.3417],[141.7836,44.3417],[141.7836,44.2516]]]}},{"type":"Feature","properties":{"cell_id":3820},"geometry":{"type":"Polygon","coordinates":[[[141.891,44.2516],[141.9984,44.2516],[141.9984,44.3417],[141.891,44.3417],[141.891,44.2516]]]}},{"type":"Feature","properties":{"cell_id":3821},"geometry":{"type":"Polygon","coordinates":[[[141.9984,44.2516],[142.1058,44.2516],[142.1058,44.3417],[141.9984,44.3417],[141.9984,44.2516]]]}},{"type":"Feature","properties":{"cell_id":3822},"geometry":{"type":"Polygon","coordinates":[[[142.1058,44.2516],[142.2132,44.2516],[142.2132,44.3417],[142.1058,44.3417],[142.1058,44.2516]]]}},{"type":"Feature","properties":{"cell_id":3823},"geometry":{"type":"Polygon","coordinates":[[[142.2132,44.2516],[142.3206,44.2516],[142.3206,44.3417],[142.2132,44.3417],[142.2132,44.2516]]]}},{"type":"Feature","properties":{"cell_id":3824},"geometry":{"type":"Polygon","coordinates":[[[142.3206,44.2516],[142.428,44.2516],[142.428,44.3417],[142.3206,44.3417],[142.3206,44.2516]]]}},{"type":"Feature","properties":{"cell_id":3825},"geometry":{"type":"Polygon","coordinates":[[[142.428,44.2516],[142.5355,44.2516],[142.5355,44.3417],[142.428,44.3417],[142.428,44.2516]]]}},{"type":"Feature","properties":{"cell_id":3826},"geometry":{"type":"Polygon","coordinates":[[[142.5355,44.2516],[142.6429,44.2516],[142.6429,44.3417],[142.5355,44.3417],[142.5355,44.2516]]]}},{"type":"Feature","properties":{"cell_id":3827},"geometry":{"type":"Polygon","coordinates":[[[142.6429,44.2516],[142.7503,44.2516],[142.7503,44.3417],[142.6429,44.3417],[142.6429,44.2516]]]}},{"type":"Feature","properties":{"cell_id":3828},"geometry":{"type":"Polygon","coordinates":[[[142.7503,44.2516],[142.8577,44.2516],[142.8577,44.3417],[142.7503,44.3417],[142.7503,44.2516]]]}},{"type":"Feature","properties":{"cell_id":3829},"geometry":{"type":"Polygon","coordinates":[[[142.8577,44.2516],[142.9651,44.2516],[142.9651,44.3417],[142.8577,44.3417],[142.8577,44.2516]]]}},{"type":"Feature","properties":{"cell_id":3830},"geometry":{"type":"Polygon","coordinates":[[[142.9651,44.2516],[143.0725,44.2516],[143.0725,44.3417],[142.9651,44.3417],[142.9651,44.2516]]]}},{"type":"Feature","properties":{"cell_id":3831},"geometry":{"type":"Polygon","coordinates":[[[143.0725,44.2516],[143.1799,44.2516],[143.1799,44.3417],[143.0725,44.3417],[143.0725,44.2516]]]}},{"type":"Feature","properties":{"cell_id":3832},"geometry":{"type":"Polygon","coordinates":[[[143.1799,44.2516],[143.2873,44.2516],[143.2873,44.3417],[143.1799,44.3417],[143.1799,44.2516]]]}},{"type":"Feature","properties":{"cell_id":3833},"geometry":{"type":"Polygon","coordinates":[[[143.2873,44.2516],[143.3947,44.2516],[143.3947,44.3417],[143.2873,44.3417],[143.2873,44.2516]]]}},{"type":"Feature","properties":{"cell_id":3834},"geometry":{"type":"Polygon","coordinates":[[[145.9725,44.2516],[146.0799,44.2516],[146.0799,44.3417],[145.9725,44.3417],[145.9725,44.2516]]]}},{"type":"Feature","properties":{"cell_id":3835},"geometry":{"type":"Polygon","coordinates":[[[146.0799,44.2516],[146.1873,44.2516],[146.1873,44.3417],[146.0799,44.3417],[146.0799,44.2516]]]}},{"type":"Feature","properties":{"cell_id":3836},"geometry":{"type":"Polygon","coordinates":[[[146.1873,44.2516],[146.2947,44.2516],[146.2947,44.3417],[146.1873,44.3417],[146.1873,44.2516]]]}},{"type":"Feature","properties":{"cell_id":3837},"geometry":{"type":"Polygon","coordinates":[[[141.6762,44.3417],[141.7836,44.3417],[141.7836,44.4317],[141.6762,44.4317],[141.6762,44.3417]]]}},{"type":"Feature","properties":{"cell_id":3838},"geometry":{"type":"Polygon","coordinates":[[[141.7836,44.3417],[141.891,44.3417],[141.891,44.4317],[141.7836,44.4317],[141.7836,44.3417]]]}},{"type":"Feature","properties":{"cell_id":3839},"geometry":{"type":"Polygon","coordinates":[[[141.891,44.3417],[141.9984,44.3417],[141.9984,44.4317],[141.891,44.4317],[141.891,44.3417]]]}},{"type":"Feature","properties":{"cell_id":3840},"geometry":{"type":"Polygon","coordinates":[[[141.9984,44.3417],[142.1058,44.3417],[142.1058,44.4317],[141.9984,44.4317],[141.9984,44.3417]]]}},{"type":"Feature","properties":{"cell_id":3841},"geometry":{"type":"Polygon","coordinates":[[[142.1058,44.3417],[142.2132,44.3417],[142.2132,44.4317],[142.1058,44.4317],[142.1058,44.3417]]]}},{"type":"Feature","properties":{"cell_id":3842},"geometry":{"type":"Polygon","coordinates":[[[142.2132,44.3417],[142.3206,44.3417],[142.3206,44.4317],[142.2132,44.4317],[142.2132,44.3417]]]}},{"type":"Feature","properties":{"cell_id":3843},"geometry":{"type":"Polygon","coordinates":[[[142.3206,44.3417],[142.428,44.3417],[142.428,44.4317],[142.3206,44.4317],[142.3206,44.3417]]]}},{"type":"Feature","properties":{"cell_id":3844},"geometry":{"type":"Polygon","coordinates":[[[142.428,44.3417],[142.5355,44.3417],[142.5355,44.4317],[142.428,44.4317],[142.428,44.3417]]]}},{"type":"Feature","properties":{"cell_id":3845},"geometry":{"type":"Polygon","coordinates":[[[142.5355,44.3417],[142.6429,44.3417],[142.6429,44.4317],[142.5355,44.4317],[142.5355,44.3417]]]}},{"type":"Feature","properties":{"cell_id":3846},"geometry":{"type":"Polygon","coordinates":[[[142.6429,44.3417],[142.7503,44.3417],[142.7503,44.4317],[142.6429,44.4317],[142.6429,44.3417]]]}},{"type":"Feature","properties":{"cell_id":3847},"geometry":{"type":"Polygon","coordinates":[[[142.7503,44.3417],[142.8577,44.3417],[142.8577,44.4317],[142.7503,44.4317],[142.7503,44.3417]]]}},{"type":"Feature","properties":{"cell_id":3848},"geometry":{"type":"Polygon","coordinates":[[[142.8577,44.3417],[142.9651,44.3417],[142.9651,44.4317],[142.8577,44.4317],[142.8577,44.3417]]]}},{"type":"Feature","properties":{"cell_id":3849},"geometry":{"type":"Polygon","coordinates":[[[142.9651,44.3417],[143.0725,44.3417],[143.0725,44.4317],[142.9651,44.4317],[142.9651,44.3417]]]}},{"type":"Feature","properties":{"cell_id":3850},"geometry":{"type":"Polygon","coordinates":[[[143.0725,44.3417],[143.1799,44.3417],[143.1799,44.4317],[143.0725,44.4317],[143.0725,44.3417]]]}},{"type":"Feature","properties":{"cell_id":3851},"geometry":{"type":"Polygon","coordinates":[[[143.1799,44.3417],[143.2873,44.3417],[143.2873,44.4317],[143.1799,44.4317],[143.1799,44.3417]]]}},{"type":"Feature","properties":{"cell_id":3852},"geometry":{"type":"Polygon","coordinates":[[[145.9725,44.3417],[146.0799,44.3417],[146.0799,44.4317],[145.9725,44.4317],[145.9725,44.3417]]]}},{"type":"Feature","properties":{"cell_id":3853},"geometry":{"type":"Polygon","coordinates":[[[146.0799,44.3417],[146.1873,44.3417],[146.1873,44.4317],[146.0799,44.4317],[146.0799,44.3417]]]}},{"type":"Feature","properties":{"cell_id":3854},"geometry":{"type":"Polygon","coordinates":[[[146.1873,44.3417],[146.2947,44.3417],[146.2947,44.4317],[146.1873,44.4317],[146.1873,44.3417]]]}},{"type":"Feature","properties":{"cell_id":3855},"geometry":{"type":"Polygon","coordinates":[[[146.2947,44.3417],[146.4021,44.3417],[146.4021,44.4317],[146.2947,44.4317],[146.2947,44.3417]]]}},{"type":"Feature","properties":{"cell_id":3856},"geometry":{"type":"Polygon","coordinates":[[[146.4021,44.3417],[146.5095,44.3417],[146.5095,44.4317],[146.4021,44.4317],[146.4021,44.3417]]]}},{"type":"Feature","properties":{"cell_id":3857},"geometry":{"type":"Polygon","coordinates":[[[141.7836,44.4317],[141.891,44.4317],[141.891,44.5218],[141.7836,44.5218],[141.7836,44.4317]]]}},{"type":"Feature","properties":{"cell_id":3858},"geometry":{"type":"Polygon","coordinates":[[[141.891,44.4317],[141.9984,44.4317],[141.9984,44.5218],[141.891,44.5218],[141.891,44.4317]]]}},{"type":"Feature","properties":{"cell_id":3859},"geometry":{"type":"Polygon","coordinates":[[[141.9984,44.4317],[142.1058,44.4317],[142.1058,44.5218],[141.9984,44.5218],[141.9984,44.4317]]]}},{"type":"Feature","properties":{"cell_id":3860},"geometry":{"type":"Polygon","coordinates":[[[142.1058,44.4317],[142.2132,44.4317],[142.2132,44.5218],[142.1058,44.5218],[142.1058,44.4317]]]}},{"type":"Feature","properties":{"cell_id":3861},"geometry":{"type":"Polygon","coordinates":[[[142.2132,44.4317],[142.3206,44.4317],[142.3206,44.5218],[142.2132,44.5218],[142.2132,44.4317]]]}},{"type":"Feature","properties":{"cell_id":3862},"geometry":{"type":"Polygon","coordinates":[[[142.3206,44.4317],[142.428,44.4317],[142.428,44.5218],[142.3206,44.5218],[142.3206,44.4317]]]}},{"type":"Feature","properties":{"cell_id":3863},"geometry":{"type":"Polygon","coordinates":[[[142.428,44.4317],[142.5355,44.4317],[142.5355,44.5218],[142.428,44.5218],[142.428,44.4317]]]}},{"type":"Feature","properties":{"cell_id":3864},"geometry":{"type":"Polygon","coordinates":[[[142.5355,44.4317],[142.6429,44.4317],[142.6429,44.5218],[142.5355,44.5218],[142.5355,44.4317]]]}},{"type":"Feature","properties":{"cell_id":3865},"geometry":{"type":"Polygon","coordinates":[[[142.6429,44.4317],[142.7503,44.4317],[142.7503,44.5218],[142.6429,44.5218],[142.6429,44.4317]]]}},{"type":"Feature","properties":{"cell_id":3866},"geometry":{"type":"Polygon","coordinates":[[[142.7503,44.4317],[142.8577,44.4317],[142.8577,44.5218],[142.7503,44.5218],[142.7503,44.4317]]]}},{"type":"Feature","properties":{"cell_id":3867},"geometry":{"type":"Polygon","coordinates":[[[142.8577,44.4317],[142.9651,44.4317],[142.9651,44.5218],[142.8577,44.5218],[142.8577,44.4317]]]}},{"type":"Feature","properties":{"cell_id":3868},"geometry":{"type":"Polygon","coordinates":[[[142.9651,44.4317],[143.0725,44.4317],[143.0725,44.5218],[142.9651,44.5218],[142.9651,44.4317]]]}},{"type":"Feature","properties":{"cell_id":3869},"geometry":{"type":"Polygon","coordinates":[[[143.0725,44.4317],[143.1799,44.4317],[143.1799,44.5218],[143.0725,44.5218],[143.0725,44.4317]]]}},{"type":"Feature","properties":{"cell_id":3870},"geometry":{"type":"Polygon","coordinates":[[[146.0799,44.4317],[146.1873,44.4317],[146.1873,44.5218],[146.0799,44.5218],[146.0799,44.4317]]]}},{"type":"Feature","properties":{"cell_id":3871},"geometry":{"type":"Polygon","coordinates":[[[146.8318,44.4317],[146.9392,44.4317],[146.9392,44.5218],[146.8318,44.5218],[146.8318,44.4317]]]}},{"type":"Feature","properties":{"cell_id":3872},"geometry":{"type":"Polygon","coordinates":[[[146.9392,44.4317],[147.0466,44.4317],[147.0466,44.5218],[146.9392,44.5218],[146.9392,44.4317]]]}},{"type":"Feature","properties":{"cell_id":3873},"geometry":{"type":"Polygon","coordinates":[[[141.7836,44.5218],[141.891,44.5218],[141.891,44.6119],[141.7836,44.6119],[141.7836,44.5218]]]}},{"type":"Feature","properties":{"cell_id":3874},"geometry":{"type":"Polygon","coordinates":[[[141.891,44.5218],[141.9984,44.5218],[141.9984,44.6119],[141.891,44.6119],[141.891,44.5218]]]}},{"type":"Feature","properties":{"cell_id":3875},"geometry":{"type":"Polygon","coordinates":[[[141.9984,44.5218],[142.1058,44.5218],[142.1058,44.6119],[141.9984,44.6119],[141.9984,44.5218]]]}},{"type":"Feature","properties":{"cell_id":3876},"geometry":{"type":"Polygon","coordinates":[[[142.1058,44.5218],[142.2132,44.5218],[142.2132,44.6119],[142.1058,44.6119],[142.1058,44.5218]]]}},{"type":"Feature","properties":{"cell_id":3877},"geometry":{"type":"Polygon","coordinates":[[[142.2132,44.5218],[142.3206,44.5218],[142.3206,44.6119],[142.2132,44.6119],[142.2132,44.5218]]]}},{"type":"Feature","properties":{"cell_id":3878},"geometry":{"type":"Polygon","coordinates":[[[142.3206,44.5218],[142.428,44.5218],[142.428,44.6119],[142.3206,44.6119],[142.3206,44.5218]]]}},{"type":"Feature","properties":{"cell_id":3879},"geometry":{"type":"Polygon","coordinates":[[[142.428,44.5218],[142.5355,44.5218],[142.5355,44.6119],[142.428,44.6119],[142.428,44.5218]]]}},{"type":"Feature","properties":{"cell_id":3880},"geometry":{"type":"Polygon","coordinates":[[[142.5355,44.5218],[142.6429,44.5218],[142.6429,44.6119],[142.5355,44.6119],[142.5355,44.5218]]]}},{"type":"Feature","properties":{"cell_id":3881},"geometry":{"type":"Polygon","coordinates":[[[142.6429,44.5218],[142.7503,44.5218],[142.7503,44.6119],[142.6429,44.6119],[142.6429,44.5218]]]}},{"type":"Feature","properties":{"cell_id":3882},"geometry":{"type":"Polygon","coordinates":[[[142.7503,44.5218],[142.8577,44.5218],[142.8577,44.6119],[142.7503,44.6119],[142.7503,44.5218]]]}},{"type":"Feature","properties":{"cell_id":3883},"geometry":{"type":"Polygon","coordinates":[[[142.8577,44.5218],[142.9651,44.5218],[142.9651,44.6119],[142.8577,44.6119],[142.8577,44.5218]]]}},{"type":"Feature","properties":{"cell_id":3884},"geometry":{"type":"Polygon","coordinates":[[[146.9392,44.5218],[147.0466,44.5218],[147.0466,44.6119],[146.9392,44.6119],[146.9392,44.5218]]]}},{"type":"Feature","properties":{"cell_id":3885},"geometry":{"type":"Polygon","coordinates":[[[141.7836,44.6119],[141.891,44.6119],[141.891,44.702],[141.7836,44.702],[141.7836,44.6119]]]}},{"type":"Feature","properties":{"cell_id":3886},"geometry":{"type":"Polygon","coordinates":[[[141.891,44.6119],[141.9984,44.6119],[141.9984,44.702],[141.891,44.702],[141.891,44.6119]]]}},{"type":"Feature","properties":{"cell_id":3887},"geometry":{"type":"Polygon","coordinates":[[[141.9984,44.6119],[142.1058,44.6119],[142.1058,44.702],[141.9984,44.702],[141.9984,44.6119]]]}},{"type":"Feature","properties":{"cell_id":3888},"geometry":{"type":"Polygon","coordinates":[[[142.1058,44.6119],[142.2132,44.6119],[142.2132,44.702],[142.1058,44.702],[142.1058,44.6119]]]}},{"type":"Feature","properties":{"cell_id":3889},"geometry":{"type":"Polygon","coordinates":[[[142.2132,44.6119],[142.3206,44.6119],[142.3206,44.702],[142.2132,44.702],[142.2132,44.6119]]]}},{"type":"Feature","properties":{"cell_id":3890},"geometry":{"type":"Polygon","coordinates":[[[142.3206,44.6119],[142.428,44.6119],[142.428,44.702],[142.3206,44.702],[142.3206,44.6119]]]}},{"type":"Feature","properties":{"cell_id":3891},"geometry":{"type":"Polygon","coordinates":[[[142.428,44.6119],[142.5355,44.6119],[142.5355,44.702],[142.428,44.702],[142.428,44.6119]]]}},{"type":"Feature","properties":{"cell_id":3892},"geometry":{"type":"Polygon","coordinates":[[[142.5355,44.6119],[142.6429,44.6119],[142.6429,44.702],[142.5355,44.702],[142.5355,44.6119]]]}},{"type":"Feature","properties":{"cell_id":3893},"geometry":{"type":"Polygon","coordinates":[[[142.6429,44.6119],[142.7503,44.6119],[142.7503,44.702],[142.6429,44.702],[142.6429,44.6119]]]}},{"type":"Feature","properties":{"cell_id":3894},"geometry":{"type":"Polygon","coordinates":[[[142.7503,44.6119],[142.8577,44.6119],[142.8577,44.702],[142.7503,44.702],[142.7503,44.6119]]]}},{"type":"Feature","properties":{"cell_id":3895},"geometry":{"type":"Polygon","coordinates":[[[147.154,44.6119],[147.2614,44.6119],[147.2614,44.702],[147.154,44.702],[147.154,44.6119]]]}},{"type":"Feature","properties":{"cell_id":3896},"geometry":{"type":"Polygon","coordinates":[[[141.7836,44.702],[141.891,44.702],[141.891,44.7921],[141.7836,44.7921],[141.7836,44.702]]]}},{"type":"Feature","properties":{"cell_id":3897},"geometry":{"type":"Polygon","coordinates":[[[141.891,44.702],[141.9984,44.702],[141.9984,44.7921],[141.891,44.7921],[141.891,44.702]]]}},{"type":"Feature","properties":{"cell_id":3898},"geometry":{"type":"Polygon","coordinates":[[[141.9984,44.702],[142.1058,44.702],[142.1058,44.7921],[141.9984,44.7921],[141.9984,44.702]]]}},{"type":"Feature","properties":{"cell_id":3899},"geometry":{"type":"Polygon","coordinates":[[[142.1058,44.702],[142.2132,44.702],[142.2132,44.7921],[142.1058,44.7921],[142.1058,44.702]]]}},{"type":"Feature","properties":{"cell_id":3900},"geometry":{"type":"Polygon","coordinates":[[[142.2132,44.702],[142.3206,44.702],[142.3206,44.7921],[142.2132,44.7921],[142.2132,44.702]]]}},{"type":"Feature","properties":{"cell_id":3901},"geometry":{"type":"Polygon","coordinates":[[[142.3206,44.702],[142.428,44.702],[142.428,44.7921],[142.3206,44.7921],[142.3206,44.702]]]}},{"type":"Feature","properties":{"cell_id":3902},"geometry":{"type":"Polygon","coordinates":[[[142.428,44.702],[142.5355,44.702],[142.5355,44.7921],[142.428,44.7921],[142.428,44.702]]]}},{"type":"Feature","properties":{"cell_id":3903},"geometry":{"type":"Polygon","coordinates":[[[142.5355,44.702],[142.6429,44.702],[142.6429,44.7921],[142.5355,44.7921],[142.5355,44.702]]]}},{"type":"Feature","properties":{"cell_id":3904},"geometry":{"type":"Polygon","coordinates":[[[142.6429,44.702],[142.7503,44.702],[142.7503,44.7921],[142.6429,44.7921],[142.6429,44.702]]]}},{"type":"Feature","properties":{"cell_id":3905},"geometry":{"type":"Polygon","coordinates":[[[147.154,44.702],[147.2614,44.702],[147.2614,44.7921],[147.154,44.7921],[147.154,44.702]]]}},{"type":"Feature","properties":{"cell_id":3906},"geometry":{"type":"Polygon","coordinates":[[[147.2614,44.702],[147.3688,44.702],[147.3688,44.7921],[147.2614,44.7921],[147.2614,44.702]]]}},{"type":"Feature","properties":{"cell_id":3907},"geometry":{"type":"Polygon","coordinates":[[[141.7836,44.7921],[141.891,44.7921],[141.891,44.8822],[141.7836,44.8822],[141.7836,44.7921]]]}},{"type":"Feature","properties":{"cell_id":3908},"geometry":{"type":"Polygon","coordinates":[[[141.891,44.7921],[141.9984,44.7921],[141.9984,44.8822],[141.891,44.8822],[141.891,44.7921]]]}},{"type":"Feature","properties":{"cell_id":3909},"geometry":{"type":"Polygon","coordinates":[[[141.9984,44.7921],[142.1058,44.7921],[142.1058,44.8822],[141.9984,44.8822],[141.9984,44.7921]]]}},{"type":"Feature","properties":{"cell_id":3910},"geometry":{"type":"Polygon","coordinates":[[[142.1058,44.7921],[142.2132,44.7921],[142.2132,44.8822],[142.1058,44.8822],[142.1058,44.7921]]]}},{"type":"Feature","properties":{"cell_id":3911},"geometry":{"type":"Polygon","coordinates":[[[142.2132,44.7921],[142.3206,44.7921],[142.3206,44.8822],[142.2132,44.8822],[142.2132,44.7921]]]}},{"type":"Feature","properties":{"cell_id":3912},"geometry":{"type":"Polygon","coordinates":[[[142.3206,44.7921],[142.428,44.7921],[142.428,44.8822],[142.3206,44.8822],[142.3206,44.7921]]]}},{"type":"Feature","properties":{"cell_id":3913},"geometry":{"type":"Polygon","coordinates":[[[142.428,44.7921],[142.5355,44.7921],[142.5355,44.8822],[142.428,44.8822],[142.428,44.7921]]]}},{"type":"Feature","properties":{"cell_id":3914},"geometry":{"type":"Polygon","coordinates":[[[142.5355,44.7921],[142.6429,44.7921],[142.6429,44.8822],[142.5355,44.8822],[142.5355,44.7921]]]}},{"type":"Feature","properties":{"cell_id":3915},"geometry":{"type":"Polygon","coordinates":[[[147.2614,44.7921],[147.3688,44.7921],[147.3688,44.8822],[147.2614,44.8822],[147.2614,44.7921]]]}},{"type":"Feature","properties":{"cell_id":3916},"geometry":{"type":"Polygon","coordinates":[[[147.3688,44.7921],[147.4762,44.7921],[147.4762,44.8822],[147.3688,44.8822],[147.3688,44.7921]]]}},{"type":"Feature","properties":{"cell_id":3917},"geometry":{"type":"Polygon","coordinates":[[[147.4762,44.7921],[147.5836,44.7921],[147.5836,44.8822],[147.4762,44.8822],[147.4762,44.7921]]]}},{"type":"Feature","properties":{"cell_id":3918},"geometry":{"type":"Polygon","coordinates":[[[141.6762,44.8822],[141.7836,44.8822],[141.7836,44.9723],[141.6762,44.9723],[141.6762,44.8822]]]}},{"type":"Feature","properties":{"cell_id":3919},"geometry":{"type":"Polygon","coordinates":[[[141.7836,44.8822],[141.891,44.8822],[141.891,44.9723],[141.7836,44.9723],[141.7836,44.8822]]]}},{"type":"Feature","properties":{"cell_id":3920},"geometry":{"type":"Polygon","coordinates":[[[141.891,44.8822],[141.9984,44.8822],[141.9984,44.9723],[141.891,44.9723],[141.891,44.8822]]]}},{"type":"Feature","properties":{"cell_id":3921},"geometry":{"type":"Polygon","coordinates":[[[141.9984,44.8822],[142.1058,44.8822],[142.1058,44.9723],[141.9984,44.9723],[141.9984,44.8822]]]}},{"type":"Feature","properties":{"cell_id":3922},"geometry":{"type":"Polygon","coordinates":[[[142.1058,44.8822],[142.2132,44.8822],[142.2132,44.9723],[142.1058,44.9723],[142.1058,44.8822]]]}},{"type":"Feature","properties":{"cell_id":3923},"geometry":{"type":"Polygon","coordinates":[[[142.2132,44.8822],[142.3206,44.8822],[142.3206,44.9723],[142.2132,44.9723],[142.2132,44.8822]]]}},{"type":"Feature","properties":{"cell_id":3924},"geometry":{"type":"Polygon","coordinates":[[[142.3206,44.8822],[142.428,44.8822],[142.428,44.9723],[142.3206,44.9723],[142.3206,44.8822]]]}},{"type":"Feature","properties":{"cell_id":3925},"geometry":{"type":"Polygon","coordinates":[[[142.428,44.8822],[142.5355,44.8822],[142.5355,44.9723],[142.428,44.9723],[142.428,44.8822]]]}},{"type":"Feature","properties":{"cell_id":3926},"geometry":{"type":"Polygon","coordinates":[[[147.3688,44.8822],[147.4762,44.8822],[147.4762,44.9723],[147.3688,44.9723],[147.3688,44.8822]]]}},{"type":"Feature","properties":{"cell_id":3927},"geometry":{"type":"Polygon","coordinates":[[[147.4762,44.8822],[147.5836,44.8822],[147.5836,44.9723],[147.4762,44.9723],[147.4762,44.8822]]]}},{"type":"Feature","properties":{"cell_id":3928},"geometry":{"type":"Polygon","coordinates":[[[147.5836,44.8822],[147.691,44.8822],[147.691,44.9723],[147.5836,44.9723],[147.5836,44.8822]]]}},{"type":"Feature","properties":{"cell_id":3929},"geometry":{"type":"Polygon","coordinates":[[[141.6762,44.9723],[141.7836,44.9723],[141.7836,45.0624],[141.6762,45.0624],[141.6762,44.9723]]]}},{"type":"Feature","properties":{"cell_id":3930},"geometry":{"type":"Polygon","coordinates":[[[141.7836,44.9723],[141.891,44.9723],[141.891,45.0624],[141.7836,45.0624],[141.7836,44.9723]]]}},{"type":"Feature","properties":{"cell_id":3931},"geometry":{"type":"Polygon","coordinates":[[[141.891,44.9723],[141.9984,44.9723],[141.9984,45.0624],[141.891,45.0624],[141.891,44.9723]]]}},{"type":"Feature","properties":{"cell_id":3932},"geometry":{"type":"Polygon","coordinates":[[[141.9984,44.9723],[142.1058,44.9723],[142.1058,45.0624],[141.9984,45.0624],[141.9984,44.9723]]]}},{"type":"Feature","properties":{"cell_id":3933},"geometry":{"type":"Polygon","coordinates":[[[142.1058,44.9723],[142.2132,44.9723],[142.2132,45.0624],[142.1058,45.0624],[142.1058,44.9723]]]}},{"type":"Feature","properties":{"cell_id":3934},"geometry":{"type":"Polygon","coordinates":[[[142.2132,44.9723],[142.3206,44.9723],[142.3206,45.0624],[142.2132,45.0624],[142.2132,44.9723]]]}},{"type":"Feature","properties":{"cell_id":3935},"geometry":{"type":"Polygon","coordinates":[[[142.3206,44.9723],[142.428,44.9723],[142.428,45.0624],[142.3206,45.0624],[142.3206,44.9723]]]}},{"type":"Feature","properties":{"cell_id":3936},"geometry":{"type":"Polygon","coordinates":[[[142.428,44.9723],[142.5355,44.9723],[142.5355,45.0624],[142.428,45.0624],[142.428,44.9723]]]}},{"type":"Feature","properties":{"cell_id":3937},"geometry":{"type":"Polygon","coordinates":[[[147.4762,44.9723],[147.5836,44.9723],[147.5836,45.0624],[147.4762,45.0624],[147.4762,44.9723]]]}},{"type":"Feature","properties":{"cell_id":3938},"geometry":{"type":"Polygon","coordinates":[[[147.5836,44.9723],[147.691,44.9723],[147.691,45.0624],[147.5836,45.0624],[147.5836,44.9723]]]}},{"type":"Feature","properties":{"cell_id":3939},"geometry":{"type":"Polygon","coordinates":[[[147.691,44.9723],[147.7984,44.9723],[147.7984,45.0624],[147.691,45.0624],[147.691,44.9723]]]}},{"type":"Feature","properties":{"cell_id":3940},"geometry":{"type":"Polygon","coordinates":[[[147.7984,44.9723],[147.9059,44.9723],[147.9059,45.0624],[147.7984,45.0624],[147.7984,44.9723]]]}},{"type":"Feature","properties":{"cell_id":3941},"geometry":{"type":"Polygon","coordinates":[[[147.9059,44.9723],[148.0133,44.9723],[148.0133,45.0624],[147.9059,45.0624],[147.9059,44.9723]]]}},{"type":"Feature","properties":{"cell_id":3942},"geometry":{"type":"Polygon","coordinates":[[[141.5688,45.0624],[141.6762,45.0624],[141.6762,45.1525],[141.5688,45.1525],[141.5688,45.0624]]]}},{"type":"Feature","properties":{"cell_id":3943},"geometry":{"type":"Polygon","coordinates":[[[141.6762,45.0624],[141.7836,45.0624],[141.7836,45.1525],[141.6762,45.1525],[141.6762,45.0624]]]}},{"type":"Feature","properties":{"cell_id":3944},"geometry":{"type":"Polygon","coordinates":[[[141.7836,45.0624],[141.891,45.0624],[141.891,45.1525],[141.7836,45.1525],[141.7836,45.0624]]]}},{"type":"Feature","properties":{"cell_id":3945},"geometry":{"type":"Polygon","coordinates":[[[141.891,45.0624],[141.9984,45.0624],[141.9984,45.1525],[141.891,45.1525],[141.891,45.0624]]]}},{"type":"Feature","properties":{"cell_id":3946},"geometry":{"type":"Polygon","coordinates":[[[141.9984,45.0624],[142.1058,45.0624],[142.1058,45.1525],[141.9984,45.1525],[141.9984,45.0624]]]}},{"type":"Feature","properties":{"cell_id":3947},"geometry":{"type":"Polygon","coordinates":[[[142.1058,45.0624],[142.2132,45.0624],[142.2132,45.1525],[142.1058,45.1525],[142.1058,45.0624]]]}},{"type":"Feature","properties":{"cell_id":3948},"geometry":{"type":"Polygon","coordinates":[[[142.2132,45.0624],[142.3206,45.0624],[142.3206,45.1525],[142.2132,45.1525],[142.2132,45.0624]]]}},{"type":"Feature","properties":{"cell_id":3949},"geometry":{"type":"Polygon","coordinates":[[[142.3206,45.0624],[142.428,45.0624],[142.428,45.1525],[142.3206,45.1525],[142.3206,45.0624]]]}},{"type":"Feature","properties":{"cell_id":3950},"geometry":{"type":"Polygon","coordinates":[[[147.4762,45.0624],[147.5836,45.0624],[147.5836,45.1525],[147.4762,45.1525],[147.4762,45.0624]]]}},{"type":"Feature","properties":{"cell_id":3951},"geometry":{"type":"Polygon","coordinates":[[[147.691,45.0624],[147.7984,45.0624],[147.7984,45.1525],[147.691,45.1525],[147.691,45.0624]]]}},{"type":"Feature","properties":{"cell_id":3952},"geometry":{"type":"Polygon","coordinates":[[[147.7984,45.0624],[147.9059,45.0624],[147.9059,45.1525],[147.7984,45.1525],[147.7984,45.0624]]]}},{"type":"Feature","properties":{"cell_id":3953},"geometry":{"type":"Polygon","coordinates":[[[147.9059,45.0624],[148.0133,45.0624],[148.0133,45.1525],[147.9059,45.1525],[147.9059,45.0624]]]}},{"type":"Feature","properties":{"cell_id":3954},"geometry":{"type":"Polygon","coordinates":[[[148.0133,45.0624],[148.1207,45.0624],[148.1207,45.1525],[148.0133,45.1525],[148.0133,45.0624]]]}},{"type":"Feature","properties":{"cell_id":3955},"geometry":{"type":"Polygon","coordinates":[[[141.1391,45.1525],[141.2466,45.1525],[141.2466,45.2426],[141.1391,45.2426],[141.1391,45.1525]]]}},{"type":"Feature","properties":{"cell_id":3956},"geometry":{"type":"Polygon","coordinates":[[[141.2466,45.1525],[141.354,45.1525],[141.354,45.2426],[141.2466,45.2426],[141.2466,45.1525]]]}},{"type":"Feature","properties":{"cell_id":3957},"geometry":{"type":"Polygon","coordinates":[[[141.5688,45.1525],[141.6762,45.1525],[141.6762,45.2426],[141.5688,45.2426],[141.5688,45.1525]]]}},{"type":"Feature","properties":{"cell_id":3958},"geometry":{"type":"Polygon","coordinates":[[[141.6762,45.1525],[141.7836,45.1525],[141.7836,45.2426],[141.6762,45.2426],[141.6762,45.1525]]]}},{"type":"Feature","properties":{"cell_id":3959},"geometry":{"type":"Polygon","coordinates":[[[141.7836,45.1525],[141.891,45.1525],[141.891,45.2426],[141.7836,45.2426],[141.7836,45.1525]]]}},{"type":"Feature","properties":{"cell_id":3960},"geometry":{"type":"Polygon","coordinates":[[[141.891,45.1525],[141.9984,45.1525],[141.9984,45.2426],[141.891,45.2426],[141.891,45.1525]]]}},{"type":"Feature","properties":{"cell_id":3961},"geometry":{"type":"Polygon","coordinates":[[[141.9984,45.1525],[142.1058,45.1525],[142.1058,45.2426],[141.9984,45.2426],[141.9984,45.1525]]]}},{"type":"Feature","properties":{"cell_id":3962},"geometry":{"type":"Polygon","coordinates":[[[142.1058,45.1525],[142.2132,45.1525],[142.2132,45.2426],[142.1058,45.2426],[142.1058,45.1525]]]}},{"type":"Feature","properties":{"cell_id":3963},"geometry":{"type":"Polygon","coordinates":[[[142.2132,45.1525],[142.3206,45.1525],[142.3206,45.2426],[142.2132,45.2426],[142.2132,45.1525]]]}},{"type":"Feature","properties":{"cell_id":3964},"geometry":{"type":"Polygon","coordinates":[[[147.7984,45.1525],[147.9059,45.1525],[147.9059,45.2426],[147.7984,45.2426],[147.7984,45.1525]]]}},{"type":"Feature","properties":{"cell_id":3965},"geometry":{"type":"Polygon","coordinates":[[[147.9059,45.1525],[148.0133,45.1525],[148.0133,45.2426],[147.9059,45.2426],[147.9059,45.1525]]]}},{"type":"Feature","properties":{"cell_id":3966},"geometry":{"type":"Polygon","coordinates":[[[148.0133,45.1525],[148.1207,45.1525],[148.1207,45.2426],[148.0133,45.2426],[148.0133,45.1525]]]}},{"type":"Feature","properties":{"cell_id":3967},"geometry":{"type":"Polygon","coordinates":[[[148.1207,45.1525],[148.2281,45.1525],[148.2281,45.2426],[148.1207,45.2426],[148.1207,45.1525]]]}},{"type":"Feature","properties":{"cell_id":3968},"geometry":{"type":"Polygon","coordinates":[[[141.5688,45.2426],[141.6762,45.2426],[141.6762,45.3327],[141.5688,45.3327],[141.5688,45.2426]]]}},{"type":"Feature","properties":{"cell_id":3969},"geometry":{"type":"Polygon","coordinates":[[[141.6762,45.2426],[141.7836,45.2426],[141.7836,45.3327],[141.6762,45.3327],[141.6762,45.2426]]]}},{"type":"Feature","properties":{"cell_id":3970},"geometry":{"type":"Polygon","coordinates":[[[141.7836,45.2426],[141.891,45.2426],[141.891,45.3327],[141.7836,45.3327],[141.7836,45.2426]]]}},{"type":"Feature","properties":{"cell_id":3971},"geometry":{"type":"Polygon","coordinates":[[[141.891,45.2426],[141.9984,45.2426],[141.9984,45.3327],[141.891,45.3327],[141.891,45.2426]]]}},{"type":"Feature","properties":{"cell_id":3972},"geometry":{"type":"Polygon","coordinates":[[[141.9984,45.2426],[142.1058,45.2426],[142.1058,45.3327],[141.9984,45.3327],[141.9984,45.2426]]]}},{"type":"Feature","properties":{"cell_id":3973},"geometry":{"type":"Polygon","coordinates":[[[142.1058,45.2426],[142.2132,45.2426],[142.2132,45.3327],[142.1058,45.3327],[142.1058,45.2426]]]}},{"type":"Feature","properties":{"cell_id":3974},"geometry":{"type":"Polygon","coordinates":[[[147.9059,45.2426],[148.0133,45.2426],[148.0133,45.3327],[147.9059,45.3327],[147.9059,45.2426]]]}},{"type":"Feature","properties":{"cell_id":3975},"geometry":{"type":"Polygon","coordinates":[[[148.3355,45.2426],[148.4429,45.2426],[148.4429,45.3327],[148.3355,45.3327],[148.3355,45.2426]]]}},{"type":"Feature","properties":{"cell_id":3976},"geometry":{"type":"Polygon","coordinates":[[[148.4429,45.2426],[148.5503,45.2426],[148.5503,45.3327],[148.4429,45.3327],[148.4429,45.2426]]]}},{"type":"Feature","properties":{"cell_id":3977},"geometry":{"type":"Polygon","coordinates":[[[141.6762,45.3327],[141.7836,45.3327],[141.7836,45.4227],[141.6762,45.4227],[141.6762,45.3327]]]}},{"type":"Feature","properties":{"cell_id":3978},"geometry":{"type":"Polygon","coordinates":[[[141.7836,45.3327],[141.891,45.3327],[141.891,45.4227],[141.7836,45.4227],[141.7836,45.3327]]]}},{"type":"Feature","properties":{"cell_id":3979},"geometry":{"type":"Polygon","coordinates":[[[141.891,45.3327],[141.9984,45.3327],[141.9984,45.4227],[141.891,45.4227],[141.891,45.3327]]]}},{"type":"Feature","properties":{"cell_id":3980},"geometry":{"type":"Polygon","coordinates":[[[141.9984,45.3327],[142.1058,45.3327],[142.1058,45.4227],[141.9984,45.4227],[141.9984,45.3327]]]}},{"type":"Feature","properties":{"cell_id":3981},"geometry":{"type":"Polygon","coordinates":[[[147.9059,45.3327],[148.0133,45.3327],[148.0133,45.4227],[147.9059,45.4227],[147.9059,45.3327]]]}},{"type":"Feature","properties":{"cell_id":3982},"geometry":{"type":"Polygon","coordinates":[[[148.4429,45.3327],[148.5503,45.3327],[148.5503,45.4227],[148.4429,45.4227],[148.4429,45.3327]]]}},{"type":"Feature","properties":{"cell_id":3983},"geometry":{"type":"Polygon","coordinates":[[[148.5503,45.3327],[148.6577,45.3327],[148.6577,45.4227],[148.5503,45.4227],[148.5503,45.3327]]]}},{"type":"Feature","properties":{"cell_id":3984},"geometry":{"type":"Polygon","coordinates":[[[148.6577,45.3327],[148.7651,45.3327],[148.7651,45.4227],[148.6577,45.4227],[148.6577,45.3327]]]}},{"type":"Feature","properties":{"cell_id":3985},"geometry":{"type":"Polygon","coordinates":[[[148.7651,45.3327],[148.8725,45.3327],[148.8725,45.4227],[148.7651,45.4227],[148.7651,45.3327]]]}},{"type":"Feature","properties":{"cell_id":3986},"geometry":{"type":"Polygon","coordinates":[[[141.891,45.4227],[141.9984,45.4227],[141.9984,45.5128],[141.891,45.5128],[141.891,45.4227]]]}},{"type":"Feature","properties":{"cell_id":3987},"geometry":{"type":"Polygon","coordinates":[[[148.5503,45.4227],[148.6577,45.4227],[148.6577,45.5128],[148.5503,45.5128],[148.5503,45.4227]]]}},{"type":"Feature","properties":{"cell_id":3988},"geometry":{"type":"Polygon","coordinates":[[[148.6577,45.4227],[148.7651,45.4227],[148.7651,45.5128],[148.6577,45.5128],[148.6577,45.4227]]]}},{"type":"Feature","properties":{"cell_id":3989},"geometry":{"type":"Polygon","coordinates":[[[148.7651,45.4227],[148.8725,45.4227],[148.8725,45.5128],[148.7651,45.5128],[148.7651,45.4227]]]}}]}