cell_id,lon,lat,pref_code
0,123.68521770788061,24.296614206809846,47
1,123.79260693103224,24.296614206809846,47
2,123.79260693103224,24.386704296899936,47
3,124.22216382363875,24.386704296899936,47
4,124.11477460048712,24.476794386990026,47
5,124.22216382363875,24.476794386990026,47
6,125.29605605515503,24.747064657260296,47
7,125.40344527830666,24.747064657260296,47
8,125.1886668320034,24.837154747350386,47
9,125.29605605515503,24.837154747350386,47
10,127.65861896449086,26.098416008611647,47
11,127.65861896449086,26.188506098701737,47
12,127.76600818764248,26.188506098701737,47
13,127.76600818764248,26.278596188791827,47
14,127.76600818764248,26.368686278881917,47
15,127.87339741079411,26.368686278881917,47
16,127.98078663394574,26.368686278881917,47
17,127.87339741079411,26.458776368972007,47
18,127.98078663394574,26.548866459062097,47
19,128.08817585709738,26.548866459062097,47
20,142.15616408996067,26.548866459062097,13
21,127.98078663394574,26.638956549152187,47
22,128.08817585709738,26.638956549152187,47
23,128.195565080249,26.638956549152187,47
24,142.15616408996067,26.638956549152187,13
25,127.76600818764248,26.729046639242277,47
26,128.195565080249,26.729046639242277,47
27,128.3029543034006,26.729046639242277,47
28,128.3029543034006,26.819136729332367,47
29,128.9472896423104,27.720037630233268,46
30,128.9472896423104,27.810127720323358,46
31,129.26945731176528,28.080397990593628,46
32,129.37684653491692,28.170488080683718,46
33,129.26945731176528,28.260578170773808,46
34,129.37684653491692,28.260578170773808,46
35,129.37684653491692,28.3506682608639,46
36,129.48423575806854,28.3506682608639,46
37,130.02118187382666,28.3506682608639,46
38,129.59162498122015,28.44075835095399,46
39,129.6990142043718,28.44075835095399,46
40,129.6990142043718,29.61192952212516,46
41,129.91379265067505,29.97228988248552,46
42,130.45073876643318,30.24256015275579,46
43,130.55812798958482,30.24256015275579,46
44,130.45073876643318,30.33265024284588,46
45,130.55812798958482,30.33265024284588,46
46,130.45073876643318,30.42274033293597,46
47,130.55812798958482,30.42274033293597,46
48,130.8802956590397,30.42274033293597,46
49,130.98768488219133,30.60292051311615,46
50,130.98768488219133,30.69301060320624,46
51,130.77290643588807,31.14346105365669,46
52,130.8802956590397,31.14346105365669,46
53,130.55812798958482,31.23355114374678,46
54,130.77290643588807,31.23355114374678,46
55,130.8802956590397,31.23355114374678,46
56,130.98768488219133,31.23355114374678,46
57,130.23596032012995,31.32364123383687,46
58,130.34334954328156,31.32364123383687,46
59,130.45073876643318,31.32364123383687,46
60,130.55812798958482,31.32364123383687,46
61,130.8802956590397,31.32364123383687,46
62,130.98768488219133,31.32364123383687,46
63,131.09507410534297,31.32364123383687,46
64,130.1285710969783,31.41373132392696,46
65,130.34334954328156,31.41373132392696,46
66,130.45073876643318,31.41373132392696,46
67,130.77290643588807,31.41373132392696,46
68,130.8802956590397,31.41373132392696,46
69,130.98768488219133,31.41373132392696,46
70,131.3098525516462,31.41373132392696,45
71,130.34334954328156,31.50382141401705,46
72,130.45073876643318,31.50382141401705,46
73,130.77290643588807,31.50382141401705,46
74,130.8802956590397,31.50382141401705,46
75,130.98768488219133,31.50382141401705,46
76,131.09507410534297,31.50382141401705,46
77,131.2024633284946,31.50382141401705,45
78,131.3098525516462,31.50382141401705,45
79,130.34334954328156,31.59391150410714,46
80,130.45073876643318,31.59391150410714,46
81,130.55812798958482,31.59391150410714,46
82,130.66551721273646,31.59391150410714,46
83,130.8802956590397,31.59391150410714,46
84,130.98768488219133,31.59391150410714,46
85,131.09507410534297,31.59391150410714,46
86,131.2024633284946,31.59391150410714,45
87,131.3098525516462,31.59391150410714,45
88,129.6990142043718,31.68400159419723,46
89,130.34334954328156,31.68400159419723,46
90,130.45073876643318,31.68400159419723,46
91,130.55812798958482,31.68400159419723,46
92,130.8802956590397,31.68400159419723,46
93,130.98768488219133,31.68400159419723,46
94,131.09507410534297,31.68400159419723,45
95,131.2024633284946,31.68400159419723,45
96,131.3098525516462,31.68400159419723,45
97,131.41724177479784,31.68400159419723,45
98,130.23596032012995,31.77409168428732,46
99,130.34334954328156,31.77409168428732,46
100,130.45073876643318,31.77409168428732,46
101,130.55812798958482,31.77409168428732,46
102,130.66551721273646,31.77409168428732,46
103,130.77290643588807,31.77409168428732,46
104,130.8802956590397,31.77409168428732,46
105,130.98768488219133,31.77409168428732,46
106,131.09507410534297,31.77409168428732,45
107,131.2024633284946,31.77409168428732,45
108,131.3098525516462,31.77409168428732,45
109,131.41724177479784,31.77409168428732,45
110,129.91379265067505,31.86418177437741,46
111,130.23596032012995,31.86418177437741,46
112,130.34334954328156,31.86418177437741,46
113,130.45073876643318,31.86418177437741,46
114,130.55812798958482,31.86418177437741,46
115,130.66551721273646,31.86418177437741,46
116,130.77290643588807,31.86418177437741,46
117,130.8802956590397,31.86418177437741,46
118,130.98768488219133,31.86418177437741,45
119,131.09507410534297,31.86418177437741,45
120,131.2024633284946,31.86418177437741,45
121,131.3098525516462,31.86418177437741,45
122,131.41724177479784,31.86418177437741,45
123,130.23596032012995,31.9542718644675,46
124,130.34334954328156,31.9542718644675,46
125,130.45073876643318,31.9542718644675,46
126,130.55812798958482,31.9542718644675,46
127,130.66551721273646,31.9542718644675,46
128,130.77290643588807,31.9542718644675,46
129,130.8802956590397,31.9542718644675,45
130,130.98768488219133,31.9542718644675,45
131,131.09507410534297,31.9542718644675,45
132,131.2024633284946,31.9542718644675,45
133,131.3098525516462,31.9542718644675,45
134,131.41724177479784,31.9542718644675,45
135,130.23596032012995,32.04436195455759,46
136,130.34334954328156,32.04436195455759,46
137,130.45073876643318,32.04436195455759,46
138,130.55812798958482,32.04436195455759,46
139,130.66551721273646,32.04436195455759,46
140,130.77290643588807,32.04436195455759,45
141,130.8802956590397,32.04436195455759,45
142,130.98768488219133,32.04436195455759,45
143,131.09507410534297,32.04436195455759,45
144,131.2024633284946,32.04436195455759,45
145,131.3098525516462,32.04436195455759,45
146,131.41724177479784,32.04436195455759,45
147,130.1285710969783,32.13445204464768,46
148,130.45073876643318,32.13445204464768,43
149,130.55812798958482,32.13445204464768,46
150,130.66551721273646,32.13445204464768,43
151,130.77290643588807,32.13445204464768,43
152,130.8802956590397,32.13445204464768,43
153,130.98768488219133,32.13445204464768,45
154,131.09507410534297,32.13445204464768,45
155,131.2024633284946,32.13445204464768,45
156,131.3098525516462,32.13445204464768,45
157,131.41724177479784,32.13445204464768,45
158,131.5246309979495,32.13445204464768,45
159,130.02118187382666,32.224542134737774,43
160,130.45073876643318,32.224542134737774,43
161,130.55812798958482,32.224542134737774,43
162,130.66551721273646,32.224542134737774,43
163,130.77290643588807,32.224542134737774,43
164,130.8802956590397,32.224542134737774,43
165,130.98768488219133,32.224542134737774,43
166,131.09507410534297,32.224542134737774,45
167,131.2024633284946,32.224542134737774,45
168,131.3098525516462,32.224542134737774,45
169,131.41724177479784,32.224542134737774,45
170,131.5246309979495,32.224542134737774,45
171,130.02118187382666,32.31463222482786,43
172,130.1285710969783,32.31463222482786,43
173,130.34334954328156,32.31463222482786,43
174,130.55812798958482,32.31463222482786,43
175,130.66551721273646,32.31463222482786,43
176,130.77290643588807,32.31463222482786,43
177,130.8802956590397,32.31463222482786,43
178,130.98768488219133,32.31463222482786,43
179,131.09507410534297,32.31463222482786,43
180,131.2024633284946,32.31463222482786,45
181,131.3098525516462,32.31463222482786,45
182,131.41724177479784,32.31463222482786,45
183,131.5246309979495,32.31463222482786,45
184,130.02118187382666,32.40472231491795,43
185,130.1285710969783,32.40472231491795,43
186,130.55812798958482,32.40472231491795,43
187,130.66551721273646,32.40472231491795,43
188,130.77290643588807,32.40472231491795,43
189,130.8802956590397,32.40472231491795,43
190,130.98768488219133,32.40472231491795,43
191,131.09507410534297,32.40472231491795,45
192,131.2024633284946,32.40472231491795,45
193,131.3098525516462,32.40472231491795,45
194,131.41724177479784,32.40472231491795,45
195,131.5246309979495,32.40472231491795,45
196,131.6320202211011,32.40472231491795,45
197,130.1285710969783,32.49481240500804,43
198,130.34334954328156,32.49481240500804,43
199,130.55812798958482,32.49481240500804,43
200,130.66551721273646,32.49481240500804,43
201,130.77290643588807,32.49481240500804,43
202,130.8802956590397,32.49481240500804,43
203,130.98768488219133,32.49481240500804,43
204,131.09507410534297,32.49481240500804,45
205,131.2024633284946,32.49481240500804,45
206,131.3098525516462,32.49481240500804,45
207,131.41724177479784,32.49481240500804,45
208,131.5246309979495,32.49481240500804,45
209,131.6320202211011,32.49481240500804,45
210,130.45073876643318,32.584902495098135,43
211,130.66551721273646,32.584902495098135,43
212,130.77290643588807,32.584902495098135,43
213,130.8802956590397,32.584902495098135,43
214,130.98768488219133,32.584902495098135,43
215,131.09507410534297,32.584902495098135,43
216,131.2024633284946,32.584902495098135,45
217,131.3098525516462,32.584902495098135,45
218,131.41724177479784,32.584902495098135,45
219,131.5246309979495,32.584902495098135,45
220,131.6320202211011,32.584902495098135,45
221,128.73251119600712,32.67499258518822,42
222,128.83990041915877,32.67499258518822,42
223,130.23596032012995,32.67499258518822,42
224,130.34334954328156,32.67499258518822,42
225,130.55812798958482,32.67499258518822,43
226,130.66551721273646,32.67499258518822,43
227,130.77290643588807,32.67499258518822,43
228,130.8802956590397,32.67499258518822,43
229,130.98768488219133,32.67499258518822,43
230,131.09507410534297,32.67499258518822,43
231,131.2024633284946,32.67499258518822,45
232,131.3098525516462,32.67499258518822,45
233,131.41724177479784,32.67499258518822,45
234,131.5246309979495,32.67499258518822,45
235,131.6320202211011,32.67499258518822,45
236,131.73940944425271,32.67499258518822,45
237,129.80640342752343,32.76508267527831,42
238,129.91379265067505,32.76508267527831,42
239,130.02118187382666,32.76508267527831,42
240,130.23596032012995,32.76508267527831,42
241,130.34334954328156,32.76508267527831,42
242,130.66551721273646,32.76508267527831,43
243,130.77290643588807,32.76508267527831,43
244,130.8802956590397,32.76508267527831,43
245,130.98768488219133,32.76508267527831,43
246,131.09507410534297,32.76508267527831,43
247,131.2024633284946,32.76508267527831,43
248,131.3098525516462,32.76508267527831,45
249,131.41724177479784,32.76508267527831,45
250,131.5246309979495,32.76508267527831,44
251,131.6320202211011,32.76508267527831,45
252,131.73940944425271,32.76508267527831,45
253,131.84679866740436,32.76508267527831,45
254,132.81330167576903,32.76508267527831,39
255,128.9472896423104,32.8551727653684,42
256,129.05467886546202,32.8551727653684,42
257,129.6990142043718,32.8551727653684,42
258,129.80640342752343,32.8551727653684,42
259,129.91379265067505,32.8551727653684,42
260,130.02118187382666,32.8551727653684,42
261,130.1285710969783,32.8551727653684,42
262,130.23596032012995,32.8551727653684,42
263,130.55812798958482,32.8551727653684,43
264,130.66551721273646,32.8551727653684,43
265,130.77290643588807,32.8551727653684,43
266,130.8802956590397,32.8551727653684,43
267,130.98768488219133,32.8551727653684,43
268,131.09507410534297,32.8551727653684,43
269,131.2024633284946,32.8551727653684,43
270,131.3098525516462,32.8551727653684,44
271,131.41724177479784,32.8551727653684,44
272,131.5246309979495,32.8551727653684,44
273,131.6320202211011,32.8551727653684,44
274,131.73940944425271,32.8551727653684,44
275,131.84679866740436,32.8551727653684,44
276,131.954187890556,32.8551727653684,44
277,132.70591245261738,32.8551727653684,39
278,132.81330167576903,32.8551727653684,39
279,132.92069089892064,32.8551727653684,39
280,129.05467886546202,32.945262855458495,42
281,129.6990142043718,32.945262855458495,42
282,129.80640342752343,32.945262855458495,42
283,130.02118187382666,32.945262855458495,42
284,130.1285710969783,32.945262855458495,42
285,130.45073876643318,32.945262855458495,43
286,130.55812798958482,32.945262855458495,43
287,130.66551721273646,32.945262855458495,43
288,130.77290643588807,32.945262855458495,43
289,130.8802956590397,32.945262855458495,43
290,130.98768488219133,32.945262855458495,43
291,131.09507410534297,32.945262855458495,43
292,131.2024633284946,32.945262855458495,43
293,131.3098525516462,32.945262855458495,44
294,131.41724177479784,32.945262855458495,44
295,131.5246309979495,32.945262855458495,44
296,131.6320202211011,32.945262855458495,44
297,131.73940944425271,32.945262855458495,44
298,131.84679866740436,32.945262855458495,44
299,131.954187890556,32.945262855458495,44
300,132.0615771137076,32.945262855458495,44
301,132.59852322946574,32.945262855458495,38
302,132.70591245261738,32.945262855458495,39
303,132.81330167576903,32.945262855458495,39
304,132.92069089892064,32.945262855458495,39
305,129.05467886546202,33.03535294554858,42
306,129.59162498122015,33.03535294554858,42
307,129.6990142043718,33.03535294554858,42
308,129.91379265067505,33.03535294554858,42
309,130.02118187382666,33.03535294554858,41
310,130.1285710969783,33.03535294554858,41
311,130.45073876643318,33.03535294554858,40
312,130.55812798958482,33.03535294554858,43
313,130.66551721273646,33.03535294554858,43
314,130.77290643588807,33.03535294554858,43
315,130.8802956590397,33.03535294554858,43
316,130.98768488219133,33.03535294554858,44
317,131.09507410534297,33.03535294554858,43
318,131.2024633284946,33.03535294554858,43
319,131.3098525516462,33.03535294554858,44
320,131.41724177479784,33.03535294554858,44
321,131.5246309979495,33.03535294554858,44
322,131.6320202211011,33.03535294554858,44
323,131.73940944425271,33.03535294554858,44
324,131.84679866740436,33.03535294554858,44
325,132.49113400631413,33.03535294554858,38
326,132.59852322946574,33.03535294554858,38
327,132.70591245261738,33.03535294554858,39
328,132.81330167576903,33.03535294554858,39
329,132.92069089892064,33.03535294554858,39
330,133.02808012207225,33.03535294554858,39
331,129.6990142043718,33.12544303563867,42
332,129.80640342752343,33.12544303563867,42
333,129.91379265067505,33.12544303563867,42
334,130.02118187382666,33.12544303563867,41
335,130.45073876643318,33.12544303563867,40
336,130.55812798958482,33.12544303563867,40
337,130.66551721273646,33.12544303563867,43
338,130.77290643588807,33.12544303563867,40
339,130.8802956590397,33.12544303563867,44
340,130.98768488219133,33.12544303563867,44
341,131.09507410534297,33.12544303563867,43
342,131.2024633284946,33.12544303563867,44
343,131.3098525516462,33.12544303563867,44
344,131.41724177479784,33.12544303563867,44
345,131.5246309979495,33.12544303563867,44
346,131.6320202211011,33.12544303563867,44
347,131.73940944425271,33.12544303563867,44
348,132.59852322946574,33.12544303563867,38
349,132.70591245261738,33.12544303563867,39
350,132.81330167576903,33.12544303563867,39
351,132.92069089892064,33.12544303563867,39
352,133.02808012207225,33.12544303563867,39
353,133.1354693452239,33.12544303563867,39
354,139.68621195747323,33.12544303563867,13
355,139.79360118062485,33.12544303563867,13
356,129.05467886546202,33.21553312572876,42
357,129.59162498122015,33.21553312572876,42
358,129.6990142043718,33.21553312572876,42
359,129.80640342752343,33.21553312572876,42
360,129.91379265067505,33.21553312572876,41
361,130.02118187382666,33.21553312572876,41
362,130.1285710969783,33.21553312572876,41
363,130.23596032012995,33.21553312572876,41
364,130.34334954328156,33.21553312572876,41
365,130.45073876643318,33.21553312572876,40
366,130.55812798958482,33.21553312572876,40
367,130.66551721273646,33.21553312572876,40
368,130.77290643588807,33.21553312572876,40
369,130.8802956590397,33.21553312572876,44
370,130.98768488219133,33.21553312572876,44
371,131.09507410534297,33.21553312572876,44
372,131.2024633284946,33.21553312572876,44
373,131.3098525516462,33.21553312572876,44
374,131.41724177479784,33.21553312572876,44
375,131.5246309979495,33.21553312572876,44
376,131.6320202211011,33.21553312572876,44
377,131.73940944425271,33.21553312572876,44
378,131.84679866740436,33.21553312572876,44
379,132.59852322946574,33.21553312572876,38
380,132.70591245261738,33.21553312572876,38
381,132.81330167576903,33.21553312572876,39
382,132.92069089892064,33.21553312572876,39
383,133.02808012207225,33.21553312572876,39
384,133.1354693452239,33.21553312572876,39
385,129.48423575806854,33.305623215818855,42
386,129.59162498122015,33.305623215818855,42
387,129.6990142043718,33.305623215818855,42
388,129.80640342752343,33.305623215818855,41
389,129.91379265067505,33.305623215818855,41
390,130.02118187382666,33.305623215818855,41
391,130.1285710969783,33.305623215818855,41
392,130.23596032012995,33.305623215818855,41
393,130.34334954328156,33.305623215818855,41
394,130.45073876643318,33.305623215818855,41
395,130.55812798958482,33.305623215818855,40
396,130.66551721273646,33.305623215818855,40
397,130.77290643588807,33.305623215818855,40
398,130.8802956590397,33.305623215818855,44
399,130.98768488219133,33.305623215818855,44
400,131.09507410534297,33.305623215818855,44
401,131.2024633284946,33.305623215818855,44
402,131.3098525516462,33.305623215818855,44
403,131.41724177479784,33.305623215818855,44
404,132.59852322946574,33.305623215818855,38
405,132.70591245261738,33.305623215818855,38
406,132.81330167576903,33.305623215818855,38
407,132.92069089892064,33.305623215818855,39
408,133.02808012207225,33.305623215818855,39
409,133.1354693452239,33.305623215818855,39
410,133.24285856837554,33.305623215818855,39
411,129.91379265067505,33.39571330590894,41
412,130.02118187382666,33.39571330590894,41
413,130.1285710969783,33.39571330590894,41
414,130.23596032012995,33.39571330590894,41
415,130.34334954328156,33.39571330590894,41
416,130.45073876643318,33.39571330590894,41
417,130.55812798958482,33.39571330590894,40
418,130.66551721273646,33.39571330590894,40
419,130.77290643588807,33.39571330590894,40
420,130.8802956590397,33.39571330590894,40
421,130.98768488219133,33.39571330590894,44
422,131.09507410534297,33.39571330590894,44
423,131.2024633284946,33.39571330590894,44
424,131.3098525516462,33.39571330590894,44
425,131.41724177479784,33.39571330590894,44
426,131.5246309979495,33.39571330590894,44
427,131.6320202211011,33.39571330590894,44
428,132.49113400631413,33.39571330590894,38
429,132.59852322946574,33.39571330590894,38
430,132.70591245261738,33.39571330590894,38
431,132.81330167576903,33.39571330590894,38
432,132.92069089892064,33.39571330590894,39
433,133.02808012207225,33.39571330590894,39
434,133.1354693452239,33.39571330590894,39
435,133.24285856837554,33.39571330590894,39
436,134.10197235358856,33.39571330590894,39
437,134.20936157674018,33.39571330590894,39
438,129.91379265067505,33.48580339599903,41
439,130.1285710969783,33.48580339599903,40
440,130.23596032012995,33.48580339599903,40
441,130.34334954328156,33.48580339599903,40
442,130.45073876643318,33.48580339599903,40
443,130.55812798958482,33.48580339599903,40
444,130.66551721273646,33.48580339599903,40
445,130.77290643588807,33.48580339599903,40
446,130.8802956590397,33.48580339599903,40
447,130.98768488219133,33.48580339599903,44
448,131.09507410534297,33.48580339599903,44
449,131.2024633284946,33.48580339599903,44
450,131.3098525516462,33.48580339599903,44
451,131.41724177479784,33.48580339599903,44
452,131.5246309979495,33.48580339599903,44
453,131.6320202211011,33.48580339599903,44
454,132.3837447831625,33.48580339599903,38
455,132.49113400631413,33.48580339599903,38
456,132.59852322946574,33.48580339599903,38
457,132.70591245261738,33.48580339599903,38
458,132.81330167576903,33.48580339599903,38
459,132.92069089892064,33.48580339599903,38
460,133.02808012207225,33.48580339599903,39
461,133.1354693452239,33.48580339599903,39
462,133.24285856837554,33.48580339599903,39
463,133.35024779152715,33.48580339599903,39
464,133.45763701467877,33.48580339599903,39
465,133.99458313043692,33.48580339599903,39
466,134.10197235358856,33.48580339599903,39
467,134.20936157674018,33.48580339599903,39
468,135.71281070086297,33.48580339599903,30
469,130.1285710969783,33.57589348608912,40
470,130.23596032012995,33.57589348608912,40
471,130.34334954328156,33.57589348608912,40
472,130.45073876643318,33.57589348608912,40
473,130.55812798958482,33.57589348608912,40
474,130.66551721273646,33.57589348608912,40
475,130.77290643588807,33.57589348608912,40
476,130.8802956590397,33.57589348608912,40
477,130.98768488219133,33.57589348608912,40
478,131.09507410534297,33.57589348608912,40
479,131.2024633284946,33.57589348608912,44
480,131.3098525516462,33.57589348608912,44
481,131.5246309979495,33.57589348608912,44
482,131.6320202211011,33.57589348608912,44
483,132.49113400631413,33.57589348608912,38
484,132.59852322946574,33.57589348608912,38
485,132.70591245261738,33.57589348608912,38
486,132.81330167576903,33.57589348608912,38
487,132.92069089892064,33.57589348608912,38
488,133.02808012207225,33.57589348608912,38
489,133.1354693452239,33.57589348608912,39
490,133.24285856837554,33.57589348608912,39
491,133.35024779152715,33.57589348608912,39
492,133.45763701467877,33.57589348608912,39
493,133.5650262378304,33.57589348608912,39
494,133.67241546098205,33.57589348608912,39
495,133.77980468413367,33.57589348608912,39
496,133.88719390728528,33.57589348608912,39
497,133.99458313043692,33.57589348608912,39
498,134.10197235358856,33.57589348608912,39
499,134.20936157674018,33.57589348608912,36
500,135.49803225455972,33.57589348608912,30
501,135.60542147771133,33.57589348608912,30
502,135.71281070086297,33.57589348608912,30
503,135.82019992401462,33.57589348608912,30
504,130.45073876643318,33.665983576179215,40
505,130.55812798958482,33.665983576179215,40
506,130.66551721273646,33.665983576179215,40
507,130.77290643588807,33.665983576179215,40
508,130.8802956590397,33.665983576179215,40
509,130.98768488219133,33.665983576179215,40
510,131.5246309979495,33.665983576179215,44
511,131.6320202211011,33.665983576179215,44
512,132.70591245261738,33.665983576179215,38
513,132.81330167576903,33.665983576179215,38
514,132.92069089892064,33.665983576179215,38
515,133.02808012207225,33.665983576179215,38
516,133.1354693452239,33.665983576179215,39
517,133.24285856837554,33.665983576179215,39
518,133.35024779152715,33.665983576179215,39
519,133.45763701467877,33.665983576179215,39
520,133.5650262378304,33.665983576179215,39
521,133.67241546098205,33.665983576179215,39
522,133.77980468413367,33.665983576179215,39
523,133.88719390728528,33.665983576179215,39
524,133.99458313043692,33.665983576179215,39
525,134.10197235358856,33.665983576179215,39
526,134.20936157674018,33.665983576179215,36
527,134.3167507998918,33.665983576179215,36
528,134.42414002304344,33.665983576179215,36
529,135.3906430314081,33.665983576179215,30
530,135.49803225455972,33.665983576179215,30
531,135.60542147771133,33.665983576179215,30
532,135.71281070086297,33.665983576179215,30
533,135.82019992401462,33.665983576179215,30
534,135.92758914716623,33.665983576179215,30
535,129.6990142043718,33.7560736662693,42
536,130.55812798958482,33.7560736662693,40
537,130.66551721273646,33.7560736662693,40
538,130.77290643588807,33.7560736662693,40
539,130.8802956590397,33.7560736662693,40
540,130.98768488219133,33.7560736662693,40
541,132.70591245261738,33.7560736662693,38
542,132.81330167576903,33.7560736662693,38
543,132.92069089892064,33.7560736662693,38
544,133.02808012207225,33.7560736662693,38
545,133.1354693452239,33.7560736662693,38
546,133.24285856837554,33.7560736662693,39
547,133.35024779152715,33.7560736662693,39
548,133.45763701467877,33.7560736662693,39
549,133.5650262378304,33.7560736662693,39
550,133.67241546098205,33.7560736662693,39
551,133.77980468413367,33.7560736662693,39
552,133.88719390728528,33.7560736662693,39
553,133.99458313043692,33.7560736662693,39
554,134.10197235358856,33.7560736662693,36
555,134.20936157674018,33.7560736662693,36
556,134.3167507998918,33.7560736662693,36
557,134.42414002304344,33.7560736662693,36
558,134.53152924619508,33.7560736662693,36
559,135.3906430314081,33.7560736662693,30
560,135.49803225455972,33.7560736662693,30
561,135.60542147771133,33.7560736662693,30
562,135.71281070086297,33.7560736662693,30
563,135.82019992401462,33.7560736662693,30
564,135.92758914716623,33.7560736662693,24
565,129.6990142043718,33.84616375635939,42
566,130.55812798958482,33.84616375635939,40
567,130.66551721273646,33.84616375635939,40
568,130.77290643588807,33.84616375635939,40
569,130.8802956590397,33.84616375635939,40
570,132.70591245261738,33.84616375635939,38
571,132.81330167576903,33.84616375635939,38
572,132.92069089892064,33.84616375635939,38
573,133.02808012207225,33.84616375635939,38
574,133.1354693452239,33.84616375635939,38
575,133.24285856837554,33.84616375635939,38
576,133.35024779152715,33.84616375635939,38
577,133.45763701467877,33.84616375635939,38
578,133.5650262378304,33.84616375635939,39
579,133.67241546098205,33.84616375635939,39
580,133.77980468413367,33.84616375635939,36
581,133.88719390728528,33.84616375635939,36
582,133.99458313043692,33.84616375635939,36
583,134.10197235358856,33.84616375635939,36
584,134.20936157674018,33.84616375635939,36
585,134.3167507998918,33.84616375635939,36
586,134.42414002304344,33.84616375635939,36
587,134.53152924619508,33.84616375635939,36
588,134.6389184693467,33.84616375635939,36
589,135.17586458510482,33.84616375635939,30
590,135.28325380825646,33.84616375635939,30
591,135.3906430314081,33.84616375635939,30
592,135.49803225455972,33.84616375635939,30
593,135.60542147771133,33.84616375635939,30
594,135.71281070086297,33.84616375635939,30
595,135.82019992401462,33.84616375635939,30
596,135.92758914716623,33.84616375635939,24
597,136.03497837031784,33.84616375635939,24
598,130.98768488219133,33.93625384644948,40
599,132.0615771137076,33.93625384644948,35
600,132.27635556001087,33.93625384644948,35
601,132.81330167576903,33.93625384644948,38
602,132.92069089892064,33.93625384644948,38
603,133.02808012207225,33.93625384644948,38
604,133.24285856837554,33.93625384644948,38
605,133.35024779152715,33.93625384644948,38
606,133.45763701467877,33.93625384644948,38
607,133.5650262378304,33.93625384644948,38
608,133.67241546098205,33.93625384644948,38
609,133.77980468413367,33.93625384644948,36
610,133.88719390728528,33.93625384644948,36
611,133.99458313043692,33.93625384644948,36
612,134.10197235358856,33.93625384644948,36
613,134.20936157674018,33.93625384644948,36
614,134.3167507998918,33.93625384644948,36
615,134.42414002304344,33.93625384644948,36
616,134.53152924619508,33.93625384644948,36
617,134.6389184693467,33.93625384644948,36
618,135.17586458510482,33.93625384644948,30
619,135.28325380825646,33.93625384644948,30
620,135.3906430314081,33.93625384644948,30
621,135.49803225455972,33.93625384644948,30
622,135.60542147771133,33.93625384644948,30
623,135.71281070086297,33.93625384644948,29
624,135.82019992401462,33.93625384644948,29
625,135.92758914716623,33.93625384644948,30
626,136.03497837031784,33.93625384644948,24
627,136.1423675934695,33.93625384644948,24
628,130.98768488219133,34.026343936539575,35
629,131.2024633284946,34.026343936539575,35
630,131.3098525516462,34.026343936539575,35
631,131.41724177479784,34.026343936539575,35
632,131.5246309979495,34.026343936539575,35
633,131.73940944425271,34.026343936539575,35
634,131.84679866740436,34.026343936539575,35
635,131.954187890556,34.026343936539575,35
636,132.0615771137076,34.026343936539575,35
637,132.16896633685923,34.026343936539575,35
638,132.92069089892064,34.026343936539575,38
639,133.02808012207225,34.026343936539575,38
640,133.67241546098205,34.026343936539575,37
641,133.77980468413367,34.026343936539575,36
642,133.88719390728528,34.026343936539575,36
643,133.99458313043692,34.026343936539575,36
644,134.10197235358856,34.026343936539575,36
645,134.20936157674018,34.026343936539575,36
646,134.3167507998918,34.026343936539575,36
647,134.42414002304344,34.026343936539575,36
648,134.53152924619508,34.026343936539575,36
649,135.17586458510482,34.026343936539575,30
650,135.28325380825646,34.026343936539575,30
651,135.3906430314081,34.026343936539575,30
652,135.49803225455972,34.026343936539575,30
653,135.60542147771133,34.026343936539575,29
654,135.71281070086297,34.026343936539575,29
655,135.82019992401462,34.026343936539575,29
656,135.92758914716623,34.026343936539575,29
657,136.03497837031784,34.026343936539575,24
658,136.1423675934695,34.026343936539575,24
659,136.24975681662113,34.026343936539575,24
660,130.8802956590397,34.11643402662966,35
661,130.98768488219133,34.11643402662966,35
662,131.09507410534297,34.11643402662966,35
663,131.2024633284946,34.11643402662966,35
664,131.3098525516462,34.11643402662966,35
665,131.41724177479784,34.11643402662966,35
666,131.5246309979495,34.11643402662966,35
667,131.6320202211011,34.11643402662966,35
668,131.73940944425271,34.11643402662966,35
669,131.84679866740436,34.11643402662966,35
670,131.954187890556,34.11643402662966,35
671,132.0615771137076,34.11643402662966,35
672,132.16896633685923,34.11643402662966,35
673,132.49113400631413,34.11643402662966,34
674,132.92069089892064,34.11643402662966,38
675,133.02808012207225,34.11643402662966,38
676,133.67241546098205,34.11643402662966,37
677,133.77980468413367,34.11643402662966,37
678,133.88719390728528,34.11643402662966,37
679,133.99458313043692,34.11643402662966,37
680,134.10197235358856,34.11643402662966,37
681,134.20936157674018,34.11643402662966,36
682,134.3167507998918,34.11643402662966,36
683,134.42414002304344,34.11643402662966,36
684,134.53152924619508,34.11643402662966,36
685,135.17586458510482,34.11643402662966,30
686,135.28325380825646,34.11643402662966,30
687,135.3906430314081,34.11643402662966,30
688,135.49803225455972,34.11643402662966,30
689,135.60542147771133,34.11643402662966,29
690,135.71281070086297,34.11643402662966,29
691,135.82019992401462,34.11643402662966,29
692,135.92758914716623,34.11643402662966,29
693,136.03497837031784,34.11643402662966,29
694,136.1423675934695,34.11643402662966,24
695,136.24975681662113,34.11643402662966,24
696,129.26945731176528,34.20652411671975,42
697,130.98768488219133,34.20652411671975,35
698,131.09507410534297,34.20652411671975,35
699,131.2024633284946,34.20652411671975,35
700,131.3098525516462,34.20652411671975,35
701,131.41724177479784,34.20652411671975,35
702,131.5246309979495,34.20652411671975,35
703,131.6320202211011,34.20652411671975,35
704,131.73940944425271,34.20652411671975,35
705,131.84679866740436,34.20652411671975,35
706,131.954187890556,34.20652411671975,35
707,132.0615771137076,34.20652411671975,35
708,132.16896633685923,34.20652411671975,35
709,133.67241546098205,34.20652411671975,37
710,133.77980468413367,34.20652411671975,37
711,133.88719390728528,34.20652411671975,37
712,133.99458313043692,34.20652411671975,37
713,134.10197235358856,34.20652411671975,37
714,134.20936157674018,34.20652411671975,37
715,134.3167507998918,34.20652411671975,37
716,134.42414002304344,34.20652411671975,37
717,134.53152924619508,34.20652411671975,36
718,134.7463076924983,34.20652411671975,28
719,135.17586458510482,34.20652411671975,30
720,135.28325380825646,34.20652411671975,30
721,135.3906430314081,34.20652411671975,30
722,135.49803225455972,34.20652411671975,30
723,135.60542147771133,34.20652411671975,30
724,135.71281070086297,34.20652411671975,29
725,135.82019992401462,34.20652411671975,29
726,135.92758914716623,34.20652411671975,29
727,136.03497837031784,34.20652411671975,29
728,136.1423675934695,34.20652411671975,24
729,136.24975681662113,34.20652411671975,24
730,136.35714603977274,34.20652411671975,24
731,139.14926584171508,34.20652411671975,13
732,129.26945731176528,34.29661420680984,42
733,129.37684653491692,34.29661420680984,42
734,130.98768488219133,34.29661420680984,35
735,131.09507410534297,34.29661420680984,35
736,131.2024633284946,34.29661420680984,35
737,131.3098525516462,34.29661420680984,35
738,131.41724177479784,34.29661420680984,35
739,131.5246309979495,34.29661420680984,35
740,131.6320202211011,34.29661420680984,35
741,131.73940944425271,34.29661420680984,35
742,131.84679866740436,34.29661420680984,35
743,131.954187890556,34.29661420680984,35
744,132.0615771137076,34.29661420680984,35
745,132.16896633685923,34.29661420680984,34
746,132.27635556001087,34.29661420680984,34
747,132.59852322946574,34.29661420680984,34
748,132.70591245261738,34.29661420680984,34
749,133.1354693452239,34.29661420680984,34
750,133.77980468413367,34.29661420680984,37
751,133.88719390728528,34.29661420680984,37
752,133.99458313043692,34.29661420680984,37
753,134.10197235358856,34.29661420680984,37
754,134.20936157674018,34.29661420680984,37
755,134.7463076924983,34.29661420680984,28
756,134.85369691564995,34.29661420680984,28
757,135.17586458510482,34.29661420680984,27
758,135.28325380825646,34.29661420680984,30
759,135.3906430314081,34.29661420680984,30
760,135.49803225455972,34.29661420680984,30
761,135.60542147771133,34.29661420680984,30
762,135.71281070086297,34.29661420680984,29
763,135.82019992401462,34.29661420680984,29
764,135.92758914716623,34.29661420680984,29
765,136.03497837031784,34.29661420680984,29
766,136.1423675934695,34.29661420680984,24
767,136.24975681662113,34.29661420680984,24
768,136.35714603977274,34.29661420680984,24
769,136.46453526292436,34.29661420680984,24
770,136.571924486076,34.29661420680984,24
771,136.78670293237926,34.29661420680984,24
772,129.26945731176528,34.386704296899936,42
773,131.09507410534297,34.386704296899936,35
774,131.2024633284946,34.386704296899936,35
775,131.3098525516462,34.386704296899936,35
776,131.41724177479784,34.386704296899936,35
777,131.5246309979495,34.386704296899936,35
778,131.6320202211011,34.386704296899936,35
779,131.73940944425271,34.386704296899936,35
780,131.84679866740436,34.386704296899936,32
781,131.954187890556,34.386704296899936,32
782,132.0615771137076,34.386704296899936,35
783,132.16896633685923,34.386704296899936,34
784,132.27635556001087,34.386704296899936,34
785,132.3837447831625,34.386704296899936,34
786,132.49113400631413,34.386704296899936,34
787,132.59852322946574,34.386704296899936,34
788,132.70591245261738,34.386704296899936,34
789,132.81330167576903,34.386704296899936,34
790,132.92069089892064,34.386704296899936,34
791,133.02808012207225,34.386704296899936,34
792,133.1354693452239,34.386704296899936,34
793,133.35024779152715,34.386704296899936,34
794,133.77980468413367,34.386704296899936,37
795,134.85369691564995,34.386704296899936,28
796,135.28325380825646,34.386704296899936,27
797,135.3906430314081,34.386704296899936,27
798,135.49803225455972,34.386704296899936,27
799,135.60542147771133,34.386704296899936,27
800,135.71281070086297,34.386704296899936,29
801,135.82019992401462,34.386704296899936,29
802,135.92758914716623,34.386704296899936,29
803,136.03497837031784,34.386704296899936,29
804,136.1423675934695,34.386704296899936,24
805,136.24975681662113,34.386704296899936,24
806,136.35714603977274,34.386704296899936,24
807,136.46453526292436,34.386704296899936,24
808,136.571924486076,34.386704296899936,24
809,136.67931370922764,34.386704296899936,24
810,136.78670293237926,34.386704296899936,24
811,139.25665506486672,34.386704296899936,13
812,129.37684653491692,34.47679438699002,42
813,131.5246309979495,34.47679438699002,35
814,131.6320202211011,34.47679438699002,35
815,131.73940944425271,34.47679438699002,32
816,131.84679866740436,34.47679438699002,32
817,131.954187890556,34.47679438699002,32
818,132.0615771137076,34.47679438699002,32
819,132.16896633685923,34.47679438699002,34
820,132.27635556001087,34.47679438699002,34
821,132.3837447831625,34.47679438699002,34
822,132.49113400631413,34.47679438699002,34
823,132.59852322946574,34.47679438699002,34
824,132.70591245261738,34.47679438699002,34
825,132.81330167576903,34.47679438699002,34
826,132.92069089892064,34.47679438699002,34
827,133.02808012207225,34.47679438699002,34
828,133.1354693452239,34.47679438699002,34
829,133.24285856837554,34.47679438699002,34
830,133.35024779152715,34.47679438699002,34
831,133.45763701467877,34.47679438699002,33
832,133.5650262378304,34.47679438699002,33
833,133.77980468413367,34.47679438699002,33
834,133.88719390728528,34.47679438699002,33
835,133.99458313043692,34.47679438699002,37
836,134.3167507998918,34.47679438699002,37
837,134.85369691564995,34.47679438699002,28
838,135.3906430314081,34.47679438699002,27
839,135.49803225455972,34.47679438699002,27
840,135.60542147771133,34.47679438699002,27
841,135.71281070086297,34.47679438699002,29
842,135.82019992401462,34.47679438699002,29
843,135.92758914716623,34.47679438699002,29
844,136.03497837031784,34.47679438699002,29
845,136.1423675934695,34.47679438699002,29
846,136.24975681662113,34.47679438699002,24
847,136.35714603977274,34.47679438699002,24
848,136.46453526292436,34.47679438699002,24
849,136.571924486076,34.47679438699002,24
850,136.67931370922764,34.47679438699002,24
851,136.78670293237926,34.47679438699002,24
852,129.37684653491692,34.56688447708011,42
853,131.6320202211011,34.56688447708011,35
854,131.73940944425271,34.56688447708011,32
855,131.84679866740436,34.56688447708011,32
856,131.954187890556,34.56688447708011,32
857,132.0615771137076,34.56688447708011,32
858,132.16896633685923,34.56688447708011,34
859,132.27635556001087,34.56688447708011,34
860,132.3837447831625,34.56688447708011,34
861,132.49113400631413,34.56688447708011,34
862,132.59852322946574,34.56688447708011,34
863,132.70591245261738,34.56688447708011,34
864,132.81330167576903,34.56688447708011,34
865,132.92069089892064,34.56688447708011,34
866,133.02808012207225,34.56688447708011,34
867,133.1354693452239,34.56688447708011,34
868,133.24285856837554,34.56688447708011,34
869,133.35024779152715,34.56688447708011,34
870,133.45763701467877,34.56688447708011,33
871,133.5650262378304,34.56688447708011,33
872,133.67241546098205,34.56688447708011,33
873,133.77980468413367,34.56688447708011,33
874,133.88719390728528,34.56688447708011,33
875,133.99458313043692,34.56688447708011,33
876,134.9610861388016,34.56688447708011,28
877,135.49803225455972,34.56688447708011,27
878,135.60542147771133,34.56688447708011,27
879,135.71281070086297,34.56688447708011,29
880,135.82019992401462,34.56688447708011,29
881,135.92758914716623,34.56688447708011,29
882,136.03497837031784,34.56688447708011,29
883,136.1423675934695,34.56688447708011,24
884,136.24975681662113,34.56688447708011,24
885,136.35714603977274,34.56688447708011,24
886,136.46453526292436,34.56688447708011,24
887,136.571924486076,34.56688447708011,24
888,131.6320202211011,34.6569745671702,35
889,131.73940944425271,34.6569745671702,32
890,131.84679866740436,34.6569745671702,32
891,131.954187890556,34.6569745671702,32
892,132.0615771137076,34.6569745671702,32
893,132.16896633685923,34.6569745671702,34
894,132.27635556001087,34.6569745671702,34
895,132.3837447831625,34.6569745671702,34
896,132.49113400631413,34.6569745671702,34
897,132.59852322946574,34.6569745671702,34
898,132.70591245261738,34.6569745671702,34
899,132.81330167576903,34.6569745671702,34
900,132.92069089892064,34.6569745671702,34
901,133.02808012207225,34.6569745671702,34
902,133.1354693452239,34.6569745671702,34
903,133.24285856837554,34.6569745671702,34
904,133.35024779152715,34.6569745671702,34
905,133.45763701467877,34.6569745671702,33
906,133.5650262378304,34.6569745671702,33
907,133.67241546098205,34.6569745671702,33
908,133.77980468413367,34.6569745671702,33
909,133.88719390728528,34.6569745671702,33
910,133.99458313043692,34.6569745671702,33
911,134.10197235358856,34.6569745671702,33
912,134.9610861388016,34.6569745671702,28
913,135.0684753619532,34.6569745671702,28
914,135.17586458510482,34.6569745671702,28
915,135.3906430314081,34.6569745671702,27
916,135.49803225455972,34.6569745671702,27
917,135.60542147771133,34.6569745671702,27
918,135.71281070086297,34.6569745671702,29
919,135.82019992401462,34.6569745671702,29
920,135.92758914716623,34.6569745671702,29
921,136.03497837031784,34.6569745671702,29
922,136.1423675934695,34.6569745671702,24
923,136.24975681662113,34.6569745671702,24
924,136.35714603977274,34.6569745671702,24
925,136.46453526292436,34.6569745671702,24
926,137.21625982498577,34.6569745671702,23
927,137.32364904813738,34.6569745671702,23
928,137.7532059407439,34.6569745671702,22
929,138.0753736101988,34.6569745671702,22
930,138.1827628333504,34.6569745671702,22
931,138.8270981722602,34.6569745671702,22
932,131.954187890556,34.747064657260296,32
933,132.0615771137076,34.747064657260296,32
934,132.16896633685923,34.747064657260296,32
935,132.27635556001087,34.747064657260296,34
936,132.3837447831625,34.747064657260296,34
937,132.49113400631413,34.747064657260296,34
938,132.59852322946574,34.747064657260296,34
939,132.70591245261738,34.747064657260296,34
940,132.81330167576903,34.747064657260296,34
941,132.92069089892064,34.747064657260296,34
942,133.02808012207225,34.747064657260296,34
943,133.1354693452239,34.747064657260296,34
944,133.24285856837554,34.747064657260296,34
945,133.35024779152715,34.747064657260296,34
946,133.45763701467877,34.747064657260296,33
947,133.5650262378304,34.747064657260296,33
948,133.67241546098205,34.747064657260296,33
949,133.77980468413367,34.747064657260296,33
950,133.88719390728528,34.747064657260296,33
951,133.99458313043692,34.747064657260296,33
952,134.10197235358856,34.747064657260296,33
953,134.20936157674018,34.747064657260296,33
954,134.3167507998918,34.747064657260296,28
955,134.42414002304344,34.747064657260296,28
956,134.85369691564995,34.747064657260296,28
957,134.9610861388016,34.747064657260296,28
958,135.0684753619532,34.747064657260296,28
959,135.17586458510482,34.747064657260296,28
960,135.28325380825646,34.747064657260296,28
961,135.3906430314081,34.747064657260296,28
962,135.49803225455972,34.747064657260296,27
963,135.60542147771133,34.747064657260296,27
964,135.71281070086297,34.747064657260296,29
965,135.82019992401462,34.747064657260296,26
966,135.92758914716623,34.747064657260296,26
967,136.03497837031784,34.747064657260296,26
968,136.1423675934695,34.747064657260296,24
969,136.24975681662113,34.747064657260296,24
970,136.35714603977274,34.747064657260296,24
971,136.46453526292436,34.747064657260296,24
972,136.89409215553087,34.747064657260296,23
973,137.32364904813738,34.747064657260296,23
974,137.43103827128903,34.747064657260296,23
975,137.53842749444067,34.747064657260296,22
976,137.64581671759228,34.747064657260296,22
977,137.7532059407439,34.747064657260296,22
978,137.86059516389554,34.747064657260296,22
979,137.96798438704718,34.747064657260296,22
980,138.0753736101988,34.747064657260296,22
981,138.1827628333504,34.747064657260296,22
982,138.8270981722602,34.747064657260296,22
983,138.93448739541182,34.747064657260296,22
984,139.36404428801833,34.747064657260296,13
985,132.0615771137076,34.83715474735038,32
986,132.16896633685923,34.83715474735038,32
987,132.27635556001087,34.83715474735038,32
988,132.3837447831625,34.83715474735038,32
989,132.49113400631413,34.83715474735038,32
990,132.59852322946574,34.83715474735038,32
991,132.70591245261738,34.83715474735038,34
992,132.81330167576903,34.83715474735038,34
993,132.92069089892064,34.83715474735038,34
994,133.02808012207225,34.83715474735038,34
995,133.1354693452239,34.83715474735038,34
996,133.24285856837554,34.83715474735038,34
997,133.35024779152715,34.83715474735038,33
998,133.45763701467877,34.83715474735038,33
999,133.5650262378304,34.83715474735038,33
1000,133.67241546098205,34.83715474735038,33
1001,133.77980468413367,34.83715474735038,33
1002,133.88719390728528,34.83715474735038,33
1003,133.99458313043692,34.83715474735038,33
1004,134.10197235358856,34.83715474735038,33
1005,134.20936157674018,34.83715474735038,33
1006,134.3167507998918,34.83715474735038,28
1007,134.42414002304344,34.83715474735038,28
1008,134.53152924619508,34.83715474735038,28
1009,134.6389184693467,34.83715474735038,28
1010,134.7463076924983,34.83715474735038,28
1011,134.85369691564995,34.83715474735038,28
1012,134.9610861388016,34.83715474735038,28
1013,135.0684753619532,34.83715474735038,28
1014,135.17586458510482,34.83715474735038,28
1015,135.28325380825646,34.83715474735038,28
1016,135.3906430314081,34.83715474735038,28
1017,135.49803225455972,34.83715474735038,27
1018,135.60542147771133,34.83715474735038,27
1019,135.71281070086297,34.83715474735038,27
1020,135.82019992401462,34.83715474735038,26
1021,135.92758914716623,34.83715474735038,26
1022,136.03497837031784,34.83715474735038,25
1023,136.1423675934695,34.83715474735038,24
1024,136.24975681662113,34.83715474735038,24
1025,136.35714603977274,34.83715474735038,24
1026,136.46453526292436,34.83715474735038,24
1027,136.571924486076,34.83715474735038,24
1028,136.89409215553087,34.83715474735038,23
1029,137.0014813786825,34.83715474735038,23
1030,137.10887060183416,34.83715474735038,23
1031,137.21625982498577,34.83715474735038,23
1032,137.32364904813738,34.83715474735038,23
1033,137.43103827128903,34.83715474735038,23
1034,137.53842749444067,34.83715474735038,22
1035,137.64581671759228,34.83715474735038,22
1036,137.7532059407439,34.83715474735038,22
1037,137.86059516389554,34.83715474735038,22
1038,137.96798438704718,34.83715474735038,22
1039,138.0753736101988,34.83715474735038,22
1040,138.1827628333504,34.83715474735038,22
1041,138.29015205650205,34.83715474735038,22
1042,138.8270981722602,34.83715474735038,22
1043,138.93448739541182,34.83715474735038,22
1044,139.04187661856344,34.83715474735038,22
1045,132.16896633685923,34.92724483744047,32
1046,132.27635556001087,34.92724483744047,32
1047,132.3837447831625,34.92724483744047,32
1048,132.49113400631413,34.92724483744047,32
1049,132.59852322946574,34.92724483744047,32
1050,132.70591245261738,34.92724483744047,34
1051,132.81330167576903,34.92724483744047,34
1052,132.92069089892064,34.92724483744047,34
1053,133.02808012207225,34.92724483744047,34
1054,133.1354693452239,34.92724483744047,34
1055,133.24285856837554,34.92724483744047,34
1056,133.35024779152715,34.92724483744047,33
1057,133.45763701467877,34.92724483744047,33
1058,133.5650262378304,34.92724483744047,33
1059,133.67241546098205,34.92724483744047,33
1060,133.77980468413367,34.92724483744047,33
1061,133.88719390728528,34.92724483744047,33
1062,133.99458313043692,34.92724483744047,33
1063,134.10197235358856,34.92724483744047,33
1064,134.20936157674018,34.92724483744047,33
1065,134.3167507998918,34.92724483744047,28
1066,134.42414002304344,34.92724483744047,28
1067,134.53152924619508,34.92724483744047,28
1068,134.6389184693467,34.92724483744047,28
1069,134.7463076924983,34.92724483744047,28
1070,134.85369691564995,34.92724483744047,28
1071,134.9610861388016,34.92724483744047,28
1072,135.0684753619532,34.92724483744047,28
1073,135.17586458510482,34.92724483744047,28
1074,135.28325380825646,34.92724483744047,28
1075,135.3906430314081,34.92724483744047,28
1076,135.49803225455972,34.92724483744047,27
1077,135.60542147771133,34.92724483744047,27
1078,135.71281070086297,34.92724483744047,26
1079,135.82019992401462,34.92724483744047,26
1080,135.92758914716623,34.92724483744047,25
1081,136.03497837031784,34.92724483744047,25
1082,136.1423675934695,34.92724483744047,25
1083,136.24975681662113,34.92724483744047,25
1084,136.35714603977274,34.92724483744047,25
1085,136.46453526292436,34.92724483744047,24
1086,136.571924486076,34.92724483744047,24
1087,136.89409215553087,34.92724483744047,23
1088,137.0014813786825,34.92724483744047,23
1089,137.10887060183416,34.92724483744047,23
1090,137.21625982498577,34.92724483744047,23
1091,137.32364904813738,34.92724483744047,23
1092,137.43103827128903,34.92724483744047,23
1093,137.53842749444067,34.92724483744047,23
1094,137.64581671759228,34.92724483744047,23
1095,137.7532059407439,34.92724483744047,22
1096,137.86059516389554,34.92724483744047,22
1097,137.96798438704718,34.92724483744047,22
1098,138.0753736101988,34.92724483744047,22
1099,138.1827628333504,34.92724483744047,22
1100,138.29015205650205,34.92724483744047,22
1101,138.8270981722602,34.92724483744047,22
1102,138.93448739541182,34.92724483744047,22
1103,139.04187661856344,34.92724483744047,22
1104,139.90099040377646,34.92724483744047,12
1105,132.27635556001087,35.01733492753056,32
1106,132.3837447831625,35.01733492753056,32
1107,132.49113400631413,35.01733492753056,32
1108,132.59852322946574,35.01733492753056,32
1109,132.70591245261738,35.01733492753056,32
1110,132.81330167576903,35.01733492753056,34
1111,132.92069089892064,35.01733492753056,34
1112,133.02808012207225,35.01733492753056,34
1113,133.1354693452239,35.01733492753056,34
1114,133.24285856837554,35.01733492753056,34
1115,133.35024779152715,35.01733492753056,33
1116,133.45763701467877,35.01733492753056,33
1117,133.5650262378304,35.01733492753056,33
1118,133.67241546098205,35.01733492753056,33
1119,133.77980468413367,35.01733492753056,33
1120,133.88719390728528,35.01733492753056,33
1121,133.99458313043692,35.01733492753056,33
1122,134.10197235358856,35.01733492753056,33
1123,134.20936157674018,35.01733492753056,33
1124,134.3167507998918,35.01733492753056,28
1125,134.42414002304344,35.01733492753056,28
1126,134.53152924619508,35.01733492753056,28
1127,134.6389184693467,35.01733492753056,28
1128,134.7463076924983,35.01733492753056,28
1129,134.85369691564995,35.01733492753056,28
1130,134.9610861388016,35.01733492753056,28
1131,135.0684753619532,35.01733492753056,28
1132,135.17586458510482,35.01733492753056,28
1133,135.28325380825646,35.01733492753056,28
1134,135.3906430314081,35.01733492753056,26
1135,135.49803225455972,35.01733492753056,26
1136,135.60542147771133,35.01733492753056,26
1137,135.71281070086297,35.01733492753056,26
1138,135.82019992401462,35.01733492753056,26
1139,135.92758914716623,35.01733492753056,25
1140,136.03497837031784,35.01733492753056,25
1141,136.1423675934695,35.01733492753056,25
1142,136.24975681662113,35.01733492753056,25
1143,136.35714603977274,35.01733492753056,25
1144,136.46453526292436,35.01733492753056,24
1145,136.571924486076,35.01733492753056,24
1146,136.67931370922764,35.01733492753056,24
1147,136.89409215553087,35.01733492753056,23
1148,137.0014813786825,35.01733492753056,23
1149,137.10887060183416,35.01733492753056,23
1150,137.21625982498577,35.01733492753056,23
1151,137.32364904813738,35.01733492753056,23
1152,137.43103827128903,35.01733492753056,23
1153,137.53842749444067,35.01733492753056,23
1154,137.64581671759228,35.01733492753056,23
1155,137.7532059407439,35.01733492753056,22
1156,137.86059516389554,35.01733492753056,22
1157,137.96798438704718,35.01733492753056,22
1158,138.0753736101988,35.01733492753056,22
1159,138.1827628333504,35.01733492753056,22
1160,138.29015205650205,35.01733492753056,22
1161,138.3975412796537,35.01733492753056,22
1162,138.8270981722602,35.01733492753056,22
1163,138.93448739541182,35.01733492753056,22
1164,139.04187661856344,35.01733492753056,22
1165,139.90099040377646,35.01733492753056,12
1166,132.3837447831625,35.107425017620656,32
1167,132.49113400631413,35.107425017620656,32
1168,132.59852322946574,35.107425017620656,32
1169,132.70591245261738,35.107425017620656,32
1170,132.81330167576903,35.107425017620656,32
1171,132.92069089892064,35.107425017620656,32
1172,133.02808012207225,35.107425017620656,32
1173,133.1354693452239,35.107425017620656,32
1174,133.24285856837554,35.107425017620656,31
1175,133.35024779152715,35.107425017620656,31
1176,133.45763701467877,35.107425017620656,33
1177,133.5650262378304,35.107425017620656,33
1178,133.67241546098205,35.107425017620656,33
1179,133.77980468413367,35.107425017620656,33
1180,133.88719390728528,35.107425017620656,33
1181,133.99458313043692,35.107425017620656,33
1182,134.10197235358856,35.107425017620656,33
1183,134.20936157674018,35.107425017620656,33
1184,134.3167507998918,35.107425017620656,33
1185,134.42414002304344,35.107425017620656,28
1186,134.53152924619508,35.107425017620656,28
1187,134.6389184693467,35.107425017620656,28
1188,134.7463076924983,35.107425017620656,28
1189,134.85369691564995,35.107425017620656,28
1190,134.9610861388016,35.107425017620656,28
1191,135.0684753619532,35.107425017620656,28
1192,135.17586458510482,35.107425017620656,28
1193,135.28325380825646,35.107425017620656,28
1194,135.3906430314081,35.107425017620656,26
1195,135.49803225455972,35.107425017620656,26
1196,135.60542147771133,35.107425017620656,26
1197,135.71281070086297,35.107425017620656,26
1198,135.82019992401462,35.107425017620656,26
1199,135.92758914716623,35.107425017620656,25
1200,136.03497837031784,35.107425017620656,25
1201,136.1423675934695,35.107425017620656,25
1202,136.24975681662113,35.107425017620656,25
1203,136.35714603977274,35.107425017620656,25
1204,136.46453526292436,35.107425017620656,24
1205,136.571924486076,35.107425017620656,24
1206,136.67931370922764,35.107425017620656,24
1207,136.78670293237926,35.107425017620656,23
1208,136.89409215553087,35.107425017620656,23
1209,137.0014813786825,35.107425017620656,23
1210,137.10887060183416,35.107425017620656,23
1211,137.21625982498577,35.107425017620656,23
1212,137.32364904813738,35.107425017620656,23
1213,137.43103827128903,35.107425017620656,23
1214,137.53842749444067,35.107425017620656,23
1215,137.64581671759228,35.107425017620656,23
1216,137.7532059407439,35.107425017620656,23
1217,137.86059516389554,35.107425017620656,22
1218,137.96798438704718,35.107425017620656,22
1219,138.0753736101988,35.107425017620656,22
1220,138.1827628333504,35.107425017620656,22
1221,138.29015205650205,35.107425017620656,22
1222,138.3975412796537,35.107425017620656,22
1223,138.5049305028053,35.107425017620656,22
1224,138.8270981722602,35.107425017620656,22
1225,138.93448739541182,35.107425017620656,22
1226,139.04187661856344,35.107425017620656,22
1227,139.90099040377646,35.107425017620656,12
1228,140.0083796269281,35.107425017620656,12
1229,132.49113400631413,35.19751510771074,32
1230,132.59852322946574,35.19751510771074,32
1231,132.70591245261738,35.19751510771074,32
1232,132.81330167576903,35.19751510771074,32
1233,132.92069089892064,35.19751510771074,32
1234,133.02808012207225,35.19751510771074,32
1235,133.1354693452239,35.19751510771074,32
1236,133.24285856837554,35.19751510771074,31
1237,133.35024779152715,35.19751510771074,31
1238,133.45763701467877,35.19751510771074,31
1239,133.5650262378304,35.19751510771074,33
1240,133.67241546098205,35.19751510771074,33
1241,133.77980468413367,35.19751510771074,33
1242,133.88719390728528,35.19751510771074,33
1243,133.99458313043692,35.19751510771074,33
1244,134.10197235358856,35.19751510771074,33
1245,134.20936157674018,35.19751510771074,31
1246,134.3167507998918,35.19751510771074,33
1247,134.42414002304344,35.19751510771074,28
1248,134.53152924619508,35.19751510771074,28
1249,134.6389184693467,35.19751510771074,28
1250,134.7463076924983,35.19751510771074,28
1251,134.85369691564995,35.19751510771074,28
1252,134.9610861388016,35.19751510771074,28
1253,135.0684753619532,35.19751510771074,28
1254,135.17586458510482,35.19751510771074,28
1255,135.28325380825646,35.19751510771074,26
1256,135.3906430314081,35.19751510771074,26
1257,135.49803225455972,35.19751510771074,26
1258,135.60542147771133,35.19751510771074,26
1259,135.71281070086297,35.19751510771074,26
1260,135.82019992401462,35.19751510771074,26
1261,135.92758914716623,35.19751510771074,25
1262,136.03497837031784,35.19751510771074,25
1263,136.1423675934695,35.19751510771074,25
1264,136.24975681662113,35.19751510771074,25
1265,136.35714603977274,35.19751510771074,25
1266,136.46453526292436,35.19751510771074,24
1267,136.571924486076,35.19751510771074,24
1268,136.67931370922764,35.19751510771074,21
1269,136.78670293237926,35.19751510771074,23
1270,136.89409215553087,35.19751510771074,23
1271,137.0014813786825,35.19751510771074,23
1272,137.10887060183416,35.19751510771074,23
1273,137.21625982498577,35.19751510771074,23
1274,137.32364904813738,35.19751510771074,23
1275,137.43103827128903,35.19751510771074,23
1276,137.53842749444067,35.19751510771074,23
1277,137.64581671759228,35.19751510771074,23
1278,137.7532059407439,35.19751510771074,23
1279,137.86059516389554,35.19751510771074,22
1280,137.96798438704718,35.19751510771074,22
1281,138.0753736101988,35.19751510771074,22
1282,138.1827628333504,35.19751510771074,22
1283,138.29015205650205,35.19751510771074,22
1284,138.3975412796537,35.19751510771074,22
1285,138.5049305028053,35.19751510771074,19
1286,138.61231972595692,35.19751510771074,22
1287,138.71970894910856,35.19751510771074,22
1288,138.8270981722602,35.19751510771074,22
1289,138.93448739541182,35.19751510771074,22
1290,139.04187661856344,35.19751510771074,14
1291,139.90099040377646,35.19751510771074,12
1292,140.0083796269281,35.19751510771074,12
1293,140.11576885007975,35.19751510771074,12
1294,140.22315807323136,35.19751510771074,12
1295,140.33054729638297,35.19751510771074,12
1296,132.70591245261738,35.28760519780083,32
1297,132.81330167576903,35.28760519780083,32
1298,132.92069089892064,35.28760519780083,32
1299,133.02808012207225,35.28760519780083,32
1300,133.1354693452239,35.28760519780083,32
1301,133.24285856837554,35.28760519780083,32
1302,133.35024779152715,35.28760519780083,31
1303,133.45763701467877,35.28760519780083,31
1304,133.5650262378304,35.28760519780083,31
1305,133.67241546098205,35.28760519780083,33
1306,133.77980468413367,35.28760519780083,33
1307,133.88719390728528,35.28760519780083,33
1308,133.99458313043692,35.28760519780083,33
1309,134.10197235358856,35.28760519780083,33
1310,134.20936157674018,35.28760519780083,31
1311,134.3167507998918,35.28760519780083,31
1312,134.42414002304344,35.28760519780083,31
1313,134.53152924619508,35.28760519780083,28
1314,134.6389184693467,35.28760519780083,28
1315,134.7463076924983,35.28760519780083,28
1316,134.85369691564995,35.28760519780083,28
1317,134.9610861388016,35.28760519780083,28
1318,135.0684753619532,35.28760519780083,26
1319,135.17586458510482,35.28760519780083,26
1320,135.28325380825646,35.28760519780083,26
1321,135.3906430314081,35.28760519780083,26
1322,135.49803225455972,35.28760519780083,26
1323,135.60542147771133,35.28760519780083,26
1324,135.71281070086297,35.28760519780083,26
1325,135.82019992401462,35.28760519780083,26
1326,135.92758914716623,35.28760519780083,25
1327,136.03497837031784,35.28760519780083,25
1328,136.1423675934695,35.28760519780083,25
1329,136.24975681662113,35.28760519780083,25
1330,136.35714603977274,35.28760519780083,25
1331,136.46453526292436,35.28760519780083,21
1332,136.571924486076,35.28760519780083,21
1333,136.67931370922764,35.28760519780083,21
1334,136.78670293237926,35.28760519780083,23
1335,136.89409215553087,35.28760519780083,23
1336,137.0014813786825,35.28760519780083,23
1337,137.10887060183416,35.28760519780083,23
1338,137.21625982498577,35.28760519780083,21
1339,137.32364904813738,35.28760519780083,21
1340,137.43103827128903,35.28760519780083,21
1341,137.53842749444067,35.28760519780083,21
1342,137.64581671759228,35.28760519780083,20
1343,137.7532059407439,35.28760519780083,20
1344,137.86059516389554,35.28760519780083,20
1345,137.96798438704718,35.28760519780083,20
1346,138.0753736101988,35.28760519780083,22
1347,138.1827628333504,35.28760519780083,22
1348,138.29015205650205,35.28760519780083,22
1349,138.3975412796537,35.28760519780083,19
1350,138.5049305028053,35.28760519780083,19
1351,138.61231972595692,35.28760519780083,22
1352,138.71970894910856,35.28760519780083,22
1353,138.8270981722602,35.28760519780083,22
1354,138.93448739541182,35.28760519780083,22
1355,139.04187661856344,35.28760519780083,14
1356,139.14926584171508,35.28760519780083,14
1357,139.5788227343216,35.28760519780083,14
1358,139.90099040377646,35.28760519780083,12
1359,140.0083796269281,35.28760519780083,12
1360,140.11576885007975,35.28760519780083,12
1361,140.22315807323136,35.28760519780083,12
1362,140.33054729638297,35.28760519780083,12
1363,132.70591245261738,35.37769528789092,32
1364,132.81330167576903,35.37769528789092,32
1365,132.92069089892064,35.37769528789092,32
1366,133.02808012207225,35.37769528789092,32
1367,133.1354693452239,35.37769528789092,32
1368,133.24285856837554,35.37769528789092,32
1369,133.35024779152715,35.37769528789092,31
1370,133.45763701467877,35.37769528789092,31
1371,133.5650262378304,35.37769528789092,31
1372,133.67241546098205,35.37769528789092,31
1373,133.77980468413367,35.37769528789092,31
1374,133.88719390728528,35.37769528789092,31
1375,133.99458313043692,35.37769528789092,31
1376,134.10197235358856,35.37769528789092,31
1377,134.20936157674018,35.37769528789092,31
1378,134.3167507998918,35.37769528789092,31
1379,134.42414002304344,35.37769528789092,31
1380,134.53152924619508,35.37769528789092,28
1381,134.6389184693467,35.37769528789092,28
1382,134.7463076924983,35.37769528789092,28
1383,134.85369691564995,35.37769528789092,28
1384,134.9610861388016,35.37769528789092,26
1385,135.0684753619532,35.37769528789092,26
1386,135.17586458510482,35.37769528789092,26
1387,135.28325380825646,35.37769528789092,26
1388,135.3906430314081,35.37769528789092,26
1389,135.49803225455972,35.37769528789092,26
1390,135.60542147771133,35.37769528789092,18
1391,135.71281070086297,35.37769528789092,18
1392,135.82019992401462,35.37769528789092,25
1393,135.92758914716623,35.37769528789092,25
1394,136.03497837031784,35.37769528789092,25
1395,136.1423675934695,35.37769528789092,25
1396,136.24975681662113,35.37769528789092,25
1397,136.35714603977274,35.37769528789092,25
1398,136.46453526292436,35.37769528789092,21
1399,136.571924486076,35.37769528789092,21
1400,136.67931370922764,35.37769528789092,21
1401,136.78670293237926,35.37769528789092,21
1402,136.89409215553087,35.37769528789092,23
1403,137.0014813786825,35.37769528789092,23
1404,137.10887060183416,35.37769528789092,21
1405,137.21625982498577,35.37769528789092,21
1406,137.32364904813738,35.37769528789092,21
1407,137.43103827128903,35.37769528789092,21
1408,137.53842749444067,35.37769528789092,21
1409,137.64581671759228,35.37769528789092,20
1410,137.7532059407439,35.37769528789092,20
1411,137.86059516389554,35.37769528789092,20
1412,137.96798438704718,35.37769528789092,20
1413,138.0753736101988,35.37769528789092,20
1414,138.1827628333504,35.37769528789092,22
1415,138.29015205650205,35.37769528789092,19
1416,138.3975412796537,35.37769528789092,19
1417,138.5049305028053,35.37769528789092,19
1418,138.61231972595692,35.37769528789092,22
1419,138.71970894910856,35.37769528789092,19
1420,138.8270981722602,35.37769528789092,19
1421,138.93448739541182,35.37769528789092,22
1422,139.04187661856344,35.37769528789092,14
1423,139.14926584171508,35.37769528789092,14
1424,139.25665506486672,35.37769528789092,14
1425,139.36404428801833,35.37769528789092,14
1426,139.47143351116995,35.37769528789092,14
1427,139.5788227343216,35.37769528789092,14
1428,140.0083796269281,35.37769528789092,12
1429,140.11576885007975,35.37769528789092,12
1430,140.22315807323136,35.37769528789092,12
1431,140.33054729638297,35.37769528789092,12
1432,132.81330167576903,35.467785377981016,32
1433,132.92069089892064,35.467785377981016,32
1434,133.02808012207225,35.467785377981016,32
1435,133.1354693452239,35.467785377981016,32
1436,133.24285856837554,35.467785377981016,31
1437,133.45763701467877,35.467785377981016,31
1438,133.5650262378304,35.467785377981016,31
1439,133.67241546098205,35.467785377981016,31
1440,133.77980468413367,35.467785377981016,31
1441,133.88719390728528,35.467785377981016,31
1442,133.99458313043692,35.467785377981016,31
1443,134.10197235358856,35.467785377981016,31
1444,134.20936157674018,35.467785377981016,31
1445,134.3167507998918,35.467785377981016,31
1446,134.42414002304344,35.467785377981016,31
1447,134.53152924619508,35.467785377981016,28
1448,134.6389184693467,35.467785377981016,28
1449,134.7463076924983,35.467785377981016,28
1450,134.85369691564995,35.467785377981016,28
1451,134.9610861388016,35.467785377981016,28
1452,135.0684753619532,35.467785377981016,26
1453,135.17586458510482,35.467785377981016,26
1454,135.28325380825646,35.467785377981016,26
1455,135.3906430314081,35.467785377981016,26
1456,135.49803225455972,35.467785377981016,18
1457,135.60542147771133,35.467785377981016,18
1458,135.71281070086297,35.467785377981016,18
1459,135.82019992401462,35.467785377981016,18
1460,135.92758914716623,35.467785377981016,25
1461,136.03497837031784,35.467785377981016,25
1462,136.1423675934695,35.467785377981016,25
1463,136.24975681662113,35.467785377981016,25
1464,136.35714603977274,35.467785377981016,25
1465,136.46453526292436,35.467785377981016,21
1466,136.571924486076,35.467785377981016,21
1467,136.67931370922764,35.467785377981016,21
1468,136.78670293237926,35.467785377981016,21
1469,136.89409215553087,35.467785377981016,21
1470,137.0014813786825,35.467785377981016,21
1471,137.10887060183416,35.467785377981016,21
1472,137.21625982498577,35.467785377981016,21
1473,137.32364904813738,35.467785377981016,21
1474,137.43103827128903,35.467785377981016,21
1475,137.53842749444067,35.467785377981016,21
1476,137.64581671759228,35.467785377981016,20
1477,137.7532059407439,35.467785377981016,20
1478,137.86059516389554,35.467785377981016,20
1479,137.96798438704718,35.467785377981016,20
1480,138.0753736101988,35.467785377981016,20
1481,138.1827628333504,35.467785377981016,22
1482,138.29015205650205,35.467785377981016,19
1483,138.3975412796537,35.467785377981016,19
1484,138.5049305028053,35.467785377981016,19
1485,138.61231972595692,35.467785377981016,19
1486,138.71970894910856,35.467785377981016,19
1487,138.8270981722602,35.467785377981016,19
1488,138.93448739541182,35.467785377981016,19
1489,139.04187661856344,35.467785377981016,14
1490,139.14926584171508,35.467785377981016,14
1491,139.25665506486672,35.467785377981016,14
1492,139.36404428801833,35.467785377981016,14
1493,139.47143351116995,35.467785377981016,14
1494,139.5788227343216,35.467785377981016,14
1495,139.68621195747323,35.467785377981016,14
1496,140.0083796269281,35.467785377981016,12
1497,140.11576885007975,35.467785377981016,12
1498,140.22315807323136,35.467785377981016,12
1499,140.33054729638297,35.467785377981016,12
1500,133.1354693452239,35.5578754680711,32
1501,133.24285856837554,35.5578754680711,32
1502,134.3167507998918,35.5578754680711,31
1503,134.42414002304344,35.5578754680711,28
1504,134.53152924619508,35.5578754680711,28
1505,134.6389184693467,35.5578754680711,28
1506,134.7463076924983,35.5578754680711,28
1507,134.85369691564995,35.5578754680711,28
1508,134.9610861388016,35.5578754680711,26
1509,135.0684753619532,35.5578754680711,26
1510,135.17586458510482,35.5578754680711,26
1511,135.71281070086297,35.5578754680711,18
1512,135.82019992401462,35.5578754680711,18
1513,135.92758914716623,35.5578754680711,18
1514,136.03497837031784,35.5578754680711,18
1515,136.1423675934695,35.5578754680711,25
1516,136.24975681662113,35.5578754680711,25
1517,136.35714603977274,35.5578754680711,21
1518,136.46453526292436,35.5578754680711,21
1519,136.571924486076,35.5578754680711,21
1520,136.67931370922764,35.5578754680711,21
1521,136.78670293237926,35.5578754680711,21
1522,136.89409215553087,35.5578754680711,21
1523,137.0014813786825,35.5578754680711,21
1524,137.10887060183416,35.5578754680711,21
1525,137.21625982498577,35.5578754680711,21
1526,137.32364904813738,35.5578754680711,21
1527,137.43103827128903,35.5578754680711,21
1528,137.53842749444067,35.5578754680711,21
1529,137.64581671759228,35.5578754680711,20
1530,137.7532059407439,35.5578754680711,20
1531,137.86059516389554,35.5578754680711,20
1532,137.96798438704718,35.5578754680711,20
1533,138.0753736101988,35.5578754680711,20
1534,138.1827628333504,35.5578754680711,22
1535,138.29015205650205,35.5578754680711,19
1536,138.3975412796537,35.5578754680711,19
1537,138.5049305028053,35.5578754680711,19
1538,138.61231972595692,35.5578754680711,19
1539,138.71970894910856,35.5578754680711,19
1540,138.8270981722602,35.5578754680711,19
1541,138.93448739541182,35.5578754680711,19
1542,139.04187661856344,35.5578754680711,19
1543,139.14926584171508,35.5578754680711,14
1544,139.25665506486672,35.5578754680711,14
1545,139.36404428801833,35.5578754680711,14
1546,139.47143351116995,35.5578754680711,13
1547,139.5788227343216,35.5578754680711,14
1548,139.68621195747323,35.5578754680711,14
1549,139.79360118062485,35.5578754680711,13
1550,140.11576885007975,35.5578754680711,12
1551,140.22315807323136,35.5578754680711,12
1552,140.33054729638297,35.5578754680711,12
1553,140.43793651953462,35.5578754680711,12
1554,134.53152924619508,35.64796555816119,28
1555,134.6389184693467,35.64796555816119,28
1556,134.7463076924983,35.64796555816119,28
1557,134.85369691564995,35.64796555816119,28
1558,134.9610861388016,35.64796555816119,26
1559,135.0684753619532,35.64796555816119,26
1560,135.17586458510482,35.64796555816119,26
1561,136.03497837031784,35.64796555816119,18
1562,136.1423675934695,35.64796555816119,18
1563,136.24975681662113,35.64796555816119,25
1564,136.35714603977274,35.64796555816119,21
1565,136.46453526292436,35.64796555816119,21
1566,136.571924486076,35.64796555816119,21
1567,136.67931370922764,35.64796555816119,21
1568,136.78670293237926,35.64796555816119,21
1569,136.89409215553087,35.64796555816119,21
1570,137.0014813786825,35.64796555816119,21
1571,137.10887060183416,35.64796555816119,21
1572,137.21625982498577,35.64796555816119,21
1573,137.32364904813738,35.64796555816119,21
1574,137.43103827128903,35.64796555816119,21
1575,137.53842749444067,35.64796555816119,21
1576,137.64581671759228,35.64796555816119,20
1577,137.7532059407439,35.64796555816119,20
1578,137.86059516389554,35.64796555816119,20
1579,137.96798438704718,35.64796555816119,20
1580,138.0753736101988,35.64796555816119,20
1581,138.1827628333504,35.64796555816119,20
1582,138.29015205650205,35.64796555816119,19
1583,138.3975412796537,35.64796555816119,19
1584,138.5049305028053,35.64796555816119,19
1585,138.61231972595692,35.64796555816119,19
1586,138.71970894910856,35.64796555816119,19
1587,138.8270981722602,35.64796555816119,19
1588,138.93448739541182,35.64796555816119,19
1589,139.04187661856344,35.64796555816119,19
1590,139.14926584171508,35.64796555816119,14
1591,139.25665506486672,35.64796555816119,13
1592,139.36404428801833,35.64796555816119,13
1593,139.47143351116995,35.64796555816119,13
1594,139.5788227343216,35.64796555816119,13
1595,139.68621195747323,35.64796555816119,13
1596,139.79360118062485,35.64796555816119,13
1597,139.90099040377646,35.64796555816119,12
1598,140.11576885007975,35.64796555816119,12
1599,140.22315807323136,35.64796555816119,12
1600,140.33054729638297,35.64796555816119,12
1601,140.43793651953462,35.64796555816119,12
1602,140.54532574268626,35.64796555816119,12
1603,135.17586458510482,35.73805564825128,26
1604,136.1423675934695,35.73805564825128,18
1605,136.24975681662113,35.73805564825128,18
1606,136.35714603977274,35.73805564825128,21
1607,136.46453526292436,35.73805564825128,21
1608,136.571924486076,35.73805564825128,21
1609,136.67931370922764,35.73805564825128,21
1610,136.78670293237926,35.73805564825128,21
1611,136.89409215553087,35.73805564825128,21
1612,137.0014813786825,35.73805564825128,21
1613,137.10887060183416,35.73805564825128,21
1614,137.21625982498577,35.73805564825128,21
1615,137.32364904813738,35.73805564825128,21
1616,137.43103827128903,35.73805564825128,21
1617,137.53842749444067,35.73805564825128,20
1618,137.64581671759228,35.73805564825128,20
1619,137.7532059407439,35.73805564825128,20
1620,137.86059516389554,35.73805564825128,20
1621,137.96798438704718,35.73805564825128,20
1622,138.0753736101988,35.73805564825128,20
1623,138.1827628333504,35.73805564825128,20
1624,138.29015205650205,35.73805564825128,19
1625,138.3975412796537,35.73805564825128,19
1626,138.5049305028053,35.73805564825128,19
1627,138.61231972595692,35.73805564825128,19
1628,138.71970894910856,35.73805564825128,19
1629,138.8270981722602,35.73805564825128,19
1630,138.93448739541182,35.73805564825128,19
1631,139.04187661856344,35.73805564825128,13
1632,139.14926584171508,35.73805564825128,13
1633,139.25665506486672,35.73805564825128,13
1634,139.36404428801833,35.73805564825128,13
1635,139.47143351116995,35.73805564825128,13
1636,139.5788227343216,35.73805564825128,13
1637,139.68621195747323,35.73805564825128,13
1638,139.79360118062485,35.73805564825128,13
1639,139.90099040377646,35.73805564825128,12
1640,140.0083796269281,35.73805564825128,12
1641,140.11576885007975,35.73805564825128,12
1642,140.22315807323136,35.73805564825128,12
1643,140.33054729638297,35.73805564825128,12
1644,140.43793651953462,35.73805564825128,12
1645,140.54532574268626,35.73805564825128,12
1646,140.65271496583787,35.73805564825128,12
1647,140.7601041889895,35.73805564825128,12
1648,136.1423675934695,35.82814573834138,18
1649,136.24975681662113,35.82814573834138,18
1650,136.35714603977274,35.82814573834138,18
1651,136.46453526292436,35.82814573834138,18
1652,136.571924486076,35.82814573834138,18
1653,136.67931370922764,35.82814573834138,18
1654,136.78670293237926,35.82814573834138,18
1655,136.89409215553087,35.82814573834138,21
1656,137.0014813786825,35.82814573834138,21
1657,137.10887060183416,35.82814573834138,21
1658,137.21625982498577,35.82814573834138,21
1659,137.32364904813738,35.82814573834138,21
1660,137.43103827128903,35.82814573834138,20
1661,137.53842749444067,35.82814573834138,20
1662,137.64581671759228,35.82814573834138,20
1663,137.7532059407439,35.82814573834138,20
1664,137.86059516389554,35.82814573834138,20
1665,137.96798438704718,35.82814573834138,20
1666,138.0753736101988,35.82814573834138,20
1667,138.1827628333504,35.82814573834138,20
1668,138.29015205650205,35.82814573834138,19
1669,138.3975412796537,35.82814573834138,19
1670,138.5049305028053,35.82814573834138,19
1671,138.61231972595692,35.82814573834138,19
1672,138.71970894910856,35.82814573834138,19
1673,138.8270981722602,35.82814573834138,19
1674,138.93448739541182,35.82814573834138,19
1675,139.04187661856344,35.82814573834138,13
1676,139.14926584171508,35.82814573834138,13
1677,139.25665506486672,35.82814573834138,13
1678,139.36404428801833,35.82814573834138,11
1679,139.47143351116995,35.82814573834138,11
1680,139.5788227343216,35.82814573834138,11
1681,139.68621195747323,35.82814573834138,11
1682,139.79360118062485,35.82814573834138,11
1683,139.90099040377646,35.82814573834138,12
1684,140.0083796269281,35.82814573834138,12
1685,140.11576885007975,35.82814573834138,12
1686,140.22315807323136,35.82814573834138,12
1687,140.33054729638297,35.82814573834138,12
1688,140.43793651953462,35.82814573834138,12
1689,140.54532574268626,35.82814573834138,12
1690,140.65271496583787,35.82814573834138,12
1691,140.7601041889895,35.82814573834138,8
1692,136.03497837031784,35.91823582843146,18
1693,136.1423675934695,35.91823582843146,18
1694,136.24975681662113,35.91823582843146,18
1695,136.35714603977274,35.91823582843146,18
1696,136.46453526292436,35.91823582843146,18
1697,136.571924486076,35.91823582843146,18
1698,136.67931370922764,35.91823582843146,18
1699,136.78670293237926,35.91823582843146,18
1700,136.89409215553087,35.91823582843146,21
1701,137.0014813786825,35.91823582843146,21
1702,137.10887060183416,35.91823582843146,21
1703,137.21625982498577,35.91823582843146,21
1704,137.32364904813738,35.91823582843146,21
1705,137.43103827128903,35.91823582843146,21
1706,137.53842749444067,35.91823582843146,20
1707,137.64581671759228,35.91823582843146,20
1708,137.7532059407439,35.91823582843146,20
1709,137.86059516389554,35.91823582843146,20
1710,137.96798438704718,35.91823582843146,20
1711,138.0753736101988,35.91823582843146,20
1712,138.1827628333504,35.91823582843146,20
1713,138.29015205650205,35.91823582843146,20
1714,138.3975412796537,35.91823582843146,19
1715,138.5049305028053,35.91823582843146,20
1716,138.61231972595692,35.91823582843146,20
1717,138.71970894910856,35.91823582843146,20
1718,138.8270981722602,35.91823582843146,11
1719,138.93448739541182,35.91823582843146,11
1720,139.04187661856344,35.91823582843146,11
1721,139.14926584171508,35.91823582843146,11
1722,139.25665506486672,35.91823582843146,11
1723,139.36404428801833,35.91823582843146,11
1724,139.47143351116995,35.91823582843146,11
1725,139.5788227343216,35.91823582843146,11
1726,139.68621195747323,35.91823582843146,11
1727,139.79360118062485,35.91823582843146,11
1728,139.90099040377646,35.91823582843146,12
1729,140.0083796269281,35.91823582843146,8
1730,140.11576885007975,35.91823582843146,8
1731,140.22315807323136,35.91823582843146,8
1732,140.33054729638297,35.91823582843146,8
1733,140.43793651953462,35.91823582843146,8
1734,140.54532574268626,35.91823582843146,12
1735,140.65271496583787,35.91823582843146,8
1736,133.02808012207225,36.00832591852155,32
1737,136.03497837031784,36.00832591852155,18
1738,136.1423675934695,36.00832591852155,18
1739,136.24975681662113,36.00832591852155,18
1740,136.35714603977274,36.00832591852155,18
1741,136.46453526292436,36.00832591852155,18
1742,136.571924486076,36.00832591852155,18
1743,136.67931370922764,36.00832591852155,18
1744,136.78670293237926,36.00832591852155,21
1745,136.89409215553087,36.00832591852155,21
1746,137.0014813786825,36.00832591852155,21
1747,137.10887060183416,36.00832591852155,21
1748,137.21625982498577,36.00832591852155,21
1749,137.32364904813738,36.00832591852155,21
1750,137.43103827128903,36.00832591852155,21
1751,137.53842749444067,36.00832591852155,21
1752,137.64581671759228,36.00832591852155,20
1753,137.7532059407439,36.00832591852155,20
1754,137.86059516389554,36.00832591852155,20
1755,137.96798438704718,36.00832591852155,20
1756,138.0753736101988,36.00832591852155,20
1757,138.1827628333504,36.00832591852155,20
1758,138.29015205650205,36.00832591852155,20
1759,138.3975412796537,36.00832591852155,20
1760,138.5049305028053,36.00832591852155,20
1761,138.61231972595692,36.00832591852155,20
1762,138.71970894910856,36.00832591852155,10
1763,138.8270981722602,36.00832591852155,11
1764,138.93448739541182,36.00832591852155,11
1765,139.04187661856344,36.00832591852155,11
1766,139.14926584171508,36.00832591852155,11
1767,139.25665506486672,36.00832591852155,11
1768,139.36404428801833,36.00832591852155,11
1769,139.47143351116995,36.00832591852155,11
1770,139.5788227343216,36.00832591852155,11
1771,139.68621195747323,36.00832591852155,11
1772,139.79360118062485,36.00832591852155,11
1773,139.90099040377646,36.00832591852155,8
1774,140.0083796269281,36.00832591852155,8
1775,140.11576885007975,36.00832591852155,8
1776,140.22315807323136,36.00832591852155,8
1777,140.33054729638297,36.00832591852155,8
1778,140.43793651953462,36.00832591852155,8
1779,140.54532574268626,36.00832591852155,8
1780,133.02808012207225,36.09841600861164,32
1781,136.03497837031784,36.09841600861164,18
1782,136.1423675934695,36.09841600861164,18
1783,136.24975681662113,36.09841600861164,18
1784,136.35714603977274,36.09841600861164,18
1785,136.46453526292436,36.09841600861164,18
1786,136.571924486076,36.09841600861164,18
1787,136.67931370922764,36.09841600861164,17
1788,136.78670293237926,36.09841600861164,21
1789,136.89409215553087,36.09841600861164,21
1790,137.0014813786825,36.09841600861164,21
1791,137.10887060183416,36.09841600861164,21
1792,137.21625982498577,36.09841600861164,21
1793,137.32364904813738,36.09841600861164,21
1794,137.43103827128903,36.09841600861164,21
1795,137.53842749444067,36.09841600861164,21
1796,137.64581671759228,36.09841600861164,20
1797,137.7532059407439,36.09841600861164,20
1798,137.86059516389554,36.09841600861164,20
1799,137.96798438704718,36.09841600861164,20
1800,138.0753736101988,36.09841600861164,20
1801,138.1827628333504,36.09841600861164,20
1802,138.29015205650205,36.09841600861164,20
1803,138.3975412796537,36.09841600861164,20
1804,138.5049305028053,36.09841600861164,20
1805,138.61231972595692,36.09841600861164,20
1806,138.71970894910856,36.09841600861164,10
1807,138.8270981722602,36.09841600861164,10
1808,138.93448739541182,36.09841600861164,10
1809,139.04187661856344,36.09841600861164,11
1810,139.14926584171508,36.09841600861164,11
1811,139.25665506486672,36.09841600861164,11
1812,139.36404428801833,36.09841600861164,11
1813,139.47143351116995,36.09841600861164,11
1814,139.5788227343216,36.09841600861164,11
1815,139.68621195747323,36.09841600861164,11
1816,139.79360118062485,36.09841600861164,8
1817,139.90099040377646,36.09841600861164,8
1818,140.0083796269281,36.09841600861164,8
1819,140.11576885007975,36.09841600861164,8
1820,140.22315807323136,36.09841600861164,8
1821,140.33054729638297,36.09841600861164,8
1822,140.43793651953462,36.09841600861164,8
1823,140.54532574268626,36.09841600861164,8
1824,136.1423675934695,36.18850609870174,18
1825,136.24975681662113,36.18850609870174,18
1826,136.35714603977274,36.18850609870174,17
1827,136.46453526292436,36.18850609870174,17
1828,136.571924486076,36.18850609870174,17
1829,136.67931370922764,36.18850609870174,17
1830,136.78670293237926,36.18850609870174,17
1831,136.89409215553087,36.18850609870174,21
1832,137.0014813786825,36.18850609870174,21
1833,137.10887060183416,36.18850609870174,21
1834,137.21625982498577,36.18850609870174,21
1835,137.32364904813738,36.18850609870174,21
1836,137.43103827128903,36.18850609870174,21
1837,137.53842749444067,36.18850609870174,21
1838,137.64581671759228,36.18850609870174,20
1839,137.7532059407439,36.18850609870174,20
1840,137.86059516389554,36.18850609870174,20
1841,137.96798438704718,36.18850609870174,20
1842,138.0753736101988,36.18850609870174,20
1843,138.1827628333504,36.18850609870174,20
1844,138.29015205650205,36.18850609870174,20
1845,138.3975412796537,36.18850609870174,20
1846,138.5049305028053,36.18850609870174,20
1847,138.61231972595692,36.18850609870174,20
1848,138.71970894910856,36.18850609870174,10
1849,138.8270981722602,36.18850609870174,10
1850,138.93448739541182,36.18850609870174,10
1851,139.04187661856344,36.18850609870174,10
1852,139.14926584171508,36.18850609870174,11
1853,139.25665506486672,36.18850609870174,11
1854,139.36404428801833,36.18850609870174,11
1855,139.47143351116995,36.18850609870174,11
1856,139.5788227343216,36.18850609870174,11
1857,139.68621195747323,36.18850609870174,11
1858,139.79360118062485,36.18850609870174,8
1859,139.90099040377646,36.18850609870174,8
1860,140.0083796269281,36.18850609870174,8
1861,140.11576885007975,36.18850609870174,8
1862,140.22315807323136,36.18850609870174,8
1863,140.33054729638297,36.18850609870174,8
1864,140.43793651953462,36.18850609870174,8
1865,140.54532574268626,36.18850609870174,8
1866,133.24285856837554,36.27859618879182,32
1867,133.35024779152715,36.27859618879182,32
1868,136.24975681662113,36.27859618879182,18
1869,136.35714603977274,36.27859618879182,17
1870,136.46453526292436,36.27859618879182,17
1871,136.571924486076,36.27859618879182,17
1872,136.67931370922764,36.27859618879182,17
1873,136.78670293237926,36.27859618879182,17
1874,136.89409215553087,36.27859618879182,21
1875,137.0014813786825,36.27859618879182,21
1876,137.10887060183416,36.27859618879182,21
1877,137.21625982498577,36.27859618879182,21
1878,137.32364904813738,36.27859618879182,21
1879,137.43103827128903,36.27859618879182,21
1880,137.53842749444067,36.27859618879182,21
1881,137.64581671759228,36.27859618879182,20
1882,137.7532059407439,36.27859618879182,20
1883,137.86059516389554,36.27859618879182,20
1884,137.96798438704718,36.27859618879182,20
1885,138.0753736101988,36.27859618879182,20
1886,138.1827628333504,36.27859618879182,20
1887,138.29015205650205,36.27859618879182,20
1888,138.3975412796537,36.27859618879182,20
1889,138.5049305028053,36.27859618879182,20
1890,138.61231972595692,36.27859618879182,10
1891,138.71970894910856,36.27859618879182,10
1892,138.8270981722602,36.27859618879182,10
1893,138.93448739541182,36.27859618879182,10
1894,139.04187661856344,36.27859618879182,10
1895,139.14926584171508,36.27859618879182,10
1896,139.25665506486672,36.27859618879182,10
1897,139.36404428801833,36.27859618879182,10
1898,139.47143351116995,36.27859618879182,9
1899,139.5788227343216,36.27859618879182,9
1900,139.68621195747323,36.27859618879182,9
1901,139.79360118062485,36.27859618879182,9
1902,139.90099040377646,36.27859618879182,8
1903,140.0083796269281,36.27859618879182,8
1904,140.11576885007975,36.27859618879182,8
1905,140.22315807323136,36.27859618879182,8
1906,140.33054729638297,36.27859618879182,8
1907,140.43793651953462,36.27859618879182,8
1908,140.54532574268626,36.27859618879182,8
1909,136.35714603977274,36.36868627888191,17
1910,136.46453526292436,36.36868627888191,17
1911,136.571924486076,36.36868627888191,17
1912,136.67931370922764,36.36868627888191,17
1913,136.78670293237926,36.36868627888191,17
1914,136.89409215553087,36.36868627888191,16
1915,137.0014813786825,36.36868627888191,16
1916,137.10887060183416,36.36868627888191,21
1917,137.21625982498577,36.36868627888191,21
1918,137.32364904813738,36.36868627888191,21
1919,137.43103827128903,36.36868627888191,21
1920,137.53842749444067,36.36868627888191,21
1921,137.64581671759228,36.36868627888191,20
1922,137.7532059407439,36.36868627888191,20
1923,137.86059516389554,36.36868627888191,20
1924,137.96798438704718,36.36868627888191,20
1925,138.0753736101988,36.36868627888191,20
1926,138.1827628333504,36.36868627888191,20
1927,138.29015205650205,36.36868627888191,20
1928,138.3975412796537,36.36868627888191,20
1929,138.5049305028053,36.36868627888191,20
1930,138.61231972595692,36.36868627888191,20
1931,138.71970894910856,36.36868627888191,10
1932,138.8270981722602,36.36868627888191,10
1933,138.93448739541182,36.36868627888191,10
1934,139.04187661856344,36.36868627888191,10
1935,139.14926584171508,36.36868627888191,10
1936,139.25665506486672,36.36868627888191,10
1937,139.36404428801833,36.36868627888191,10
1938,139.47143351116995,36.36868627888191,9
1939,139.5788227343216,36.36868627888191,9
1940,139.68621195747323,36.36868627888191,9
1941,139.79360118062485,36.36868627888191,9
1942,139.90099040377646,36.36868627888191,9
1943,140.0083796269281,36.36868627888191,8
1944,140.11576885007975,36.36868627888191,8
1945,140.22315807323136,36.36868627888191,8
1946,140.33054729638297,36.36868627888191,8
1947,140.43793651953462,36.36868627888191,8
1948,140.54532574268626,36.36868627888191,8
1949,136.46453526292436,36.458776368972,17
1950,136.571924486076,36.458776368972,17
1951,136.67931370922764,36.458776368972,17
1952,136.78670293237926,36.458776368972,17
1953,136.89409215553087,36.458776368972,16
1954,137.0014813786825,36.458776368972,16
1955,137.10887060183416,36.458776368972,16
1956,137.21625982498577,36.458776368972,16
1957,137.32364904813738,36.458776368972,16
1958,137.43103827128903,36.458776368972,16
1959,137.53842749444067,36.458776368972,16
1960,137.64581671759228,36.458776368972,16
1961,137.7532059407439,36.458776368972,20
1962,137.86059516389554,36.458776368972,20
1963,137.96798438704718,36.458776368972,20
1964,138.0753736101988,36.458776368972,20
1965,138.1827628333504,36.458776368972,20
1966,138.29015205650205,36.458776368972,20
1967,138.3975412796537,36.458776368972,20
1968,138.5049305028053,36.458776368972,10
1969,138.61231972595692,36.458776368972,10
1970,138.71970894910856,36.458776368972,10
1971,138.8270981722602,36.458776368972,10
1972,138.93448739541182,36.458776368972,10
1973,139.04187661856344,36.458776368972,10
1974,139.14926584171508,36.458776368972,10
1975,139.25665506486672,36.458776368972,10
1976,139.36404428801833,36.458776368972,10
1977,139.47143351116995,36.458776368972,9
1978,139.5788227343216,36.458776368972,9
1979,139.68621195747323,36.458776368972,9
1980,139.79360118062485,36.458776368972,9
1981,139.90099040377646,36.458776368972,9
1982,140.0083796269281,36.458776368972,9
1983,140.11576885007975,36.458776368972,9
1984,140.22315807323136,36.458776368972,8
1985,140.33054729638297,36.458776368972,8
1986,140.43793651953462,36.458776368972,8
1987,140.54532574268626,36.458776368972,8
1988,136.571924486076,36.5488664590621,17
1989,136.67931370922764,36.5488664590621,17
1990,136.78670293237926,36.5488664590621,17
1991,136.89409215553087,36.5488664590621,16
1992,137.0014813786825,36.5488664590621,16
1993,137.10887060183416,36.5488664590621,16
1994,137.21625982498577,36.5488664590621,16
1995,137.32364904813738,36.5488664590621,16
1996,137.43103827128903,36.5488664590621,16
1997,137.53842749444067,36.5488664590621,16
1998,137.64581671759228,36.5488664590621,16
1999,137.7532059407439,36.5488664590621,20
2000,137.86059516389554,36.5488664590621,20
2001,137.96798438704718,36.5488664590621,20
2002,138.0753736101988,36.5488664590621,20
2003,138.1827628333504,36.5488664590621,20
2004,138.29015205650205,36.5488664590621,20
2005,138.3975412796537,36.5488664590621,20
2006,138.5049305028053,36.5488664590621,10
2007,138.61231972595692,36.5488664590621,10
2008,138.71970894910856,36.5488664590621,10
2009,138.8270981722602,36.5488664590621,10
2010,138.93448739541182,36.5488664590621,10
2011,139.04187661856344,36.5488664590621,10
2012,139.14926584171508,36.5488664590621,10
2013,139.25665506486672,36.5488664590621,10
2014,139.36404428801833,36.5488664590621,10
2015,139.47143351116995,36.5488664590621,9
2016,139.5788227343216,36.5488664590621,9
2017,139.68621195747323,36.5488664590621,9
2018,139.79360118062485,36.5488664590621,9
2019,139.90099040377646,36.5488664590621,9
2020,140.0083796269281,36.5488664590621,9
2021,140.11576885007975,36.5488664590621,9
2022,140.22315807323136,36.5488664590621,9
2023,140.33054729638297,36.5488664590621,8
2024,140.43793651953462,36.5488664590621,8
2025,140.54532574268626,36.5488664590621,8
2026,136.67931370922764,36.638956549152184,17
2027,136.78670293237926,36.638956549152184,17
2028,136.89409215553087,36.638956549152184,16
2029,137.0014813786825,36.638956549152184,16
2030,137.10887060183416,36.638956549152184,16
2031,137.21625982498577,36.638956549152184,16
2032,137.32364904813738,36.638956549152184,16
2033,137.43103827128903,36.638956549152184,16
2034,137.53842749444067,36.638956549152184,16
2035,137.64581671759228,36.638956549152184,16
2036,137.7532059407439,36.638956549152184,16
2037,137.86059516389554,36.638956549152184,20
2038,137.96798438704718,36.638956549152184,20
2039,138.0753736101988,36.638956549152184,20
2040,138.1827628333504,36.638956549152184,20
2041,138.29015205650205,36.638956549152184,20
2042,138.3975412796537,36.638956549152184,20
2043,138.5049305028053,36.638956549152184,10
2044,138.61231972595692,36.638956549152184,10
2045,138.71970894910856,36.638956549152184,10
2046,138.8270981722602,36.638956549152184,10
2047,138.93448739541182,36.638956549152184,10
2048,139.04187661856344,36.638956549152184,10
2049,139.14926584171508,36.638956549152184,10
2050,139.25665506486672,36.638956549152184,10
2051,139.36404428801833,36.638956549152184,9
2052,139.47143351116995,36.638956549152184,9
2053,139.5788227343216,36.638956549152184,9
2054,139.68621195747323,36.638956549152184,9
2055,139.79360118062485,36.638956549152184,9
2056,139.90099040377646,36.638956549152184,9
2057,140.0083796269281,36.638956549152184,9
2058,140.11576885007975,36.638956549152184,9
2059,140.22315807323136,36.638956549152184,9
2060,140.33054729638297,36.638956549152184,8
2061,140.43793651953462,36.638956549152184,8
2062,140.54532574268626,36.638956549152184,8
2063,140.65271496583787,36.638956549152184,8
2064,136.78670293237926,36.72904663924227,17
2065,136.89409215553087,36.72904663924227,16
2066,137.0014813786825,36.72904663924227,16
2067,137.10887060183416,36.72904663924227,16
2068,137.21625982498577,36.72904663924227,16
2069,137.32364904813738,36.72904663924227,16
2070,137.43103827128903,36.72904663924227,16
2071,137.53842749444067,36.72904663924227,16
2072,137.64581671759228,36.72904663924227,16
2073,137.7532059407439,36.72904663924227,16
2074,137.86059516389554,36.72904663924227,20
2075,137.96798438704718,36.72904663924227,20
2076,138.0753736101988,36.72904663924227,20
2077,138.1827628333504,36.72904663924227,20
2078,138.29015205650205,36.72904663924227,20
2079,138.3975412796537,36.72904663924227,20
2080,138.5049305028053,36.72904663924227,20
2081,138.61231972595692,36.72904663924227,20
2082,138.71970894910856,36.72904663924227,10
2083,138.8270981722602,36.72904663924227,10
2084,138.93448739541182,36.72904663924227,10
2085,139.04187661856344,36.72904663924227,10
2086,139.14926584171508,36.72904663924227,10
2087,139.25665506486672,36.72904663924227,10
2088,139.36404428801833,36.72904663924227,10
2089,139.47143351116995,36.72904663924227,9
2090,139.5788227343216,36.72904663924227,9
2091,139.68621195747323,36.72904663924227,9
2092,139.79360118062485,36.72904663924227,9
2093,139.90099040377646,36.72904663924227,9
2094,140.0083796269281,36.72904663924227,9
2095,140.11576885007975,36.72904663924227,9
2096,140.22315807323136,36.72904663924227,9
2097,140.33054729638297,36.72904663924227,8
2098,140.43793651953462,36.72904663924227,8
2099,140.54532574268626,36.72904663924227,8
2100,140.65271496583787,36.72904663924227,8
2101,136.78670293237926,36.819136729332364,17
2102,136.89409215553087,36.819136729332364,16
2103,137.0014813786825,36.819136729332364,16
2104,137.43103827128903,36.819136729332364,16
2105,137.53842749444067,36.819136729332364,16
2106,137.64581671759228,36.819136729332364,16
2107,137.7532059407439,36.819136729332364,15
2108,137.86059516389554,36.819136729332364,20
2109,137.96798438704718,36.819136729332364,20
2110,138.0753736101988,36.819136729332364,20
2111,138.1827628333504,36.819136729332364,20
2112,138.29015205650205,36.819136729332364,20
2113,138.3975412796537,36.819136729332364,20
2114,138.5049305028053,36.819136729332364,20
2115,138.61231972595692,36.819136729332364,20
2116,138.71970894910856,36.819136729332364,15
2117,138.8270981722602,36.819136729332364,15
2118,138.93448739541182,36.819136729332364,10
2119,139.04187661856344,36.819136729332364,10
2120,139.14926584171508,36.819136729332364,10
2121,139.25665506486672,36.819136729332364,10
2122,139.36404428801833,36.819136729332364,10
2123,139.47143351116995,36.819136729332364,9
2124,139.5788227343216,36.819136729332364,9
2125,139.68621195747323,36.819136729332364,9
2126,139.79360118062485,36.819136729332364,9
2127,139.90099040377646,36.819136729332364,9
2128,140.0083796269281,36.819136729332364,9
2129,140.11576885007975,36.819136729332364,9
2130,140.22315807323136,36.819136729332364,9
2131,140.33054729638297,36.819136729332364,8
2132,140.43793651953462,36.819136729332364,8
2133,140.54532574268626,36.819136729332364,8
2134,140.65271496583787,36.819136729332364,8
2135,140.7601041889895,36.819136729332364,8
2136,136.78670293237926,36.90922681942246,17
2137,136.89409215553087,36.90922681942246,16
2138,137.0014813786825,36.90922681942246,16
2139,137.43103827128903,36.90922681942246,16
2140,137.53842749444067,36.90922681942246,16
2141,137.64581671759228,36.90922681942246,16
2142,137.7532059407439,36.90922681942246,15
2143,137.86059516389554,36.90922681942246,15
2144,137.96798438704718,36.90922681942246,15
2145,138.0753736101988,36.90922681942246,15
2146,138.1827628333504,36.90922681942246,15
2147,138.29015205650205,36.90922681942246,15
2148,138.3975412796537,36.90922681942246,20
2149,138.5049305028053,36.90922681942246,20
2150,138.61231972595692,36.90922681942246,15
2151,138.71970894910856,36.90922681942246,15
2152,138.8270981722602,36.90922681942246,15
2153,138.93448739541182,36.90922681942246,15
2154,139.04187661856344,36.90922681942246,10
2155,139.14926584171508,36.90922681942246,10
2156,139.25665506486672,36.90922681942246,10
2157,139.36404428801833,36.90922681942246,10
2158,139.47143351116995,36.90922681942246,9
2159,139.5788227343216,36.90922681942246,9
2160,139.68621195747323,36.90922681942246,9
2161,139.79360118062485,36.90922681942246,9
2162,139.90099040377646,36.90922681942246,9
2163,140.0083796269281,36.90922681942246,9
2164,140.11576885007975,36.90922681942246,9
2165,140.22315807323136,36.90922681942246,9
2166,140.33054729638297,36.90922681942246,7
2167,140.43793651953462,36.90922681942246,7
2168,140.54532574268626,36.90922681942246,7
2169,140.65271496583787,36.90922681942246,7
2170,140.7601041889895,36.90922681942246,7
2171,136.78670293237926,36.999316909512544,17
2172,136.89409215553087,36.999316909512544,17
2173,137.0014813786825,36.999316909512544,17
2174,137.7532059407439,36.999316909512544,15
2175,137.86059516389554,36.999316909512544,15
2176,137.96798438704718,36.999316909512544,15
2177,138.0753736101988,36.999316909512544,15
2178,138.1827628333504,36.999316909512544,15
2179,138.29015205650205,36.999316909512544,15
2180,138.3975412796537,36.999316909512544,15
2181,138.5049305028053,36.999316909512544,20
2182,138.61231972595692,36.999316909512544,15
2183,138.71970894910856,36.999316909512544,15
2184,138.8270981722602,36.999316909512544,15
2185,138.93448739541182,36.999316909512544,15
2186,139.04187661856344,36.999316909512544,15
2187,139.14926584171508,36.999316909512544,10
2188,139.25665506486672,36.999316909512544,7
2189,139.36404428801833,36.999316909512544,7
2190,139.47143351116995,36.999316909512544,7
2191,139.5788227343216,36.999316909512544,9
2192,139.68621195747323,36.999316909512544,9
2193,139.79360118062485,36.999316909512544,9
2194,139.90099040377646,36.999316909512544,9
2195,140.0083796269281,36.999316909512544,9
2196,140.11576885007975,36.999316909512544,9
2197,140.22315807323136,36.999316909512544,9
2198,140.33054729638297,36.999316909512544,7
2199,140.43793651953462,36.999316909512544,7
2200,140.54532574268626,36.999316909512544,7
2201,140.65271496583787,36.999316909512544,7
2202,140.7601041889895,36.999316909512544,7
2203,140.86749341214113,36.999316909512544,7
2204,140.97488263529277,36.999316909512544,7
2205,136.78670293237926,37.08940699960263,17
2206,137.96798438704718,37.08940699960263,15
2207,138.0753736101988,37.08940699960263,15
2208,138.1827628333504,37.08940699960263,15
2209,138.29015205650205,37.08940699960263,15
2210,138.3975412796537,37.08940699960263,15
2211,138.5049305028053,37.08940699960263,15
2212,138.61231972595692,37.08940699960263,15
2213,138.71970894910856,37.08940699960263,15
2214,138.8270981722602,37.08940699960263,15
2215,138.93448739541182,37.08940699960263,15
2216,139.04187661856344,37.08940699960263,15
2217,139.14926584171508,37.08940699960263,15
2218,139.25665506486672,37.08940699960263,7
2219,139.36404428801833,37.08940699960263,7
2220,139.47143351116995,37.08940699960263,7
2221,139.5788227343216,37.08940699960263,7
2222,139.68621195747323,37.08940699960263,7
2223,139.79360118062485,37.08940699960263,7
2224,139.90099040377646,37.08940699960263,9
2225,140.0083796269281,37.08940699960263,9
2226,140.11576885007975,37.08940699960263,9
2227,140.22315807323136,37.08940699960263,7
2228,140.33054729638297,37.08940699960263,7
2229,140.43793651953462,37.08940699960263,7
2230,140.54532574268626,37.08940699960263,7
2231,140.65271496583787,37.08940699960263,7
2232,140.7601041889895,37.08940699960263,7
2233,140.86749341214113,37.08940699960263,7
2234,140.97488263529277,37.08940699960263,7
2235,136.67931370922764,37.179497089692724,17
2236,136.78670293237926,37.179497089692724,17
2237,136.89409215553087,37.179497089692724,17
2238,138.29015205650205,37.179497089692724,15
2239,138.3975412796537,37.179497089692724,15
2240,138.5049305028053,37.179497089692724,15
2241,138.61231972595692,37.179497089692724,15
2242,138.71970894910856,37.179497089692724,15
2243,138.8270981722602,37.179497089692724,15
2244,138.93448739541182,37.179497089692724,15
2245,139.04187661856344,37.179497089692724,15
2246,139.14926584171508,37.179497089692724,15
2247,139.25665506486672,37.179497089692724,7
2248,139.36404428801833,37.179497089692724,7
2249,139.47143351116995,37.179497089692724,7
2250,139.5788227343216,37.179497089692724,7
2251,139.68621195747323,37.179497089692724,7
2252,139.79360118062485,37.179497089692724,7
2253,139.90099040377646,37.179497089692724,7
2254,140.0083796269281,37.179497089692724,7
2255,140.11576885007975,37.179497089692724,7
2256,140.22315807323136,37.179497089692724,7
2257,140.33054729638297,37.179497089692724,7
2258,140.43793651953462,37.179497089692724,7
2259,140.54532574268626,37.179497089692724,7
2260,140.65271496583787,37.179497089692724,7
2261,140.7601041889895,37.179497089692724,7
2262,140.86749341214113,37.179497089692724,7
2263,140.97488263529277,37.179497089692724,7
2264,136.78670293237926,37.26958717978282,17
2265,136.89409215553087,37.26958717978282,17
2266,137.0014813786825,37.26958717978282,17
2267,138.3975412796537,37.26958717978282,15
2268,138.5049305028053,37.26958717978282,15
2269,138.61231972595692,37.26958717978282,15
2270,138.71970894910856,37.26958717978282,15
2271,138.8270981722602,37.26958717978282,15
2272,138.93448739541182,37.26958717978282,15
2273,139.04187661856344,37.26958717978282,15
2274,139.14926584171508,37.26958717978282,15
2275,139.25665506486672,37.26958717978282,7
2276,139.36404428801833,37.26958717978282,7
2277,139.47143351116995,37.26958717978282,7
2278,139.5788227343216,37.26958717978282,7
2279,139.68621195747323,37.26958717978282,7
2280,139.79360118062485,37.26958717978282,7
2281,139.90099040377646,37.26958717978282,7
2282,140.0083796269281,37.26958717978282,7
2283,140.11576885007975,37.26958717978282,7
2284,140.22315807323136,37.26958717978282,7
2285,140.33054729638297,37.26958717978282,7
2286,140.43793651953462,37.26958717978282,7
2287,140.54532574268626,37.26958717978282,7
2288,140.65271496583787,37.26958717978282,7
2289,140.7601041889895,37.26958717978282,7
2290,140.86749341214113,37.26958717978282,7
2291,140.97488263529277,37.26958717978282,7
2292,136.78670293237926,37.359677269872904,17
2293,136.89409215553087,37.359677269872904,17
2294,137.0014813786825,37.359677269872904,17
2295,137.10887060183416,37.359677269872904,17
2296,137.21625982498577,37.359677269872904,17
2297,138.61231972595692,37.359677269872904,15
2298,138.71970894910856,37.359677269872904,15
2299,138.8270981722602,37.359677269872904,15
2300,138.93448739541182,37.359677269872904,15
2301,139.04187661856344,37.359677269872904,15
2302,139.14926584171508,37.359677269872904,15
2303,139.25665506486672,37.359677269872904,7
2304,139.36404428801833,37.359677269872904,7
2305,139.47143351116995,37.359677269872904,7
2306,139.5788227343216,37.359677269872904,7
2307,139.68621195747323,37.359677269872904,7
2308,139.79360118062485,37.359677269872904,7
2309,139.90099040377646,37.359677269872904,7
2310,140.0083796269281,37.359677269872904,7
2311,140.11576885007975,37.359677269872904,7
2312,140.22315807323136,37.359677269872904,7
2313,140.33054729638297,37.359677269872904,7
2314,140.43793651953462,37.359677269872904,7
2315,140.54532574268626,37.359677269872904,7
2316,140.65271496583787,37.359677269872904,7
2317,140.7601041889895,37.359677269872904,7
2318,140.86749341214113,37.359677269872904,7
2319,140.97488263529277,37.359677269872904,7
2320,137.10887060183416,37.44976735996299,17
2321,137.21625982498577,37.44976735996299,17
2322,137.32364904813738,37.44976735996299,17
2323,138.61231972595692,37.44976735996299,15
2324,138.71970894910856,37.44976735996299,15
2325,138.8270981722602,37.44976735996299,15
2326,138.93448739541182,37.44976735996299,15
2327,139.04187661856344,37.44976735996299,15
2328,139.14926584171508,37.44976735996299,15
2329,139.25665506486672,37.44976735996299,15
2330,139.36404428801833,37.44976735996299,7
2331,139.47143351116995,37.44976735996299,7
2332,139.5788227343216,37.44976735996299,7
2333,139.68621195747323,37.44976735996299,7
2334,139.79360118062485,37.44976735996299,7
2335,139.90099040377646,37.44976735996299,7
2336,140.0083796269281,37.44976735996299,7
2337,140.11576885007975,37.44976735996299,7
2338,140.22315807323136,37.44976735996299,7
2339,140.33054729638297,37.44976735996299,7
2340,140.43793651953462,37.44976735996299,7
2341,140.54532574268626,37.44976735996299,7
2342,140.65271496583787,37.44976735996299,7
2343,140.7601041889895,37.44976735996299,7
2344,140.86749341214113,37.44976735996299,7
2345,140.97488263529277,37.44976735996299,7
2346,138.71970894910856,37.539857450053084,15
2347,138.8270981722602,37.539857450053084,15
2348,138.93448739541182,37.539857450053084,15
2349,139.04187661856344,37.539857450053084,15
2350,139.14926584171508,37.539857450053084,15
2351,139.25665506486672,37.539857450053084,15
2352,139.36404428801833,37.539857450053084,15
2353,139.47143351116995,37.539857450053084,15
2354,139.5788227343216,37.539857450053084,7
2355,139.68621195747323,37.539857450053084,7
2356,139.79360118062485,37.539857450053084,7
2357,139.90099040377646,37.539857450053084,7
2358,140.0083796269281,37.539857450053084,7
2359,140.11576885007975,37.539857450053084,7
2360,140.22315807323136,37.539857450053084,7
2361,140.33054729638297,37.539857450053084,7
2362,140.43793651953462,37.539857450053084,7
2363,140.54532574268626,37.539857450053084,7
2364,140.65271496583787,37.539857450053084,7
2365,140.7601041889895,37.539857450053084,7
2366,140.86749341214113,37.539857450053084,7
2367,140.97488263529277,37.539857450053084,7
2368,138.8270981722602,37.62994754014318,15
2369,138.93448739541182,37.62994754014318,15
2370,139.04187661856344,37.62994754014318,15
2371,139.14926584171508,37.62994754014318,15
2372,139.25665506486672,37.62994754014318,15
2373,139.36404428801833,37.62994754014318,15
2374,139.47143351116995,37.62994754014318,15
2375,139.5788227343216,37.62994754014318,7
2376,139.68621195747323,37.62994754014318,7
2377,139.79360118062485,37.62994754014318,7
2378,139.90099040377646,37.62994754014318,7
2379,140.0083796269281,37.62994754014318,7
2380,140.11576885007975,37.62994754014318,7
2381,140.22315807323136,37.62994754014318,7
2382,140.33054729638297,37.62994754014318,7
2383,140.43793651953462,37.62994754014318,7
2384,140.54532574268626,37.62994754014318,7
2385,140.65271496583787,37.62994754014318,7
2386,140.7601041889895,37.62994754014318,7
2387,140.86749341214113,37.62994754014318,7
2388,140.97488263529277,37.62994754014318,7
2389,138.8270981722602,37.720037630233264,15
2390,138.93448739541182,37.720037630233264,15
2391,139.04187661856344,37.720037630233264,15
2392,139.14926584171508,37.720037630233264,15
2393,139.25665506486672,37.720037630233264,15
2394,139.36404428801833,37.720037630233264,15
2395,139.47143351116995,37.720037630233264,15
2396,139.5788227343216,37.720037630233264,15
2397,139.68621195747323,37.720037630233264,7
2398,139.79360118062485,37.720037630233264,7
2399,139.90099040377646,37.720037630233264,7
2400,140.0083796269281,37.720037630233264,7
2401,140.11576885007975,37.720037630233264,7
2402,140.22315807323136,37.720037630233264,7
2403,140.33054729638297,37.720037630233264,7
2404,140.43793651953462,37.720037630233264,7
2405,140.54532574268626,37.720037630233264,7
2406,140.65271496583787,37.720037630233264,7
2407,140.7601041889895,37.720037630233264,7
2408,140.86749341214113,37.720037630233264,7
2409,140.97488263529277,37.720037630233264,7
2410,138.93448739541182,37.81012772032335,15
2411,139.04187661856344,37.81012772032335,15
2412,139.14926584171508,37.81012772032335,15
2413,139.25665506486672,37.81012772032335,15
2414,139.36404428801833,37.81012772032335,15
2415,139.47143351116995,37.81012772032335,15
2416,139.5788227343216,37.81012772032335,15
2417,139.68621195747323,37.81012772032335,15
2418,139.79360118062485,37.81012772032335,7
2419,139.90099040377646,37.81012772032335,7
2420,140.0083796269281,37.81012772032335,6
2421,140.11576885007975,37.81012772032335,6
2422,140.22315807323136,37.81012772032335,6
2423,140.33054729638297,37.81012772032335,7
2424,140.43793651953462,37.81012772032335,7
2425,140.54532574268626,37.81012772032335,7
2426,140.65271496583787,37.81012772032335,7
2427,140.7601041889895,37.81012772032335,4
2428,140.86749341214113,37.81012772032335,7
2429,140.97488263529277,37.81012772032335,7
2430,138.29015205650205,37.900217810413444,15
2431,138.3975412796537,37.900217810413444,15
2432,139.04187661856344,37.900217810413444,15
2433,139.14926584171508,37.900217810413444,15
2434,139.25665506486672,37.900217810413444,15
2435,139.36404428801833,37.900217810413444,15
2436,139.47143351116995,37.900217810413444,15
2437,139.5788227343216,37.900217810413444,15
2438,139.68621195747323,37.900217810413444,6
2439,139.79360118062485,37.900217810413444,6
2440,139.90099040377646,37.900217810413444,6
2441,140.0083796269281,37.900217810413444,6
2442,140.11576885007975,37.900217810413444,6
2443,140.22315807323136,37.900217810413444,6
2444,140.33054729638297,37.900217810413444,7
2445,140.43793651953462,37.900217810413444,7
2446,140.54532574268626,37.900217810413444,7
2447,140.65271496583787,37.900217810413444,4
2448,140.7601041889895,37.900217810413444,4
2449,140.86749341214113,37.900217810413444,4
2450,138.3975412796537,37.99030790050354,15
2451,138.5049305028053,37.99030790050354,15
2452,139.25665506486672,37.99030790050354,15
2453,139.36404428801833,37.99030790050354,15
2454,139.47143351116995,37.99030790050354,15
2455,139.5788227343216,37.99030790050354,15
2456,139.68621195747323,37.99030790050354,6
2457,139.79360118062485,37.99030790050354,6
2458,139.90099040377646,37.99030790050354,6
2459,140.0083796269281,37.99030790050354,6
2460,140.11576885007975,37.99030790050354,6
2461,140.22315807323136,37.99030790050354,6
2462,140.33054729638297,37.99030790050354,4
2463,140.43793651953462,37.99030790050354,4
2464,140.54532574268626,37.99030790050354,4
2465,140.65271496583787,37.99030790050354,4
2466,140.7601041889895,37.99030790050354,4
2467,140.86749341214113,37.99030790050354,4
2468,138.29015205650205,38.080397990593625,15
2469,138.3975412796537,38.080397990593625,15
2470,139.36404428801833,38.080397990593625,15
2471,139.47143351116995,38.080397990593625,15
2472,139.5788227343216,38.080397990593625,15
2473,139.68621195747323,38.080397990593625,6
2474,139.79360118062485,38.080397990593625,6
2475,139.90099040377646,38.080397990593625,6
2476,140.0083796269281,38.080397990593625,6
2477,140.11576885007975,38.080397990593625,6
2478,140.22315807323136,38.080397990593625,6
2479,140.33054729638297,38.080397990593625,6
2480,140.43793651953462,38.080397990593625,4
2481,140.54532574268626,38.080397990593625,4
2482,140.65271496583787,38.080397990593625,4
2483,140.7601041889895,38.080397990593625,4
2484,140.86749341214113,38.080397990593625,4
2485,138.3975412796537,38.17048808068371,15
2486,139.47143351116995,38.17048808068371,15
2487,139.5788227343216,38.17048808068371,15
2488,139.68621195747323,38.17048808068371,6
2489,139.79360118062485,38.17048808068371,6
2490,139.90099040377646,38.17048808068371,6
2491,140.0083796269281,38.17048808068371,6
2492,140.11576885007975,38.17048808068371,6
2493,140.22315807323136,38.17048808068371,6
2494,140.33054729638297,38.17048808068371,6
2495,140.43793651953462,38.17048808068371,6
2496,140.54532574268626,38.17048808068371,4
2497,140.65271496583787,38.17048808068371,4
2498,140.7601041889895,38.17048808068371,4
2499,140.86749341214113,38.17048808068371,4
2500,138.5049305028053,38.260578170773805,15
2501,139.47143351116995,38.260578170773805,15
2502,139.5788227343216,38.260578170773805,15
2503,139.68621195747323,38.260578170773805,15
2504,139.79360118062485,38.260578170773805,15
2505,139.90099040377646,38.260578170773805,6
2506,140.0083796269281,38.260578170773805,6
2507,140.11576885007975,38.260578170773805,6
2508,140.22315807323136,38.260578170773805,6
2509,140.33054729638297,38.260578170773805,6
2510,140.43793651953462,38.260578170773805,6
2511,140.54532574268626,38.260578170773805,4
2512,140.65271496583787,38.260578170773805,4
2513,140.7601041889895,38.260578170773805,4
2514,140.86749341214113,38.260578170773805,4
2515,140.97488263529277,38.260578170773805,4
2516,139.47143351116995,38.3506682608639,15
2517,139.5788227343216,38.3506682608639,15
2518,139.68621195747323,38.3506682608639,15
2519,139.79360118062485,38.3506682608639,6
2520,139.90099040377646,38.3506682608639,6
2521,140.0083796269281,38.3506682608639,6
2522,140.11576885007975,38.3506682608639,6
2523,140.22315807323136,38.3506682608639,6
2524,140.33054729638297,38.3506682608639,6
2525,140.43793651953462,38.3506682608639,6
2526,140.54532574268626,38.3506682608639,4
2527,140.65271496583787,38.3506682608639,4
2528,140.7601041889895,38.3506682608639,4
2529,140.86749341214113,38.3506682608639,4
2530,140.97488263529277,38.3506682608639,4
2531,141.5118287510509,38.3506682608639,4
2532,139.5788227343216,38.440758350953985,15
2533,139.68621195747323,38.440758350953985,15
2534,139.79360118062485,38.440758350953985,6
2535,139.90099040377646,38.440758350953985,6
2536,140.0083796269281,38.440758350953985,6
2537,140.11576885007975,38.440758350953985,6
2538,140.22315807323136,38.440758350953985,6
2539,140.33054729638297,38.440758350953985,6
2540,140.43793651953462,38.440758350953985,6
2541,140.54532574268626,38.440758350953985,6
2542,140.65271496583787,38.440758350953985,4
2543,140.7601041889895,38.440758350953985,4
2544,140.86749341214113,38.440758350953985,4
2545,140.97488263529277,38.440758350953985,4
2546,141.0822718584444,38.440758350953985,4
2547,141.189661081596,38.440758350953985,4
2548,141.29705030474764,38.440758350953985,4
2549,141.40443952789929,38.440758350953985,4
2550,139.5788227343216,38.53084844104407,15
2551,139.68621195747323,38.53084844104407,6
2552,139.79360118062485,38.53084844104407,6
2553,139.90099040377646,38.53084844104407,6
2554,140.0083796269281,38.53084844104407,6
2555,140.11576885007975,38.53084844104407,6
2556,140.22315807323136,38.53084844104407,6
2557,140.33054729638297,38.53084844104407,6
2558,140.43793651953462,38.53084844104407,6
2559,140.54532574268626,38.53084844104407,6
2560,140.65271496583787,38.53084844104407,4
2561,140.7601041889895,38.53084844104407,4
2562,140.86749341214113,38.53084844104407,4
2563,140.97488263529277,38.53084844104407,4
2564,141.0822718584444,38.53084844104407,4
2565,141.189661081596,38.53084844104407,4
2566,141.29705030474764,38.53084844104407,4
2567,141.40443952789929,38.53084844104407,4
2568,141.5118287510509,38.53084844104407,4
2569,139.68621195747323,38.620938531134165,6
2570,139.79360118062485,38.620938531134165,6
2571,139.90099040377646,38.620938531134165,6
2572,140.0083796269281,38.620938531134165,6
2573,140.11576885007975,38.620938531134165,6
2574,140.22315807323136,38.620938531134165,6
2575,140.33054729638297,38.620938531134165,6
2576,140.43793651953462,38.620938531134165,6
2577,140.54532574268626,38.620938531134165,6
2578,140.65271496583787,38.620938531134165,4
2579,140.7601041889895,38.620938531134165,4
2580,140.86749341214113,38.620938531134165,4
2581,140.97488263529277,38.620938531134165,4
2582,141.0822718584444,38.620938531134165,4
2583,141.189661081596,38.620938531134165,4
2584,141.29705030474764,38.620938531134165,4
2585,141.40443952789929,38.620938531134165,4
2586,141.5118287510509,38.620938531134165,4
2587,139.68621195747323,38.71102862122426,6
2588,139.79360118062485,38.71102862122426,6
2589,139.90099040377646,38.71102862122426,6
2590,140.0083796269281,38.71102862122426,6
2591,140.11576885007975,38.71102862122426,6
2592,140.22315807323136,38.71102862122426,6
2593,140.33054729638297,38.71102862122426,6
2594,140.43793651953462,38.71102862122426,6
2595,140.54532574268626,38.71102862122426,6
2596,140.65271496583787,38.71102862122426,4
2597,140.7601041889895,38.71102862122426,4
2598,140.86749341214113,38.71102862122426,4
2599,140.97488263529277,38.71102862122426,4
2600,141.0822718584444,38.71102862122426,4
2601,141.189661081596,38.71102862122426,4
2602,141.29705030474764,38.71102862122426,4
2603,141.40443952789929,38.71102862122426,4
2604,141.5118287510509,38.71102862122426,4
2605,139.79360118062485,38.801118711314345,6
2606,139.90099040377646,38.801118711314345,6
2607,140.0083796269281,38.801118711314345,6
2608,140.11576885007975,38.801118711314345,6
2609,140.22315807323136,38.801118711314345,6
2610,140.33054729638297,38.801118711314345,6
2611,140.43793651953462,38.801118711314345,6
2612,140.54532574268626,38.801118711314345,6
2613,140.65271496583787,38.801118711314345,4
2614,140.7601041889895,38.801118711314345,4
2615,140.86749341214113,38.801118711314345,4
2616,140.97488263529277,38.801118711314345,4
2617,141.0822718584444,38.801118711314345,4
2618,141.189661081596,38.801118711314345,3
2619,141.29705030474764,38.801118711314345,3
2620,141.40443952789929,38.801118711314345,3
2621,141.5118287510509,38.801118711314345,4
2622,139.90099040377646,38.89120880140443,6
2623,140.0083796269281,38.89120880140443,6
2624,140.11576885007975,38.89120880140443,6
2625,140.22315807323136,38.89120880140443,6
2626,140.33054729638297,38.89120880140443,6
2627,140.43793651953462,38.89120880140443,6
2628,140.54532574268626,38.89120880140443,6
2629,140.65271496583787,38.89120880140443,5
2630,140.7601041889895,38.89120880140443,4
2631,140.86749341214113,38.89120880140443,4
2632,140.97488263529277,38.89120880140443,3
2633,141.0822718584444,38.89120880140443,3
2634,141.189661081596,38.89120880140443,3
2635,141.29705030474764,38.89120880140443,3
2636,141.40443952789929,38.89120880140443,3
2637,141.5118287510509,38.89120880140443,4
2638,141.6192179742025,38.89120880140443,4
2639,139.90099040377646,38.981298891494525,6
2640,140.0083796269281,38.981298891494525,6
2641,140.11576885007975,38.981298891494525,6
2642,140.22315807323136,38.981298891494525,6
2643,140.33054729638297,38.981298891494525,6
2644,140.43793651953462,38.981298891494525,6
2645,140.54532574268626,38.981298891494525,5
2646,140.65271496583787,38.981298891494525,5
2647,140.7601041889895,38.981298891494525,5
2648,140.86749341214113,38.981298891494525,3
2649,140.97488263529277,38.981298891494525,3
2650,141.0822718584444,38.981298891494525,3
2651,141.189661081596,38.981298891494525,3
2652,141.29705030474764,38.981298891494525,3
2653,141.40443952789929,38.981298891494525,3
2654,141.5118287510509,38.981298891494525,4
2655,141.6192179742025,38.981298891494525,3
2656,139.90099040377646,39.07138898158462,6
2657,140.0083796269281,39.07138898158462,6
2658,140.11576885007975,39.07138898158462,6
2659,140.22315807323136,39.07138898158462,5
2660,140.33054729638297,39.07138898158462,5
2661,140.43793651953462,39.07138898158462,5
2662,140.54532574268626,39.07138898158462,5
2663,140.65271496583787,39.07138898158462,5
2664,140.7601041889895,39.07138898158462,5
2665,140.86749341214113,39.07138898158462,3
2666,140.97488263529277,39.07138898158462,3
2667,141.0822718584444,39.07138898158462,3
2668,141.189661081596,39.07138898158462,3
2669,141.29705030474764,39.07138898158462,3
2670,141.40443952789929,39.07138898158462,3
2671,141.5118287510509,39.07138898158462,3
2672,141.6192179742025,39.07138898158462,3
2673,141.72660719735416,39.07138898158462,3
2674,141.8339964205058,39.07138898158462,3
2675,139.90099040377646,39.161479071674705,5
2676,140.0083796269281,39.161479071674705,5
2677,140.11576885007975,39.161479071674705,5
2678,140.22315807323136,39.161479071674705,5
2679,140.33054729638297,39.161479071674705,5
2680,140.43793651953462,39.161479071674705,5
2681,140.54532574268626,39.161479071674705,5
2682,140.65271496583787,39.161479071674705,5
2683,140.7601041889895,39.161479071674705,5
2684,140.86749341214113,39.161479071674705,3
2685,140.97488263529277,39.161479071674705,3
2686,141.0822718584444,39.161479071674705,3
2687,141.189661081596,39.161479071674705,3
2688,141.29705030474764,39.161479071674705,3
2689,141.40443952789929,39.161479071674705,3
2690,141.5118287510509,39.161479071674705,3
2691,141.6192179742025,39.161479071674705,3
2692,141.72660719735416,39.161479071674705,3
2693,141.8339964205058,39.161479071674705,3
2694,140.0083796269281,39.25156916176479,5
2695,140.11576885007975,39.25156916176479,5
2696,140.22315807323136,39.25156916176479,5
2697,140.33054729638297,39.25156916176479,5
2698,140.43793651953462,39.25156916176479,5
2699,140.54532574268626,39.25156916176479,5
2700,140.65271496583787,39.25156916176479,5
2701,140.7601041889895,39.25156916176479,5
2702,140.86749341214113,39.25156916176479,3
2703,140.97488263529277,39.25156916176479,3
2704,141.0822718584444,39.25156916176479,3
2705,141.189661081596,39.25156916176479,3
2706,141.29705030474764,39.25156916176479,3
2707,141.40443952789929,39.25156916176479,3
2708,141.5118287510509,39.25156916176479,3
2709,141.6192179742025,39.25156916176479,3
2710,141.72660719735416,39.25156916176479,3
2711,141.8339964205058,39.25156916176479,3
2712,140.0083796269281,39.341659251854885,5
2713,140.11576885007975,39.341659251854885,5
2714,140.22315807323136,39.341659251854885,5
2715,140.33054729638297,39.341659251854885,5
2716,140.43793651953462,39.341659251854885,5
2717,140.54532574268626,39.341659251854885,5
2718,140.65271496583787,39.341659251854885,5
2719,140.7601041889895,39.341659251854885,3
2720,140.86749341214113,39.341659251854885,3
2721,140.97488263529277,39.341659251854885,3
2722,141.0822718584444,39.341659251854885,3
2723,141.189661081596,39.341659251854885,3
2724,141.29705030474764,39.341659251854885,3
2725,141.40443952789929,39.341659251854885,3
2726,141.5118287510509,39.341659251854885,3
2727,141.6192179742025,39.341659251854885,3
2728,141.72660719735416,39.341659251854885,3
2729,141.8339964205058,39.341659251854885,3
2730,140.11576885007975,39.43174934194498,5
2731,140.22315807323136,39.43174934194498,5
2732,140.33054729638297,39.43174934194498,5
2733,140.43793651953462,39.43174934194498,5
2734,140.54532574268626,39.43174934194498,5
2735,140.65271496583787,39.43174934194498,5
2736,140.7601041889895,39.43174934194498,3
2737,140.86749341214113,39.43174934194498,3
2738,140.97488263529277,39.43174934194498,3
2739,141.0822718584444,39.43174934194498,3
2740,141.189661081596,39.43174934194498,3
2741,141.29705030474764,39.43174934194498,3
2742,141.40443952789929,39.43174934194498,3
2743,141.5118287510509,39.43174934194498,3
2744,141.6192179742025,39.43174934194498,3
2745,141.72660719735416,39.43174934194498,3
2746,141.8339964205058,39.43174934194498,3
2747,141.9413856436574,39.43174934194498,3
2748,140.11576885007975,39.521839432035065,5
2749,140.22315807323136,39.521839432035065,5
2750,140.33054729638297,39.521839432035065,5
2751,140.43793651953462,39.521839432035065,5
2752,140.54532574268626,39.521839432035065,5
2753,140.65271496583787,39.521839432035065,5
2754,140.7601041889895,39.521839432035065,3
2755,140.86749341214113,39.521839432035065,3
2756,140.97488263529277,39.521839432035065,3
2757,141.0822718584444,39.521839432035065,3
2758,141.189661081596,39.521839432035065,3
2759,141.29705030474764,39.521839432035065,3
2760,141.40443952789929,39.521839432035065,3
2761,141.5118287510509,39.521839432035065,3
2762,141.6192179742025,39.521839432035065,3
2763,141.72660719735416,39.521839432035065,3
2764,141.8339964205058,39.521839432035065,3
2765,141.9413856436574,39.521839432035065,3
2766,140.11576885007975,39.61192952212515,5
2767,140.22315807323136,39.61192952212515,5
2768,140.33054729638297,39.61192952212515,5
2769,140.43793651953462,39.61192952212515,5
2770,140.54532574268626,39.61192952212515,5
2771,140.65271496583787,39.61192952212515,5
2772,140.7601041889895,39.61192952212515,5
2773,140.86749341214113,39.61192952212515,3
2774,140.97488263529277,39.61192952212515,3
2775,141.0822718584444,39.61192952212515,3
2776,141.189661081596,39.61192952212515,3
2777,141.29705030474764,39.61192952212515,3
2778,141.40443952789929,39.61192952212515,3
2779,141.5118287510509,39.61192952212515,3
2780,141.6192179742025,39.61192952212515,3
2781,141.72660719735416,39.61192952212515,3
2782,141.8339964205058,39.61192952212515,3
2783,141.9413856436574,39.61192952212515,3
2784,140.11576885007975,39.702019612215246,5
2785,140.22315807323136,39.702019612215246,5
2786,140.33054729638297,39.702019612215246,5
2787,140.43793651953462,39.702019612215246,5
2788,140.54532574268626,39.702019612215246,5
2789,140.65271496583787,39.702019612215246,5
2790,140.7601041889895,39.702019612215246,5
2791,140.86749341214113,39.702019612215246,3
2792,140.97488263529277,39.702019612215246,3
2793,141.0822718584444,39.702019612215246,3
2794,141.189661081596,39.702019612215246,3
2795,141.29705030474764,39.702019612215246,3
2796,141.40443952789929,39.702019612215246,3
2797,141.5118287510509,39.702019612215246,3
2798,141.6192179742025,39.702019612215246,3
2799,141.72660719735416,39.702019612215246,3
2800,141.8339964205058,39.702019612215246,3
2801,141.9413856436574,39.702019612215246,3
2802,140.11576885007975,39.79210970230534,5
2803,140.22315807323136,39.79210970230534,5
2804,140.33054729638297,39.79210970230534,5
2805,140.43793651953462,39.79210970230534,5
2806,140.54532574268626,39.79210970230534,5
2807,140.65271496583787,39.79210970230534,5
2808,140.7601041889895,39.79210970230534,5
2809,140.86749341214113,39.79210970230534,3
2810,140.97488263529277,39.79210970230534,3
2811,141.0822718584444,39.79210970230534,3
2812,141.189661081596,39.79210970230534,3
2813,141.29705030474764,39.79210970230534,3
2814,141.40443952789929,39.79210970230534,3
2815,141.5118287510509,39.79210970230534,3
2816,141.6192179742025,39.79210970230534,3
2817,141.72660719735416,39.79210970230534,3
2818,141.8339964205058,39.79210970230534,3
2819,141.9413856436574,39.79210970230534,3
2820,139.79360118062485,39.882199792395426,5
2821,140.0083796269281,39.882199792395426,5
2822,140.11576885007975,39.882199792395426,5
2823,140.22315807323136,39.882199792395426,5
2824,140.33054729638297,39.882199792395426,5
2825,140.43793651953462,39.882199792395426,5
2826,140.54532574268626,39.882199792395426,5
2827,140.65271496583787,39.882199792395426,5
2828,140.7601041889895,39.882199792395426,5
2829,140.86749341214113,39.882199792395426,5
2830,140.97488263529277,39.882199792395426,3
2831,141.0822718584444,39.882199792395426,3
2832,141.189661081596,39.882199792395426,3
2833,141.29705030474764,39.882199792395426,3
2834,141.40443952789929,39.882199792395426,3
2835,141.5118287510509,39.882199792395426,3
2836,141.6192179742025,39.882199792395426,3
2837,141.72660719735416,39.882199792395426,3
2838,141.8339964205058,39.882199792395426,3
2839,141.9413856436574,39.882199792395426,3
2840,139.90099040377646,39.97228988248551,5
2841,140.0083796269281,39.97228988248551,5
2842,140.11576885007975,39.97228988248551,5
2843,140.22315807323136,39.97228988248551,5
2844,140.33054729638297,39.97228988248551,5
2845,140.43793651953462,39.97228988248551,5
2846,140.54532574268626,39.97228988248551,5
2847,140.65271496583787,39.97228988248551,5
2848,140.7601041889895,39.97228988248551,5
2849,140.86749341214113,39.97228988248551,3
2850,140.97488263529277,39.97228988248551,3
2851,141.0822718584444,39.97228988248551,3
2852,141.189661081596,39.97228988248551,3
2853,141.29705030474764,39.97228988248551,3
2854,141.40443952789929,39.97228988248551,3
2855,141.5118287510509,39.97228988248551,3
2856,141.6192179742025,39.97228988248551,3
2857,141.72660719735416,39.97228988248551,3
2858,141.8339964205058,39.97228988248551,3
2859,141.9413856436574,39.97228988248551,3
2860,140.0083796269281,40.062379972575606,5
2861,140.11576885007975,40.062379972575606,5
2862,140.22315807323136,40.062379972575606,5
2863,140.33054729638297,40.062379972575606,5
2864,140.43793651953462,40.062379972575606,5
2865,140.54532574268626,40.062379972575606,5
2866,140.65271496583787,40.062379972575606,5
2867,140.7601041889895,40.062379972575606,5
2868,140.86749341214113,40.062379972575606,3
2869,140.97488263529277,40.062379972575606,3
2870,141.0822718584444,40.062379972575606,3
2871,141.189661081596,40.062379972575606,3
2872,141.29705030474764,40.062379972575606,3
2873,141.40443952789929,40.062379972575606,3
2874,141.5118287510509,40.062379972575606,3
2875,141.6192179742025,40.062379972575606,3
2876,141.72660719735416,40.062379972575606,3
2877,141.8339964205058,40.062379972575606,3
2878,140.0083796269281,40.1524700626657,5
2879,140.11576885007975,40.1524700626657,5
2880,140.22315807323136,40.1524700626657,5
2881,140.33054729638297,40.1524700626657,5
2882,140.43793651953462,40.1524700626657,5
2883,140.54532574268626,40.1524700626657,5
2884,140.65271496583787,40.1524700626657,5
2885,140.7601041889895,40.1524700626657,5
2886,140.86749341214113,40.1524700626657,5
2887,140.97488263529277,40.1524700626657,3
2888,141.0822718584444,40.1524700626657,3
2889,141.189661081596,40.1524700626657,3
2890,141.29705030474764,40.1524700626657,3
2891,141.40443952789929,40.1524700626657,3
2892,141.5118287510509,40.1524700626657,3
2893,141.6192179742025,40.1524700626657,3
2894,141.72660719735416,40.1524700626657,3
2895,141.8339964205058,40.1524700626657,3
2896,140.11576885007975,40.242560152755786,5
2897,140.22315807323136,40.242560152755786,5
2898,140.33054729638297,40.242560152755786,5
2899,140.43793651953462,40.242560152755786,5
2900,140.54532574268626,40.242560152755786,5
2901,140.65271496583787,40.242560152755786,5
2902,140.7601041889895,40.242560152755786,5
2903,140.86749341214113,40.242560152755786,5
2904,140.97488263529277,40.242560152755786,2
2905,141.0822718584444,40.242560152755786,3
2906,141.189661081596,40.242560152755786,3
2907,141.29705030474764,40.242560152755786,3
2908,141.40443952789929,40.242560152755786,3
2909,141.5118287510509,40.242560152755786,3
2910,141.6192179742025,40.242560152755786,3
2911,141.72660719735416,40.242560152755786,3
2912,140.11576885007975,40.33265024284587,5
2913,140.22315807323136,40.33265024284587,5
2914,140.33054729638297,40.33265024284587,5
2915,140.43793651953462,40.33265024284587,5
2916,140.54532574268626,40.33265024284587,5
2917,140.65271496583787,40.33265024284587,5
2918,140.7601041889895,40.33265024284587,5
2919,140.86749341214113,40.33265024284587,5
2920,140.97488263529277,40.33265024284587,2
2921,141.0822718584444,40.33265024284587,2
2922,141.189661081596,40.33265024284587,2
2923,141.29705030474764,40.33265024284587,3
2924,141.40443952789929,40.33265024284587,3
2925,141.5118287510509,40.33265024284587,3
2926,141.6192179742025,40.33265024284587,3
2927,141.72660719735416,40.33265024284587,3
2928,140.0083796269281,40.422740332935966,5
2929,140.11576885007975,40.422740332935966,5
2930,140.22315807323136,40.422740332935966,5
2931,140.33054729638297,40.422740332935966,5
2932,140.43793651953462,40.422740332935966,5
2933,140.54532574268626,40.422740332935966,2
2934,140.65271496583787,40.422740332935966,2
2935,140.7601041889895,40.422740332935966,5
2936,140.86749341214113,40.422740332935966,5
2937,140.97488263529277,40.422740332935966,5
2938,141.0822718584444,40.422740332935966,2
2939,141.189661081596,40.422740332935966,2
2940,141.29705030474764,40.422740332935966,2
2941,141.40443952789929,40.422740332935966,2
2942,141.5118287510509,40.422740332935966,2
2943,141.6192179742025,40.422740332935966,2
2944,140.0083796269281,40.51283042302606,2
2945,140.11576885007975,40.51283042302606,2
2946,140.22315807323136,40.51283042302606,2
2947,140.33054729638297,40.51283042302606,2
2948,140.43793651953462,40.51283042302606,2
2949,140.54532574268626,40.51283042302606,2
2950,140.65271496583787,40.51283042302606,2
2951,140.7601041889895,40.51283042302606,2
2952,140.86749341214113,40.51283042302606,2
2953,140.97488263529277,40.51283042302606,2
2954,141.0822718584444,40.51283042302606,2
2955,141.189661081596,40.51283042302606,2
2956,141.29705030474764,40.51283042302606,2
2957,141.40443952789929,40.51283042302606,2
2958,141.5118287510509,40.51283042302606,2
2959,139.90099040377646,40.602920513116146,2
2960,140.0083796269281,40.602920513116146,2
2961,140.11576885007975,40.602920513116146,2
2962,140.22315807323136,40.602920513116146,2
2963,140.33054729638297,40.602920513116146,2
2964,140.43793651953462,40.602920513116146,2
2965,140.54532574268626,40.602920513116146,2
2966,140.65271496583787,40.602920513116146,2
2967,140.7601041889895,40.602920513116146,2
2968,140.86749341214113,40.602920513116146,2
2969,140.97488263529277,40.602920513116146,2
2970,141.0822718584444,40.602920513116146,2
2971,141.189661081596,40.602920513116146,2
2972,141.29705030474764,40.602920513116146,2
2973,141.40443952789929,40.602920513116146,2
2974,140.0083796269281,40.69301060320623,2
2975,140.11576885007975,40.69301060320623,2
2976,140.22315807323136,40.69301060320623,2
2977,140.33054729638297,40.69301060320623,2
2978,140.43793651953462,40.69301060320623,2
2979,140.54532574268626,40.69301060320623,2
2980,140.65271496583787,40.69301060320623,2
2981,140.7601041889895,40.69301060320623,2
2982,140.86749341214113,40.69301060320623,2
2983,140.97488263529277,40.69301060320623,2
2984,141.0822718584444,40.69301060320623,2
2985,141.189661081596,40.69301060320623,2
2986,141.29705030474764,40.69301060320623,2
2987,141.40443952789929,40.69301060320623,2
2988,140.33054729638297,40.783100693296326,2
2989,140.43793651953462,40.783100693296326,2
2990,140.54532574268626,40.783100693296326,2
2991,140.65271496583787,40.783100693296326,2
2992,140.7601041889895,40.783100693296326,2
2993,140.86749341214113,40.783100693296326,2
2994,140.97488263529277,40.783100693296326,2
2995,141.0822718584444,40.783100693296326,2
2996,141.189661081596,40.783100693296326,2
2997,141.29705030474764,40.783100693296326,2
2998,141.40443952789929,40.783100693296326,2
2999,140.33054729638297,40.87319078338642,2
3000,140.43793651953462,40.87319078338642,2
3001,140.54532574268626,40.87319078338642,2
3002,140.65271496583787,40.87319078338642,2
3003,140.86749341214113,40.87319078338642,2
3004,140.97488263529277,40.87319078338642,2
3005,141.0822718584444,40.87319078338642,2
3006,141.189661081596,40.87319078338642,2
3007,141.29705030474764,40.87319078338642,2
3008,140.33054729638297,40.963280873476506,2
3009,140.43793651953462,40.963280873476506,2
3010,140.54532574268626,40.963280873476506,2
3011,140.65271496583787,40.963280873476506,2
3012,140.86749341214113,40.963280873476506,2
3013,140.97488263529277,40.963280873476506,2
3014,141.29705030474764,40.963280873476506,2
3015,140.33054729638297,41.05337096356659,2
3016,140.43793651953462,41.05337096356659,2
3017,140.54532574268626,41.05337096356659,2
3018,141.29705030474764,41.05337096356659,2
3019,140.33054729638297,41.14346105365669,2
3020,140.43793651953462,41.14346105365669,2
3021,140.54532574268626,41.14346105365669,2
3022,141.29705030474764,41.14346105365669,2
3023,140.86749341214113,41.23355114374678,2
3024,140.97488263529277,41.23355114374678,2
3025,141.0822718584444,41.23355114374678,2
3026,141.29705030474764,41.23355114374678,2
3027,141.40443952789929,41.23355114374678,2
3028,140.86749341214113,41.32364123383687,2
3029,140.97488263529277,41.32364123383687,2
3030,141.0822718584444,41.32364123383687,2
3031,141.189661081596,41.32364123383687,2
3032,141.29705030474764,41.32364123383687,2
3033,141.40443952789929,41.32364123383687,2
3034,140.86749341214113,41.41373132392695,2
3035,140.97488263529277,41.41373132392695,2
3036,141.0822718584444,41.41373132392695,2
3037,139.36404428801833,41.50382141401705,1
3038,140.11576885007975,41.50382141401705,1
3039,140.22315807323136,41.50382141401705,1
3040,140.0083796269281,41.59391150410714,1
3041,140.11576885007975,41.59391150410714,1
3042,140.22315807323136,41.59391150410714,1
3043,140.33054729638297,41.59391150410714,1
3044,140.0083796269281,41.68400159419723,1
3045,140.11576885007975,41.68400159419723,1
3046,140.22315807323136,41.68400159419723,1
3047,140.33054729638297,41.68400159419723,1
3048,140.43793651953462,41.68400159419723,1
3049,140.11576885007975,41.77409168428731,1
3050,140.22315807323136,41.77409168428731,1
3051,140.33054729638297,41.77409168428731,1
3052,140.43793651953462,41.77409168428731,1
3053,140.54532574268626,41.77409168428731,1
3054,140.7601041889895,41.77409168428731,1
3055,140.86749341214113,41.77409168428731,1
3056,140.97488263529277,41.77409168428731,1
3057,141.0822718584444,41.77409168428731,1
3058,140.22315807323136,41.86418177437741,1
3059,140.33054729638297,41.86418177437741,1
3060,140.43793651953462,41.86418177437741,1
3061,140.54532574268626,41.86418177437741,1
3062,140.65271496583787,41.86418177437741,1
3063,140.7601041889895,41.86418177437741,1
3064,140.86749341214113,41.86418177437741,1
3065,140.97488263529277,41.86418177437741,1
3066,141.0822718584444,41.86418177437741,1
3067,140.22315807323136,41.9542718644675,1
3068,140.33054729638297,41.9542718644675,1
3069,140.43793651953462,41.9542718644675,1
3070,140.54532574268626,41.9542718644675,1
3071,140.65271496583787,41.9542718644675,1
3072,140.7601041889895,41.9542718644675,1
3073,140.86749341214113,41.9542718644675,1
3074,143.23005632147695,41.9542718644675,1
3075,140.11576885007975,42.04436195455759,1
3076,140.22315807323136,42.04436195455759,1
3077,140.33054729638297,42.04436195455759,1
3078,140.43793651953462,42.04436195455759,1
3079,140.54532574268626,42.04436195455759,1
3080,140.65271496583787,42.04436195455759,1
3081,140.7601041889895,42.04436195455759,1
3082,143.12266709832534,42.04436195455759,1
3083,143.23005632147695,42.04436195455759,1
3084,139.47143351116995,42.134452044647674,1
3085,140.0083796269281,42.134452044647674,1
3086,140.11576885007975,42.134452044647674,1
3087,140.22315807323136,42.134452044647674,1
3088,140.33054729638297,42.134452044647674,1
3089,140.43793651953462,42.134452044647674,1
3090,142.90788865202205,42.134452044647674,1
3091,143.0152778751737,42.134452044647674,1
3092,143.12266709832534,42.134452044647674,1
3093,143.23005632147695,42.134452044647674,1
3094,139.90099040377646,42.22454213473777,1
3095,140.0083796269281,42.22454213473777,1
3096,140.11576885007975,42.22454213473777,1
3097,140.22315807323136,42.22454213473777,1
3098,140.33054729638297,42.22454213473777,1
3099,142.69311020571882,42.22454213473777,1
3100,142.80049942887044,42.22454213473777,1
3101,142.90788865202205,42.22454213473777,1
3102,143.0152778751737,42.22454213473777,1
3103,143.12266709832534,42.22454213473777,1
3104,143.23005632147695,42.22454213473777,1
3105,139.79360118062485,42.31463222482786,1
3106,139.90099040377646,42.31463222482786,1
3107,140.0083796269281,42.31463222482786,1
3108,140.11576885007975,42.31463222482786,1
3109,140.22315807323136,42.31463222482786,1
3110,140.97488263529277,42.31463222482786,1
3111,142.47833175941554,42.31463222482786,1
3112,142.58572098256718,42.31463222482786,1
3113,142.69311020571882,42.31463222482786,1
3114,142.80049942887044,42.31463222482786,1
3115,142.90788865202205,42.31463222482786,1
3116,143.0152778751737,42.31463222482786,1
3117,143.12266709832534,42.31463222482786,1
3118,143.23005632147695,42.31463222482786,1
3119,139.90099040377646,42.40472231491795,1
3120,140.0083796269281,42.40472231491795,1
3121,140.11576885007975,42.40472231491795,1
3122,140.22315807323136,42.40472231491795,1
3123,140.97488263529277,42.40472231491795,1
3124,141.0822718584444,42.40472231491795,1
3125,142.2635533131123,42.40472231491795,1
3126,142.37094253626393,42.40472231491795,1
3127,142.47833175941554,42.40472231491795,1
3128,142.58572098256718,42.40472231491795,1
3129,142.69311020571882,42.40472231491795,1
3130,142.80049942887044,42.40472231491795,1
3131,142.90788865202205,42.40472231491795,1
3132,143.0152778751737,42.40472231491795,1
3133,143.12266709832534,42.40472231491795,1
3134,143.23005632147695,42.40472231491795,1
3135,143.33744554462857,42.40472231491795,1
3136,139.90099040377646,42.494812405008034,1
3137,140.0083796269281,42.494812405008034,1
3138,140.11576885007975,42.494812405008034,1
3139,140.22315807323136,42.494812405008034,1
3140,140.33054729638297,42.494812405008034,1
3141,140.86749341214113,42.494812405008034,1
3142,140.97488263529277,42.494812405008034,1
3143,141.0822718584444,42.494812405008034,1
3144,141.189661081596,42.494812405008034,1
3145,142.04877486680903,42.494812405008034,1
3146,142.15616408996067,42.494812405008034,1
3147,142.2635533131123,42.494812405008034,1
3148,142.37094253626393,42.494812405008034,1
3149,142.47833175941554,42.494812405008034,1
3150,142.58572098256718,42.494812405008034,1
3151,142.69311020571882,42.494812405008034,1
3152,142.80049942887044,42.494812405008034,1
3153,142.90788865202205,42.494812405008034,1
3154,143.0152778751737,42.494812405008034,1
3155,143.12266709832534,42.494812405008034,1
3156,143.23005632147695,42.494812405008034,1
3157,143.33744554462857,42.494812405008034,1
3158,143.4448347677802,42.494812405008034,1
3159,139.90099040377646,42.58490249509813,1
3160,140.0083796269281,42.58490249509813,1
3161,140.11576885007975,42.58490249509813,1
3162,140.22315807323136,42.58490249509813,1
3163,140.33054729638297,42.58490249509813,1
3164,140.43793651953462,42.58490249509813,1
3165,140.54532574268626,42.58490249509813,1
3166,140.7601041889895,42.58490249509813,1
3167,140.86749341214113,42.58490249509813,1
3168,140.97488263529277,42.58490249509813,1
3169,141.0822718584444,42.58490249509813,1
3170,141.189661081596,42.58490249509813,1
3171,141.29705030474764,42.58490249509813,1
3172,141.40443952789929,42.58490249509813,1
3173,141.9413856436574,42.58490249509813,1
3174,142.04877486680903,42.58490249509813,1
3175,142.15616408996067,42.58490249509813,1
3176,142.2635533131123,42.58490249509813,1
3177,142.37094253626393,42.58490249509813,1
3178,142.47833175941554,42.58490249509813,1
3179,142.58572098256718,42.58490249509813,1
3180,142.69311020571882,42.58490249509813,1
3181,142.80049942887044,42.58490249509813,1
3182,142.90788865202205,42.58490249509813,1
3183,143.0152778751737,42.58490249509813,1
3184,143.12266709832534,42.58490249509813,1
3185,143.23005632147695,42.58490249509813,1
3186,143.33744554462857,42.58490249509813,1
3187,143.4448347677802,42.58490249509813,1
3188,139.90099040377646,42.67499258518822,1
3189,140.0083796269281,42.67499258518822,1
3190,140.11576885007975,42.67499258518822,1
3191,140.22315807323136,42.67499258518822,1
3192,140.33054729638297,42.67499258518822,1
3193,140.43793651953462,42.67499258518822,1
3194,140.54532574268626,42.67499258518822,1
3195,140.65271496583787,42.67499258518822,1
3196,140.7601041889895,42.67499258518822,1
3197,140.86749341214113,42.67499258518822,1
3198,140.97488263529277,42.67499258518822,1
3199,141.0822718584444,42.67499258518822,1
3200,141.189661081596,42.67499258518822,1
3201,141.29705030474764,42.67499258518822,1
3202,141.40443952789929,42.67499258518822,1
3203,141.5118287510509,42.67499258518822,1
3204,141.6192179742025,42.67499258518822,1
3205,141.72660719735416,42.67499258518822,1
3206,141.8339964205058,42.67499258518822,1
3207,141.9413856436574,42.67499258518822,1
3208,142.04877486680903,42.67499258518822,1
3209,142.15616408996067,42.67499258518822,1
3210,142.2635533131123,42.67499258518822,1
3211,142.37094253626393,42.67499258518822,1
3212,142.47833175941554,42.67499258518822,1
3213,142.58572098256718,42.67499258518822,1
3214,142.69311020571882,42.67499258518822,1
3215,142.80049942887044,42.67499258518822,1
3216,142.90788865202205,42.67499258518822,1
3217,143.0152778751737,42.67499258518822,1
3218,143.12266709832534,42.67499258518822,1
3219,143.23005632147695,42.67499258518822,1
3220,143.33744554462857,42.67499258518822,1
3221,143.4448347677802,42.67499258518822,1
3222,143.55222399093185,42.67499258518822,1
3223,140.22315807323136,42.76508267527831,1
3224,140.33054729638297,42.76508267527831,1
3225,140.43793651953462,42.76508267527831,1
3226,140.54532574268626,42.76508267527831,1
3227,140.65271496583787,42.76508267527831,1
3228,140.7601041889895,42.76508267527831,1
3229,140.86749341214113,42.76508267527831,1
3230,140.97488263529277,42.76508267527831,1
3231,141.0822718584444,42.76508267527831,1
3232,141.189661081596,42.76508267527831,1
3233,141.29705030474764,42.76508267527831,1
3234,141.40443952789929,42.76508267527831,1
3235,141.5118287510509,42.76508267527831,1
3236,141.6192179742025,42.76508267527831,1
3237,141.72660719735416,42.76508267527831,1
3238,141.8339964205058,42.76508267527831,1
3239,141.9413856436574,42.76508267527831,1
3240,142.04877486680903,42.76508267527831,1
3241,142.15616408996067,42.76508267527831,1
3242,142.2635533131123,42.76508267527831,1
3243,142.37094253626393,42.76508267527831,1
3244,142.47833175941554,42.76508267527831,1
3245,142.58572098256718,42.76508267527831,1
3246,142.69311020571882,42.76508267527831,1
3247,142.80049942887044,42.76508267527831,1
3248,142.90788865202205,42.76508267527831,1
3249,143.0152778751737,42.76508267527831,1
3250,143.12266709832534,42.76508267527831,1
3251,143.23005632147695,42.76508267527831,1
3252,143.33744554462857,42.76508267527831,1
3253,143.4448347677802,42.76508267527831,1
3254,143.55222399093185,42.76508267527831,1
3255,143.65961321408346,42.76508267527831,1
3256,140.43793651953462,42.855172765368394,1
3257,140.54532574268626,42.855172765368394,1
3258,140.65271496583787,42.855172765368394,1
3259,140.7601041889895,42.855172765368394,1
3260,140.86749341214113,42.855172765368394,1
3261,140.97488263529277,42.855172765368394,1
3262,141.0822718584444,42.855172765368394,1
3263,141.189661081596,42.855172765368394,1
3264,141.29705030474764,42.855172765368394,1
3265,141.40443952789929,42.855172765368394,1
3266,141.5118287510509,42.855172765368394,1
3267,141.6192179742025,42.855172765368394,1
3268,141.72660719735416,42.855172765368394,1
3269,141.8339964205058,42.855172765368394,1
3270,141.9413856436574,42.855172765368394,1
3271,142.04877486680903,42.855172765368394,1
3272,142.15616408996067,42.855172765368394,1
3273,142.2635533131123,42.855172765368394,1
3274,142.37094253626393,42.855172765368394,1
3275,142.47833175941554,42.855172765368394,1
3276,142.58572098256718,42.855172765368394,1
3277,142.69311020571882,42.855172765368394,1
3278,142.80049942887044,42.855172765368394,1
3279,142.90788865202205,42.855172765368394,1
3280,143.0152778751737,42.855172765368394,1
3281,143.12266709832534,42.855172765368394,1
3282,143.23005632147695,42.855172765368394,1
3283,143.33744554462857,42.855172765368394,1
3284,143.4448347677802,42.855172765368394,1
3285,143.55222399093185,42.855172765368394,1
3286,143.65961321408346,42.855172765368394,1
3287,143.76700243723508,42.855172765368394,1
3288,143.87439166038672,42.855172765368394,1
3289,140.43793651953462,42.94526285545849,1
3290,140.54532574268626,42.94526285545849,1
3291,140.65271496583787,42.94526285545849,1
3292,140.7601041889895,42.94526285545849,1
3293,140.86749341214113,42.94526285545849,1
3294,140.97488263529277,42.94526285545849,1
3295,141.0822718584444,42.94526285545849,1
3296,141.189661081596,42.94526285545849,1
3297,141.29705030474764,42.94526285545849,1
3298,141.40443952789929,42.94526285545849,1
3299,141.5118287510509,42.94526285545849,1
3300,141.6192179742025,42.94526285545849,1
3301,141.72660719735416,42.94526285545849,1
3302,141.8339964205058,42.94526285545849,1
3303,141.9413856436574,42.94526285545849,1
3304,142.04877486680903,42.94526285545849,1
3305,142.15616408996067,42.94526285545849,1
3306,142.2635533131123,42.94526285545849,1
3307,142.37094253626393,42.94526285545849,1
3308,142.47833175941554,42.94526285545849,1
3309,142.58572098256718,42.94526285545849,1
3310,142.69311020571882,42.94526285545849,1
3311,142.80049942887044,42.94526285545849,1
3312,142.90788865202205,42.94526285545849,1
3313,143.0152778751737,42.94526285545849,1
3314,143.12266709832534,42.94526285545849,1
3315,143.23005632147695,42.94526285545849,1
3316,143.33744554462857,42.94526285545849,1
3317,143.4448347677802,42.94526285545849,1
3318,143.55222399093185,42.94526285545849,1
3319,143.65961321408346,42.94526285545849,1
3320,143.76700243723508,42.94526285545849,1
3321,143.87439166038672,42.94526285545849,1
3322,143.98178088353836,42.94526285545849,1
3323,144.73350544559975,42.94526285545849,1
3324,140.54532574268626,43.03535294554858,1
3325,140.65271496583787,43.03535294554858,1
3326,140.7601041889895,43.03535294554858,1
3327,140.86749341214113,43.03535294554858,1
3328,140.97488263529277,43.03535294554858,1
3329,141.0822718584444,43.03535294554858,1
3330,141.189661081596,43.03535294554858,1
3331,141.29705030474764,43.03535294554858,1
3332,141.40443952789929,43.03535294554858,1
3333,141.5118287510509,43.03535294554858,1
3334,141.6192179742025,43.03535294554858,1
3335,141.72660719735416,43.03535294554858,1
3336,141.8339964205058,43.03535294554858,1
3337,141.9413856436574,43.03535294554858,1
3338,142.04877486680903,43.03535294554858,1
3339,142.15616408996067,43.03535294554858,1
3340,142.2635533131123,43.03535294554858,1
3341,142.37094253626393,43.03535294554858,1
3342,142.47833175941554,43.03535294554858,1
3343,142.58572098256718,43.03535294554858,1
3344,142.69311020571882,43.03535294554858,1
3345,142.80049942887044,43.03535294554858,1
3346,142.90788865202205,43.03535294554858,1
3347,143.0152778751737,43.03535294554858,1
3348,143.12266709832534,43.03535294554858,1
3349,143.23005632147695,43.03535294554858,1
3350,143.33744554462857,43.03535294554858,1
3351,143.4448347677802,43.03535294554858,1
3352,143.55222399093185,43.03535294554858,1
3353,143.65961321408346,43.03535294554858,1
3354,143.76700243723508,43.03535294554858,1
3355,143.87439166038672,43.03535294554858,1
3356,143.98178088353836,43.03535294554858,1
3357,144.08917010668998,43.03535294554858,1
3358,144.1965593298416,43.03535294554858,1
3359,144.30394855299323,43.03535294554858,1
3360,144.41133777614488,43.03535294554858,1
3361,144.5187269992965,43.03535294554858,1
3362,144.6261162224481,43.03535294554858,1
3363,144.73350544559975,43.03535294554858,1
3364,144.8408946687514,43.03535294554858,1
3365,144.948283891903,43.03535294554858,1
3366,140.54532574268626,43.12544303563867,1
3367,140.65271496583787,43.12544303563867,1
3368,140.7601041889895,43.12544303563867,1
3369,140.86749341214113,43.12544303563867,1
3370,140.97488263529277,43.12544303563867,1
3371,141.0822718584444,43.12544303563867,1
3372,141.189661081596,43.12544303563867,1
3373,141.29705030474764,43.12544303563867,1
3374,141.40443952789929,43.12544303563867,1
3375,141.5118287510509,43.12544303563867,1
3376,141.6192179742025,43.12544303563867,1
3377,141.72660719735416,43.12544303563867,1
3378,141.8339964205058,43.12544303563867,1
3379,141.9413856436574,43.12544303563867,1
3380,142.04877486680903,43.12544303563867,1
3381,142.15616408996067,43.12544303563867,1
3382,142.2635533131123,43.12544303563867,1
3383,142.37094253626393,43.12544303563867,1
3384,142.47833175941554,43.12544303563867,1
3385,142.58572098256718,43.12544303563867,1
3386,142.69311020571882,43.12544303563867,1
3387,142.80049942887044,43.12544303563867,1
3388,142.90788865202205,43.12544303563867,1
3389,143.0152778751737,43.12544303563867,1
3390,143.12266709832534,43.12544303563867,1
3391,143.23005632147695,43.12544303563867,1
3392,143.33744554462857,43.12544303563867,1
3393,143.4448347677802,43.12544303563867,1
3394,143.55222399093185,43.12544303563867,1
3395,143.65961321408346,43.12544303563867,1
3396,143.76700243723508,43.12544303563867,1
3397,143.87439166038672,43.12544303563867,1
3398,143.98178088353836,43.12544303563867,1
3399,144.08917010668998,43.12544303563867,1
3400,144.1965593298416,43.12544303563867,1
3401,144.30394855299323,43.12544303563867,1
3402,144.41133777614488,43.12544303563867,1
3403,144.5187269992965,43.12544303563867,1
3404,144.6261162224481,43.12544303563867,1
3405,144.73350544559975,43.12544303563867,1
3406,144.8408946687514,43.12544303563867,1
3407,144.948283891903,43.12544303563867,1
3408,145.05567311505462,43.12544303563867,1
3409,140.43793651953462,43.215533125728754,1
3410,140.54532574268626,43.215533125728754,1
3411,140.65271496583787,43.215533125728754,1
3412,140.7601041889895,43.215533125728754,1
3413,140.97488263529277,43.215533125728754,1
3414,141.40443952789929,43.215533125728754,1
3415,141.5118287510509,43.215533125728754,1
3416,141.6192179742025,43.215533125728754,1
3417,141.72660719735416,43.215533125728754,1
3418,141.8339964205058,43.215533125728754,1
3419,141.9413856436574,43.215533125728754,1
3420,142.04877486680903,43.215533125728754,1
3421,142.15616408996067,43.215533125728754,1
3422,142.2635533131123,43.215533125728754,1
3423,142.37094253626393,43.215533125728754,1
3424,142.47833175941554,43.215533125728754,1
3425,142.58572098256718,43.215533125728754,1
3426,142.69311020571882,43.215533125728754,1
3427,142.80049942887044,43.215533125728754,1
3428,142.90788865202205,43.215533125728754,1
3429,143.0152778751737,43.215533125728754,1
3430,143.12266709832534,43.215533125728754,1
3431,143.23005632147695,43.215533125728754,1
3432,143.33744554462857,43.215533125728754,1
3433,143.4448347677802,43.215533125728754,1
3434,143.55222399093185,43.215533125728754,1
3435,143.65961321408346,43.215533125728754,1
3436,143.76700243723508,43.215533125728754,1
3437,143.87439166038672,43.215533125728754,1
3438,143.98178088353836,43.215533125728754,1
3439,144.08917010668998,43.215533125728754,1
3440,144.1965593298416,43.215533125728754,1
3441,144.30394855299323,43.215533125728754,1
3442,144.41133777614488,43.215533125728754,1
3443,144.5187269992965,43.215533125728754,1
3444,144.6261162224481,43.215533125728754,1
3445,144.73350544559975,43.215533125728754,1
3446,144.8408946687514,43.215533125728754,1
3447,144.948283891903,43.215533125728754,1
3448,145.05567311505462,43.215533125728754,1
3449,145.16306233820626,43.215533125728754,1
3450,145.2704515613579,43.215533125728754,1
3451,145.37784078450952,43.215533125728754,1
3452,145.48523000766113,43.215533125728754,1
3453,145.59261923081277,43.215533125728754,1
3454,140.43793651953462,43.30562321581885,1
3455,140.54532574268626,43.30562321581885,1
3456,141.40443952789929,43.30562321581885,1
3457,141.5118287510509,43.30562321581885,1
3458,141.6192179742025,43.30562321581885,1
3459,141.72660719735416,43.30562321581885,1
3460,141.8339964205058,43.30562321581885,1
3461,141.9413856436574,43.30562321581885,1
3462,142.04877486680903,43.30562321581885,1
3463,142.15616408996067,43.30562321581885,1
3464,142.2635533131123,43.30562321581885,1
3465,142.37094253626393,43.30562321581885,1
3466,142.47833175941554,43.30562321581885,1
3467,142.58572098256718,43.30562321581885,1
3468,142.69311020571882,43.30562321581885,1
3469,142.80049942887044,43.30562321581885,1
3470,142.90788865202205,43.30562321581885,1
3471,143.0152778751737,43.30562321581885,1
3472,143.12266709832534,43.30562321581885,1
3473,143.23005632147695,43.30562321581885,1
3474,143.33744554462857,43.30562321581885,1
3475,143.4448347677802,43.30562321581885,1
3476,143.55222399093185,43.30562321581885,1
3477,143.65961321408346,43.30562321581885,1
3478,143.76700243723508,43.30562321581885,1
3479,143.87439166038672,43.30562321581885,1
3480,143.98178088353836,43.30562321581885,1
3481,144.08917010668998,43.30562321581885,1
3482,144.1965593298416,43.30562321581885,1
3483,144.30394855299323,43.30562321581885,1
3484,144.41133777614488,43.30562321581885,1
3485,144.5187269992965,43.30562321581885,1
3486,144.6261162224481,43.30562321581885,1
3487,144.73350544559975,43.30562321581885,1
3488,144.8408946687514,43.30562321581885,1
3489,144.948283891903,43.30562321581885,1
3490,145.05567311505462,43.30562321581885,1
3491,145.16306233820626,43.30562321581885,1
3492,145.2704515613579,43.30562321581885,1
3493,145.37784078450952,43.30562321581885,1
3494,145.59261923081277,43.30562321581885,1
3495,141.5118287510509,43.39571330590894,1
3496,141.6192179742025,43.39571330590894,1
3497,141.72660719735416,43.39571330590894,1
3498,141.8339964205058,43.39571330590894,1
3499,141.9413856436574,43.39571330590894,1
3500,142.04877486680903,43.39571330590894,1
3501,142.15616408996067,43.39571330590894,1
3502,142.2635533131123,43.39571330590894,1
3503,142.37094253626393,43.39571330590894,1
3504,142.47833175941554,43.39571330590894,1
3505,142.58572098256718,43.39571330590894,1
3506,142.69311020571882,43.39571330590894,1
3507,142.80049942887044,43.39571330590894,1
3508,142.90788865202205,43.39571330590894,1
3509,143.0152778751737,43.39571330590894,1
3510,143.12266709832534,43.39571330590894,1
3511,143.23005632147695,43.39571330590894,1
3512,143.33744554462857,43.39571330590894,1
3513,143.4448347677802,43.39571330590894,1
3514,143.55222399093185,43.39571330590894,1
3515,143.65961321408346,43.39571330590894,1
3516,143.76700243723508,43.39571330590894,1
3517,143.87439166038672,43.39571330590894,1
3518,143.98178088353836,43.39571330590894,1
3519,144.08917010668998,43.39571330590894,1
3520,144.1965593298416,43.39571330590894,1
3521,144.30394855299323,43.39571330590894,1
3522,144.41133777614488,43.39571330590894,1
3523,144.5187269992965,43.39571330590894,1
3524,144.6261162224481,43.39571330590894,1
3525,144.73350544559975,43.39571330590894,1
3526,144.8408946687514,43.39571330590894,1
3527,144.948283891903,43.39571330590894,1
3528,145.05567311505462,43.39571330590894,1
3529,145.16306233820626,43.39571330590894,1
3530,145.2704515613579,43.39571330590894,1
3531,141.40443952789929,43.48580339599903,1
3532,141.5118287510509,43.48580339599903,1
3533,141.6192179742025,43.48580339599903,1
3534,141.72660719735416,43.48580339599903,1
3535,141.8339964205058,43.48580339599903,1
3536,141.9413856436574,43.48580339599903,1
3537,142.04877486680903,43.48580339599903,1
3538,142.15616408996067,43.48580339599903,1
3539,142.2635533131123,43.48580339599903,1
3540,142.37094253626393,43.48580339599903,1
3541,142.47833175941554,43.48580339599903,1
3542,142.58572098256718,43.48580339599903,1
3543,142.69311020571882,43.48580339599903,1
3544,142.80049942887044,43.48580339599903,1
3545,142.90788865202205,43.48580339599903,1
3546,143.0152778751737,43.48580339599903,1
3547,143.12266709832534,43.48580339599903,1
3548,143.23005632147695,43.48580339599903,1
3549,143.33744554462857,43.48580339599903,1
3550,143.4448347677802,43.48580339599903,1
3551,143.55222399093185,43.48580339599903,1
3552,143.65961321408346,43.48580339599903,1
3553,143.76700243723508,43.48580339599903,1
3554,143.87439166038672,43.48580339599903,1
3555,143.98178088353836,43.48580339599903,1
3556,144.08917010668998,43.48580339599903,1
3557,144.1965593298416,43.48580339599903,1
3558,144.30394855299323,43.48580339599903,1
3559,144.41133777614488,43.48580339599903,1
3560,144.5187269992965,43.48580339599903,1
3561,144.6261162224481,43.48580339599903,1
3562,144.73350544559975,43.48580339599903,1
3563,144.8408946687514,43.48580339599903,1
3564,144.948283891903,43.48580339599903,1
3565,145.05567311505462,43.48580339599903,1
3566,145.16306233820626,43.48580339599903,1
3567,141.40443952789929,43.575893486089115,1
3568,141.5118287510509,43.575893486089115,1
3569,141.6192179742025,43.575893486089115,1
3570,141.72660719735416,43.575893486089115,1
3571,141.8339964205058,43.575893486089115,1
3572,141.9413856436574,43.575893486089115,1
3573,142.04877486680903,43.575893486089115,1
3574,142.15616408996067,43.575893486089115,1
3575,142.2635533131123,43.575893486089115,1
3576,142.37094253626393,43.575893486089115,1
3577,142.47833175941554,43.575893486089115,1
3578,142.58572098256718,43.575893486089115,1
3579,142.69311020571882,43.575893486089115,1
3580,142.80049942887044,43.575893486089115,1
3581,142.90788865202205,43.575893486089115,1
3582,143.0152778751737,43.575893486089115,1
3583,143.12266709832534,43.575893486089115,1
3584,143.23005632147695,43.575893486089115,1
3585,143.33744554462857,43.575893486089115,1
3586,143.4448347677802,43.575893486089115,1
3587,143.55222399093185,43.575893486089115,1
3588,143.65961321408346,43.575893486089115,1
3589,143.76700243723508,43.575893486089115,1
3590,143.87439166038672,43.575893486089115,1
3591,143.98178088353836,43.575893486089115,1
3592,144.08917010668998,43.575893486089115,1
3593,144.1965593298416,43.575893486089115,1
3594,144.30394855299323,43.575893486089115,1
3595,144.41133777614488,43.575893486089115,1
3596,144.5187269992965,43.575893486089115,1
3597,144.6261162224481,43.575893486089115,1
3598,144.73350544559975,43.575893486089115,1
3599,144.8408946687514,43.575893486089115,1
3600,144.948283891903,43.575893486089115,1
3601,145.05567311505462,43.575893486089115,1
3602,145.16306233820626,43.575893486089115,1
3603,141.40443952789929,43.66598357617921,1
3604,141.5118287510509,43.66598357617921,1
3605,141.6192179742025,43.66598357617921,1
3606,141.72660719735416,43.66598357617921,1
3607,141.8339964205058,43.66598357617921,1
3608,141.9413856436574,43.66598357617921,1
3609,142.04877486680903,43.66598357617921,1
3610,142.15616408996067,43.66598357617921,1
3611,142.2635533131123,43.66598357617921,1
3612,142.37094253626393,43.66598357617921,1
3613,142.47833175941554,43.66598357617921,1
3614,142.58572098256718,43.66598357617921,1
3615,142.69311020571882,43.66598357617921,1
3616,142.80049942887044,43.66598357617921,1
3617,142.90788865202205,43.66598357617921,1
3618,143.0152778751737,43.66598357617921,1
3619,143.12266709832534,43.66598357617921,1
3620,143.23005632147695,43.66598357617921,1
3621,143.33744554462857,43.66598357617921,1
3622,143.4448347677802,43.66598357617921,1
3623,143.55222399093185,43.66598357617921,1
3624,143.65961321408346,43.66598357617921,1
3625,143.76700243723508,43.66598357617921,1
3626,143.87439166038672,43.66598357617921,1
3627,143.98178088353836,43.66598357617921,1
3628,144.08917010668998,43.66598357617921,1
3629,144.1965593298416,43.66598357617921,1
3630,144.30394855299323,43.66598357617921,1
3631,144.41133777614488,43.66598357617921,1
3632,144.5187269992965,43.66598357617921,1
3633,144.6261162224481,43.66598357617921,1
3634,144.73350544559975,43.66598357617921,1
3635,144.8408946687514,43.66598357617921,1
3636,144.948283891903,43.66598357617921,1
3637,145.05567311505462,43.66598357617921,1
3638,141.40443952789929,43.7560736662693,1
3639,141.5118287510509,43.7560736662693,1
3640,141.6192179742025,43.7560736662693,1
3641,141.72660719735416,43.7560736662693,1
3642,141.8339964205058,43.7560736662693,1
3643,141.9413856436574,43.7560736662693,1
3644,142.04877486680903,43.7560736662693,1
3645,142.15616408996067,43.7560736662693,1
3646,142.2635533131123,43.7560736662693,1
3647,142.37094253626393,43.7560736662693,1
3648,142.47833175941554,43.7560736662693,1
3649,142.58572098256718,43.7560736662693,1
3650,142.69311020571882,43.7560736662693,1
3651,142.80049942887044,43.7560736662693,1
3652,142.90788865202205,43.7560736662693,1
3653,143.0152778751737,43.7560736662693,1
3654,143.12266709832534,43.7560736662693,1
3655,143.23005632147695,43.7560736662693,1
3656,143.33744554462857,43.7560736662693,1
3657,143.4448347677802,43.7560736662693,1
3658,143.55222399093185,43.7560736662693,1
3659,143.65961321408346,43.7560736662693,1
3660,143.76700243723508,43.7560736662693,1
3661,143.87439166038672,43.7560736662693,1
3662,143.98178088353836,43.7560736662693,1
3663,144.08917010668998,43.7560736662693,1
3664,144.1965593298416,43.7560736662693,1
3665,144.30394855299323,43.7560736662693,1
3666,144.41133777614488,43.7560736662693,1
3667,144.5187269992965,43.7560736662693,1
3668,144.6261162224481,43.7560736662693,1
3669,144.73350544559975,43.7560736662693,1
3670,144.8408946687514,43.7560736662693,1
3671,144.948283891903,43.7560736662693,1
3672,145.05567311505462,43.7560736662693,1
3673,145.48523000766113,43.7560736662693,1
3674,141.5118287510509,43.84616375635939,1
3675,141.6192179742025,43.84616375635939,1
3676,141.72660719735416,43.84616375635939,1
3677,141.8339964205058,43.84616375635939,1
3678,141.9413856436574,43.84616375635939,1
3679,142.04877486680903,43.84616375635939,1
3680,142.15616408996067,43.84616375635939,1
3681,142.2635533131123,43.84616375635939,1
3682,142.37094253626393,43.84616375635939,1
3683,142.47833175941554,43.84616375635939,1
3684,142.58572098256718,43.84616375635939,1
3685,142.69311020571882,43.84616375635939,1
3686,142.80049942887044,43.84616375635939,1
3687,142.90788865202205,43.84616375635939,1
3688,143.0152778751737,43.84616375635939,1
3689,143.12266709832534,43.84616375635939,1
3690,143.23005632147695,43.84616375635939,1
3691,143.33744554462857,43.84616375635939,1
3692,143.4448347677802,43.84616375635939,1
3693,143.55222399093185,43.84616375635939,1
3694,143.65961321408346,43.84616375635939,1
3695,143.76700243723508,43.84616375635939,1
3696,143.87439166038672,43.84616375635939,1
3697,143.98178088353836,43.84616375635939,1
3698,144.08917010668998,43.84616375635939,1
3699,144.1965593298416,43.84616375635939,1
3700,144.30394855299323,43.84616375635939,1
3701,144.41133777614488,43.84616375635939,1
3702,144.5187269992965,43.84616375635939,1
3703,144.6261162224481,43.84616375635939,1
3704,144.73350544559975,43.84616375635939,1
3705,144.8408946687514,43.84616375635939,1
3706,144.948283891903,43.84616375635939,1
3707,145.05567311505462,43.84616375635939,1
3708,145.48523000766113,43.84616375635939,1
3709,141.72660719735416,43.936253846449475,1
3710,141.8339964205058,43.936253846449475,1
3711,141.9413856436574,43.936253846449475,1
3712,142.04877486680903,43.936253846449475,1
3713,142.15616408996067,43.936253846449475,1
3714,142.2635533131123,43.936253846449475,1
3715,142.37094253626393,43.936253846449475,1
3716,142.47833175941554,43.936253846449475,1
3717,142.58572098256718,43.936253846449475,1
3718,142.69311020571882,43.936253846449475,1
3719,142.80049942887044,43.936253846449475,1
3720,142.90788865202205,43.936253846449475,1
3721,143.0152778751737,43.936253846449475,1
3722,143.12266709832534,43.936253846449475,1
3723,143.23005632147695,43.936253846449475,1
3724,143.33744554462857,43.936253846449475,1
3725,143.4448347677802,43.936253846449475,1
3726,143.55222399093185,43.936253846449475,1
3727,143.65961321408346,43.936253846449475,1
3728,143.76700243723508,43.936253846449475,1
3729,143.87439166038672,43.936253846449475,1
3730,143.98178088353836,43.936253846449475,1
3731,144.08917010668998,43.936253846449475,1
3732,144.1965593298416,43.936253846449475,1
3733,144.30394855299323,43.936253846449475,1
3734,144.41133777614488,43.936253846449475,1
3735,144.8408946687514,43.936253846449475,1
3736,144.948283891903,43.936253846449475,1
3737,145.05567311505462,43.936253846449475,1
3738,145.59261923081277,43.936253846449475,1
3739,145.70000845396441,43.936253846449475,1
3740,141.72660719735416,44.02634393653957,1
3741,141.8339964205058,44.02634393653957,1
3742,141.9413856436574,44.02634393653957,1
3743,142.04877486680903,44.02634393653957,1
3744,142.15616408996067,44.02634393653957,1
3745,142.2635533131123,44.02634393653957,1
3746,142.37094253626393,44.02634393653957,1
3747,142.47833175941554,44.02634393653957,1
3748,142.58572098256718,44.02634393653957,1
3749,142.69311020571882,44.02634393653957,1
3750,142.80049942887044,44.02634393653957,1
3751,142.90788865202205,44.02634393653957,1
3752,143.0152778751737,44.02634393653957,1
3753,143.12266709832534,44.02634393653957,1
3754,143.23005632147695,44.02634393653957,1
3755,143.33744554462857,44.02634393653957,1
3756,143.4448347677802,44.02634393653957,1
3757,143.55222399093185,44.02634393653957,1
3758,143.65961321408346,44.02634393653957,1
3759,143.76700243723508,44.02634393653957,1
3760,143.87439166038672,44.02634393653957,1
3761,143.98178088353836,44.02634393653957,1
3762,144.08917010668998,44.02634393653957,1
3763,144.1965593298416,44.02634393653957,1
3764,144.948283891903,44.02634393653957,1
3765,145.05567311505462,44.02634393653957,1
3766,145.16306233820626,44.02634393653957,1
3767,145.70000845396441,44.02634393653957,1
3768,145.80739767711603,44.02634393653957,1
3769,141.72660719735416,44.11643402662966,1
3770,141.8339964205058,44.11643402662966,1
3771,141.9413856436574,44.11643402662966,1
3772,142.04877486680903,44.11643402662966,1
3773,142.15616408996067,44.11643402662966,1
3774,142.2635533131123,44.11643402662966,1
3775,142.37094253626393,44.11643402662966,1
3776,142.47833175941554,44.11643402662966,1
3777,142.58572098256718,44.11643402662966,1
3778,142.69311020571882,44.11643402662966,1
3779,142.80049942887044,44.11643402662966,1
3780,142.90788865202205,44.11643402662966,1
3781,143.0152778751737,44.11643402662966,1
3782,143.12266709832534,44.11643402662966,1
3783,143.23005632147695,44.11643402662966,1
3784,143.33744554462857,44.11643402662966,1
3785,143.4448347677802,44.11643402662966,1
3786,143.55222399093185,44.11643402662966,1
3787,143.65961321408346,44.11643402662966,1
3788,143.76700243723508,44.11643402662966,1
3789,143.87439166038672,44.11643402662966,1
3790,143.98178088353836,44.11643402662966,1
3791,144.08917010668998,44.11643402662966,1
3792,145.05567311505462,44.11643402662966,1
3793,145.16306233820626,44.11643402662966,1
3794,145.80739767711603,44.11643402662966,1
3795,141.72660719735416,44.20652411671975,1
3796,141.8339964205058,44.20652411671975,1
3797,141.9413856436574,44.20652411671975,1
3798,142.04877486680903,44.20652411671975,1
3799,142.15616408996067,44.20652411671975,1
3800,142.2635533131123,44.20652411671975,1
3801,142.37094253626393,44.20652411671975,1
3802,142.47833175941554,44.20652411671975,1
3803,142.58572098256718,44.20652411671975,1
3804,142.69311020571882,44.20652411671975,1
3805,142.80049942887044,44.20652411671975,1
3806,142.90788865202205,44.20652411671975,1
3807,143.0152778751737,44.20652411671975,1
3808,143.12266709832534,44.20652411671975,1
3809,143.23005632147695,44.20652411671975,1
3810,143.33744554462857,44.20652411671975,1
3811,143.4448347677802,44.20652411671975,1
3812,143.55222399093185,44.20652411671975,1
3813,143.65961321408346,44.20652411671975,1
3814,145.2704515613579,44.20652411671975,1
3815,145.91478690026764,44.20652411671975,1
3816,146.02217612341929,44.20652411671975,1
3817,141.72660719735416,44.296614206809835,1
3818,141.8339964205058,44.296614206809835,1
3819,141.9413856436574,44.296614206809835,1
3820,142.04877486680903,44.296614206809835,1
3821,142.15616408996067,44.296614206809835,1
3822,142.2635533131123,44.296614206809835,1
3823,142.37094253626393,44.296614206809835,1
3824,142.47833175941554,44.296614206809835,1
3825,142.58572098256718,44.296614206809835,1
3826,142.69311020571882,44.296614206809835,1
3827,142.80049942887044,44.296614206809835,1
3828,142.90788865202205,44.296614206809835,1
3829,143.0152778751737,44.296614206809835,1
3830,143.12266709832534,44.296614206809835,1
3831,143.23005632147695,44.296614206809835,1
3832,143.33744554462857,44.296614206809835,1
3833,143.4448347677802,44.296614206809835,1
3834,146.02217612341929,44.296614206809835,1
3835,146.12956534657093,44.296614206809835,1
3836,146.23695456972254,44.296614206809835,1
3837,141.72660719735416,44.38670429689993,1
3838,141.8339964205058,44.38670429689993,1
3839,141.9413856436574,44.38670429689993,1
3840,142.04877486680903,44.38670429689993,1
3841,142.15616408996067,44.38670429689993,1
3842,142.2635533131123,44.38670429689993,1
3843,142.37094253626393,44.38670429689993,1
3844,142.47833175941554,44.38670429689993,1
3845,142.58572098256718,44.38670429689993,1
3846,142.69311020571882,44.38670429689993,1
3847,142.80049942887044,44.38670429689993,1
3848,142.90788865202205,44.38670429689993,1
3849,143.0152778751737,44.38670429689993,1
3850,143.12266709832534,44.38670429689993,1
3851,143.23005632147695,44.38670429689993,1
3852,146.02217612341929,44.38670429689993,1
3853,146.12956534657093,44.38670429689993,1
3854,146.23695456972254,44.38670429689993,1
3855,146.34434379287416,44.38670429689993,1
3856,146.4517330160258,44.38670429689993,1
3857,141.8339964205058,44.47679438699002,1
3858,141.9413856436574,44.47679438699002,1
3859,142.04877486680903,44.47679438699002,1
3860,142.15616408996067,44.47679438699002,1
3861,142.2635533131123,44.47679438699002,1
3862,142.37094253626393,44.47679438699002,1
3863,142.47833175941554,44.47679438699002,1
3864,142.58572098256718,44.47679438699002,1
3865,142.69311020571882,44.47679438699002,1
3866,142.80049942887044,44.47679438699002,1
3867,142.90788865202205,44.47679438699002,1
3868,143.0152778751737,44.47679438699002,1
3869,143.12266709832534,44.47679438699002,1
3870,146.12956534657093,44.47679438699002,1
3871,141.8339964205058,44.56688447708011,1
3872,141.9413856436574,44.56688447708011,1
3873,142.04877486680903,44.56688447708011,1
3874,142.15616408996067,44.56688447708011,1
3875,142.2635533131123,44.56688447708011,1
3876,142.37094253626393,44.56688447708011,1
3877,142.47833175941554,44.56688447708011,1
3878,142.58572098256718,44.56688447708011,1
3879,142.69311020571882,44.56688447708011,1
3880,142.80049942887044,44.56688447708011,1
3881,142.90788865202205,44.56688447708011,1
3882,141.8339964205058,44.656974567170195,1
3883,141.9413856436574,44.656974567170195,1
3884,142.04877486680903,44.656974567170195,1
3885,142.15616408996067,44.656974567170195,1
3886,142.2635533131123,44.656974567170195,1
3887,142.37094253626393,44.656974567170195,1
3888,142.47833175941554,44.656974567170195,1
3889,142.58572098256718,44.656974567170195,1
3890,142.69311020571882,44.656974567170195,1
3891,142.80049942887044,44.656974567170195,1
3892,141.8339964205058,44.74706465726029,1
3893,141.9413856436574,44.74706465726029,1
3894,142.04877486680903,44.74706465726029,1
3895,142.15616408996067,44.74706465726029,1
3896,142.2635533131123,44.74706465726029,1
3897,142.37094253626393,44.74706465726029,1
3898,142.47833175941554,44.74706465726029,1
3899,142.58572098256718,44.74706465726029,1
3900,142.69311020571882,44.74706465726029,1
3901,141.8339964205058,44.83715474735038,1
3902,141.9413856436574,44.83715474735038,1
3903,142.04877486680903,44.83715474735038,1
3904,142.15616408996067,44.83715474735038,1
3905,142.2635533131123,44.83715474735038,1
3906,142.37094253626393,44.83715474735038,1
3907,142.47833175941554,44.83715474735038,1
3908,142.58572098256718,44.83715474735038,1
3909,141.72660719735416,44.92724483744047,1
3910,141.8339964205058,44.92724483744047,1
3911,141.9413856436574,44.92724483744047,1
3912,142.04877486680903,44.92724483744047,1
3913,142.15616408996067,44.92724483744047,1
3914,142.2635533131123,44.92724483744047,1
3915,142.37094253626393,44.92724483744047,1
3916,142.47833175941554,44.92724483744047,1
3917,141.72660719735416,45.017334927530555,1
3918,141.8339964205058,45.017334927530555,1
3919,141.9413856436574,45.017334927530555,1
3920,142.04877486680903,45.017334927530555,1
3921,142.15616408996067,45.017334927530555,1
3922,142.2635533131123,45.017334927530555,1
3923,142.37094253626393,45.017334927530555,1
3924,142.47833175941554,45.017334927530555,1
3925,141.6192179742025,45.10742501762065,1
3926,141.72660719735416,45.10742501762065,1
3927,141.8339964205058,45.10742501762065,1
3928,141.9413856436574,45.10742501762065,1
3929,142.04877486680903,45.10742501762065,1
3930,142.15616408996067,45.10742501762065,1
3931,142.2635533131123,45.10742501762065,1
3932,142.37094253626393,45.10742501762065,1
3933,141.189661081596,45.19751510771074,1
3934,141.29705030474764,45.19751510771074,1
3935,141.6192179742025,45.19751510771074,1
3936,141.72660719735416,45.19751510771074,1
3937,141.8339964205058,45.19751510771074,1
3938,141.9413856436574,45.19751510771074,1
3939,142.04877486680903,45.19751510771074,1
3940,142.15616408996067,45.19751510771074,1
3941,142.2635533131123,45.19751510771074,1
3942,141.6192179742025,45.28760519780083,1
3943,141.72660719735416,45.28760519780083,1
3944,141.8339964205058,45.28760519780083,1
3945,141.9413856436574,45.28760519780083,1
3946,142.04877486680903,45.28760519780083,1
3947,142.15616408996067,45.28760519780083,1
3948,141.72660719735416,45.377695287890916,1
3949,141.8339964205058,45.377695287890916,1
3950,141.9413856436574,45.377695287890916,1
3951,142.04877486680903,45.377695287890916,1
3952,141.9413856436574,45.46778537798101,1
