{"type": "FeatureCollection", "features": [{"type": "Feature", "properties": {"pref_code": 26, "pref_ja": "京都府", "pref_en": "Kyoto Fu"}, "geometry": {"type": "MultiPolygon", "coordinates": [[[[135.036697387695, 35.537334442138686], [134.92649841308602, 35.512531280517585], [134.91430664062503, 35.544799804687536], [134.85420227050798, 35.588134765624986], [134.872497558594, 35.6196670532227], [134.867095947266, 35.658065795898445], [134.93530273437503, 35.650531768798835], [134.98490905761696, 35.6923332214355], [135.022201538086, 35.689533233642585], [135.060699462891, 35.70806503295902], [135.08569335937503, 35.73979949951173], [135.223007202148, 35.779197692871115], [135.30799865722696, 35.69440078735352], [135.30290222168003, 35.66279983520514], [135.28739929199196, 35.675598144531335], [135.268005371094, 35.66740036010742], [135.24430847168, 35.620532989502], [135.192596435547, 35.57113265991207], [135.193099975586, 35.53826522827148], [135.25469970703102, 35.59886550903323], [135.25070190429702, 35.57019805908201], [135.27389526367202, 35.560867309570305], [135.244903564453, 35.5613327026367], [135.24420166015602, 35.535865783691385], [135.288208007813, 35.51553344726558], [135.33030700683597, 35.51699829101562], [135.31629943847696, 35.451198577880945], [135.34669494628898, 35.475265502929716], [135.34680175781304, 35.493999481201236], [135.397506713867, 35.478801727294865], [135.396301269531, 35.51520156860352], [135.34449768066398, 35.50413131713867], [135.34230041503898, 35.55179977416991], [135.426300048828, 35.566532135009794], [135.43370056152304, 35.5907325744629], [135.46189880371102, 35.60346603393551], [135.452102661133, 35.567466735839766], [135.48649597167994, 35.557998657226634], [135.45989990234403, 35.54719924926763], [135.44900512695304, 35.52353286743159], [135.47480773925804, 35.50486755371091], [135.459106445313, 35.46753311157229], [135.49580383300804, 35.42506790161132], [135.52529907226597, 35.420665740966776], [135.52850341796898, 35.379734039306605], [135.64190673828094, 35.3667984008789], [135.70069885253898, 35.343734741210945], [135.76840209960903, 35.35606765747074], [135.763702392578, 35.344532012939496], [135.80900573730503, 35.31613540649411], [135.83129882812497, 35.27613449096682], [135.85810852050804, 35.28913497924801], [135.82910156249994, 35.22073364257807], [135.85580444335898, 35.159465789794915], [135.83549499511696, 35.05899810791019], [135.81500244140597, 35.04613494873052], [135.83340454101602, 35.02233123779296], [135.81990051269497, 35.01286697387702], [135.83509826660196, 35.00320053100589], [135.82679748535196, 34.99113464355467], [135.84930419921903, 34.991001129150426], [135.87820434570298, 34.94746780395507], [135.86639404296898, 34.892265319824226], [135.897994995117, 34.871200561523366], [135.94050598144503, 34.89319992065429], [135.94569396972702, 34.85173416137696], [136.00500488281304, 34.84273529052732], [136.00469970703097, 34.82820129394534], [136.02810668945295, 34.81919860839843], [136.01040649414102, 34.80073165893548], [136.033493041992, 34.778865814208984], [136.02850341796895, 34.75719833374022], [136.05520629882798, 34.738399505615206], [136.02850341796895, 34.7061996459961], [135.98590087890597, 34.715133666992166], [135.97540283203102, 34.74093246459963], [135.925399780273, 34.74026870727542], [135.925399780273, 34.75753402709964], [135.889999389648, 34.70866775512704], [135.75509643554702, 34.727466583252045], [135.72839355468798, 34.77786636352544], [135.744705200195, 34.804332733154304], [135.69549560546898, 34.84820175170899], [135.67489624023398, 34.898666381835866], [135.63070678710903, 34.93526840209961], [135.59989929199202, 34.92800140380858], [135.61289978027304, 34.97133255004884], [135.573303222656, 34.971668243408175], [135.578308105469, 34.955734252929744], [135.556793212891, 34.938068389892614], [135.580001831055, 34.93700027465822], [135.580703735352, 34.92359924316412], [135.541793823242, 34.91533279418954], [135.51319885253898, 34.94386672973634], [135.48100280761696, 34.949466705322344], [135.48739624023398, 34.99193191528322], [135.382095336914, 35.01013565063477], [135.36880493164097, 35.05360031127928], [135.403106689453, 35.08940124511721], [135.38850402832, 35.09713363647464], [135.389404296875, 35.12879943847659], [135.34350585937497, 35.135734558105476], [135.34049987792997, 35.14993286132812], [135.28219604492193, 35.14493179321293], [135.28979492187503, 35.16986846923828], [135.273803710938, 35.177066802978466], [135.206695556641, 35.16086578369137], [135.18690490722696, 35.17179870605471], [135.19670104980497, 35.20286560058594], [135.15559387206997, 35.22620010375982], [135.15829467773398, 35.25993347167972], [135.10899353027304, 35.266265869140604], [135.06750488281298, 35.23720169067383], [135.056503295898, 35.263999938964844], [135.009994506836, 35.26979827880858], [134.99879455566398, 35.291065216064524], [134.92559814453102, 35.311199188232415], [134.91850280761702, 35.36446762084957], [134.93380737304702, 35.40739822387701], [134.95860290527304, 35.409065246582045], [134.98950195312497, 35.38626861572266], [135.048294067383, 35.40739822387701], [135.036697387695, 35.537334442138686]]]]}}, {"type": "Feature", "properties": {"pref_code": 41, "pref_ja": "佐賀県", "pref_en": "Saga Ken"}, "geometry": {"type": "MultiPolygon", "coordinates": [[[[130.038696289063, 33.46973419189451], [130.27659606933597, 33.47826766967767], [130.355499267578, 33.43346786499019], [130.39529418945304, 33.427333831787124], [130.41439819335903, 33.410266876220724], [130.41020202636702, 33.395000457763686], [130.49620056152298, 33.444801330566435], [130.53619384765602, 33.43820190429689], [130.53520202636702, 33.34280014038093], [130.47900390624997, 33.33073425292971], [130.486297607422, 33.31226730346676], [130.45539855956997, 33.301666259765575], [130.46679687499997, 33.2886009216309], [130.44889831543003, 33.26499938964844], [130.43099975585903, 33.29246520996094], [130.41459655761696, 33.25320053100588], [130.39070129394503, 33.25993347167967], [130.384307861328, 33.240333557128935], [130.371307373047, 33.24300003051761], [130.376602172852, 33.220401763916044], [130.338607788086, 33.2032661437988], [130.354904174805, 33.14039993286128], [130.28779602050804, 33.146865844726584], [130.24540710449202, 33.20286560058589], [130.24650573730503, 33.19233322143546], [130.21490478515602, 33.199333190918004], [130.23060607910202, 33.18873214721682], [130.22169494628903, 33.16533279418953], [130.149002075195, 33.112667083740206], [130.12190246581997, 33.12473297119142], [130.12770080566398, 33.10846710205084], [130.11230468749997, 33.101131439208956], [130.13980102539097, 33.09433364868159], [130.21980285644503, 32.959533691406335], [130.08569335937494, 32.97480010986328], [130.008697509766, 33.01900100708012], [129.993499755859, 33.04773330688484], [129.92149353027298, 33.090400695800795], [129.92559814453097, 33.1074676513672], [129.95449829101597, 33.11660003662109], [129.94250488281304, 33.164333343505895], [129.88769531250003, 33.156265258789134], [129.81799316406298, 33.18346786499024], [129.81340026855497, 33.24206542968754], [129.75880432128903, 33.29026794433593], [129.78990173339798, 33.34033203124999], [129.835998535156, 33.28673171997069], [129.852798461914, 33.292133331298785], [129.827392578125, 33.312400817871094], [129.848403930664, 33.32866668701168], [129.827301025391, 33.33726882934568], [129.847396850586, 33.33686828613278], [129.86799621582003, 33.4075317382813], [129.822692871094, 33.41180038452151], [129.830703735352, 33.4217987060547], [129.78280639648398, 33.45406723022457], [129.806198120117, 33.45733261108396], [129.79359436035196, 33.4712677001953], [129.80549621582, 33.48500061035164], [129.83819580078102, 33.46213531494141], [129.835205078125, 33.44359970092771], [129.85789489746102, 33.45380020141599], [129.849700927734, 33.47506713867194], [129.831405639648, 33.476200103759815], [129.84429931640602, 33.47859954833982], [129.827301025391, 33.517601013183565], [129.85629272460903, 33.50546646118159], [129.839599609375, 33.52220153808593], [129.856201171875, 33.519134521484446], [129.845092773438, 33.55526733398443], [129.87489318847702, 33.537067413330064], [129.87440490722702, 33.516132354736264], [129.89579772949196, 33.549400329589766], [129.92779541015597, 33.55066680908198], [129.92880249023398, 33.536998748779304], [129.95599365234398, 33.52946853637697], [129.96699523925798, 33.508598327636655], [129.93620300293003, 33.47859954833982], [129.95460510253898, 33.469333648681605], [129.96240234374997, 33.483535766601605], [129.967102050781, 33.455200195312536], [130.019393920898, 33.44626617431638], [130.04020690918, 33.45580291748053], [130.038696289063, 33.46973419189451]]]]}}, {"type": "Feature", "properties": {"pref_code": 43, "pref_ja": "熊本県", "pref_en": "Kumamoto Ken"}, "geometry": {"type": "MultiPolygon", "coordinates": [[[[131.11039733886696, 33.18313217163091], [131.15969848632798, 33.14086532592768], [131.17359924316398, 33.08340072631843], [131.214492797852, 33.05500030517578], [131.22709655761702, 33.010932922363274], [131.26280212402304, 32.97620010375983], [131.24519348144503, 32.958599090576186], [131.254898071289, 32.89186477661127], [131.32859802246097, 32.832866668701236], [131.26489257812503, 32.82619857788093], [131.234405517578, 32.78113174438479], [131.244400024414, 32.77133178710942], [131.23419189453102, 32.74420166015634], [131.17880249023398, 32.71113204956048], [131.17469787597696, 32.672534942627], [131.14289855956997, 32.676067352294886], [131.11619567871102, 32.6427345275879], [131.107299804688, 32.583068847656286], [131.05029296875, 32.586532592773416], [131.03900146484398, 32.55653381347658], [131.01710510253898, 32.545467376709], [131.02490234374997, 32.52086639404298], [131.00619506835898, 32.49253463745118], [131.01899719238298, 32.43946838378912], [131.042205810547, 32.40906524658202], [131.066497802734, 32.40739822387699], [131.073501586914, 32.35746765136717], [131.11050415039102, 32.328468322753885], [131.077896118164, 32.281265258789134], [131.05029296875, 32.28626632690432], [131.04150390625, 32.25019836425781], [131.09970092773403, 32.20140075683588], [131.108108520508, 32.15993499755864], [131.05830383300798, 32.15533447265628], [131.01269531249997, 32.17380142211913], [130.97239685058597, 32.12113189697271], [130.93280029296903, 32.116199493408196], [130.904403686523, 32.13313293457027], [130.856506347656, 32.0995330810547], [130.75810241699202, 32.096664428710945], [130.70129394531298, 32.10573196411134], [130.650695800781, 32.15106582641597], [130.62179565429696, 32.15579986572267], [130.60400390625003, 32.1868667602539], [130.59080505371102, 32.18586730957026], [130.58140563964804, 32.154598236084034], [130.541397094727, 32.14926528930661], [130.538604736328, 32.13700103759766], [130.47599792480497, 32.13886642456051], [130.47480773925804, 32.122131347656264], [130.45329284667997, 32.1133995056152], [130.403503417969, 32.119667053222685], [130.359405517578, 32.180332183837926], [130.37899780273403, 32.17599868774414], [130.37179565429702, 32.20266723632809], [130.40159606933602, 32.235332489013686], [130.43940734863304, 32.23666763305656], [130.42739868164102, 32.264064788818395], [130.44869995117196, 32.27173233032234], [130.44920349121097, 32.28839874267583], [130.46440124511696, 32.27679824829101], [130.46420288085898, 32.29606628417969], [130.47200012206997, 32.2860679626465], [130.48899841308597, 32.29613494873053], [130.47120666503898, 32.30113601684572], [130.46409606933597, 32.32626724243161], [130.50540161132798, 32.353801727294865], [130.48899841308597, 32.36579895019533], [130.573196411133, 32.43406677246094], [130.56890869140602, 32.47526550292969], [130.547103881836, 32.47713470458981], [130.54150390625, 32.49526596069342], [130.57260131835903, 32.50939941406249], [130.538803100586, 32.53319931030269], [130.63340759277295, 32.60326766967766], [130.61630249023395, 32.61726760864258], [130.65319824218804, 32.61293411254879], [130.65950012206997, 32.631332397460895], [130.65100097656304, 32.64239883422847], [130.45899963378898, 32.60666656494139], [130.45930480956997, 32.632999420166016], [130.60749816894497, 32.712932586669936], [130.60749816894497, 32.745666503906286], [130.59010314941403, 32.76380157470699], [130.61349487304696, 32.79246902465822], [130.57780456543, 32.82853317260736], [130.58340454101602, 32.84153366088873], [130.52290344238298, 32.851734161377], [130.52290344238298, 32.88126754760744], [130.46179199218804, 32.901268005371094], [130.46009826660196, 32.919265747070284], [130.44329833984403, 32.91446685791019], [130.42900085449196, 32.99620056152339], [130.41319274902304, 33.00286483764651], [130.50529479980497, 33.00320053100593], [130.515106201172, 33.01206588745124], [130.496795654297, 33.05220031738278], [130.56500244140602, 33.087200164794886], [130.56089782714804, 33.10400009155271], [130.57969665527304, 33.11566543579102], [130.65879821777298, 33.110065460205114], [130.67919921875, 33.17119979858402], [130.690505981445, 33.15186691284177], [130.730499267578, 33.15459823608401], [130.84489440917997, 33.092067718505916], [130.886306762695, 33.0865325927734], [130.897903442383, 33.064601898193416], [130.98800659179696, 33.0236015319824], [131.01060485839798, 33.04259872436523], [131.02310180664097, 33.087398529052706], [130.97760009765597, 33.14053344726561], [130.99160766601597, 33.18326568603524], [131.057800292969, 33.19473266601564], [131.11039733886696, 33.18313217163091]]], [[[130.42230224609403, 32.54606628417972], [130.40330505371102, 32.552333831787124], [130.41520690918003, 32.581268310546925], [130.393096923828, 32.586532592773416], [130.41009521484403, 32.61446762084958], [130.42430114746102, 32.603668212890575], [130.41900634765602, 32.6174659729004], [130.44059753418003, 32.625465393066406], [130.45710754394497, 32.61406707763667], [130.44059753418003, 32.5951995849609], [130.45759582519497, 32.588066101074205], [130.44189453124997, 32.56913375854486], [130.45240783691403, 32.554000854492244], [130.42230224609403, 32.54606628417972]]], [[[130.48699951171898, 32.57626724243156], [130.47259521484398, 32.603202819824176], [130.50770568847696, 32.60673522949224], [130.48699951171898, 32.57626724243156]]], [[[130.46380615234403, 32.53979873657233], [130.47200012206997, 32.58766555786129], [130.48600769042997, 32.57120132446289], [130.46380615234403, 32.53979873657233]]], [[[130.353302001953, 32.40480041503908], [130.349197387695, 32.42126846313484], [130.32850646972696, 32.398468017578104], [130.26080322265597, 32.410400390624986], [130.25169372558594, 32.387535095214766], [130.233596801758, 32.384799957275426], [130.24440002441403, 32.40793228149414], [130.210800170898, 32.430801391601634], [130.192794799805, 32.38840103149407], [130.218902587891, 32.39186859130864], [130.22380065918, 32.366065979003906], [130.203506469727, 32.32553482055664], [130.17199707031298, 32.3102684020996], [130.175506591797, 32.33926773071289], [130.15780639648398, 32.335731506347734], [130.13890075683597, 32.297332763671896], [130.165298461914, 32.296669006347685], [130.09159851074196, 32.25500106811518], [130.10099792480503, 32.236865997314474], [130.08979797363304, 32.22733306884768], [130.07949829101602, 32.24280166625981], [130.07710266113304, 32.212398529052706], [130.044204711914, 32.199001312255874], [130.027908325195, 32.21393585205076], [130.02229309082003, 32.18859863281251], [130.011306762695, 32.20140075683588], [129.99990844726597, 32.190132141113295], [129.989990234375, 32.199001312255874], [130.0126953125, 32.22033309936522], [130.01020812988298, 32.23746871948238], [129.98779296875, 32.24079895019526], [129.998504638672, 32.2532005310059], [129.96739196777298, 32.242668151855476], [130.011703491211, 32.29866790771478], [130.024505615234, 32.30106735229487], [130.031600952148, 32.274398803710916], [130.02780151367202, 32.29880142211911], [130.050903320313, 32.302734375], [130.06030273437503, 32.27746582031249], [130.06990051269503, 32.299533843994084], [130.040893554688, 32.31426620483397], [130.030700683594, 32.302867889404325], [130.024200439453, 32.31593322753909], [129.994293212891, 32.30653381347663], [129.97650146484398, 32.32966613769534], [129.97529602050798, 32.35820007324223], [130.04570007324202, 32.4886016845703], [130.019393920898, 32.534801483154325], [130.03570556640602, 32.53620147705078], [130.043395996094, 32.5124015808105], [130.11750793456997, 32.54800033569342], [130.184997558594, 32.54759979248051], [130.20719909668, 32.47280120849611], [130.199493408203, 32.447666168212855], [130.28880310058597, 32.48386764526369], [130.31700134277298, 32.5173988342285], [130.38279724121102, 32.52413558959956], [130.39190673828102, 32.49946594238279], [130.41769409179693, 32.52420043945314], [130.45989990234403, 32.53006744384771], [130.40789794921903, 32.435268402099574], [130.42190551757804, 32.43246841430658], [130.40170288085903, 32.42553329467769], [130.40289306640602, 32.394599914550795], [130.35530090332, 32.376800537109425], [130.353302001953, 32.40480041503908]]], [[[130.30909729003898, 32.33913421630864], [130.323303222656, 32.34820175170904], [130.30149841308597, 32.350601196289134], [130.30270385742196, 32.36306762695308], [130.340194702148, 32.35573196411129], [130.30909729003898, 32.33913421630864]]], [[[130.30169677734398, 32.30386734008787], [130.33099365234398, 32.31420135498048], [130.34590148925798, 32.349933624267564], [130.373397827148, 32.34826660156253], [130.344100952148, 32.31273269653318], [130.30169677734398, 32.30386734008787]]]]}}, {"type": "Feature", "properties": {"pref_code": 37, "pref_ja": "香川県", "pref_en": "Kagawa Ken"}, "geometry": {"type": "MultiPolygon", "coordinates": [[[[134.332000732422, 34.56313323974609], [134.364807128906, 34.561065673828054], [134.344299316406, 34.545665740966776], [134.35949707031298, 34.53013229370116], [134.337799072266, 34.43420028686523], [134.318908691406, 34.45800018310551], [134.27769470214798, 34.4468002319336], [134.28829956054696, 34.462131500244126], [134.31489562988298, 34.45899963378906], [134.312805175781, 34.476799011230526], [134.29670715331997, 34.47980117797852], [134.26710510253903, 34.46746826171882], [134.23199462890594, 34.414531707763736], [134.23640441894503, 34.43753433227538], [134.22360229492202, 34.437267303466804], [134.24130249023403, 34.45806884765627], [134.22770690918, 34.48046875], [134.194305419922, 34.484333038330135], [134.151702880859, 34.46033477783203], [134.14129638671898, 34.469799041747976], [134.156799316406, 34.49286651611329], [134.18029785156298, 34.48733139038087], [134.15600585937497, 34.5047340393066], [134.171493530273, 34.528934478759794], [134.18609619140602, 34.515933990478516], [134.26179504394497, 34.552001953125014], [134.332000732422, 34.56313323974609]]], [[[134.07949829101602, 34.45980072021479], [134.035903930664, 34.48260116577153], [134.08189392089795, 34.49993133544923], [134.10229492187497, 34.491668701171925], [134.07949829101602, 34.45980072021479]]], [[[133.991302490234, 34.44313430786129], [133.96789550781298, 34.47846603393547], [134.012008666992, 34.45339965820306], [133.991302490234, 34.44313430786129]]], [[[133.76390075683597, 34.36906814575204], [133.75219726562497, 34.39826583862297], [133.79460144042997, 34.388999938964844], [133.76390075683597, 34.36906814575204]]], [[[133.699401855469, 34.351665496826215], [133.68519592285202, 34.36473464965816], [133.71159362793003, 34.400333404541], [133.72999572753903, 34.37120056152338], [133.699401855469, 34.351665496826215]]], [[[134.13479614257798, 34.151332855224595], [134.12179565429696, 34.11866760253909], [134.050308227539, 34.11793518066412], [133.996795654297, 34.07379913330077], [133.97180175781298, 34.073066711425795], [133.93850708007804, 34.11526870727536], [133.832901000977, 34.09746551513672], [133.81950378417997, 34.0739326477051], [133.77740478515597, 34.07813262939447], [133.72830200195304, 34.04420089721684], [133.72030639648403, 34.02199935913092], [133.67900085449202, 34.01240158081046], [133.59790039062497, 34.043601989746115], [133.62689208984398, 34.05286788940433], [133.633605957031, 34.07160186767577], [133.64790344238298, 34.19353485107416], [133.55709838867196, 34.26126861572271], [133.58949279785196, 34.260066986083984], [133.621795654297, 34.235466003417976], [133.67160034179702, 34.24653244018547], [133.67350769043, 34.22180175781248], [133.73660278320304, 34.26319885253914], [133.73069763183594, 34.27859878540042], [133.77209472656304, 34.2883338928223], [133.76150512695304, 34.29993438720704], [133.77769470214798, 34.28953170776367], [133.781295776367, 34.30993270874023], [133.792297363281, 34.29420089721679], [133.78840637206997, 34.30799865722662], [133.828598022461, 34.322933197021506], [133.818603515625, 34.35293197631843], [133.839996337891, 34.3607978820801], [133.828399658203, 34.34253311157233], [133.855895996094, 34.357734680175795], [133.833999633789, 34.324798583984446], [133.88499450683602, 34.34033203124997], [133.89540100097702, 34.38306427001951], [133.92059326171903, 34.37779998779302], [133.92700195312497, 34.38959884643548], [134.00079345703102, 34.35106658935549], [134.05949401855503, 34.347801208496094], [134.069702148438, 34.36199951171883], [134.06829833984403, 34.347064971923764], [134.07690429687503, 34.361598968505916], [134.07899475097693, 34.347599029541], [134.09109497070304, 34.38479995727538], [134.12220764160196, 34.36059951782228], [134.12040710449196, 34.39820098876948], [134.13479614257798, 34.39973449707027], [134.162094116211, 34.384201049804744], [134.153396606445, 34.342601776123], [134.165008544922, 34.3259353637695], [134.19000244140602, 34.3320007324219], [134.181701660156, 34.35260009765628], [134.212905883789, 34.350200653076186], [134.21009826660202, 34.369400024414105], [134.23320007324193, 34.337265014648395], [134.24909973144494, 34.351467132568395], [134.26580810546903, 34.33599853515627], [134.24679565429696, 34.30766677856447], [134.26200866699196, 34.28286743164063], [134.306701660156, 34.277534484863295], [134.341903686523, 34.25320053100586], [134.377395629883, 34.26160049438477], [134.43969726562497, 34.20786666870123], [134.41839599609403, 34.15753555297851], [134.34930419921898, 34.18533325195307], [134.34260559082, 34.17240142822273], [134.29739379882798, 34.168533325195334], [134.25939941406304, 34.18333435058589], [134.173400878906, 34.17673492431643], [134.13479614257798, 34.151332855224595]]]]}}, {"type": "Feature", "properties": {"pref_code": 23, "pref_ja": "愛知県", "pref_en": "Aichi Ken"}, "geometry": {"type": "MultiPolygon", "coordinates": [[[[136.960906982422, 35.414531707763715], [136.99299621582003, 35.424266815185504], [136.97799682617202, 35.404132843017614], [137.04739379882795, 35.365001678466804], [137.04719543456997, 35.3365325927734], [137.06809997558597, 35.33513259887703], [137.08169555664097, 35.29213333129883], [137.10220336914097, 35.30160140991214], [137.16520690918, 35.28253173828128], [137.18580627441403, 35.25320053100593], [137.307800292969, 35.291065216064524], [137.34519958496102, 35.27259826660158], [137.34429931640602, 35.2578010559082], [137.38319396972696, 35.26013183593754], [137.38920593261696, 35.24000167846683], [137.41699218749997, 35.24020004272456], [137.42970275878898, 35.222801208496094], [137.51959228515602, 35.28313446044919], [137.56730651855503, 35.289600372314496], [137.54589843750003, 35.25320053100593], [137.57850646972696, 35.198398590087905], [137.64399719238298, 35.20899963378909], [137.68220520019503, 35.23473358154298], [137.75970458984403, 35.221466064453125], [137.77699279785196, 35.20339965820309], [137.837997436523, 35.21246719360349], [137.802993774414, 35.18320083618162], [137.828491210938, 35.153732299804666], [137.79249572753898, 35.13439941406251], [137.80020141601597, 35.10533142089837], [137.71719360351602, 35.03499984741209], [137.70089721679702, 35.00320053100589], [137.70710754394503, 34.972267150878906], [137.661392211914, 34.94566726684571], [137.639801025391, 34.89213180541989], [137.59709167480497, 34.872200012207], [137.58680725097696, 34.8499336242676], [137.50199890136702, 34.83279800415044], [137.486801147461, 34.811401367187514], [137.492797851563, 34.786731719970746], [137.47480773925798, 34.75320053100594], [137.490997314453, 34.70013427734379], [137.483901977539, 34.673801422119084], [137.144302368164, 34.59040069580077], [137.01750183105503, 34.57826614379879], [137.07400512695298, 34.662265777587926], [137.102294921875, 34.63273239135739], [137.118499755859, 34.634799957275426], [137.139999389648, 34.64519882202152], [137.130905151367, 34.65593338012704], [137.22399902343804, 34.67586898803711], [137.24559020996097, 34.706104278564545], [137.26081848144497, 34.69575500488277], [137.26159667968798, 34.715801239013736], [137.28469848632798, 34.7308654785156], [137.300796508789, 34.72779846191411], [137.300796508789, 34.693733215331974], [137.284591674805, 34.67886734008793], [137.306900024414, 34.678401947021534], [137.32499694824202, 34.70220184326173], [137.309600830078, 34.700599670410185], [137.308197021484, 34.72480010986329], [137.351501464844, 34.72740173339838], [137.32029724121102, 34.73260116577148], [137.330505371094, 34.78060150146477], [137.29789733886702, 34.810466766357365], [137.25090026855497, 34.805534362793026], [137.21609497070304, 34.82293319702149], [137.17050170898403, 34.765201568603494], [137.16819763183602, 34.78760147094732], [137.02729797363304, 34.777332305908196], [136.99679565429702, 34.816131591796946], [136.950881958008, 34.82335662841802], [136.983596801758, 34.893268585205135], [136.982604980469, 34.95919799804687], [136.962493896484, 34.87406539916994], [136.94389343261702, 34.88073348999016], [136.939498901367, 34.86126708984384], [136.92790222167997, 34.8655319213867], [136.936676025391, 34.85426330566412], [136.91430664062497, 34.77093505859383], [136.963104248047, 34.7346687316895], [136.97200012207003, 34.695598602294915], [136.88529968261696, 34.72299957275393], [136.83979797363304, 34.763866424560526], [136.86630249023395, 34.83653259277341], [136.83770751953102, 34.884265899658224], [136.82107543945304, 34.883708953857365], [136.82020568847702, 34.9662017822266], [136.84559631347702, 35.00786590576174], [136.86959838867196, 35.00826644897456], [136.85180664062503, 35.01620101928708], [136.86759948730503, 35.06319808959956], [136.89630126953097, 35.084133148193445], [136.86720275878903, 35.092998504638665], [136.84579467773403, 35.034000396728544], [136.84939575195304, 35.07793426513672], [136.82809448242202, 35.0827331542969], [136.818298339844, 35.063335418701165], [136.83169555664102, 35.06473159790044], [136.83839416503903, 35.03093338012697], [136.81210327148403, 35.02560043334963], [136.816802978516, 35.05146789550776], [136.79670715332, 35.05146789550776], [136.80029296875003, 35.029666900634844], [136.78039550781298, 35.033535003662145], [136.79379272460903, 35.014934539794865], [136.770401000977, 35.02140045166017], [136.746795654297, 35.08240127563484], [136.67250061035202, 35.13473129272457], [136.67770385742202, 35.241001129150376], [136.770294189453, 35.36866760253911], [136.83380126953102, 35.35586547851556], [136.92109680175798, 35.379066467285206], [136.96110534668, 35.39933395385743], [136.960906982422, 35.414531707763715]]], [[[136.808609008789, 34.83929824829099], [136.80012512207, 34.87722015380862], [136.82229614257804, 34.86241912841798], [136.808609008789, 34.83929824829099]]]]}}, {"type": "Feature", "properties": {"pref_code": 9, "pref_ja": "栃木県", "pref_en": "Tochigi Ken"}, "geometry": {"type": "MultiPolygon", "coordinates": [[[[139.96139526367202, 37.153533935546896], [140.13780212402304, 37.10639953613281], [140.19410705566398, 37.064132690429666], [140.20460510253898, 37.02399826049804], [140.24920654296898, 37.02606582641598], [140.252502441406, 36.962799072265554], [140.240798950195, 36.9499320983887], [140.264297485352, 36.93339920043954], [140.24890136718798, 36.91986846923829], [140.266998291016, 36.823600769043026], [140.25549316406298, 36.76453399658197], [140.292602539063, 36.71266555786127], [140.220596313477, 36.685932159423835], [140.240997314453, 36.64893341064454], [140.26029968261702, 36.517601013183594], [140.23089599609398, 36.50286483764653], [140.18530273437497, 36.39833450317377], [140.13040161132804, 36.414665222168026], [140.100997924805, 36.39419937133789], [140.066497802734, 36.40380096435553], [140.069198608398, 36.388931274414134], [140.044891357422, 36.375133514404304], [139.98849487304696, 36.36753463745121], [139.97329711914102, 36.37853240966803], [139.96450805664102, 36.3509330749512], [139.914199829102, 36.33653259277338], [139.90960693359398, 36.3005981445313], [139.87820434570298, 36.322998046875036], [139.84870910644497, 36.311332702636726], [139.82170104980503, 36.23979949951172], [139.727401733398, 36.20159912109379], [139.66479492187497, 36.2071990966797], [139.66290283203097, 36.229999542236264], [139.63090515136696, 36.254531860351605], [139.64280700683602, 36.266666412353494], [139.62179565429693, 36.273735046386705], [139.563003540039, 36.266998291015554], [139.526596069336, 36.2845993041992], [139.46440124511696, 36.271533966064524], [139.36109924316398, 36.3838005065918], [139.409698486328, 36.45853424072271], [139.43510437011702, 36.46419906616211], [139.421905517578, 36.50866699218753], [139.44290161132804, 36.53179931640633], [139.43829345703094, 36.54819869995124], [139.48339843749997, 36.58240127563481], [139.46530151367196, 36.60653305053707], [139.397903442383, 36.60226821899412], [139.32789611816398, 36.63360214233401], [139.33700561523398, 36.69206619262699], [139.371795654297, 36.745735168457045], [139.353103637695, 36.7737350463867], [139.406402587891, 36.829601287841754], [139.34870910644497, 36.85273361206047], [139.35639953613298, 36.87806701660163], [139.409805297852, 36.927200317382805], [139.42849731445304, 36.92499923706053], [139.45989990234403, 36.969734191894524], [139.53559875488298, 36.98106765747068], [139.58309936523403, 37.01539993286131], [139.66510009765597, 37.04059982299796], [139.67349243164097, 37.057933807373026], [139.75289916992202, 37.071067810058636], [139.775802612305, 37.09166717529301], [139.82200622558594, 37.085468292236285], [139.81629943847693, 37.11820220947272], [139.86640930175795, 37.14739990234383], [139.96139526367202, 37.153533935546896]]]]}}, {"type": "Feature", "properties": {"pref_code": 19, "pref_ja": "山梨県", "pref_en": "Yamanashi Ken"}, "geometry": {"type": "MultiPolygon", "coordinates": [[[[138.370300292969, 35.97146606445307], [138.44029235839798, 35.952266693115234], [138.45440673828097, 35.900333404540966], [138.47109985351597, 35.89673233032233], [138.490097045898, 35.89640045166018], [138.50930786132798, 35.92200088500982], [138.59060668945304, 35.91959762573237], [138.61169433593804, 35.909400939941364], [138.61050415039102, 35.87419891357417], [138.67610168457, 35.86986541748047], [138.693298339844, 35.89946746826166], [138.72880554199202, 35.909267425537124], [138.77819824218804, 35.90013122558588], [138.81359863281304, 35.862331390380945], [138.846298217773, 35.8671989440918], [138.89289855957003, 35.83986663818363], [138.94400024414102, 35.85466766357418], [139.025604248047, 35.7193336486816], [139.12950134277295, 35.67419815063479], [139.11779785156304, 35.65313339233402], [139.13429260253898, 35.6162643432617], [139.12910461425804, 35.56373214721679], [139.08520507812503, 35.512065887451186], [139.046096801758, 35.50973129272458], [139.026596069336, 35.48080062866214], [138.93719482421903, 35.44886398315434], [138.91619873046903, 35.4005317687988], [138.873199462891, 35.38146591186521], [138.852096557617, 35.390201568603544], [138.82179260253898, 35.374065399169936], [138.680404663086, 35.357666015625014], [138.66349792480497, 35.39826583862304], [138.60960388183597, 35.393199920654276], [138.58189392089804, 35.44573211669918], [138.55889892578102, 35.43413162231454], [138.531600952148, 35.40620040893547], [138.53489685058602, 35.330600738525426], [138.51249694824202, 35.314064025878906], [138.532897949219, 35.201534271240234], [138.491592407227, 35.16846466064447], [138.42919921874994, 35.18186569213874], [138.39540100097702, 35.20619964599609], [138.36540222168, 35.311664581298814], [138.32830810546898, 35.32753372192376], [138.28559875488295, 35.30459976196287], [138.24879455566403, 35.33153152465822], [138.25109863281304, 35.36233139038087], [138.23280334472702, 35.37620162963872], [138.25709533691395, 35.406734466552706], [138.24430847168003, 35.45579910278322], [138.26800537109403, 35.515666961669915], [138.23179626464804, 35.63899993896477], [138.194595336914, 35.67139816284179], [138.18029785156298, 35.712799072265625], [138.23559570312503, 35.75753402709962], [138.185501098633, 35.79486846923833], [138.23789978027304, 35.88219833374017], [138.283493041992, 35.85946655273437], [138.370300292969, 35.97146606445307]]]]}}, {"type": "Feature", "properties": {"pref_code": 25, "pref_ja": "滋賀県", "pref_en": "Shiga Ken"}, "geometry": {"type": "MultiPolygon", "coordinates": [[[[136.14999389648403, 35.697799682617166], [136.18499755859403, 35.70373153686523], [136.280395507813, 35.66113281250002], [136.288696289063, 35.62033462524409], [136.32330322265602, 35.6162643432617], [136.31779479980503, 35.54693222045896], [136.34570312500003, 35.53599929809572], [136.37179565429696, 35.55973434448242], [136.400192260742, 35.529865264892564], [136.387191772461, 35.487865447998], [136.419692993164, 35.466533660888736], [136.41149902343798, 35.418598175048835], [136.444091796875, 35.38946533203131], [136.41340637207, 35.371265411377024], [136.42060852050798, 35.346599578857436], [136.39079284667997, 35.28779983520513], [136.39649963378898, 35.2574005126953], [136.37809753417997, 35.2426681518555], [136.414901733398, 35.21766662597658], [136.408294677734, 35.18719863891599], [136.453796386719, 35.15200042724606], [136.436004638672, 35.130134582519474], [136.44779968261702, 35.123535156250014], [136.441192626953, 35.065132141113345], [136.418197631836, 35.04840087890628], [136.41430664062497, 34.97959899902342], [136.37300109863304, 34.9417991638184], [136.36560058593804, 34.904933929443445], [136.250305175781, 34.85779953002927], [136.17939758300804, 34.8864669799805], [136.130798339844, 34.88306808471677], [136.11059570312503, 34.901866912841776], [136.085205078125, 34.87773513793952], [136.12660217285202, 34.86180114746091], [136.085693359375, 34.83746719360347], [136.090301513672, 34.81393432617194], [136.02630615234403, 34.790733337402294], [136.01040649414102, 34.80073165893548], [136.02719116210898, 34.821800231933615], [136.00469970703097, 34.82820129394534], [136.00500488281304, 34.84273529052732], [135.94569396972702, 34.85173416137696], [135.94050598144503, 34.89319992065429], [135.897994995117, 34.871200561523366], [135.86639404296898, 34.892265319824226], [135.87820434570298, 34.94746780395507], [135.84930419921903, 34.991001129150426], [135.82679748535196, 34.99113464355467], [135.83509826660196, 35.00320053100589], [135.81990051269497, 35.01286697387702], [135.83340454101602, 35.02233123779296], [135.81500244140597, 35.04613494873052], [135.83549499511696, 35.05899810791019], [135.85569763183597, 35.15333557128912], [135.82910156249994, 35.22073364257807], [135.860397338867, 35.28300094604494], [135.83129882812497, 35.27613449096682], [135.80900573730503, 35.31613540649411], [135.763702392578, 35.344532012939496], [135.79049682617202, 35.3866653442383], [135.80709838867193, 35.38526535034176], [135.81509399414102, 35.413131713867166], [135.85279846191398, 35.41153335571289], [135.86160278320298, 35.395065307617216], [135.890396118164, 35.40380096435546], [135.913101196289, 35.431400299072294], [135.939804077148, 35.52040100097661], [135.98150634765602, 35.48680114746087], [136.00590515136696, 35.49160003662114], [136.02609252929696, 35.529598236083984], [136.069900512695, 35.52659988403317], [136.083099365234, 35.54040145874017], [136.10510253906298, 35.528800964355526], [136.113296508789, 35.58286666870122], [136.16850280761696, 35.56546783447267], [136.17669677734403, 35.59613418579099], [136.13420104980503, 35.66986846923827], [136.14999389648403, 35.697799682617166]]]]}}, {"type": "Feature", "properties": {"pref_code": 10, "pref_ja": "群馬県", "pref_en": "Gunma Ken"}, "geometry": {"type": "MultiPolygon", "coordinates": [[[[138.64430236816398, 36.41153335571287], [138.59219360351602, 36.424465179443395], [138.533401489258, 36.402267456054744], [138.49359130859398, 36.41366577148439], [138.489807128906, 36.40159988403317], [138.40089416503903, 36.43473434448243], [138.39720153808602, 36.48873138427728], [138.42849731445304, 36.55559921264652], [138.42739868164102, 36.596134185790966], [138.47279357910196, 36.64346694946287], [138.525207519531, 36.65146636962888], [138.53439331054702, 36.666400909423764], [138.514007568359, 36.69033432006838], [138.71189880371102, 36.738800048828075], [138.72630310058602, 36.763801574706996], [138.78939819335898, 36.7449989318848], [138.82609558105497, 36.77166748046884], [138.82150268554696, 36.81706619262696], [138.92840576171903, 36.83259963989258], [138.91619873046903, 36.85100173950204], [138.92300415039102, 36.88346862792972], [138.97900390624997, 36.89106750488282], [138.96649169921898, 36.97886657714841], [139.04699707031298, 36.987468719482415], [139.09019470214804, 37.01959991455077], [139.09700012207003, 37.05879974365233], [139.17190551757798, 37.0002670288086], [139.18029785156298, 36.96466827392577], [139.228302001953, 36.96133422851561], [139.24150085449202, 36.93019866943363], [139.26649475097702, 36.94126510620121], [139.393402099609, 36.91093444824222], [139.34870910644497, 36.85273361206047], [139.406402587891, 36.829601287841754], [139.353103637695, 36.7737350463867], [139.371795654297, 36.745735168457045], [139.33700561523398, 36.69206619262699], [139.32789611816398, 36.63360214233401], [139.397903442383, 36.60226821899412], [139.46530151367196, 36.60653305053707], [139.48339843749997, 36.58240127563481], [139.43829345703094, 36.54819869995124], [139.44290161132804, 36.53179931640633], [139.421905517578, 36.50866699218753], [139.43510437011702, 36.46419906616211], [139.409698486328, 36.45853424072271], [139.36109924316398, 36.3838005065918], [139.46440124511696, 36.271533966064524], [139.526596069336, 36.2845993041992], [139.563003540039, 36.266998291015554], [139.62179565429693, 36.273735046386705], [139.64280700683602, 36.266666412353494], [139.63090515136696, 36.254531860351605], [139.66929626464798, 36.212467193603466], [139.62489318847702, 36.18659973144533], [139.587905883789, 36.210399627685526], [139.45719909668003, 36.19060134887697], [139.35949707031298, 36.25320053100591], [139.32350158691398, 36.229732513427685], [139.12930297851602, 36.283401489257834], [139.06320190429702, 36.195865631103544], [139.062103271484, 36.15306854248052], [139.043106079102, 36.14846801757807], [139.04280090332, 36.1296005249023], [138.95840454101602, 36.124267578124964], [138.94580078125003, 36.09626770019531], [138.866104125977, 36.07766723632812], [138.82850646972696, 36.03733444213867], [138.755004882813, 36.03459930419916], [138.71269226074202, 35.98526763916016], [138.631393432617, 36.02833175659176], [138.64379882812497, 36.05066680908202], [138.63059997558597, 36.09126663208013], [138.64520263671898, 36.11980056762702], [138.59799194335898, 36.13806533813479], [138.57730102539102, 36.16813278198238], [138.58970642089804, 36.17853546142584], [138.60929870605503, 36.16139984130859], [138.63699340820298, 36.174465179443445], [138.60040283203097, 36.278465270996136], [138.65350341796898, 36.303066253662145], [138.64430236816398, 36.41153335571287]]]]}}, {"type": "Feature", "properties": {"pref_code": 4, "pref_ja": "宮城県", "pref_en": "Miyagi Ken"}, "geometry": {"type": "MultiPolygon", "coordinates": [[[[141.483901977539, 38.97846603393546], [141.51029968261702, 39.002933502197315], [141.63220214843798, 38.9710006713867], [141.648696899414, 38.9416007995605], [141.635406494141, 38.93166732788089], [141.67460632324202, 38.866733551025426], [141.657897949219, 38.862598419189545], [141.6376953125, 38.90186691284178], [141.60549926757798, 38.88026428222659], [141.58709716796898, 38.90940093994139], [141.57539367675795, 38.905864715576236], [141.59399414062497, 38.89033126831053], [141.58299255371097, 38.85219955444336], [141.60339355468798, 38.827800750732436], [141.52200317382804, 38.789131164550845], [141.51649475097702, 38.771800994872955], [141.54609680175804, 38.73339843750003], [141.56419372558597, 38.740531921386726], [141.56089782714798, 38.69046783447267], [141.55470275878903, 38.70846557617186], [141.52560424804702, 38.716732025146534], [141.510696411133, 38.685268402099574], [141.490600585938, 38.689998626709006], [141.49429321289102, 38.67413330078133], [141.444793701172, 38.673801422119084], [141.44470214843798, 38.64319992065434], [141.52940368652304, 38.63740158081052], [141.525100708008, 38.61059951782232], [141.459991455078, 38.576332092285185], [141.49679565429702, 38.53260040283201], [141.53219604492193, 38.549133300781264], [141.54269409179696, 38.5032005310059], [141.52439880371102, 38.48946762084957], [141.513702392578, 38.51319885253909], [141.470504760742, 38.52153396606452], [141.46479797363298, 38.51233291625979], [141.49679565429702, 38.49606704711911], [141.49679565429702, 38.47639846801762], [141.476593017578, 38.46406555175783], [141.51260375976602, 38.45079803466797], [141.493804931641, 38.43753433227538], [141.447601318359, 38.441532135009844], [141.475204467773, 38.419868469238345], [141.472396850586, 38.39413452148436], [141.50180053710903, 38.41579818725586], [141.514099121094, 38.39306640624997], [141.53880310058602, 38.40000152587894], [141.53030395507804, 38.38213348388672], [141.51010131835903, 38.3908653259277], [141.48249816894503, 38.37686538696287], [141.51449584960903, 38.37099838256838], [141.53379821777304, 38.34126663208012], [141.52650451660202, 38.32453536987296], [141.54110717773403, 38.30680084228516], [141.52420043945304, 38.2719345092773], [141.50830078125003, 38.29840087890634], [141.492599487305, 38.2937355041504], [141.49679565429702, 38.305465698242195], [141.449600219727, 38.31573104858396], [141.474792480469, 38.33079910278318], [141.462707519531, 38.3514671325684], [141.41799926757798, 38.34733200073243], [141.458801269531, 38.37426757812496], [141.433197021484, 38.37360000610347], [141.431198120117, 38.3994674682617], [141.41600036621097, 38.391998291015575], [141.40959167480497, 38.40399932861331], [141.37409973144497, 38.38366699218751], [141.35890197753903, 38.41379928588868], [141.26660156249997, 38.419868469238345], [141.266891479492, 38.40813446044919], [141.160598754883, 38.36533355712889], [141.154800415039, 38.348133087158246], [141.16850280761702, 38.3495330810547], [141.17790222168003, 38.32040023803708], [141.14979553222702, 38.33399963378909], [141.138702392578, 38.32213211059569], [141.132995605469, 38.340599060058636], [141.148300170898, 38.33886718750003], [141.140899658203, 38.3549346923828], [141.153106689453, 38.35660171508792], [141.133605957031, 38.3605346679688], [141.13330078125, 38.37746810913087], [141.10670471191398, 38.38626861572269], [141.10589599609398, 38.368465423583956], [141.08540344238298, 38.38140106201166], [141.06280517578097, 38.36973190307617], [141.06639099121097, 38.35153198242189], [141.04260253906304, 38.348999023437464], [141.05239868164097, 38.33340072631836], [141.02510070800804, 38.32013320922851], [141.04489135742196, 38.319267272949205], [141.03610229492196, 38.30720138549798], [141.07659912109398, 38.31986618041993], [141.089904785156, 38.30139923095698], [141.04100036621097, 38.27206802368163], [141.02850341796903, 38.282600402831974], [140.99909973144503, 38.273265838623], [141.04679870605494, 38.265068054199176], [141.02409362793003, 38.26533126831048], [140.98629760742202, 38.217666625976605], [140.92810058593798, 38.08653259277339], [140.91450500488298, 37.99366760253912], [140.931198120117, 37.896331787109375], [140.85670471191403, 37.89126586914062], [140.85739135742196, 37.80406570434566], [140.77510070800798, 37.806465148925845], [140.765106201172, 37.79639816284181], [140.80259704589804, 37.7803993225098], [140.792907714844, 37.773399353027344], [140.727996826172, 37.78166580200201], [140.69450378418003, 37.80346679687502], [140.67939758300804, 37.83653259277344], [140.69039916992196, 37.888332366943374], [140.66130065918003, 37.900665283203075], [140.625106811523, 37.900333404541016], [140.612197875977, 37.91559982299796], [140.592102050781, 37.90633392333984], [140.567199707031, 37.92279815673833], [140.48820495605503, 37.899932861328104], [140.469604492188, 37.919864654540994], [140.47500610351602, 37.946998596191435], [140.407806396484, 37.9734649658203], [140.38549804687497, 37.95306777954101], [140.35130310058597, 37.950466156005916], [140.27520751953102, 37.982131958007784], [140.28959655761702, 38.007331848144524], [140.277206420898, 38.056465148925795], [140.37260437011696, 38.05726623535161], [140.42109680175798, 38.08653259277339], [140.42419433593798, 38.11880111694343], [140.47950744628903, 38.18066787719731], [140.47140502929702, 38.26966857910163], [140.49679565429696, 38.283065795898366], [140.50450134277304, 38.31426620483402], [140.52929687499997, 38.32080078124999], [140.52679443359395, 38.35806655883786], [140.57830810546898, 38.39306640624997], [140.580703735352, 38.43759918212887], [140.620101928711, 38.45553207397458], [140.56399536132798, 38.510868072509844], [140.57180786132798, 38.5255317687988], [140.55529785156295, 38.54253387451171], [140.578903198242, 38.568531036377], [140.53799438476597, 38.63413238525394], [140.546691894531, 38.65006637573238], [140.600692749023, 38.6398658752441], [140.624298095703, 38.69179916381837], [140.607406616211, 38.72066497802732], [140.64630126953102, 38.76879882812504], [140.60530090332, 38.783332824707024], [140.591201782227, 38.835334777832045], [140.54110717773398, 38.86180114746091], [140.54730224609398, 38.88953399658199], [140.56170654296898, 38.8741340637207], [140.614700317383, 38.894397735595746], [140.63850402832003, 38.883331298828075], [140.746795654297, 38.95686721801763], [140.82620239257804, 38.963531494140575], [140.881393432617, 38.9290657043457], [140.9580078125, 38.908531188964815], [140.98649597168003, 38.87553405761716], [141.09390258789097, 38.88813400268553], [141.140106201172, 38.877868652343764], [141.14630126953102, 38.85593414306642], [141.10510253906298, 38.83766555786129], [141.10589599609398, 38.82320022583007], [141.14070129394503, 38.813934326171946], [141.148300170898, 38.78459930419923], [141.18119812011696, 38.784801483154325], [141.23480224609395, 38.74840164184567], [141.27360534667997, 38.79693222045903], [141.303497314453, 38.793266296386726], [141.31039428710903, 38.82266616821292], [141.39450073242196, 38.799667358398366], [141.41499328613298, 38.78573226928712], [141.41070556640597, 38.76813125610347], [141.438293457031, 38.783332824707024], [141.42970275878898, 38.81086730957028], [141.458892822266, 38.81480026245116], [141.4501953125, 38.836532592773416], [141.466293334961, 38.857200622558636], [141.451400756836, 38.87666702270513], [141.49159240722702, 38.915931701660185], [141.483901977539, 38.97846603393546]]], [[[141.62519836425798, 38.83073425292968], [141.60279846191398, 38.8726654052734], [141.623992919922, 38.885734558105526], [141.634796142578, 38.874866485595675], [141.622802734375, 38.85326766967766], [141.637893676758, 38.840999603271534], [141.62519836425798, 38.83073425292968]]], [[[141.57440185546903, 38.26926803588872], [141.54800415039102, 38.30273437500004], [141.56730651855503, 38.31393432617187], [141.58990478515597, 38.30239868164062], [141.57440185546903, 38.26926803588872]]], [[[141.50199890136702, 38.246398925781314], [141.457901000977, 38.268268585205085], [141.460693359375, 38.283668518066364], [141.50199890136702, 38.246398925781314]]]]}}, {"type": "Feature", "properties": {"pref_code": 22, "pref_ja": "静岡県", "pref_en": "Shizuoka Ken"}, "geometry": {"type": "MultiPolygon", "coordinates": [[[[138.21859741210903, 35.64446640014653], [138.23179626464804, 35.63899993896477], [138.26800537109403, 35.515666961669915], [138.24430847168003, 35.45579910278322], [138.25709533691395, 35.406734466552706], [138.23280334472702, 35.37620162963872], [138.25109863281304, 35.36233139038087], [138.24879455566403, 35.33153152465822], [138.28559875488295, 35.30459976196287], [138.32830810546898, 35.32753372192376], [138.358596801758, 35.317268371581996], [138.39860534668003, 35.200267791748026], [138.44039916992196, 35.17793273925777], [138.491592407227, 35.16846466064447], [138.532897949219, 35.201534271240234], [138.51249694824202, 35.314064025878906], [138.53489685058602, 35.330600738525426], [138.533401489258, 35.410598754882834], [138.58189392089804, 35.44573211669918], [138.60960388183597, 35.393199920654276], [138.66349792480497, 35.39826583862304], [138.680404663086, 35.357666015625014], [138.82179260253898, 35.374065399169936], [138.852096557617, 35.390201568603544], [138.873199462891, 35.38146591186521], [138.91619873046903, 35.4005317687988], [139.00170898437497, 35.39879989624019], [139.018692016602, 35.32979965209961], [138.97520446777298, 35.261734008789084], [138.97599792480497, 35.23559951782229], [138.987594604492, 35.2011985778809], [139.026107788086, 35.17553329467768], [139.028701782227, 35.1506004333496], [139.11149597168003, 35.141334533691385], [139.07460021972702, 35.09273147583009], [139.06869506835903, 35.05680084228519], [139.09950256347702, 35.04606628417967], [139.09840393066403, 35.007465362548835], [139.08349609375003, 35.00320053100589], [139.09570312500003, 34.975601196289055], [139.14520263671903, 34.95579910278323], [139.14790344238304, 34.93613433837891], [139.14050292968804, 34.89073181152344], [139.08250427246102, 34.85213470458978], [139.04780578613298, 34.767665863037074], [138.99749755859398, 34.74253463745118], [138.97340393066398, 34.69066619873048], [138.98719787597696, 34.65786743164056], [138.95709228515597, 34.653999328613345], [138.96350097656304, 34.672534942627045], [138.94779968261696, 34.67366790771484], [138.90480041503903, 34.62886810302727], [138.889999389648, 34.63353347778321], [138.843597412109, 34.601135253906286], [138.77799987793003, 34.63966751098628], [138.78829956054696, 34.669601440429716], [138.73919677734403, 34.68993377685551], [138.73910522460903, 34.72620010375984], [138.77560424804696, 34.751667022705064], [138.75169372558602, 34.81919860839843], [138.76809692382804, 34.8233337402344], [138.76049804687503, 34.84313201904296], [138.77529907226602, 34.85626602172848], [138.75379943847702, 34.867801666259815], [138.75610351562503, 34.88446807861331], [138.78970336914094, 34.90800094604493], [138.76310729980503, 34.96260070800778], [138.76730346679693, 34.97760009765633], [138.77659606933597, 34.97046661376954], [138.77969360351597, 35.01739883422854], [138.78929138183597, 35.030200958251996], [138.889602661133, 35.017265319824205], [138.90629577636702, 35.04786682128913], [138.887100219727, 35.04646682739258], [138.82780456542997, 35.106998443603494], [138.684997558594, 35.14506530761718], [138.697998046875, 35.13453292846684], [138.55639648437503, 35.10146713256842], [138.53300476074202, 35.0552673339844], [138.49400329589798, 35.03200149536127], [138.502899169922, 34.98593521118158], [138.50410461425798, 35.015331268310504], [138.533203125, 35.01306533813484], [138.514801025391, 34.98346710205082], [138.35729980468798, 34.91513442993163], [138.324203491211, 34.86973571777342], [138.33869934082, 34.83259963989262], [138.28919982910196, 34.78166580200199], [138.300598144531, 34.77093505859383], [138.22680664062503, 34.72733306884771], [138.19760131835903, 34.66986846923829], [138.194198608398, 34.63759994506842], [138.23329162597702, 34.60453414916992], [138.22669982910202, 34.59460067749022], [138.06137084960898, 34.64659118652344], [138.063125610352, 34.65770339965816], [138.05656433105497, 34.64785385131838], [137.90150451660202, 34.66706848144529], [137.79859924316398, 34.64466857910164], [137.74444580078102, 34.66765213012703], [137.74679565429696, 34.65700149536134], [137.585494995117, 34.67886734008793], [137.483901977539, 34.673801422119084], [137.490997314453, 34.70013427734379], [137.47480773925798, 34.75320053100594], [137.492797851563, 34.786731719970746], [137.486801147461, 34.811401367187514], [137.50199890136702, 34.83279800415044], [137.58680725097696, 34.8499336242676], [137.59709167480497, 34.872200012207], [137.639801025391, 34.89213180541989], [137.661392211914, 34.94566726684571], [137.70710754394503, 34.972267150878906], [137.70089721679702, 35.00320053100589], [137.71719360351602, 35.03499984741209], [137.80020141601597, 35.10533142089837], [137.79249572753898, 35.13439941406251], [137.828491210938, 35.153732299804666], [137.802993774414, 35.18320083618162], [137.82780456543, 35.21139907836909], [137.87179565429702, 35.218799591064545], [137.88240051269503, 35.24813461303708], [137.91909790039097, 35.255199432373026], [137.93049621581997, 35.27566528320307], [138.018707275391, 35.30093383789056], [138.05659484863304, 35.34406661987301], [138.08729553222696, 35.33793258666994], [138.141906738281, 35.37066650390629], [138.152099609375, 35.39813232421879], [138.11930847167997, 35.4478645324707], [138.160202026367, 35.47000122070313], [138.16450500488298, 35.4938659667969], [138.13999938964798, 35.499668121337905], [138.13810729980497, 35.521865844726555], [138.159408569336, 35.545066833496115], [138.142303466797, 35.55546569824221], [138.16279602050798, 35.58153152465817], [138.189895629883, 35.578666687011676], [138.21859741210903, 35.64446640014653]]]]}}, {"type": "Feature", "properties": {"pref_code": 8, "pref_ja": "茨城県", "pref_en": "Ibaraki Ken"}, "geometry": {"type": "MultiPolygon", "coordinates": [[[[140.56820678710898, 36.93753433227542], [140.58630371093798, 36.945465087890575], [140.616394042969, 36.903533935546946], [140.779403686523, 36.866600036621136], [140.80619812011702, 36.831268310546875], [140.7705078125, 36.81993103027336], [140.746795654297, 36.78073501586906], [140.71640014648398, 36.662399291992216], [140.611694335938, 36.48706054687498], [140.62336730956997, 36.481807708740206], [140.60813903808597, 36.440315246581996], [140.62686157226594, 36.431240081787145], [140.608184814453, 36.4312477111816], [140.60974121093804, 36.405265808105476], [140.62680053710903, 36.381332397460945], [140.587997436523, 36.310733795166], [140.56590270996097, 36.30466842651369], [140.55969238281298, 36.25579833984382], [140.610000610352, 36.08653259277343], [140.70109558105497, 35.93773269653317], [140.67840576171903, 35.91986465454104], [140.66290283203102, 35.92860031127928], [140.67480468750003, 35.8969993591309], [140.69079589843804, 35.8829345703125], [140.67730712890594, 35.911998748779276], [140.70710754394497, 35.92499923706047], [140.84669494628903, 35.74000167846682], [140.82040405273403, 35.73959732055664], [140.746795654297, 35.7817993164063], [140.70610046386696, 35.83653259277339], [140.63180541992202, 35.85886764526373], [140.598892211914, 35.90319824218754], [140.51130676269494, 35.95866775512697], [140.48719787597702, 35.92813110351562], [140.50279235839795, 35.90579986572273], [140.45849609375003, 35.92613220214844], [140.36650085449196, 35.900199890136726], [140.31759643554693, 35.8643989562988], [140.281204223633, 35.87413406372068], [140.243591308594, 35.855400085449155], [140.146606445313, 35.845600128173785], [140.12179565429702, 35.87360000610353], [140.070495605469, 35.878398895263715], [139.93919372558602, 35.94026565551759], [139.934097290039, 35.96839904785158], [139.88420104980497, 35.98886489868162], [139.786804199219, 36.10413360595698], [139.77030944824202, 36.081199645996094], [139.729797363281, 36.087932586669886], [139.69119262695298, 36.172599792480504], [139.69140624999997, 36.20613479614258], [139.727401733398, 36.20159912109379], [139.82170104980503, 36.23979949951172], [139.84870910644497, 36.311332702636726], [139.87820434570298, 36.322998046875036], [139.90960693359398, 36.3005981445313], [139.914199829102, 36.33653259277338], [139.96450805664102, 36.3509330749512], [139.97329711914102, 36.37853240966803], [139.98849487304696, 36.36753463745121], [140.044891357422, 36.375133514404304], [140.069198608398, 36.388931274414134], [140.066497802734, 36.40380096435553], [140.100997924805, 36.39419937133789], [140.13040161132804, 36.414665222168026], [140.15609741210895, 36.39839935302726], [140.19160461425804, 36.404335021972685], [140.23089599609398, 36.50286483764653], [140.26029968261702, 36.517601013183594], [140.240997314453, 36.64893341064454], [140.220596313477, 36.685932159423835], [140.292602539063, 36.71266555786127], [140.256805419922, 36.75719833374018], [140.266998291016, 36.823600769043026], [140.252502441406, 36.850467681884794], [140.252395629883, 36.92773437499996], [140.298294067383, 36.92940139770508], [140.32569885253903, 36.89279937744143], [140.36779785156304, 36.880733489990206], [140.37730407714798, 36.83800125122067], [140.438507080078, 36.82159805297848], [140.46369934082003, 36.79180145263673], [140.53939819335898, 36.859199523925774], [140.591903686523, 36.873065948486264], [140.565002441406, 36.9129333496094], [140.56820678710898, 36.93753433227542]]]]}}, {"type": "Feature", "properties": {"pref_code": 47, "pref_ja": "沖縄県", "pref_en": "Okinawa Ken"}, "geometry": {"type": "MultiPolygon", "coordinates": [[[[127.93389892578101, 26.994266510009815], [127.93140411376999, 27.020267486572287], [127.94930267334, 27.04260063171386], [128.01910400390597, 27.094467163085874], [127.99050140380902, 27.044733047485373], [127.94139862060501, 27.01626586914056], [127.93389892578101, 26.994266510009815]]], [[[127.938400268555, 26.910600662231424], [127.91120147705098, 26.935667037963924], [127.93589782714801, 26.95466804504393], [127.95580291748003, 26.934932708740185], [127.938400268555, 26.910600662231424]]], [[[128.15339660644503, 26.716600418090778], [128.15150451660202, 26.745067596435504], [128.17880249023403, 26.747533798217766], [128.23049926757798, 26.796600341796868], [128.250305175781, 26.838600158691435], [128.246795654297, 26.868600845336857], [128.26409912109398, 26.872066497802663], [128.29020690918, 26.840999603271527], [128.303604125977, 26.844533920288086], [128.32569885253903, 26.75320053100593], [128.27299499511702, 26.670400619506843], [128.234100341797, 26.629865646362312], [128.14869689941403, 26.62913322448734], [128.15019226074196, 26.597732543945277], [128.12289428710903, 26.602533340454144], [128.14970397949202, 26.567865371704094], [128.13729858398403, 26.55286788940431], [128.093902587891, 26.534000396728544], [128.03210449218804, 26.55273246765139], [128.05189514160196, 26.52006530761721], [127.99620056152295, 26.509000778198214], [128.00109863281304, 26.485000610351612], [127.95019531250001, 26.472066879272496], [127.94789886474601, 26.437532424926786], [127.86859893798798, 26.45686531066886], [127.83020019531303, 26.431133270263736], [127.83979797363295, 26.40513420104977], [127.87680053710898, 26.37859916687006], [127.88510131835899, 26.342000961303675], [127.91735839843803, 26.329319000244062], [127.920196533203, 26.29540061950683], [127.86494445800801, 26.343862533569343], [127.838027954102, 26.331508636474616], [127.84659576415997, 26.315999984741204], [127.80979919433602, 26.297533035278256], [127.81622314453102, 26.277427673339844], [127.79940032959001, 26.268133163452063], [127.78739929199202, 26.226600646972656], [127.77021026611301, 26.201349258422916], [127.75636291503903, 26.204973220825174], [127.77649688720702, 26.17213439941414], [127.82061004638702, 26.191467285156307], [127.83032226562501, 26.168329238891644], [127.72450256347697, 26.09113502502442], [127.65840148925804, 26.080467224121065], [127.66760253906303, 26.132999420165973], [127.64689636230503, 26.1443996429443], [127.66809844970696, 26.1512680053711], [127.64668876504902, 26.151321156405878], [127.65450286865205, 26.172466278076207], [127.63870239257803, 26.176265716552663], [127.63539886474604, 26.197732925415025], [127.65060424804703, 26.217067718505866], [127.67269897460896, 26.206800460815423], [127.66149902343803, 26.215333938598576], [127.68250274658196, 26.224599838256793], [127.66760253906303, 26.245532989502003], [127.68379974365197, 26.242200851440437], [127.70690155029297, 26.273000717163093], [127.73999786376999, 26.280733108520522], [127.758796691895, 26.308599472045927], [127.71070098876997, 26.44039916992186], [127.735397338867, 26.42160034179694], [127.76959991455101, 26.444932937622063], [127.79679870605501, 26.43613243103033], [127.84429931640597, 26.480400085449247], [127.84269714355504, 26.503200531005895], [127.91770172119101, 26.517066955566385], [127.930702209473, 26.54186630249022], [127.96219635009801, 26.540466308593764], [127.98069763183602, 26.572401046752887], [127.97890472412102, 26.58793449401859], [127.94490051269501, 26.601333618164098], [127.89400482177699, 26.60560035705572], [127.87750244140598, 26.640333175659165], [127.89309692382798, 26.659267425537095], [127.87249755859396, 26.686866760253928], [127.87840270996097, 26.7085342407227], [127.95240020752, 26.70739936828614], [128.00210571289102, 26.687934875488324], [127.98159790039102, 26.64879989624024], [128.02340698242196, 26.626466751098583], [128.109893798828, 26.667533874511676], [128.125900268555, 26.657466888427734], [128.100006103516, 26.677934646606367], [128.15339660644503, 26.716600418090778]]], [[[127.80609893798804, 26.705400466918867], [127.75440216064499, 26.709133148193423], [127.75109863281298, 26.732200622558558], [127.80660247802703, 26.73846626281737], [127.82959747314503, 26.719800949096687], [127.80609893798804, 26.705400466918867]]], [[[128.03140258789097, 26.644800186157198], [127.99680328369095, 26.655666351318366], [127.99359893798795, 26.670200347900433], [128.01879882812497, 26.67880058288567], [128.03140258789097, 26.644800186157198]]], [[[127.20770263671898, 26.574266433715827], [127.22930145263699, 26.60126686096193], [127.24649810791001, 26.586532592773366], [127.20770263671898, 26.574266433715827]]], [[[126.72549586077598, 26.34613095872684], [126.709503173828, 26.369466781616175], [126.77799987793003, 26.390399932861293], [126.82319641113297, 26.34473228454592], [126.80429840087905, 26.325201034545934], [126.81020355224597, 26.290800094604464], [126.77740478515604, 26.305665969848597], [126.75879669189501, 26.3408660888672], [126.72549586077598, 26.34613095872684]]], [[[127.932098388672, 26.33113288879391], [127.942802429199, 26.356666564941392], [127.98619842529303, 26.38346672058109], [127.99359893798795, 26.360733032226605], [127.932098388672, 26.33113288879391]]], [[[127.30369567871095, 26.218532562255895], [127.28109741210903, 26.232599258422887], [127.30830383300803, 26.250799179077084], [127.33069610595696, 26.239667892456104], [127.33180236816396, 26.22786712646478], [127.31040191650403, 26.23753356933591], [127.30369567871095, 26.218532562255895]]], [[[127.34760284423797, 26.14513397216804], [127.33840179443405, 26.18066596984862], [127.35500335693396, 26.22540092468261], [127.37179565429699, 26.201532363891573], [127.34760284423797, 26.14513397216804]]], [[[131.30575949569325, 25.928331029830183], [131.28546530623925, 25.960464132247125], [131.3322640122942, 25.95193256181256], [131.30575949569325, 25.928331029830183]]], [[[131.2305958106511, 25.81281214747257], [131.2144977881901, 25.8220780471307], [131.21999095225212, 25.86421137842951], [131.2627918555731, 25.868811903331963], [131.26389048838513, 25.82407885584656], [131.2305958106511, 25.81281214747257]]], [[[125.305999755859, 24.711467742919897], [125.26039886474597, 24.734466552734364], [125.25070190429696, 24.75539970397948], [125.26039886474597, 24.767866134643608], [125.26399993896497, 24.75113296508786], [125.28130340576197, 24.750934600830128], [125.25520324706997, 24.794866561889624], [125.29430389404298, 24.845399856567436], [125.25289916992196, 24.909799575805742], [125.29630279540999, 24.87766647338871], [125.31110382080098, 24.836534500122127], [125.33319854736301, 24.82180023193356], [125.332397460938, 24.799133300781335], [125.42960357665997, 24.760799407958984], [125.46730041503899, 24.718866348266584], [125.36890411377001, 24.728933334350618], [125.305999755859, 24.711467742919897]]], [[[125.18119812011702, 24.81126785278322], [125.15432739257798, 24.836111068725604], [125.16139984130899, 24.864999771118175], [125.20780181884803, 24.845933914184588], [125.21749877929703, 24.82726669311523], [125.21489715576203, 24.806867599487266], [125.18119812011702, 24.81126785278322]]], [[[125.18119812011702, 24.81126785278322], [125.143798828125, 24.806867599487266], [125.13770294189499, 24.841800689697298], [125.18119812011702, 24.81126785278322]]], [[[124.69059753418003, 24.639665603637724], [124.66829681396501, 24.646467208862273], [124.669700622559, 24.66986656188956], [124.72019958496095, 24.668399810791026], [124.71620178222703, 24.645065307617227], [124.69059753418003, 24.639665603637724]]], [[[124.17300415039102, 24.327932357788136], [124.108200073242, 24.36319923400882], [124.13990020752, 24.411132812500043], [124.11299896240202, 24.43226623535157], [124.08180236816399, 24.413932800293043], [124.06639862060499, 24.430133819580142], [124.07379913330098, 24.451200485229503], [124.11610412597699, 24.444601058960043], [124.11260223388699, 24.479999542236293], [124.140403747559, 24.461732864379933], [124.136497497559, 24.440065383911076], [124.21810150146496, 24.452665328979535], [124.22520446777298, 24.49713325500486], [124.25299835205098, 24.517532348632827], [124.27540588378899, 24.504533767700227], [124.29080200195301, 24.53873252868652], [124.278900146484, 24.557600021362287], [124.30809783935503, 24.606866836547887], [124.33551788330101, 24.602714538574162], [124.30329895019501, 24.525867462158164], [124.24890136718797, 24.465133666992163], [124.24649810790999, 24.35700035095209], [124.23449707031297, 24.343400955200174], [124.19580078124996, 24.3513336181641], [124.17300415039102, 24.327932357788136]]], [[[123.01160433465466, 24.43718285160969], [122.93349314581921, 24.44816410720973], [122.96250918084564, 24.472850271043285], [123.01091005975266, 24.473782964524844], [123.04370882684186, 24.46151680546704], [123.01160433465466, 24.43718285160969]]], [[[123.87179565429697, 24.254400253295856], [123.72039794921898, 24.298599243164105], [123.71720123290999, 24.27746772766108], [123.67970275878905, 24.281932830810522], [123.66020202636705, 24.307067871093775], [123.68509674072295, 24.309465408325188], [123.68319702148398, 24.331333160400366], [123.70700073242197, 24.312665939331097], [123.70169830322297, 24.34840011596677], [123.749900817871, 24.311733245849627], [123.743499755859, 24.34106636047357], [123.757499694824, 24.347133636474556], [123.741600036621, 24.39293289184567], [123.780700683594, 24.436466217041026], [123.81479644775403, 24.39086723327641], [123.83149719238304, 24.406400680542024], [123.87179565429697, 24.402866363525373], [123.88549804687497, 24.38299942016597], [123.937797546387, 24.364265441894535], [123.92569732666, 24.314466476440373], [123.91019439697298, 24.32426643371583], [123.89810180664097, 24.301399230957017], [123.90280151367197, 24.274600982666], [123.88109588622999, 24.279800415039094], [123.87179565429697, 24.254400253295856]]], [[[123.98880004882803, 24.32293319702154], [123.951904296875, 24.335332870483413], [123.97740173339803, 24.35266685485839], [124.00199890136705, 24.32713317871091], [123.98880004882803, 24.32293319702154]]], [[[124.01070404052705, 24.21986770629882], [123.99140167236304, 24.2367992401123], [123.99680328369095, 24.252933502197322], [124.02719879150405, 24.243732452392592], [124.01070404052705, 24.21986770629882]]], [[[123.79080200195301, 24.04473304748544], [123.752502441406, 24.059932708740224], [123.80249786377001, 24.066465377807607], [123.79080200195301, 24.04473304748544]]]]}}, {"type": "Feature", "properties": {"pref_code": 6, "pref_ja": "山形県", "pref_en": "Yamagata Ken"}, "geometry": {"type": "MultiPolygon", "coordinates": [[[[139.86979675292997, 39.11859893798832], [139.99470520019497, 39.10593414306637], [140.00790405273398, 39.123397827148416], [140.06260681152298, 39.133934020996115], [140.06269836425798, 39.09326553344734], [140.15089416503903, 39.04953384399407], [140.19630432128898, 39.061466217041044], [140.20190429687497, 39.035331726074155], [140.260803222656, 39.03559875488282], [140.30709838867202, 39.014801025390625], [140.32940673828094, 39.035198211669915], [140.36250305175804, 39.025997161865185], [140.37649536132798, 38.99480056762698], [140.446304321289, 38.980266571044915], [140.46229553222702, 38.91986465454097], [140.50239562988304, 38.89519882202148], [140.53680419921903, 38.90093231201172], [140.54110717773398, 38.86180114746091], [140.591201782227, 38.835334777832045], [140.60530090332, 38.783332824707024], [140.64630126953102, 38.76879882812504], [140.607406616211, 38.72066497802732], [140.624298095703, 38.69179916381837], [140.600692749023, 38.6398658752441], [140.546691894531, 38.65006637573238], [140.53799438476597, 38.63413238525394], [140.578903198242, 38.568531036377], [140.55529785156295, 38.54253387451171], [140.57180786132798, 38.5255317687988], [140.56399536132798, 38.510868072509844], [140.620101928711, 38.45553207397458], [140.580703735352, 38.43759918212887], [140.57830810546898, 38.39306640624997], [140.52679443359395, 38.35806655883786], [140.52929687499997, 38.32080078124999], [140.50450134277304, 38.31426620483402], [140.49679565429696, 38.283065795898366], [140.47140502929702, 38.26966857910163], [140.47950744628903, 38.18066787719731], [140.42419433593798, 38.11880111694343], [140.415603637695, 38.079200744628864], [140.37260437011696, 38.05726623535161], [140.277206420898, 38.056465148925795], [140.28959655761702, 38.007331848144524], [140.272399902344, 37.9688682556152], [140.28109741210903, 37.94179916381843], [140.2626953125, 37.8355331420898], [140.29879760742202, 37.80899810791018], [140.2373046875, 37.74673461914057], [140.16699218749997, 37.75733184814449], [140.11750793457003, 37.734600067138686], [140.049392700195, 37.77926635742192], [139.99270629882804, 37.75893402099612], [139.93739318847702, 37.82846832275394], [139.885894775391, 37.80986404418948], [139.85850524902298, 37.82699966430664], [139.81019592285193, 37.80346679687502], [139.78359985351602, 37.831867218017585], [139.742202758789, 37.820732116699155], [139.716400146484, 37.85380172729493], [139.68110656738304, 37.84719848632811], [139.62939453125003, 37.89400100708013], [139.65550231933597, 38.03433227539063], [139.69279479980497, 38.05720138549803], [139.69140624999997, 38.07460021972659], [139.67230224609395, 38.077068328857436], [139.69329833984398, 38.11546707153319], [139.68260192871097, 38.1698684692383], [139.69920349121097, 38.20266723632814], [139.78669738769503, 38.192867279052685], [139.86050415039097, 38.23166656494143], [139.89880371093798, 38.292465209960916], [139.84890747070295, 38.34299850463873], [139.75309753418, 38.35973358154298], [139.722503662109, 38.39426803588869], [139.706100463867, 38.3918685913086], [139.721893310547, 38.496601104736264], [139.59880065918, 38.52339935302728], [139.540298461914, 38.55839920043948], [139.61489868164102, 38.67473220825197], [139.69819641113298, 38.730201721191385], [139.76170349121102, 38.80053329467767], [139.81170654296903, 38.94513320922847], [139.83540344238304, 38.956466674804716], [139.81900024414102, 38.960865020751996], [139.871795654297, 39.06873321533199], [139.86979675292997, 39.11859893798832]]]]}}, {"type": "Feature", "properties": {"pref_code": 30, "pref_ja": "和歌山県", "pref_en": "Wakayama Ken"}, "geometry": {"type": "MultiPolygon", "coordinates": [[[[135.52870178222696, 34.35133361816406], [135.579498291016, 34.37639999389647], [135.65069580078097, 34.38320159912111], [135.67300415039097, 34.28066635131836], [135.708297729492, 34.2712669372559], [135.72900390625, 34.23379898071294], [135.70730590820298, 34.208198547363295], [135.64750671386696, 34.218666076660234], [135.62179565429702, 34.159599304199176], [135.59049987793, 34.14899826049799], [135.576599121094, 34.11500167846679], [135.5458984375, 34.09780120849614], [135.539596557617, 34.075000762939496], [135.580001831055, 34.056934356689545], [135.59550476074202, 34.01153182983398], [135.62179565429702, 34.009399414062464], [135.63560485839804, 33.99079895019527], [135.63619995117193, 33.950332641601584], [135.61729431152304, 33.95426559448237], [135.599609375, 33.90806579589844], [135.62179565429702, 33.89806747436516], [135.61830139160202, 33.87186813354487], [135.68659973144497, 33.903865814208984], [135.755706787109, 33.88506698608397], [135.80819702148403, 33.90646743774408], [135.84790039062497, 33.8955993652344], [135.85630798339798, 33.818000793456996], [135.889999389648, 33.801868438720746], [135.90710449218798, 33.76673126220703], [135.93699645996102, 33.757534027099574], [135.94120788574202, 33.73513412475592], [136.01130676269497, 33.7235336303711], [135.973999023438, 33.67853164672853], [135.97410583496102, 33.66180038452146], [135.98860168456994, 33.66053390502934], [135.97909545898403, 33.64886856079103], [135.935806274414, 33.64020156860354], [135.95170593261702, 33.61920166015634], [135.94450378418, 33.62779998779299], [135.925796508789, 33.60459899902343], [135.96090698242202, 33.59500122070306], [135.95759582519503, 33.58060073852542], [135.922698974609, 33.575931549072294], [135.889999389648, 33.55586624145507], [135.92379760742202, 33.55933380126947], [135.877899169922, 33.52833175659182], [135.79820251464804, 33.49893569946289], [135.78199768066403, 33.469799041748], [135.797805786133, 33.445068359375014], [135.787307739258, 33.43780136108398], [135.752395629883, 33.43766784667974], [135.77589416503903, 33.46513366699224], [135.759399414063, 33.48413467407234], [135.707992553711, 33.47806549072267], [135.700500488281, 33.49340057373046], [135.66369628906304, 33.49046707153322], [135.63020324707003, 33.508598327636655], [135.59240722656298, 33.49800109863283], [135.570693969727, 33.51660156250002], [135.51100158691398, 33.52519989013666], [135.48759460449196, 33.55026626586907], [135.44630432128903, 33.549068450927706], [135.447204589844, 33.564132690429744], [135.39179992675798, 33.59066772460936], [135.39300537109398, 33.63926696777339], [135.33000183105497, 33.67013549804689], [135.34370422363295, 33.68220138549802], [135.33509826660196, 33.69453430175781], [135.35470581054696, 33.695068359374964], [135.35960388183597, 33.677001953125014], [135.377304077148, 33.68326568603523], [135.399795532227, 33.720268249511705], [135.35389709472696, 33.726200103759766], [135.35400390624997, 33.74399948120123], [135.32809448242196, 33.741466522216804], [135.31100463867196, 33.76926803588873], [135.234405517578, 33.781333923339766], [135.235000610352, 33.79826736450202], [135.186004638672, 33.81906890869139], [135.14379882812497, 33.88339996337894], [135.11329650878903, 33.893268585205064], [135.057205200195, 33.87966537475588], [135.057998657227, 33.90253448486328], [135.083206176758, 33.911132812500014], [135.067993164063, 33.930866241455085], [135.11459350585895, 33.95966720581047], [135.080596923828, 33.95600128173834], [135.08520507812503, 33.96853256225587], [135.06750488281298, 33.97613525390632], [135.14999389648398, 34.00653457641597], [135.13880920410202, 34.018798828125014], [135.173400878906, 34.031867980957045], [135.13580322265597, 34.06433486938482], [135.07890319824202, 34.07339859008786], [135.111206054688, 34.09793472290038], [135.11529541015597, 34.11986541748046], [135.14450073242196, 34.11119842529297], [135.12429809570304, 34.13586807250983], [135.16859436035196, 34.13339996337889], [135.208892822266, 34.151798248290994], [135.18380737304696, 34.14826583862302], [135.179504394531, 34.1865348815918], [135.17689514160196, 34.175399780273366], [135.14170837402304, 34.18713378906252], [135.13800048828097, 34.225265502929695], [135.10000610351602, 34.235668182372976], [135.12770080566403, 34.227199554443395], [135.12030029296903, 34.24306869506843], [135.06109619140602, 34.26353454589838], [135.073501586914, 34.30406570434574], [135.10310363769503, 34.31040191650389], [135.111206054688, 34.271999359130874], [135.15310668945304, 34.274200439453054], [135.204803466797, 34.2887992858887], [135.207595825195, 34.30806732177729], [135.28219604492193, 34.31779861450199], [135.29310607910202, 34.29933166503913], [135.338195800781, 34.33513259887697], [135.39709472656298, 34.3305320739746], [135.48500061035196, 34.36273574829098], [135.50300598144497, 34.33653259277342], [135.52870178222696, 34.35133361816406]]], [[[135.915298461914, 33.972465515136655], [136.00660705566403, 34.007064819335945], [135.99510192871094, 34.00020217895509], [136.01100158691395, 33.96620178222662], [135.99909973144497, 33.95560073852543], [135.97659301757804, 33.96640014648444], [135.96859741210903, 33.92900085449224], [135.92779541015602, 33.94093322753912], [135.91769409179702, 33.9221992492676], [135.93229675293, 33.91673278808593], [135.90100097656298, 33.92433166503911], [135.893402099609, 33.948066711425824], [135.915298461914, 33.972465515136655]]], [[[135.88040161132798, 33.909133911132834], [135.88380432128898, 33.88639831542967], [135.90130615234398, 33.88353347778318], [135.87440490722696, 33.8614654541016], [135.882293701172, 33.878734588623], [135.85910034179696, 33.89813232421883], [135.86610412597696, 33.921134948730476], [135.88040161132798, 33.909133911132834]]], [[[135.83180236816403, 33.44906616210938], [135.79829406738304, 33.46260070800781], [135.80160522460903, 33.473201751709], [135.86250305175795, 33.47246551513667], [135.83180236816403, 33.44906616210938]]]]}}, {"type": "Feature", "properties": {"pref_code": 42, "pref_ja": "長崎県", "pref_en": "Nagasaki Ken"}, "geometry": {"type": "MultiPolygon", "coordinates": [[[[129.38310241699196, 34.424331665039105], [129.36380004882804, 34.434066772460895], [129.37860107421903, 34.412200927734396], [129.350997924805, 34.386665344238324], [129.39680480956994, 34.41180038452149], [129.37179565429702, 34.36966705322268], [129.39300537109403, 34.361801147460916], [129.36439514160202, 34.34493255615234], [129.39399719238304, 34.33513259887697], [129.36459350585903, 34.33866882324221], [129.37770080566403, 34.31186676025392], [129.36210632324202, 34.31999969482417], [129.36979675293003, 34.311065673828104], [129.35169982910202, 34.295799255371065], [129.35499572753903, 34.30853271484377], [129.343902587891, 34.299800872802706], [129.332794189453, 34.31826782226556], [129.352203369141, 34.319332122802685], [129.342300415039, 34.33653259277342], [129.35789489746102, 34.338001251220724], [129.34019470214804, 34.356266021728494], [129.354202270508, 34.37433242797853], [129.32189941406298, 34.36946487426759], [129.307708740234, 34.33686828613284], [129.298095703125, 34.37020111083983], [129.310104370117, 34.388599395752024], [129.282196044922, 34.38313293457026], [129.29170227050798, 34.37279891967774], [129.27850341796898, 34.36306762695313], [129.297103881836, 34.354133605956974], [129.287094116211, 34.33926773071293], [129.27949523925798, 34.35440063476564], [129.28079223632798, 34.344001770019545], [129.22680664062503, 34.36173248291016], [129.24240112304696, 34.369201660156286], [129.24949645996097, 34.35499954223628], [129.27540588378898, 34.37279891967774], [129.27360534667997, 34.44039916992187], [129.29280090332, 34.43326568603517], [129.31269836425798, 34.465465545654276], [129.281799316406, 34.4481315612793], [129.27340698242196, 34.46766662597664], [129.306793212891, 34.52626800537112], [129.31329345703102, 34.51493453979488], [129.319198608398, 34.53746795654304], [129.34359741210903, 34.53333282470698], [129.328598022461, 34.53279876708983], [129.304901123047, 34.56793212890627], [129.285705566406, 34.56000137329102], [129.320297241211, 34.648731231689496], [129.33190917968798, 34.63693237304694], [129.35139465332003, 34.64960098266598], [129.39570617675804, 34.63906478881837], [129.38250732421903, 34.648933410644496], [129.40579223632795, 34.67673492431641], [129.43280029296898, 34.67266845703129], [129.41490173339798, 34.6921348571777], [129.44799804687497, 34.706600189209006], [129.48010253906298, 34.693267822265575], [129.474105834961, 34.6729316711426], [129.492599487305, 34.683467864990206], [129.483306884766, 34.66820144653317], [129.496307373047, 34.66726684570311], [129.464492797852, 34.653999328613345], [129.490005493164, 34.64526748657228], [129.470504760742, 34.62799835205079], [129.47830200195298, 34.61766815185553], [129.46060180664097, 34.61399841308587], [129.44639587402298, 34.631198883056605], [129.45520019531298, 34.61246490478517], [129.43240356445298, 34.61766815185553], [129.477600097656, 34.59493255615229], [129.472503662109, 34.556201934814474], [129.36839294433602, 34.45299911499024], [129.38310241699196, 34.424331665039105]]], [[[129.21339416503903, 34.0838661193848], [129.21200561523403, 34.11320114135742], [129.20280456543003, 34.10386657714836], [129.18190002441403, 34.11806869506837], [129.16630554199202, 34.10319900512697], [129.20350646972702, 34.33100128173827], [129.22669982910193, 34.32239913940426], [129.22160339355503, 34.293533325195305], [129.25550842285196, 34.31133270263668], [129.26020812988304, 34.29066848754882], [129.27920532226597, 34.305934906005945], [129.28970336914097, 34.27686691284181], [129.287994384766, 34.3045349121094], [129.26600646972696, 34.32786560058593], [129.293701171875, 34.3197326660156], [129.296295166016, 34.30066680908201], [129.308700561523, 34.30766677856447], [129.304595947266, 34.27719879150388], [129.307998657227, 34.28873443603521], [129.31689453125, 34.27686691284181], [129.316192626953, 34.29713439941413], [129.347198486328, 34.297199249267614], [129.352005004883, 34.27746582031254], [129.315994262695, 34.26226806640626], [129.324798583984, 34.226001739502024], [129.29800415039097, 34.22273254394527], [129.298202514648, 34.19413375854489], [129.28729248046898, 34.19986724853523], [129.294494628906, 34.160732269287145], [129.28160095214798, 34.164199829101634], [129.28100585937497, 34.130332946777315], [129.25320434570295, 34.126132965087855], [129.25979614257798, 34.114864349365185], [129.23829650878898, 34.102066040039084], [129.22940063476602, 34.11159896850588], [129.21339416503903, 34.0838661193848]]], [[[129.35920715332003, 34.27119827270514], [129.35040283203102, 34.29420089721679], [129.39239501953097, 34.300132751464766], [129.35920715332003, 34.27119827270514]]], [[[129.71589660644503, 33.70439910888667], [129.67680358886702, 33.7278671264648], [129.69000244140602, 33.74533462524411], [129.67289733886702, 33.75933456420903], [129.656494140625, 33.73846817016599], [129.64270019531298, 33.76753234863276], [129.684997558594, 33.7596015930176], [129.65570068359398, 33.77980041503907], [129.650497436523, 33.80006790161129], [129.666305541992, 33.79980087280271], [129.649398803711, 33.8065338134766], [129.688995361328, 33.80493545532232], [129.671096801758, 33.83740234375001], [129.702102661133, 33.862800598144474], [129.77169799804696, 33.842800140380916], [129.76310729980503, 33.811401367187536], [129.74380493164102, 33.808265686035206], [129.79829406738298, 33.7883987426758], [129.75720214843804, 33.77579879760743], [129.79710388183597, 33.76246643066409], [129.78759765624997, 33.74153137207029], [129.73159790039102, 33.737468719482436], [129.71589660644503, 33.70439910888667]]], [[[129.55279541015597, 33.469333648681605], [129.52799987793, 33.486267089843764], [129.51220703125, 33.48066711425776], [129.52059936523403, 33.47166824340821], [129.49679565429702, 33.472667694091754], [129.55450439453102, 33.509933471679716], [129.55169677734403, 33.490531921386705], [129.58230590820304, 33.49606704711913], [129.55279541015597, 33.469333648681605]]], [[[129.73220825195304, 33.405666351318445], [129.718704223633, 33.419868469238274], [129.74319458007804, 33.42886734008791], [129.75559997558597, 33.469135284423785], [129.77319335937497, 33.45293426513668], [129.76620483398398, 33.440734863281314], [129.79199218749997, 33.4304008483887], [129.76300048828097, 33.433334350585945], [129.73220825195304, 33.405666351318445]]], [[[129.41560363769497, 33.351001739502024], [129.39669799804696, 33.36040115356448], [129.43280029296898, 33.44219970703134], [129.43420410156304, 33.35486602783197], [129.41560363769497, 33.351001739502024]]], [[[129.81219482421898, 33.34853363037109], [129.812896728516, 33.40306854248053], [129.79589843749997, 33.41379928588869], [129.8291015625, 33.40679931640633], [129.835906982422, 33.38180160522459], [129.858596801758, 33.378601074218764], [129.818405151367, 33.36566543579097], [129.81219482421898, 33.34853363037109]]], [[[129.37480163574193, 33.16899871826166], [129.347595214844, 33.18213272094727], [129.35479736328102, 33.207000732421946], [129.36570739746102, 33.186931610107365], [129.39900207519497, 33.17986679077151], [129.40600585937503, 33.19713211059573], [129.38099670410202, 33.206668853759794], [129.38150024414102, 33.2263984680176], [129.40699768066395, 33.23960113525388], [129.42390441894497, 33.224601745605504], [129.41929626464798, 33.239200592040966], [129.43470764160196, 33.237201690673785], [129.40260314941403, 33.26526641845701], [129.42300415039097, 33.29026794433593], [129.44590759277298, 33.29126739501948], [129.43179321289097, 33.31399917602537], [129.43629455566398, 33.34706878662114], [129.49870300293, 33.35580062866212], [129.50999450683602, 33.38133239746092], [129.52389526367202, 33.35486602783197], [129.52360534668, 33.37986755371089], [129.55059814453094, 33.38046646118162], [129.51739501953102, 33.39946746826172], [129.55290222168003, 33.409332275390575], [129.55220031738304, 33.36886596679688], [129.56889343261696, 33.359001159668026], [129.54490661621102, 33.34866714477542], [129.54379272460903, 33.33100128173829], [129.51350402832003, 33.330799102783196], [129.53109741210903, 33.31226730346676], [129.48480224609398, 33.284599304199176], [129.500701904297, 33.2596664428711], [129.43330383300804, 33.19093322753909], [129.37480163574193, 33.16899871826166]]], [[[129.63220214843798, 33.36226654052734], [129.65739440918, 33.36853408813482], [129.671493530273, 33.399532318115206], [129.68440246582003, 33.384998321533224], [129.667495727539, 33.36273193359382], [129.677597045898, 33.35300064086912], [129.69610595703102, 33.361267089843786], [129.692993164063, 33.35106658935551], [129.71459960937503, 33.34773254394527], [129.74440002441403, 33.36706542968752], [129.76989746093804, 33.35453414916991], [129.77470397949196, 33.37106704711907], [129.78999328613298, 33.36933517456046], [129.78990173339798, 33.34033203124999], [129.75880432128903, 33.29026794433593], [129.81340026855497, 33.24206542968754], [129.81799316406298, 33.18346786499024], [129.88769531250003, 33.156265258789134], [129.94250488281304, 33.164333343505895], [129.95449829101597, 33.11660003662109], [129.92559814453097, 33.1074676513672], [129.92149353027298, 33.090400695800795], [130.06100463867202, 32.9860000610352], [130.20199584960903, 32.958198547363274], [130.18339538574202, 32.91419982910161], [130.10940551757804, 32.88600158691414], [130.09148700020498, 32.860444467209696], [130.11901448778397, 32.87394441813529], [130.13844633271702, 32.85355297592184], [130.12773482807197, 32.8412581357637], [130.185607910156, 32.84026718139651], [130.241409301758, 32.874931335449205], [130.29159545898398, 32.8787994384766], [130.33850097656298, 32.8560676574707], [130.377304077148, 32.77819824218754], [130.37399291992202, 32.7389335632324], [130.344696044922, 32.708534240722656], [130.349197387695, 32.677135467529276], [130.30099487304696, 32.651535034179716], [130.25889587402304, 32.65253448486327], [130.23179626464804, 32.61220169067382], [130.187606811523, 32.611202239990185], [130.197006225586, 32.60193252563479], [130.16780090332, 32.590801239013715], [130.16650390625, 32.621334075927706], [130.13000488281304, 32.63920211791992], [130.12600708007795, 32.68913269042974], [130.14120483398398, 32.67806625366207], [130.170700073242, 32.692798614502045], [130.20080566406298, 32.720600128173785], [130.206802368164, 32.753200531005895], [130.184005737305, 32.762733459472685], [130.192794799805, 32.78166580200203], [130.179306030273, 32.79386901855467], [130.08349609375003, 32.7944679260254], [130.022399902344, 32.75853347778323], [129.94859313964798, 32.76039886474608], [129.95509338378898, 32.741466522216825], [129.92390441894497, 32.707668304443445], [129.91290283203097, 32.71226882934572], [129.89250183105503, 32.66033554077154], [129.835998535156, 32.63933563232417], [129.83149719238298, 32.61586761474612], [129.78100585937497, 32.57193374633786], [129.76499938964798, 32.58280181884771], [129.73880004882804, 32.5692024230957], [129.73500061035202, 32.58000183105471], [129.77769470214798, 32.602935791015604], [129.816192626953, 32.655200958252024], [129.81880187988298, 32.6844673156738], [129.802703857422, 32.677600860595675], [129.79260253906304, 32.694068908691435], [129.827896118164, 32.70700073242187], [129.819396972656, 32.69553375244138], [129.835998535156, 32.68846511840817], [129.869903564453, 32.75053405761722], [129.845092773438, 32.720600128173785], [129.818603515625, 32.7199325561523], [129.828598022461, 32.743598937988345], [129.804794311523, 32.74380111694343], [129.812896728516, 32.75873184204096], [129.79159545898398, 32.76520156860354], [129.800994873047, 32.776268005371115], [129.76559448242196, 32.79973220825198], [129.77400207519497, 32.818332672119084], [129.74589538574196, 32.8223991394043], [129.73689270019497, 32.805400848388736], [129.71530151367202, 32.83393478393554], [129.70190429687503, 32.83093261718754], [129.651092529297, 32.9310684204102], [129.63380432128898, 32.92539978027344], [129.626693725586, 32.97893142700198], [129.660995483398, 33.00040054321293], [129.64619445800798, 33.0357322692871], [129.678497314453, 33.0623321533203], [129.658905029297, 33.06980133056642], [129.677703857422, 33.07873153686522], [129.660995483398, 33.07593154907231], [129.675796508789, 33.09819793701171], [129.72810363769503, 33.075267791748004], [129.72610473632804, 33.04660034179687], [129.74870300293003, 33.06006622314454], [129.76089477539097, 33.04933166503911], [129.73220825195304, 33.016864776611335], [129.73750305175804, 32.988868713378864], [129.76550292968804, 32.998867034912145], [129.75109863281304, 33.00320053100593], [129.76289367675804, 33.02113342285164], [129.820297241211, 32.9840660095215], [129.805892944336, 32.96186828613276], [129.81709289550798, 32.94540023803709], [129.80810546874997, 32.91673278808586], [129.79769897460898, 32.953933715820334], [129.78489685058597, 32.948001861572266], [129.78300476074196, 32.90859985351561], [129.80569458007798, 32.90886688232419], [129.80949401855497, 32.89506530761718], [129.78770446777298, 32.866798400878864], [129.81530761718798, 32.863265991210895], [129.846603393555, 32.83086776733396], [129.851501464844, 32.86046600341798], [129.867599487305, 32.844066619872976], [129.879806518555, 32.88213348388666], [129.89169311523403, 32.86800003051759], [129.89599609375003, 32.8798675537109], [129.93249511718804, 32.85760116577149], [129.94969177246097, 32.862998962402315], [129.97790527343795, 32.836132049560455], [130.007705688477, 32.84633255004882], [129.96569824218795, 32.872467041015625], [129.97019958496097, 32.88886642456054], [129.93009948730503, 32.9233322143555], [129.92720031738304, 32.96866607666022], [129.94929504394497, 32.98540115356447], [129.94479370117196, 33.01399993896476], [129.92100524902304, 33.03379821777341], [129.87179565429702, 33.064800262451236], [129.81970214843798, 33.037799835205135], [129.836196899414, 33.059734344482386], [129.79849243164097, 33.06606674194336], [129.80650329589798, 33.07673263549803], [129.79400634765597, 33.08340072631843], [129.76460266113304, 33.07793426513667], [129.76840209960898, 33.101131439208956], [129.75700378418003, 33.08193206787113], [129.78039550781304, 33.061267852783175], [129.76390075683597, 33.050399780273416], [129.74220275878903, 33.06166839599609], [129.74890136718804, 33.07593154907231], [129.72880554199193, 33.099132537841776], [129.75239562988304, 33.100200653076165], [129.74269104003895, 33.121467590332024], [129.75970458984403, 33.11360168457026], [129.75729370117196, 33.127799987793], [129.77290344238304, 33.126331329345696], [129.75840759277304, 33.13180160522464], [129.76510620117196, 33.14300155639646], [129.78469848632798, 33.14273452758788], [129.75410461425804, 33.147266387939496], [129.73100280761696, 33.12426757812503], [129.72639465331994, 33.16166687011723], [129.70069885253903, 33.16313171386717], [129.709503173828, 33.11539840698236], [129.669998168945, 33.11826705932621], [129.664794921875, 33.10146713256838], [129.657699584961, 33.13233184814452], [129.679702758789, 33.12593460083006], [129.69740295410202, 33.14233398437498], [129.672500610352, 33.167331695556626], [129.635803222656, 33.16706848144532], [129.65690612792997, 33.18579864501949], [129.636306762695, 33.225067138671896], [129.625793457031, 33.188533782959], [129.62069702148398, 33.21646881103516], [129.60049438476597, 33.20546722412107], [129.61380004882798, 33.22406768798826], [129.59509277343804, 33.2088661193848], [129.55439758300804, 33.21580123901368], [129.56919860839804, 33.27073287963868], [129.59019470214798, 33.27639770507808], [129.58219909668003, 33.28953170776369], [129.62150573730497, 33.31019973754882], [129.58419799804696, 33.305801391601634], [129.56129455566403, 33.32440185546883], [129.57490539550804, 33.33206558227541], [129.56790161132804, 33.37713241577146], [129.59700012206997, 33.38079833984377], [129.59219360351597, 33.36933517456046], [129.616500854492, 33.37599945068359], [129.63220214843798, 33.36226654052734]]], [[[129.117904663086, 33.2456016540527], [129.06970214843804, 33.27019882202153], [129.13470458984398, 33.30220031738282], [129.15499877929702, 33.27226638793947], [129.117904663086, 33.2456016540527]]], [[[129.04960632324196, 33.18339920043948], [129.02749633789102, 33.19946670532234], [129.04479980468804, 33.21906661987299], [129.06649780273398, 33.20673370361328], [129.09570312499997, 33.215732574462926], [129.07989501953097, 33.20859909057622], [129.08810424804696, 33.18593215942382], [129.06620788574196, 33.194866180419886], [129.04960632324196, 33.18339920043948]]], [[[129.131500244141, 33.15919876098629], [129.12200927734398, 33.213668823242166], [129.141296386719, 33.194267272949155], [129.131500244141, 33.15919876098629]]], [[[129.05850219726602, 32.81693267822271], [129.04190063476602, 32.8247337341309], [129.03950500488304, 32.87433242797847], [129.05850219726602, 32.888198852539055], [129.03759765625003, 32.90773391723631], [129.06150817871094, 32.89479827880861], [129.06669616699196, 32.90446472167973], [129.05050659179693, 32.92086791992192], [129.02569580078094, 32.918933868408224], [129.03379821777304, 32.948001861572266], [129.02169799804702, 32.93199920654299], [129.01249694824202, 32.948665618896484], [128.992202758789, 32.94573211669924], [129.01119995117202, 32.97639846801756], [129.029006958008, 32.96046447753913], [129.04640197753903, 32.97620010375983], [129.04739379882804, 32.956665039062486], [129.06530761718804, 32.98086547851559], [129.04460144043003, 32.985134124755895], [129.04269409179696, 33.02886581420898], [129.06520080566395, 33.04353332519529], [129.06840515136696, 33.02019882202149], [129.08749389648398, 33.02553176879883], [129.07420349121097, 33.055866241455085], [129.10589599609398, 33.086933135986314], [129.09350585937497, 33.12086486816412], [129.11390686035196, 33.16393280029299], [129.10200500488298, 33.124332427978516], [129.11940002441398, 33.107601165771534], [129.113006591797, 33.06266784667972], [129.09120178222696, 33.039268493652344], [129.09500122070298, 33.002399444580114], [129.08200073242196, 32.98626708984377], [129.10989379882798, 32.981666564941406], [129.164001464844, 33.008468627929695], [129.182403564453, 33.00206756591796], [129.181594848633, 32.97406768798831], [129.13850402832, 32.93706512451166], [129.11680603027298, 32.93880081176763], [129.100799560547, 32.96133422851561], [129.10670471191398, 32.92513275146477], [129.08380126953097, 32.92639923095699], [129.094299316406, 32.903068542480455], [129.08110046386696, 32.89646530151373], [129.09809875488298, 32.859867095947344], [129.06629943847696, 32.863265991210895], [129.05850219726602, 32.81693267822271]]], [[[129.60870361328097, 33.022731781005916], [129.58779907226597, 33.0268669128418], [129.59100341796903, 33.04553222656247], [129.60719299316398, 33.065200805664055], [129.635101318359, 33.06226730346681], [129.60870361328097, 33.022731781005916]]], [[[129.23390197753903, 32.98893356323244], [129.23860168456997, 32.99973297119136], [129.22100830078094, 32.999465942382784], [129.25950622558597, 33.02093124389646], [129.23390197753903, 32.98893356323244]]], [[[129.61090087890597, 32.9161987304688], [129.59759521484398, 32.94680023193363], [129.623596191406, 32.93513488769532], [129.61090087890597, 32.9161987304688]]], [[[129.025909423828, 32.84433364868164], [129.01260375976602, 32.868133544921925], [128.976699829102, 32.85919952392577], [128.98019409179702, 32.87139892578132], [128.96569824218798, 32.871532440185476], [128.960296630859, 32.903266906738274], [129.00219726562503, 32.876731872558565], [129.00059509277304, 32.9021339416504], [128.97929382324202, 32.90660095214843], [128.982604980469, 32.93080139160162], [129.01290893554702, 32.92480087280271], [129.03169250488304, 32.89553451538094], [129.025909423828, 32.84433364868164]]], [[[128.94020080566398, 32.7996673583984], [128.93460083007798, 32.827266693115234], [128.91430664062497, 32.82053375244144], [128.928298950195, 32.82693481445308], [128.91819763183597, 32.84326553344734], [128.87179565429696, 32.86159896850586], [128.88749694824196, 32.87720108032232], [128.91389465331997, 32.87020111083977], [128.93099975585898, 32.83539962768548], [128.924392700195, 32.87313461303711], [128.93850708007798, 32.84873199462891], [128.93989562988298, 32.8839988708496], [128.95500183105497, 32.872200012207045], [128.959197998047, 32.83226776123051], [128.940002441406, 32.825466156005874], [128.950897216797, 32.81700134277338], [128.94020080566398, 32.7996673583984]]], [[[128.86549377441403, 32.763534545898416], [128.83169555664102, 32.7972679138184], [128.83650207519503, 32.83800125122067], [128.86090087890594, 32.833332061767635], [128.86160278320304, 32.80166625976559], [128.87640380859403, 32.80046844482422], [128.86259460449196, 32.84400177001949], [128.89920043945295, 32.821666717529325], [128.90950012206997, 32.7972679138184], [128.86549377441403, 32.763534545898416]]], [[[128.77200317382798, 32.57446670532229], [128.75230407714798, 32.578266143798835], [128.73770141601597, 32.605667114257756], [128.66650390625003, 32.60820007324218], [128.65159606933602, 32.5908660888672], [128.597702026367, 32.614135742187514], [128.610198974609, 32.646465301513686], [128.614105224609, 32.61780166625982], [128.625396728516, 32.62726593017577], [128.64450073242202, 32.603199005126996], [128.66600036621102, 32.628799438476555], [128.641296386719, 32.61880111694337], [128.63529968261702, 32.63359832763674], [128.65299987793, 32.64173126220699], [128.64279174804702, 32.65393447875981], [128.667007446289, 32.64606857299796], [128.64939880371102, 32.65686798095697], [128.67070007324202, 32.65140151977538], [128.66229248046903, 32.66686630249024], [128.67539978027304, 32.671932220459006], [128.648696899414, 32.68040084838867], [128.64680480957003, 32.697132110595746], [128.66169738769503, 32.70059967041023], [128.64030456543, 32.76079940795899], [128.66310119628903, 32.78406524658203], [128.69610595703094, 32.76653289794923], [128.69090270996102, 32.73899841308589], [128.73510742187497, 32.7569313049316], [128.72390747070304, 32.74706649780274], [128.74020385742196, 32.7508010864258], [128.73770141601597, 32.73846817016601], [128.75630187988298, 32.76860046386717], [128.772201538086, 32.73426437377928], [128.77290344238298, 32.75059890747071], [128.796203613281, 32.756198883056626], [128.76440429687497, 32.76013183593751], [128.80729675293, 32.79780197143546], [128.804901123047, 32.77373123168951], [128.82499694824202, 32.760734558105504], [128.803497314453, 32.75246810913092], [128.832702636719, 32.760665893554744], [128.825302124023, 32.74026870727537], [128.83090209960903, 32.751464843750014], [128.85440063476602, 32.74480056762698], [128.83839416503903, 32.7134017944336], [128.89590454101594, 32.65273284912109], [128.89169311523398, 32.64139938354493], [128.82060241699202, 32.63613510131844], [128.808197021484, 32.654933929443445], [128.767593383789, 32.64300155639647], [128.76089477539097, 32.619934082031335], [128.789993286133, 32.60913467407233], [128.792098999023, 32.593067169189474], [128.77200317382798, 32.57446670532229]]], [[[128.98600769043, 32.7421989440918], [128.962295532227, 32.74906539916992], [128.98779296875003, 32.75820159912108], [128.990905761719, 32.790866851806584], [129.00559997558602, 32.75439834594726], [128.98600769043, 32.7421989440918]]], [[[128.621795654297, 32.637466430664134], [128.615097045898, 32.65686798095697], [128.632705688477, 32.679466247558615], [128.63949584960903, 32.66386795043951], [128.621795654297, 32.637466430664134]]]]}}, {"type": "Feature", "properties": {"pref_code": 5, "pref_ja": "秋田県", "pref_en": "Akita Ken"}, "geometry": {"type": "MultiPolygon", "coordinates": [[[[140.87969970703097, 40.51146697998053], [140.86129175000002, 40.4405441111111], [140.89250183105497, 40.42373275756842], [140.98539733886702, 40.427532196044886], [140.994995117188, 40.35373306274412], [140.96240234375, 40.34766769409181], [140.942092895508, 40.22819900512699], [140.90530395507798, 40.22219848632808], [140.89260864257795, 40.19266510009773], [140.86050415039102, 40.17380142211914], [140.88319396972696, 40.158935546875014], [140.86740112304696, 40.13126754760742], [140.88130187988304, 40.11426544189451], [140.84469604492196, 40.073665618896484], [140.84649658203097, 39.97446823120116], [140.87809753417997, 39.87473297119141], [140.85269165039094, 39.86646652221683], [140.82609558105503, 39.886665344238295], [140.78300476074202, 39.86573410034177], [140.787002563477, 39.82379913330078], [140.84779357910193, 39.7960662841797], [140.80459594726602, 39.74580001831047], [140.77490234375, 39.73486709594731], [140.82290649414102, 39.68819808959962], [140.821899414063, 39.64979934692378], [140.79570007324202, 39.60333251953127], [140.73069763183597, 39.56613159179689], [140.74090576171898, 39.53480148315426], [140.71400451660196, 39.498401641845696], [140.72430419921898, 39.48066711425781], [140.68310546875003, 39.4575347900391], [140.68339538574196, 39.42219924926757], [140.65859985351602, 39.4156646728516], [140.65409851074193, 39.39093399047852], [140.67559814453097, 39.386131286621065], [140.70419311523398, 39.34299850463871], [140.69329833984403, 39.30246734619144], [140.71789550781304, 39.29653167724611], [140.71820068359398, 39.272933959960916], [140.788803100586, 39.237998962402294], [140.765701293945, 39.19773101806642], [140.808502197266, 39.18033218383787], [140.749603271484, 39.13966751098627], [140.77020263671898, 39.12440109252932], [140.756103515625, 39.118465423583984], [140.752899169922, 39.086532592773366], [140.802398681641, 39.077800750732386], [140.81030273437503, 39.05739974975592], [140.764495849609, 39.00013351440432], [140.773895263672, 38.9584655761719], [140.735900878906, 38.95079803466796], [140.65429687500003, 38.88933181762699], [140.614700317383, 38.894397735595746], [140.56170654296898, 38.8741340637207], [140.53680419921903, 38.90093231201172], [140.50239562988304, 38.89519882202148], [140.46229553222702, 38.91986465454097], [140.432205200195, 38.99233245849613], [140.37649536132798, 38.99480056762698], [140.36250305175804, 39.025997161865185], [140.32940673828094, 39.035198211669915], [140.311401367188, 39.01440048217772], [140.260803222656, 39.03559875488282], [140.20190429687497, 39.035331726074155], [140.19630432128898, 39.061466217041044], [140.15089416503903, 39.04953384399407], [140.06269836425798, 39.09326553344734], [140.06260681152298, 39.133934020996115], [140.00790405273398, 39.123397827148416], [139.99470520019497, 39.10593414306637], [139.86979675292997, 39.11859893798832], [139.901504516602, 39.169864654541016], [139.894195556641, 39.21479797363283], [139.916809082031, 39.276332855224645], [139.98049926757804, 39.31346511840818], [140.02560424804696, 39.419868469238324], [140.060897827148, 39.60846710205079], [140.049606323242, 39.773799896240206], [140.038299560547, 39.76520156860347], [140.03419494628898, 39.80493545532228], [139.99679565429696, 39.85699844360352], [139.9208984375, 39.90106582641603], [139.85890197753898, 39.89619827270509], [139.85020446777298, 39.86346817016601], [139.755294799805, 39.85713577270513], [139.735198974609, 39.904399871826186], [139.706298828125, 39.92846679687504], [139.70339965820298, 39.94379806518548], [139.721405029297, 39.9525985717773], [139.702606201172, 39.960800170898395], [139.69309997558597, 39.995998382568416], [139.70069885253898, 40.00740051269533], [139.723602294922, 39.98220062255859], [139.81329345703097, 39.95919799804694], [139.88830566406298, 40.002933502197294], [139.953002929688, 40.08653259277343], [139.99340820312503, 40.181266784668], [139.98649597168003, 40.20166778564446], [140.01460266113304, 40.21853256225587], [140.00010681152304, 40.22026824951174], [140.02589416503898, 40.33946609497072], [140.01089477539097, 40.3751983642578], [139.936401367188, 40.42866516113276], [139.99589538574196, 40.43519973754883], [140.01969909667997, 40.42046737670903], [140.02049255371097, 40.44833374023444], [140.068496704102, 40.46933364868163], [140.10789489746102, 40.436401367187464], [140.33540344238304, 40.43986511230468], [140.34820556640597, 40.46800231933593], [140.388397216797, 40.48759841918949], [140.43730163574202, 40.479267120361335], [140.44059753418, 40.45046615600587], [140.465698242188, 40.455932617187536], [140.52819824218804, 40.43173217773443], [140.52490234374997, 40.410732269287145], [140.54150390624997, 40.40320205688481], [140.56779479980497, 40.399532318115234], [140.554992675781, 40.4220657348633], [140.589904785156, 40.43666839599613], [140.647094726563, 40.40386581420902], [140.69979858398398, 40.42966842651367], [140.734100341797, 40.41659927368163], [140.73620605468804, 40.44039916992192], [140.80419921875003, 40.44979858398438], [140.82229614257804, 40.49693298339837], [140.87969970703097, 40.51146697998053]]]]}}, {"type": "Feature", "properties": {"pref_code": 33, "pref_ja": "岡山県", "pref_en": "Okayama Ken"}, "geometry": {"type": "MultiPolygon", "coordinates": [[[[134.01420593261702, 35.350399017333984], [134, 35.31399917602542], [134.010101318359, 35.307598114013686], [134.09719848632804, 35.30586624145508], [134.13870239257798, 35.27899932861331], [134.14990234374997, 35.258533477783175], [134.13670349121097, 35.23899841308592], [134.16250610351597, 35.229267120361314], [134.153396606445, 35.19486618041993], [134.171798706055, 35.16986846923828], [134.26049804687494, 35.210399627685455], [134.28070068359403, 35.19659805297854], [134.32080078124997, 35.201801300048814], [134.373199462891, 35.24593353271481], [134.39970397949202, 35.24739837646484], [134.380004882813, 35.20806503295903], [134.41140747070304, 35.186134338378864], [134.40820312500003, 35.14786529541018], [134.366302490234, 35.1454010009766], [134.348602294922, 35.09033203125], [134.318496704102, 35.082866668701236], [134.31610107421898, 35.04326629638667], [134.26710510253903, 35.0215339660645], [134.26580810546903, 35.00506591796883], [134.28610229492196, 34.995933532714766], [134.25360107421903, 34.94606399536126], [134.29440307617196, 34.90753555297854], [134.26289367675804, 34.88493347167971], [134.25309753418003, 34.851268768310476], [134.26319885253903, 34.82666778564447], [134.28739929199196, 34.82773208618159], [134.316497802734, 34.801601409912145], [134.315399169922, 34.780799865722685], [134.333801269531, 34.76819992065431], [134.31399536132798, 34.74046707153324], [134.32130432128898, 34.72180175781247], [134.27499389648398, 34.73446655273442], [134.24310302734403, 34.7152671813965], [134.185302734375, 34.74233245849609], [134.178894042969, 34.733135223388715], [134.20390319824202, 34.72706604003914], [134.194107055664, 34.71693420410162], [134.213806152344, 34.716201782226555], [134.19860839843798, 34.70880126953128], [134.235305786133, 34.714733123779254], [134.24459838867193, 34.70146560668949], [134.18940734863298, 34.65179824829098], [134.169494628906, 34.65173339843749], [134.173797607422, 34.63113403320312], [134.186798095703, 34.63173294067376], [134.16960144043, 34.613533020019474], [134.147201538086, 34.6169319152832], [134.11999511718804, 34.58913421630864], [134.059204101563, 34.58506774902343], [134.06330871582003, 34.60779953002932], [134.046997070313, 34.5976676940918], [133.995407104492, 34.61346435546881], [133.94549560546898, 34.59893417358401], [133.95939636230497, 34.58373260498046], [134.032897949219, 34.59726715087889], [134.04640197753903, 34.57666778564452], [134.02999877929702, 34.55086898803714], [134.00129699707, 34.545398712158196], [134.003005981445, 34.51233291625979], [133.976303100586, 34.533931732177706], [133.95939636230497, 34.524265289306584], [133.96339416503898, 34.49533462524414], [133.93800354003898, 34.48133468627931], [133.93330383300804, 34.451332092285206], [133.834197998047, 34.47439956665043], [133.807601928711, 34.459068298339815], [133.821792602539, 34.429733276367195], [133.78730773925795, 34.43560028076168], [133.73829650878903, 34.52500152587891], [133.73449707031304, 34.498466491699205], [133.71839904785202, 34.49626541137702], [133.74279785156304, 34.47046661376946], [133.70339965820304, 34.4779319763184], [133.70320129394503, 34.54013442993162], [133.690795898438, 34.54026794433586], [133.68339538574202, 34.506931304931605], [133.65899658203102, 34.52046585083012], [133.59370422363304, 34.49100112915044], [133.59390258789097, 34.469467163085916], [133.540405273438, 34.461532592773395], [133.48539733886702, 34.51393127441406], [133.52690124511702, 34.454734802246115], [133.47380065918, 34.441398620605504], [133.489700317383, 34.458866119384815], [133.455795288086, 34.45980072021479], [133.44630432128898, 34.480201721191435], [133.445297241211, 34.55513381958008], [133.38290405273403, 34.62153244018548], [133.40280151367196, 34.67193222045896], [133.38259887695304, 34.67993545532232], [133.357604980469, 34.733333587646534], [133.377807617188, 34.80513381958012], [133.29719543457, 34.88953399658198], [133.308898925781, 34.937065124511705], [133.296691894531, 34.95539855957032], [133.321197509766, 35.00613403320313], [133.26670837402298, 35.051868438720675], [133.29040527343798, 35.071731567382805], [133.28800964355497, 35.09600067138667], [133.40289306640597, 35.114334106445284], [133.41079711914097, 35.135334014892564], [133.39259338378895, 35.16846466064447], [133.40780639648398, 35.18560028076171], [133.44639587402298, 35.172199249267614], [133.501007080078, 35.192733764648416], [133.52560424804702, 35.182933807372955], [133.505294799805, 35.22859954833983], [133.559204101563, 35.24639892578129], [133.59570312499997, 35.3451347351074], [133.678207397461, 35.31879806518551], [133.74510192871097, 35.31933212280266], [133.79730224609398, 35.294132232666016], [133.830795288086, 35.248931884765625], [133.86509704589804, 35.27313232421882], [133.862701416016, 35.29299926757813], [133.92489624023398, 35.3075332641602], [133.93159484863304, 35.333801269531335], [134.01420593261702, 35.350399017333984]]], [[[134.32090759277298, 34.70306777954104], [134.30580139160196, 34.7146644592285], [134.28100585937497, 34.70693588256843], [134.27600097656304, 34.72140121459956], [134.33219909667997, 34.72299957275393], [134.346603393555, 34.70913314819343], [134.32090759277298, 34.70306777954104]]], [[[133.54519653320304, 34.3666000366211], [133.51559448242202, 34.3841323852539], [133.53700256347702, 34.40133285522464], [133.55720520019503, 34.39373397827154], [133.54420471191403, 34.3800010681152], [133.55810546875003, 34.367664337158224], [133.54519653320304, 34.3666000366211]]]]}}, {"type": "Feature", "properties": {"pref_code": 40, "pref_ja": "福岡県", "pref_en": "Fukuoka Ken"}, "geometry": {"type": "MultiPolygon", "coordinates": [[[[130.67239379882798, 33.918666839599624], [130.698104858398, 33.938667297363274], [130.74729919433602, 33.92326736450199], [130.752716064453, 33.94550704956051], [130.769027709961, 33.947177886962905], [130.76908874511696, 33.92902374267576], [130.75070190429702, 33.922801971435504], [130.80619812011696, 33.930534362793026], [130.81440734863304, 33.9033355712891], [130.75260925293, 33.87813568115227], [130.74330139160202, 33.88819885253913], [130.74040222168, 33.87493133544918], [130.80169677734403, 33.89126586914061], [130.79879760742196, 33.873867034912145], [130.82330322265597, 33.91986846923826], [130.856201171875, 33.92893218994139], [130.849700927734, 33.91486740112299], [130.868499755859, 33.918132781982386], [130.847396850586, 33.90539932250977], [130.871795654297, 33.915332794189474], [130.883193969727, 33.905265808105526], [130.863006591797, 33.895534515380916], [130.88679504394503, 33.90206527709962], [130.87690734863298, 33.890068054199155], [130.891006469727, 33.88773345947273], [130.92970275878903, 33.90693283081047], [130.96209716796903, 33.962001800537074], [131.019104003906, 33.962932586669865], [131.02110290527298, 33.94286727905273], [131.00109863281304, 33.92499923706051], [131.014694213867, 33.91986846923826], [130.98710632324196, 33.900199890136676], [131.00390624999997, 33.89153289794919], [130.98129272460898, 33.86706542968751], [130.99780273437497, 33.86693572998053], [130.99259948730497, 33.850933074951165], [130.95669555664102, 33.83013534545897], [130.96580505371094, 33.809398651123], [130.99949645996097, 33.815532684326236], [130.98170471191395, 33.784400939941435], [130.99679565429696, 33.79626846313483], [130.99130249023398, 33.77339935302734], [131.01060485839798, 33.77753448486331], [131.00320434570298, 33.74980163574223], [131.01490783691398, 33.750934600830114], [131.039306640625, 33.69100189208984], [131.05529785156298, 33.68999862670902], [131.09300231933602, 33.623531341552685], [131.12809753418003, 33.6312026977539], [131.18450927734398, 33.61619949340817], [131.17190551757798, 33.586532592773395], [131.18719482421898, 33.546199798584034], [131.16569519042997, 33.52840042114257], [131.17649841308597, 33.507999420166016], [131.02940368652298, 33.51839828491212], [130.97370910644497, 33.50546646118159], [130.89450073242202, 33.44620132446289], [130.885498046875, 33.37979888916022], [130.86380004882798, 33.377265930175795], [130.83450317382798, 33.34346771240232], [130.85630798339798, 33.32699966430656], [130.86540222167997, 33.2929344177246], [130.851699829102, 33.278198242187536], [130.867004394531, 33.26746749877928], [130.82920837402298, 33.25759887695307], [130.82530212402298, 33.237400054931605], [130.85769653320298, 33.22980117797851], [130.83570861816398, 33.21139907836913], [130.886505126953, 33.18673324584964], [130.85249328613298, 33.10933303833014], [130.77079772949196, 33.124465942382756], [130.730499267578, 33.15459823608401], [130.690505981445, 33.15186691284177], [130.67919921875, 33.17119979858402], [130.65879821777298, 33.110065460205114], [130.57969665527304, 33.11566543579102], [130.56089782714804, 33.10400009155271], [130.56500244140602, 33.087200164794886], [130.496795654297, 33.05220031738278], [130.515106201172, 33.01206588745124], [130.50529479980497, 33.00320053100593], [130.395706176758, 33.00046539306642], [130.42140197753903, 33.01200103759766], [130.40679931640602, 33.0158653259277], [130.42750549316403, 33.03546524047853], [130.42419433593804, 33.052665710449176], [130.40879821777304, 33.08786773681637], [130.38710021972702, 33.09513473510741], [130.39610290527304, 33.10799789428708], [130.37179565429702, 33.12073135375979], [130.37370300293, 33.139400482177734], [130.354904174805, 33.14039993286128], [130.338607788086, 33.2032661437988], [130.376602172852, 33.220401763916044], [130.371307373047, 33.24300003051761], [130.384307861328, 33.240333557128935], [130.39070129394503, 33.25993347167967], [130.41459655761696, 33.25320053100588], [130.43099975585903, 33.29246520996094], [130.44889831543003, 33.26499938964844], [130.46679687499997, 33.2886009216309], [130.45539855956997, 33.301666259765575], [130.486297607422, 33.31226730346676], [130.47900390624997, 33.33073425292971], [130.53520202636702, 33.34280014038093], [130.53619384765602, 33.43820190429689], [130.49620056152298, 33.444801330566435], [130.41020202636702, 33.395000457763686], [130.41439819335903, 33.410266876220724], [130.39529418945304, 33.427333831787124], [130.355499267578, 33.43346786499019], [130.27659606933597, 33.47826766967767], [130.04490661621102, 33.46766662597657], [130.04440307617202, 33.49620056152337], [130.09960937500003, 33.515731811523445], [130.12179565429696, 33.50880050659183], [130.12359619140597, 33.525135040283175], [130.15209960937497, 33.53693389892582], [130.16349792480497, 33.56066894531253], [130.11570739746097, 33.54686737060552], [130.13299560546898, 33.56793212890629], [130.09780883789102, 33.56433486938483], [130.08850097656304, 33.583602905273416], [130.14590454101597, 33.595268249511726], [130.156097412109, 33.62833404541023], [130.19889831543, 33.64086914062502], [130.208602905273, 33.66706848144531], [130.23509216308602, 33.649600982666], [130.23100280761702, 33.616535186767585], [130.27249145507795, 33.611534118652315], [130.272674560547, 33.582443237304744], [130.37289428710903, 33.60500335693361], [130.38516235351594, 33.59401321411132], [130.38919067382804, 33.60960388183589], [130.398727416992, 33.60052490234377], [130.400421142578, 33.61843872070313], [130.41384887695298, 33.61804580688476], [130.40649414062503, 33.64226913452148], [130.42109680175804, 33.64666748046884], [130.404022216797, 33.652088165283196], [130.434143066406, 33.66259384155274], [130.428558349609, 33.687328338623], [130.36869812011702, 33.665336608886705], [130.355895996094, 33.643402099609446], [130.29530334472696, 33.663070678710945], [130.28919982910196, 33.68640136718747], [130.321594238281, 33.66027069091803], [130.39540100097702, 33.685001373291016], [130.46630859374997, 33.753200531005874], [130.46710205078097, 33.783267974853466], [130.44960021972696, 33.78486633300783], [130.44340515136696, 33.814601898193445], [130.47230529785196, 33.818267822265575], [130.47650146484398, 33.85779953002929], [130.516403198242, 33.86006546020514], [130.52360534667997, 33.889533996582], [130.63479614257798, 33.88539886474612], [130.66619873046898, 33.897201538085945], [130.65650939941398, 33.909267425537074], [130.67239379882798, 33.918666839599624]]], [[[130.821594238281, 33.930335998535206], [130.778045654297, 33.94583892822266], [130.83160400390597, 33.94979858398443], [130.84460449218795, 33.939266204834], [130.821594238281, 33.930335998535206]]], [[[130.42619323730503, 33.887134552002], [130.407104492188, 33.91106796264653], [130.44520568847702, 33.91466522216799], [130.42619323730503, 33.887134552002]]]]}}, {"type": "Feature", "properties": {"pref_code": 21, "pref_ja": "岐阜県", "pref_en": "Gifu Ken"}, "geometry": {"type": "MultiPolygon", "coordinates": [[[[137.05819702148398, 36.37213134765631], [137.09460449218795, 36.38406753540037], [137.09190368652298, 36.39686584472656], [137.16070556640602, 36.456733703613345], [137.19149780273403, 36.455333709716804], [137.20649719238304, 36.42793273925779], [137.24679565429696, 36.46179962158202], [137.25669860839798, 36.451663970947315], [137.308502197266, 36.46386718749996], [137.313491821289, 36.4250679016113], [137.39019775390597, 36.459667205810504], [137.40579223632798, 36.426334381103516], [137.460998535156, 36.41246795654302], [137.511596679688, 36.42333221435551], [137.53979492187503, 36.392601013183615], [137.58729553222696, 36.389865875244105], [137.58830261230497, 36.37153244018549], [137.645492553711, 36.34140014648441], [137.646697998047, 36.28886413574223], [137.57380676269497, 36.22006607055656], [137.59469604492196, 36.17186737060553], [137.55459594726602, 36.140266418456974], [137.55099487304696, 36.10979843139647], [137.61369323730497, 36.07619857788091], [137.59460449218804, 36.013401031494055], [137.54310607910202, 35.98253250122074], [137.476104736328, 35.894001007080085], [137.432098388672, 35.90513229370124], [137.38020324706994, 35.891933441162145], [137.36230468750003, 35.84893417358403], [137.335403442383, 35.84393310546884], [137.32550048828102, 35.815666198730526], [137.337600708008, 35.79813385009773], [137.38090515136696, 35.80133438110346], [137.39839172363304, 35.775798797607386], [137.458892822266, 35.761333465576165], [137.498199462891, 35.687267303466825], [137.54499816894494, 35.64993286132811], [137.51449584960903, 35.60713195800781], [137.53750610351602, 35.58440017700201], [137.57099914550804, 35.58346557617186], [137.57449340820298, 35.54439926147463], [137.631698608398, 35.50906753540037], [137.631393432617, 35.46993255615229], [137.59330749511696, 35.44666671752933], [137.63349914550798, 35.399066925048764], [137.57499694824196, 35.40000152587891], [137.59829711914097, 35.37806701660157], [137.603591918945, 35.33453369140631], [137.55690002441403, 35.31006622314454], [137.56149291992196, 35.28386688232416], [137.51959228515602, 35.28313446044919], [137.42970275878898, 35.222801208496094], [137.41699218749997, 35.24020004272456], [137.38920593261696, 35.24000167846683], [137.38319396972696, 35.26013183593754], [137.34429931640602, 35.2578010559082], [137.34519958496102, 35.27259826660158], [137.307800292969, 35.291065216064524], [137.18580627441403, 35.25320053100593], [137.16520690918, 35.28253173828128], [137.10220336914097, 35.30160140991214], [137.08169555664097, 35.29213333129883], [137.06809997558597, 35.33513259887703], [137.04719543456997, 35.3365325927734], [137.04739379882795, 35.365001678466804], [136.97799682617202, 35.404132843017614], [136.99110412597702, 35.424667358398416], [136.962997436523, 35.41986465454096], [136.96110534668, 35.39933395385743], [136.92109680175798, 35.379066467285206], [136.83380126953102, 35.35586547851556], [136.770294189453, 35.36866760253911], [136.67770385742202, 35.241001129150376], [136.66940307617202, 35.13359832763669], [136.64610290527304, 35.16579818725589], [136.645202636719, 35.14459991455078], [136.616104125977, 35.14953231811521], [136.54820251464798, 35.2200012207031], [136.53370666503903, 35.256866455078054], [136.50779724121094, 35.23619842529301], [136.41189575195298, 35.21839904785164], [136.37809753417997, 35.2426681518555], [136.39649963378898, 35.2574005126953], [136.39079284667997, 35.28779983520513], [136.42060852050798, 35.346599578857436], [136.41340637207, 35.371265411377024], [136.444091796875, 35.38946533203131], [136.41149902343798, 35.418598175048835], [136.419692993164, 35.466533660888736], [136.387191772461, 35.487865447998], [136.40530395507798, 35.5135345458984], [136.37179565429696, 35.55973434448242], [136.34570312500003, 35.53599929809572], [136.31779479980503, 35.54693222045896], [136.32330322265602, 35.6162643432617], [136.288696289063, 35.62033462524409], [136.275894165039, 35.65333175659184], [136.32359313964804, 35.71686553955084], [136.321899414063, 35.765865325927685], [136.37750244140597, 35.7952003479004], [136.43310546875, 35.77466583251951], [136.48539733886693, 35.77600097656248], [136.50569152831997, 35.75040054321292], [136.52330017089795, 35.78826522827151], [136.57090759277298, 35.77759933471684], [136.599594116211, 35.79859924316413], [136.62179565429702, 35.78686523437497], [136.644897460938, 35.80686569213871], [136.66000366210903, 35.78346633911133], [136.72329711914097, 35.808200836181584], [136.789093017578, 35.79946517944343], [136.802597045898, 35.843864440918], [136.83200073242202, 35.85806655883791], [136.82209777832003, 35.896198272705085], [136.78439331054702, 35.92440032958983], [136.79150390625, 35.94673156738281], [136.749496459961, 35.96126556396479], [136.750701904297, 35.99039840698241], [136.72639465331997, 35.99593353271484], [136.73300170898398, 36.049331665039134], [136.76379394531298, 36.067733764648416], [136.753997802734, 36.0863990783691], [136.779602050781, 36.142265319824155], [136.765701293945, 36.161132812500014], [136.79840087890602, 36.172798156738324], [136.85150146484403, 36.248401641845724], [136.81449890136702, 36.26633453369143], [136.792098999023, 36.299133300781264], [136.831497192383, 36.306533813476634], [136.83709716796903, 36.34746551513672], [136.86509704589795, 36.349800109863324], [136.87130737304696, 36.36753463745121], [136.87490844726602, 36.3429336547852], [136.907196044922, 36.361000061035234], [136.946701049805, 36.346134185791016], [136.971298217773, 36.3148651123047], [136.957794189453, 36.279067993164134], [136.97509765625, 36.274467468261676], [137.05189514160196, 36.33020019531249], [137.05819702148398, 36.37213134765631]]]]}}, {"type": "Feature", "properties": {"pref_code": 2, "pref_ja": "青森県", "pref_en": "Aomori Ken"}, "geometry": {"type": "MultiPolygon", "coordinates": [[[[140.778594970703, 41.210800170898416], [140.7998046875, 41.323066711425774], [140.81919860839804, 41.343933105468814], [140.836303710938, 41.41579818725589], [140.908996582031, 41.495067596435504], [140.89860534667997, 41.52346801757806], [140.91279602050798, 41.54700088500977], [141.00320434570304, 41.48619842529301], [141.113098144531, 41.463600158691364], [141.19309997558602, 41.387733459472656], [141.26589965820298, 41.356533050537095], [141.305603027344, 41.35146713256842], [141.37179565429696, 41.370334625244105], [141.464294433594, 41.430133819580135], [141.39039611816398, 41.16986465454097], [141.38659667968804, 40.93073272705078], [141.41580200195298, 40.7532005310059], [141.487701416016, 40.557266235351555], [141.53489685058602, 40.52766799926763], [141.57550048828097, 40.54326629638673], [141.68310546875003, 40.45086669921877], [141.58700561523398, 40.40746688842766], [141.58189392089798, 40.37446594238283], [141.53739929199196, 40.34780120849614], [141.480895996094, 40.37646865844728], [141.443405151367, 40.37626647949219], [141.40829467773398, 40.357868194580085], [141.39759826660196, 40.367668151855455], [141.35139465332003, 40.33153533935547], [141.317398071289, 40.37326812744137], [141.21459960937497, 40.314800262451215], [141.139297485352, 40.30106735229488], [141.10090637207, 40.28153228759771], [141.104598999023, 40.256668090820305], [141.00610351562503, 40.21846771240229], [140.980499267578, 40.22013473510741], [140.946792602539, 40.25780105590819], [140.96240234375, 40.34766769409181], [140.994995117188, 40.35373306274412], [140.98539733886702, 40.427532196044886], [140.89250183105497, 40.42373275756842], [140.86129175000002, 40.4405441111111], [140.87969970703097, 40.51146697998053], [140.82229614257804, 40.49693298339837], [140.80419921875003, 40.44979858398438], [140.73620605468804, 40.44039916992192], [140.734100341797, 40.41659927368163], [140.69979858398398, 40.42966842651367], [140.647094726563, 40.40386581420902], [140.589904785156, 40.43666839599613], [140.554992675781, 40.4220657348633], [140.56779479980497, 40.399532318115234], [140.54150390624997, 40.40320205688481], [140.52490234374997, 40.410732269287145], [140.52819824218804, 40.43173217773443], [140.465698242188, 40.455932617187536], [140.44059753418, 40.45046615600587], [140.43730163574202, 40.479267120361335], [140.388397216797, 40.48759841918949], [140.34820556640597, 40.46800231933593], [140.33540344238304, 40.43986511230468], [140.10789489746102, 40.436401367187464], [140.068496704102, 40.46933364868163], [140.02049255371097, 40.44833374023444], [140.01969909667997, 40.42046737670903], [139.99589538574196, 40.43519973754883], [139.936401367188, 40.42866516113276], [139.94169616699202, 40.549465179443374], [139.91760253906298, 40.58653259277342], [139.871795654297, 40.58326721191411], [139.86059570312497, 40.61400222778319], [139.903396606445, 40.64653396606454], [139.928497314453, 40.64300155639648], [139.99960327148398, 40.74520111083981], [140.05220031738298, 40.7692642211914], [140.12179565429702, 40.742599487304716], [140.25100708007798, 40.801998138427656], [140.302200317383, 40.91740036010744], [140.32350158691403, 41.04579925537114], [140.31939697265597, 41.09353256225587], [140.248992919922, 41.134399414062464], [140.30059814453102, 41.13100051879883], [140.32000732421903, 41.14679718017584], [140.33949279785196, 41.260467529296925], [140.46499633789102, 41.182731628418004], [140.54960632324196, 41.22966766357418], [140.63099670410202, 41.1924667358398], [140.66079711914102, 40.948932647705064], [140.68670654296903, 40.86906814575199], [140.732894897461, 40.83166503906252], [140.795303344727, 40.83653259277337], [140.85899353027298, 40.88773345947267], [140.87159729003898, 40.945732116699155], [140.83830261230503, 40.953865051269496], [140.86140441894497, 40.9575309753418], [140.88020324706997, 41.009731292724645], [140.947998046875, 40.993267059326236], [140.98370361328102, 40.96086502075204], [140.97459411621102, 40.93399810791018], [141.06430053710898, 40.91406631469729], [141.10530090332, 40.87286758422854], [141.16310119628903, 40.890266418457], [141.22129821777298, 40.971866607666044], [141.246795654297, 41.10553359985351], [141.27850341796898, 41.155067443847685], [141.22299194335898, 41.25320053100589], [141.16470336914102, 41.280132293701236], [141.133895874023, 41.24486541748046], [141.158401489258, 41.262733459472685], [141.144195556641, 41.235198974609425], [141.05630493164097, 41.18339920043949], [140.981704711914, 41.19979858398441], [140.946304321289, 41.17459869384767], [140.85229492187494, 41.160331726074176], [140.81230163574202, 41.128532409667976], [140.765197753906, 41.14540100097656], [140.76460266113298, 41.19353103637701], [140.778594970703, 41.210800170898416]]]]}}, {"type": "Feature", "properties": {"pref_code": 27, "pref_ja": "大阪府", "pref_en": "Osaka Fu"}, "geometry": {"type": "MultiPolygon", "coordinates": [[[[135.37080383300798, 35.0453338623047], [135.382095336914, 35.01013565063477], [135.49139404296895, 34.989334106445305], [135.48100280761696, 34.949466705322344], [135.51319885253898, 34.94386672973634], [135.541793823242, 34.91533279418954], [135.580703735352, 34.92359924316412], [135.580001831055, 34.93700027465822], [135.556793212891, 34.938068389892614], [135.578308105469, 34.955734252929744], [135.573303222656, 34.971668243408175], [135.61289978027304, 34.97133255004884], [135.59989929199202, 34.92800140380858], [135.64280700683602, 34.929798126220675], [135.68229675292997, 34.88779830932619], [135.69549560546898, 34.84820175170899], [135.744705200195, 34.804332733154304], [135.72839355468798, 34.77786636352544], [135.710998535156, 34.78126525878908], [135.70379638671898, 34.723934173583984], [135.67269897460898, 34.70166778564449], [135.67779541015597, 34.67926788330084], [135.65029907226602, 34.60873413085938], [135.68150329589798, 34.5849342346191], [135.65049743652295, 34.544933319091804], [135.67660522460898, 34.524600982666], [135.68640136718804, 34.450866699218814], [135.66470336914094, 34.42399978637704], [135.67990112304696, 34.408267974853516], [135.65490722656304, 34.38479995727538], [135.579498291016, 34.37639999389647], [135.50770568847696, 34.33653259277342], [135.48500061035196, 34.36273574829098], [135.39709472656298, 34.3305320739746], [135.338195800781, 34.33513259887697], [135.29310607910202, 34.29933166503913], [135.28219604492193, 34.31779861450199], [135.207595825195, 34.30806732177729], [135.18440246582, 34.279399871826236], [135.111206054688, 34.271999359130874], [135.09330749511702, 34.31460189819344], [135.218200683594, 34.34493255615234], [135.35310363769497, 34.450801849365234], [135.36614990234403, 34.48065948486329], [135.3759765625, 34.473274230957], [135.37861633300798, 34.51097106933593], [135.36715698242202, 34.51711273193362], [135.37829589843798, 34.532005310058636], [135.371368408203, 34.5225410461426], [135.39013671874997, 34.505496978759815], [135.43180847168, 34.53219604492192], [135.44566345214798, 34.55693435668953], [135.41046142578097, 34.56075286865234], [135.40203857421898, 34.59985351562499], [135.42086791992196, 34.5696487426758], [135.42614746093804, 34.589675903320334], [135.452453613281, 34.56486892700196], [135.450256347656, 34.58365631103516], [135.46638488769497, 34.58462142944338], [135.42553710937497, 34.593364715576165], [135.42352294921898, 34.605022430419936], [135.445358276367, 34.59819793701168], [135.42338562011693, 34.61899566650388], [135.44125366210898, 34.62611389160159], [135.44715881347696, 34.614719390869126], [135.45079040527304, 34.64530944824224], [135.414321899414, 34.6515693664551], [135.426300048828, 34.66785430908203], [135.408203125, 34.671901702880895], [135.423910695174, 34.69319502894363], [135.40279210796797, 34.69319502894363], [135.45989990234403, 34.7332000732422], [135.41569519043, 34.81946563720701], [135.416702270508, 34.85206604003911], [135.44459533691403, 34.89846801757814], [135.430603027344, 34.892265319824226], [135.41819763183602, 34.90879821777339], [135.46679687500003, 34.928733825683636], [135.34559631347696, 34.965267181396534], [135.358993530273, 34.98233413696294], [135.35420227050798, 35.02406692504884], [135.33039855956997, 35.034534454345696], [135.34899902343795, 35.050865173339766], [135.37080383300798, 35.0453338623047]]], [[[135.42216491699196, 34.6219177246094], [135.39848327636702, 34.63821792602541], [135.43934631347696, 34.64122009277341], [135.44184875488298, 34.6283226013184], [135.42216491699196, 34.6219177246094]]], [[[135.42625427246097, 34.54705047607424], [135.44078063964804, 34.54958343505858], [135.42106628418003, 34.52463531494143], [135.39910888671898, 34.536437988281335], [135.40928649902304, 34.5544166564941], [135.42012023925798, 34.53797149658204], [135.42625427246097, 34.54705047607424]]], [[[135.22940303552497, 34.445980600105855], [135.252139176769, 34.44681824741488], [135.23311261646498, 34.43186025975448], [135.264602661133, 34.437667846679716], [135.22700500488298, 34.41320037841803], [135.22880471601903, 34.43090294854418], [135.20128201872402, 34.428270342716], [135.22940303552497, 34.445980600105855]]]]}}, {"type": "Feature", "properties": {"pref_code": 20, "pref_ja": "長野県", "pref_en": "Nagano Ken"}, "geometry": {"type": "MultiPolygon", "coordinates": [[[[138.524597167969, 37.030532836914105], [138.565795898438, 37.02140045166022], [138.58639526367196, 36.98740005493157], [138.58949279785193, 36.91406631469729], [138.690902709961, 36.85720062255859], [138.68020629882798, 36.82220077514648], [138.69560241699202, 36.80753326416017], [138.66920471191398, 36.77633285522461], [138.695693969727, 36.73860168457034], [138.60980224609403, 36.70646667480472], [138.543395996094, 36.7039337158203], [138.514007568359, 36.69033432006838], [138.53439331054702, 36.666400909423764], [138.525207519531, 36.65146636962888], [138.45799255371097, 36.63333129882808], [138.42739868164102, 36.596134185790966], [138.42849731445304, 36.55559921264652], [138.40390014648403, 36.52093124389648], [138.40089416503903, 36.43473434448243], [138.45710754394497, 36.419868469238295], [138.46029663085898, 36.40459823608399], [138.504196166992, 36.4149322509766], [138.533401489258, 36.402267456054744], [138.59219360351602, 36.424465179443395], [138.64810180664097, 36.40826797485347], [138.65350341796898, 36.303066253662145], [138.60040283203097, 36.278465270996136], [138.63699340820298, 36.174465179443445], [138.60929870605503, 36.16139984130859], [138.58970642089804, 36.17853546142584], [138.57730102539102, 36.16813278198238], [138.59799194335898, 36.13806533813479], [138.64520263671898, 36.11980056762702], [138.63059997558597, 36.09126663208013], [138.64379882812497, 36.05066680908202], [138.631393432617, 36.02833175659176], [138.71269226074202, 35.98526763916016], [138.738708496094, 35.938400268554744], [138.72880554199202, 35.909267425537124], [138.693298339844, 35.89946746826166], [138.67610168457, 35.86986541748047], [138.62179565429696, 35.87033462524413], [138.60659790039094, 35.880599975585895], [138.61169433593804, 35.909400939941364], [138.59060668945304, 35.91959762573237], [138.50930786132798, 35.92200088500982], [138.490097045898, 35.89640045166018], [138.45440673828097, 35.900333404540966], [138.44850158691398, 35.946067810058594], [138.370300292969, 35.97146606445307], [138.283493041992, 35.85946655273437], [138.23789978027304, 35.88219833374017], [138.185501098633, 35.79486846923833], [138.23559570312503, 35.75753402709962], [138.18029785156298, 35.712799072265625], [138.21859741210903, 35.64446640014653], [138.189895629883, 35.578666687011676], [138.16279602050798, 35.58153152465817], [138.142303466797, 35.55546569824221], [138.159408569336, 35.545066833496115], [138.13810729980497, 35.521865844726555], [138.13999938964798, 35.499668121337905], [138.16450500488298, 35.4938659667969], [138.160202026367, 35.47000122070313], [138.11930847167997, 35.4478645324707], [138.152099609375, 35.39813232421879], [138.141906738281, 35.37066650390629], [138.08729553222696, 35.33793258666994], [138.05659484863304, 35.34406661987301], [138.018707275391, 35.30093383789056], [137.93049621581997, 35.27566528320307], [137.91909790039097, 35.255199432373026], [137.89520263671903, 35.25786590576169], [137.87179565429702, 35.218799591064545], [137.77699279785196, 35.20339965820309], [137.75970458984403, 35.221466064453125], [137.68220520019503, 35.23473358154298], [137.64399719238298, 35.20899963378909], [137.57850646972696, 35.198398590087905], [137.54589843750003, 35.25320053100593], [137.57020568847693, 35.282131195068374], [137.55690002441403, 35.31006622314454], [137.60400390624997, 35.3365325927734], [137.59829711914097, 35.37806701660157], [137.57499694824196, 35.40000152587891], [137.634796142578, 35.40173339843752], [137.59330749511696, 35.44666671752933], [137.631393432617, 35.46993255615229], [137.631698608398, 35.50906753540037], [137.57449340820298, 35.54439926147463], [137.57099914550804, 35.58346557617186], [137.53750610351602, 35.58440017700201], [137.51449584960903, 35.60713195800781], [137.54499816894494, 35.64993286132811], [137.498199462891, 35.687267303466825], [137.458892822266, 35.761333465576165], [137.39839172363304, 35.775798797607386], [137.38090515136696, 35.80133438110346], [137.337600708008, 35.79813385009773], [137.32550048828102, 35.815666198730526], [137.335403442383, 35.84393310546884], [137.36230468750003, 35.84893417358403], [137.38020324706994, 35.891933441162145], [137.432098388672, 35.90513229370124], [137.476104736328, 35.894001007080085], [137.54310607910202, 35.98253250122074], [137.59460449218804, 36.013401031494055], [137.61369323730497, 36.07619857788091], [137.55099487304696, 36.10979843139647], [137.55459594726602, 36.140266418456974], [137.59469604492196, 36.17186737060553], [137.57380676269497, 36.22006607055656], [137.652801513672, 36.304534912109446], [137.645492553711, 36.34140014648441], [137.58830261230497, 36.37153244018549], [137.58729553222696, 36.389865875244105], [137.60800170898398, 36.41960144042972], [137.633392333984, 36.42573165893552], [137.66960144043, 36.51033401489256], [137.70530700683602, 36.5184669494629], [137.70979309081994, 36.53606796264654], [137.684600830078, 36.539867401123], [137.68870544433602, 36.56280136108398], [137.75090026855494, 36.58959960937499], [137.74429321289097, 36.61759948730474], [137.76150512695295, 36.66513442993164], [137.75180053710898, 36.75266647338874], [137.83110046386702, 36.808933258056626], [137.876403808594, 36.867198944091776], [137.86180114746102, 36.89226531982418], [137.86880493164102, 36.91606521606447], [138.013702392578, 36.903865814209006], [138.03129577636702, 36.878200531005874], [138.00329589843798, 36.82666778564451], [138.05279541015594, 36.8001327514648], [138.11520385742196, 36.850467681884794], [138.16589355468798, 36.84479904174804], [138.21359252929702, 36.870265960693445], [138.25489807128903, 36.86999893188478], [138.27140808105503, 36.84306716918952], [138.28889465331997, 36.84740066528322], [138.298400878906, 36.913066864013736], [138.34309387207, 36.92093276977541], [138.39469909668003, 36.99733352661127], [138.524597167969, 37.030532836914105]]]]}}, {"type": "Feature", "properties": {"pref_code": 44, "pref_ja": "大分県", "pref_en": "Oita Ken"}, "geometry": {"type": "MultiPolygon", "coordinates": [[[[131.63259887695304, 33.71653366088873], [131.66589355468804, 33.73979949951168], [131.70060729980497, 33.730400085449226], [131.63259887695304, 33.71653366088873]]], [[[131.54389953613298, 33.676734924316435], [131.55960083007798, 33.686733245849624], [131.57470703125, 33.675067901611314], [131.584594726563, 33.69246673583978], [131.62429809570304, 33.66986846923831], [131.635208129883, 33.68206787109377], [131.69129943847696, 33.640800476074176], [131.739898681641, 33.56113433837892], [131.738006591797, 33.46486663818357], [131.70239257812497, 33.40713500976557], [131.62759399414102, 33.419868469238274], [131.64869689941403, 33.384468078613345], [131.596206665039, 33.370868682861335], [131.59210205078102, 33.34726715087887], [131.550796508789, 33.34973526000981], [131.53770446777298, 33.36780166625976], [131.49879455566398, 33.360534667968814], [131.51109313964798, 33.268798828124986], [131.588394165039, 33.24553298950203], [131.63099670410202, 33.27186584472656], [131.67149353027298, 33.26013183593749], [131.66610717773395, 33.27460098266599], [131.68350219726597, 33.266334533691406], [131.69070434570298, 33.27920150756844], [131.757904052734, 33.24013137817376], [131.75390625, 33.25233459472658], [131.77799987793, 33.25293350219731], [131.7705078125, 33.241065979003906], [131.871795654297, 33.248867034912095], [131.866500854492, 33.258266448974645], [131.901504516602, 33.26800155639653], [131.87130737304696, 33.23613357543948], [131.86799621581997, 33.20226669311516], [131.83369445800804, 33.181999206543026], [131.82760620117193, 33.150131225585895], [131.797805786133, 33.12699890136718], [131.84440612793003, 33.114933013915966], [131.89959716796898, 33.13433456420897], [131.914703369141, 33.12486648559567], [131.85240173339798, 33.08879852294916], [131.862594604492, 33.07533264160158], [131.909805297852, 33.082134246826215], [131.911605834961, 33.06639862060551], [131.927597045898, 33.066734313964844], [131.94059753418, 33.096466064453104], [131.941802978516, 33.07026672363282], [131.97279357910202, 33.061866760253906], [132.00120544433602, 33.096267700195284], [131.99470520019503, 33.08093261718749], [132.01499938964798, 33.0582008361816], [131.928894042969, 33.052265167236264], [131.90229797363298, 32.99186706542969], [131.89810180664097, 33.00586700439451], [131.88900756835898, 32.991664886474595], [131.958404541016, 32.94573211669924], [131.95930480957003, 32.95993423461906], [131.973907470703, 32.96360015869137], [131.98109436035202, 32.93926620483402], [132.00259399414094, 32.95866775512703], [132.00289916992196, 32.93220138549799], [132.03309631347696, 32.93939971923827], [132.03230285644497, 32.95373153686524], [132.08459472656298, 32.93273544311523], [132.02720642089798, 32.93579864501954], [132.00790405273395, 32.9057998657227], [131.97689819335903, 32.92273330688477], [131.98629760742193, 32.888267517089815], [131.99440002441403, 32.89893341064449], [132.01480102539094, 32.89033508300784], [131.96009826660202, 32.84640121459958], [131.949401855469, 32.855266571044886], [131.95590209960903, 32.84166717529297], [131.942092895508, 32.835601806640575], [131.962905883789, 32.8186683654785], [131.96310424804702, 32.83846664428706], [131.98019409179693, 32.82466888427732], [131.98410034179702, 32.845798492431584], [132.00770568847702, 32.82846832275387], [131.97109985351602, 32.79173278808589], [131.95440673828102, 32.80739974975592], [131.93609619140602, 32.78506851196294], [131.91949462890602, 32.800334930419886], [131.91949462890602, 32.78566741943358], [131.902099609375, 32.78520202636718], [131.889495849609, 32.80466842651368], [131.895401000977, 32.76513290405269], [131.87390136718804, 32.790599822998004], [131.87120056152298, 32.752201080322344], [131.88510131835898, 32.745666503906286], [131.871795654297, 32.74033355712886], [131.84359741210898, 32.74673461914059], [131.85789489746097, 32.82133483886717], [131.79299926757804, 32.82186889648441], [131.76739501953102, 32.83846664428706], [131.736801147461, 32.832866668701236], [131.70779418945298, 32.771598815918], [131.59159851074202, 32.77513504028324], [131.56640625, 32.7542686462402], [131.51300048828097, 32.769199371337905], [131.51679992675795, 32.80026626586913], [131.47439575195304, 32.83713150024409], [131.35899353027298, 32.80386734008786], [131.33959960937497, 32.833133697509815], [131.26319885253903, 32.87906646728517], [131.24519348144503, 32.958599090576186], [131.26280212402304, 32.97620010375983], [131.22709655761702, 33.010932922363274], [131.214492797852, 33.05500030517578], [131.17359924316398, 33.08340072631843], [131.15969848632798, 33.14086532592768], [131.09889221191403, 33.18780136108403], [130.99160766601597, 33.18326568603524], [130.97760009765597, 33.14053344726561], [131.02310180664097, 33.087398529052706], [131.01060485839798, 33.04259872436523], [130.98800659179696, 33.0236015319824], [130.83929443359398, 33.10106658935547], [130.86050415039097, 33.11819839477536], [130.886505126953, 33.18673324584964], [130.83570861816398, 33.21139907836913], [130.85769653320298, 33.22980117797851], [130.82530212402298, 33.237400054931605], [130.82920837402298, 33.25759887695307], [130.867004394531, 33.26746749877928], [130.851699829102, 33.278198242187536], [130.86540222167997, 33.2929344177246], [130.85630798339798, 33.32699966430656], [130.83450317382798, 33.34346771240232], [130.86380004882798, 33.377265930175795], [130.885498046875, 33.37979888916022], [130.89450073242202, 33.44620132446289], [130.92539978027304, 33.457466125488295], [130.92539978027304, 33.47786712646476], [131.02940368652298, 33.51839828491212], [131.17649841308597, 33.507999420166016], [131.16569519042997, 33.52840042114257], [131.18719482421898, 33.546199798584034], [131.17190551757798, 33.586532592773395], [131.18450927734398, 33.61619949340817], [131.23019409179702, 33.601535797119126], [131.24450683593798, 33.611068725585916], [131.28829956054702, 33.578399658203054], [131.430099487305, 33.57379913330078], [131.423202514648, 33.59173583984384], [131.46850585937503, 33.61213302612304], [131.50390624999997, 33.65639877319337], [131.49809265136696, 33.66986846923831], [131.52890014648398, 33.67346572875977], [131.52180480956997, 33.684066772460866], [131.54389953613298, 33.676734924316435]]], [[[131.924102783203, 32.980266571044865], [131.909591674805, 32.987598419189474], [131.91960144043, 33.01286697387697], [131.942001342773, 33.015598297119126], [131.92559814453102, 32.99653244018554], [131.943603515625, 32.99620056152339], [131.924102783203, 32.980266571044865]]]]}}, {"type": "Feature", "properties": {"pref_code": 24, "pref_ja": "三重県", "pref_en": "Mie Ken"}, "geometry": {"type": "MultiPolygon", "coordinates": [[[[136.52749633789097, 35.25753402709963], [136.616104125977, 35.14953231811521], [136.645202636719, 35.14459991455078], [136.64610290527304, 35.16579818725589], [136.746795654297, 35.08240127563484], [136.772506713867, 35.024333953857415], [136.749099731445, 35.036998748779276], [136.65139770507804, 34.99306869506837], [136.63319396972702, 34.94986724853516], [136.66662597656298, 34.93692779541019], [136.647094726563, 34.93493270874019], [136.62489318847702, 34.86880111694337], [136.53370666503903, 34.75320053100594], [136.52389526367196, 34.67926788330084], [136.55709838867196, 34.67140197753908], [136.52790832519497, 34.610866546630895], [136.642700195313, 34.59086608886716], [136.66490173339804, 34.55913162231454], [136.776901245117, 34.50880050659181], [136.809707641602, 34.50813293457033], [136.815704345703, 34.48513412475586], [136.83090209960903, 34.506134033203054], [136.84880065918003, 34.471733093261676], [136.87730407714795, 34.473934173584034], [136.86509704589795, 34.45980072021479], [136.88450622558597, 34.447864532470724], [136.87559509277298, 34.42860031127932], [136.89649963378898, 34.45346450805663], [136.92329406738298, 34.44499969482423], [136.91250610351597, 34.37586593627932], [136.88790893554696, 34.39206695556642], [136.88070678710898, 34.3804664611816], [136.86889648437497, 34.388534545898445], [136.87579345703097, 34.370666503906314], [136.85720825195304, 34.363533020019524], [136.81330871582003, 34.36759948730474], [136.82530212402304, 34.3527984619141], [136.84590148925804, 34.36966705322268], [136.85110473632804, 34.35613250732416], [136.86430358886696, 34.363601684570284], [136.86540222168003, 34.34286880493158], [136.90820312499997, 34.36533355712889], [136.87789916992196, 34.33653259277342], [136.89979553222696, 34.27613449096684], [136.86950683593804, 34.27299880981451], [136.84739685058602, 34.24653244018547], [136.766006469727, 34.260398864746136], [136.750595092773, 34.26959991455078], [136.76969909668, 34.27846527099609], [136.811706542969, 34.26373291015629], [136.82690429687503, 34.27220153808587], [136.82960510253903, 34.258731842041016], [136.85890197753903, 34.265331268310476], [136.85890197753903, 34.27899932861333], [136.83030700683602, 34.27506637573236], [136.83380126953102, 34.29140090942379], [136.86660766601602, 34.28653335571294], [136.82730102539102, 34.30099868774407], [136.84779357910202, 34.313266754150376], [136.80479431152304, 34.308868408203104], [136.805206298828, 34.32766723632811], [136.79229736328102, 34.309131622314496], [136.810699462891, 34.297199249267614], [136.792007446289, 34.288131713867216], [136.773193359375, 34.29726791381837], [136.77729797363298, 34.31506729125983], [136.76159667968798, 34.31553268432623], [136.75280761718795, 34.29819869995116], [136.76370239257798, 34.29220199584961], [136.723693847656, 34.30406570434574], [136.69000244140597, 34.284000396728516], [136.69439697265597, 34.31846618652338], [136.72700500488304, 34.34220123291018], [136.69299316406304, 34.34819793701173], [136.68229675293003, 34.32379913330081], [136.69079589843804, 34.34500122070309], [136.65980529785202, 34.34533309936524], [136.67239379882804, 34.32460021972663], [136.63769531250003, 34.30826568603519], [136.67689514160202, 34.316467285156286], [136.604797363281, 34.258266448974624], [136.57180786132798, 34.27500152587887], [136.59500122070298, 34.28126525878909], [136.59069824218798, 34.2946014404297], [136.54809570312497, 34.281665802001996], [136.54829406738298, 34.25], [136.54040527343804, 34.27740097045896], [136.52670288085898, 34.25933456420901], [136.53050231933597, 34.27306747436518], [136.50410461425804, 34.27766799926763], [136.51750183105503, 34.23853302001946], [136.50099182128903, 34.25846862792971], [136.490600585938, 34.25206756591798], [136.50419616699196, 34.24373245239264], [136.484405517578, 34.23946762084961], [136.50830078125003, 34.229598999023395], [136.48159790039102, 34.21973419189454], [136.46339416503903, 34.23180007934567], [136.46620178222702, 34.256732940673835], [136.44079589843798, 34.24779891967768], [136.45419311523403, 34.24259948730467], [136.451095581055, 34.219665527343786], [136.39880371093795, 34.20280075073238], [136.399795532227, 34.21900177001948], [136.38380432128898, 34.216464996337876], [136.36210632324196, 34.1887321472168], [136.35330200195304, 34.211601257324205], [136.321899414063, 34.195934295654254], [136.33679199218804, 34.19699859619138], [136.33200073242193, 34.180267333984396], [136.278305053711, 34.16160202026372], [136.285400390625, 34.11700057983397], [136.315307617188, 34.114532470703125], [136.29750061035202, 34.08653259277338], [136.29109191894503, 34.096866607665994], [136.267105102539, 34.08146667480471], [136.27299499511702, 34.102066040039084], [136.24920654296898, 34.09466552734381], [136.268402099609, 34.12879943847661], [136.22720336914097, 34.09999847412114], [136.23620605468798, 34.08653259277338], [136.20190429687497, 34.076934814453104], [136.20849609374997, 34.06286621093752], [136.251693725586, 34.061599731445305], [136.244003295898, 34.03873443603517], [136.28210449218798, 34.01959991455083], [136.24279785156298, 34.01459884643547], [136.27169799804702, 34.005001068115185], [136.257400512695, 33.997932434081974], [136.271499633789, 33.97313308715823], [136.23840332031298, 33.96939849853517], [136.252502441406, 33.98419952392581], [136.21080017089798, 33.999599456787095], [136.21510314941398, 33.98393249511724], [136.19200134277298, 33.97173309326168], [136.22169494628898, 33.973800659179716], [136.23089599609398, 33.94660186767579], [136.21350097656304, 33.93159866333006], [136.20069885253898, 33.944465637207], [136.18029785156304, 33.93780136108397], [136.19830322265597, 33.91986846923826], [136.17970275878903, 33.913398742675774], [136.14729309081994, 33.92833328247066], [136.14799499511696, 33.897201538085945], [136.13020324707003, 33.88486862182624], [136.117797851563, 33.89879989624022], [136.06570434570298, 33.84046554565431], [136.01130676269497, 33.7235336303711], [135.98350524902304, 33.73600006103523], [135.96589660644503, 33.72380065917967], [135.85630798339798, 33.818000793456996], [135.85310363769497, 33.8610000610352], [135.86109924316398, 33.876132965087905], [135.871795654297, 33.858798980712926], [135.89550781249997, 33.86880111694339], [135.90130615234398, 33.88353347778318], [135.892303466797, 33.893600463867216], [135.887908935547, 33.88146591186524], [135.87860107421898, 33.90846633911126], [135.894195556641, 33.9059982299805], [135.893295288086, 33.91986846923826], [135.93229675293, 33.91673278808593], [135.91769409179702, 33.9221992492676], [135.92779541015602, 33.94093322753912], [135.96859741210903, 33.92900085449224], [135.97659301757804, 33.96640014648444], [135.99909973144497, 33.95560073852543], [136.01100158691395, 33.96620178222662], [135.99510192871094, 34.00020217895509], [136.01860046386696, 34.03586578369141], [136.103302001953, 34.02553176879881], [136.092697143555, 34.08259963989259], [136.118194580078, 34.08219909667968], [136.09899902343798, 34.11873245239258], [136.114105224609, 34.159332275390604], [136.09309387207003, 34.19559860229492], [136.13110351562503, 34.25166702270507], [136.09469604492202, 34.30099868774407], [136.12919616699202, 34.315933227539134], [136.068695068359, 34.393531799316364], [136.095794677734, 34.43519973754878], [136.20590209960898, 34.44853210449221], [136.22900390624997, 34.494064331054744], [136.21470642089798, 34.5032005310059], [136.216293334961, 34.52806472778322], [136.16709899902304, 34.52000045776373], [136.15559387206997, 34.55873489379881], [136.114196777344, 34.54593276977544], [136.04949951171898, 34.580066680908246], [136.04629516601597, 34.60020065307622], [136.072494506836, 34.63660049438479], [136.04029846191398, 34.663333892822315], [136.06350708007798, 34.652133941650405], [136.08549499511702, 34.67626571655266], [136.053298950195, 34.70513534545898], [136.067794799805, 34.72273254394526], [136.02850341796895, 34.75719833374022], [136.033493041992, 34.778865814208984], [136.02029418945298, 34.7891998291016], [136.090301513672, 34.81393432617194], [136.085693359375, 34.83746719360347], [136.12660217285202, 34.86180114746091], [136.085205078125, 34.87773513793952], [136.11059570312503, 34.901866912841776], [136.130798339844, 34.88306808471677], [136.17939758300804, 34.8864669799805], [136.250305175781, 34.85779953002927], [136.36560058593804, 34.904933929443445], [136.37300109863304, 34.9417991638184], [136.41430664062497, 34.97959899902342], [136.418197631836, 35.04840087890628], [136.441192626953, 35.065132141113345], [136.44779968261702, 35.123535156250014], [136.436004638672, 35.130134582519474], [136.454299926758, 35.16159820556643], [136.408294677734, 35.18719863891599], [136.414901733398, 35.21766662597658], [136.50779724121094, 35.23619842529301], [136.52749633789097, 35.25753402709963]]], [[[136.85859680175804, 34.506000518798814], [136.84710693359403, 34.51006698608403], [136.86669921874994, 34.52793502807624], [136.89979553222696, 34.53773498535161], [136.90420532226597, 34.5202674865723], [136.85859680175804, 34.506000518798814]]]]}}, {"type": "Feature", "properties": {"pref_code": 34, "pref_ja": "広島県", "pref_en": "Hiroshima Ken"}, "geometry": {"type": "MultiPolygon", "coordinates": [[[[132.85899353027304, 35.092601776123026], [132.89210510253895, 35.10499954223631], [132.94990539550798, 35.07546615600587], [132.99020385742202, 35.10139846801758], [133.03300476074196, 35.06826782226559], [133.11230468749997, 35.085666656494055], [133.14239501953102, 35.065200805664105], [133.25059509277298, 35.07806777954096], [133.321197509766, 35.00613403320313], [133.296691894531, 34.95539855957032], [133.308898925781, 34.937065124511705], [133.294403076172, 34.902801513671925], [133.332305908203, 34.839599609374986], [133.377807617188, 34.80513381958012], [133.357604980469, 34.733333587646534], [133.38259887695304, 34.67993545532232], [133.40280151367196, 34.67193222045896], [133.38290405273403, 34.62153244018548], [133.452697753906, 34.53506469726559], [133.44450378417997, 34.44660186767578], [133.41450500488304, 34.459331512451215], [133.40780639648398, 34.47846603393547], [133.40679931640597, 34.45859909057624], [133.439193725586, 34.43646621704099], [133.43069458007798, 34.424133300781286], [133.40420532226602, 34.43553161621093], [133.38439941406304, 34.41926574707034], [133.38290405273403, 34.38119888305657], [133.34640502929702, 34.365467071533224], [133.33470153808602, 34.38066864013668], [133.285293579102, 34.38573455810553], [133.28100585937497, 34.40113449096682], [133.24389648437497, 34.391399383544936], [133.27239990234398, 34.41346740722661], [133.25669860839798, 34.44173431396484], [133.23350524902295, 34.41153335571291], [133.121795654297, 34.38273239135744], [133.08430480956997, 34.3955345153809], [133.07200622558597, 34.342864990234396], [133.016799926758, 34.329132080078054], [132.9501953125, 34.33940124511718], [132.92030334472696, 34.3257331848145], [132.91270446777298, 34.33653259277342], [132.84689331054693, 34.2922668457031], [132.834106445313, 34.3157997131348], [132.796600341797, 34.31100082397462], [132.788101196289, 34.278198242187514], [132.75360107421898, 34.282135009765575], [132.752899169922, 34.26053237915038], [132.77209472656298, 34.25320053100586], [132.75979614257798, 34.240867614746065], [132.70210266113304, 34.237201690673764], [132.68400573730503, 34.21080017089839], [132.66029357910202, 34.218334197998], [132.641204833984, 34.20199966430656], [132.595794677734, 34.23073196411128], [132.56779479980497, 34.19846725463868], [132.53770446777295, 34.19373321533198], [132.53120422363304, 34.221332550048814], [132.55659484863298, 34.242000579834034], [132.51409912109403, 34.256866455078075], [132.51809692382804, 34.280933380127024], [132.49449157714804, 34.31353378295904], [132.50360107421903, 34.33653259277342], [132.49110412597702, 34.33653259277342], [132.52859497070304, 34.35586547851558], [132.51690673828094, 34.3651313781738], [132.469604492188, 34.351932525634794], [132.45799255371102, 34.36366653442377], [132.44929504394503, 34.34799957275391], [132.398498535156, 34.36506652832031], [132.33990478515594, 34.353332519531335], [132.34689331054696, 34.34140014648436], [132.32600402832003, 34.34426498413094], [132.274993896484, 34.28066635131836], [132.23219299316398, 34.257331848144474], [132.21989440917997, 34.233333587646456], [132.24490356445298, 34.21066665649414], [132.19580078124997, 34.204265594482415], [132.20399475097696, 34.228668212890604], [132.14469909668003, 34.23640060424803], [132.12669372558602, 34.33259963989263], [132.10710144043, 34.32793426513669], [132.095001220703, 34.35006713867194], [132.069198608398, 34.356266021728494], [132.08020019531298, 34.44226837158199], [132.05830383300798, 34.49286651611329], [132.03590393066398, 34.502201080322266], [132.12509155273403, 34.58253479003909], [132.11569213867202, 34.61266708374017], [132.16119384765597, 34.683265686035206], [132.130004882813, 34.70800018310546], [132.221496582031, 34.75026702880861], [132.24099731445298, 34.80593490600594], [132.277603149414, 34.79873275756839], [132.298004150391, 34.777133941650376], [132.315704345703, 34.80139923095697], [132.33560180664102, 34.79013442993157], [132.37179565429696, 34.80120086669924], [132.39599609374997, 34.77939987182623], [132.434600830078, 34.820598602294886], [132.453994750977, 34.80120086669924], [132.53739929199196, 34.79493331909184], [132.615097045898, 34.843265533447294], [132.66009521484403, 34.83266448974611], [132.67919921875003, 34.851268768310476], [132.69720458984403, 34.84293365478523], [132.70989990234403, 34.8499336242676], [132.69990539550804, 34.88206481933586], [132.63330078125, 34.9048652648926], [132.68449401855503, 34.950664520263715], [132.746795654297, 34.9593315124512], [132.745193481445, 34.97706604003909], [132.83619689941403, 35.04733276367188], [132.82699584960903, 35.06119918823238], [132.85899353027304, 35.092601776123026]]], [[[133.21139526367196, 34.356731414794886], [133.174499511719, 34.366531372070256], [133.171905517578, 34.39213180541991], [133.23550415039094, 34.40633392333982], [133.21139526367196, 34.356731414794886]]], [[[133.302993774414, 34.34280014038091], [133.289398193359, 34.3566665649414], [133.30009460449202, 34.36700057983401], [133.340698242188, 34.369400024414105], [133.302993774414, 34.34280014038091]]], [[[133.112197875977, 34.31760025024408], [133.094299316406, 34.33100128173827], [133.115707397461, 34.359931945800795], [133.125595092773, 34.33653259277342], [133.112197875977, 34.31760025024408]]], [[[133.19210815429702, 34.27506637573236], [133.133895874023, 34.328800201415994], [133.149002075195, 34.35839843750001], [133.17619323730503, 34.35526657104494], [133.18069458007804, 34.33300018310554], [133.19580078125003, 34.33806610107421], [133.20889282226602, 34.3192672729492], [133.19210815429702, 34.27506637573236]]], [[[133.07749938964798, 34.30160140991207], [133.06140136718804, 34.31399917602544], [133.07560729980494, 34.333866119384844], [133.07749938964798, 34.30160140991207]]], [[[133.08250427246097, 34.25646591186517], [133.06759643554696, 34.27286529541018], [133.08340454101597, 34.30766677856447], [133.139205932617, 34.31520080566408], [133.143493652344, 34.28606796264654], [133.08250427246097, 34.25646591186517]]], [[[132.27380371093798, 34.23139953613276], [132.263198852539, 34.25633239746092], [132.33259582519494, 34.31033325195313], [132.34649658203097, 34.28086853027336], [132.27380371093798, 34.23139953613276]]], [[[132.42840576171898, 34.12839889526371], [132.44470214843798, 34.177867889404304], [132.45660400390602, 34.17580032348628], [132.43829345703102, 34.1954002380371], [132.42750549316398, 34.17293548583979], [132.37179565429696, 34.258800506591776], [132.42179870605497, 34.25646591186517], [132.440093994141, 34.22420120239257], [132.456695556641, 34.23026657104488], [132.47250366210903, 34.20806884765632], [132.468200683594, 34.24646759033198], [132.431900024414, 34.25320053100586], [132.44500732421898, 34.26620101928714], [132.434097290039, 34.28533172607421], [132.473098754883, 34.283599853515604], [132.47779846191403, 34.29619979858398], [132.49729919433602, 34.26886749267581], [132.48950195312503, 34.203998565673835], [132.471206665039, 34.180267333984396], [132.48910522460903, 34.141998291015625], [132.42840576171898, 34.12839889526371]]], [[[132.87910461425804, 34.2057991027832], [132.85020446777304, 34.21260070800784], [132.83740234375003, 34.24179840087886], [132.88180541992196, 34.24806594848634], [132.88619995117196, 34.26160049438477], [132.89990234374997, 34.247333526611285], [132.92570495605497, 34.28226470947273], [132.94160461425798, 34.27719879150388], [132.91400146484398, 34.23500061035158], [132.92050170898398, 34.21500015258793], [132.87910461425804, 34.2057991027832]]], [[[132.73770141601597, 34.1580009460449], [132.73860168456997, 34.17286682128912], [132.68559265136696, 34.182601928710916], [132.68589782714804, 34.196334838867166], [132.758605957031, 34.192134857177706], [132.76480102539097, 34.17853164672852], [132.73770141601597, 34.1580009460449]]], [[[132.66259765625003, 34.16986465454103], [132.644302368164, 34.170932769775426], [132.64799499511702, 34.18493270874016], [132.675903320313, 34.20320129394529], [132.68260192871102, 34.18579864501947], [132.66259765625003, 34.16986465454103]]], [[[132.55039978027298, 34.07899856567377], [132.53410339355503, 34.10273361206048], [132.46000671386702, 34.082267761230526], [132.44779968261702, 34.09353256225593], [132.45489501953102, 34.11506652832028], [132.50309753418003, 34.13313293457031], [132.49549865722702, 34.16986465454103], [132.52589416503895, 34.199733734130895], [132.55599975585898, 34.17959976196291], [132.52069091796903, 34.154800415039084], [132.54769897460898, 34.14146804809574], [132.55700683593804, 34.150600433349624], [132.53939819335898, 34.10706710815427], [132.57510375976597, 34.12773132324222], [132.591293334961, 34.11493301391603], [132.569793701172, 34.115600585937514], [132.55039978027298, 34.07899856567377]]], [[[132.819702148438, 34.1508674621582], [132.798904418945, 34.15819931030272], [132.810897827148, 34.180133819580064], [132.84880065918003, 34.196132659912074], [132.86680603027304, 34.180000305175824], [132.819702148438, 34.1508674621582]]], [[[132.77200317382798, 34.160800933837905], [132.785293579102, 34.188598632812464], [132.796203613281, 34.16986465454103], [132.77200317382798, 34.160800933837905]]], [[[132.397994995117, 34.1465339660645], [132.38349914550795, 34.177131652831974], [132.41130065917997, 34.16946792602539], [132.413192749023, 34.15073394775387], [132.397994995117, 34.1465339660645]]]]}}, {"type": "Feature", "properties": {"pref_code": 1, "pref_ja": "北海道", "pref_en": "Hokkai Do"}, "geometry": {"type": "MultiPolygon", "coordinates": [[[[141.57910156249997, 45.1768684387207], [141.57159423828097, 45.23540115356452], [141.61230468749997, 45.277465820312486], [141.612197875977, 45.31293106079099], [141.654693603516, 45.3502655029297], [141.63659667968798, 45.40126419067382], [141.64570617675798, 45.450664520263665], [141.68359375000003, 45.42086410522456], [141.68209838867202, 45.40426635742191], [141.79600524902298, 45.40766525268546], [141.85769653320304, 45.4347991943359], [141.89309692382804, 45.51186752319342], [141.94320678710898, 45.52246475219734], [141.972793579102, 45.481399536132834], [142.02389526367202, 45.448665618896484], [142.050903320313, 45.40333175659176], [142.16960144043, 45.34113311767582], [142.38899230957003, 45.13753128051762], [142.475692749023, 45.06806564331047], [142.505096435547, 45.0610656738281], [142.508605957031, 45.04100036621087], [142.535598754883, 45.02893447875984], [142.54449462890602, 44.9879989624023], [142.58529663085895, 44.961666107177685], [142.58880615234403, 44.919868469238295], [142.63549804687497, 44.88493347167967], [142.660003662109, 44.84173202514647], [142.77619934081997, 44.732135772705135], [142.92919921875003, 44.6280670166016], [142.996795654297, 44.55786514282229], [143.34890747070298, 44.3715324401855], [143.367294311523, 44.33653259277339], [143.41690063476602, 44.30879974365231], [143.559707641602, 44.253334045410156], [143.900405883789, 44.15399932861332], [144.18989562988298, 44.10473251342772], [144.246795654297, 44.113067626953054], [144.255798339844, 44.04059982299799], [144.28880310058602, 44.021266937255916], [144.29850769043, 43.98426818847662], [144.406997680664, 43.945133209228544], [144.62179565429702, 43.91786575317377], [144.795303344727, 43.93199920654302], [144.90870666503898, 44.00406646728518], [144.936599731445, 44.043865203857386], [144.99330139160202, 44.069801330566364], [145.01589965820304, 44.10039901733402], [145.19200134277304, 44.195598602294886], [145.23089599609398, 44.253200531005916], [145.33309936523403, 44.34586715698236], [145.36680603027304, 44.25920104980474], [145.33059692382804, 44.193401336669886], [145.25630187988298, 44.12559890747067], [145.23970031738298, 44.058734893798785], [145.14469909668, 43.96993255615229], [145.09539794921898, 43.892601013183636], [145.091400146484, 43.836532592773395], [145.062301635742, 43.8075332641602], [145.068405151367, 43.75320053100592], [145.146499633789, 43.64646530151372], [145.34149169921903, 43.586532592773445], [145.34519958496102, 43.55866622924804], [145.29089355468798, 43.551998138427734], [145.28129577636702, 43.56273269653316], [145.339797973633, 43.57226562500004], [145.313995361328, 43.58173370361326], [145.32640075683602, 43.5926666259766], [145.24510192871097, 43.593132019043], [145.2666015625, 43.61013412475591], [145.19675346263696, 43.625058812471465], [145.19659423828097, 43.60046768188479], [145.22079467773398, 43.586532592773445], [145.275299072266, 43.40966796874996], [145.38560485839795, 43.292400360107415], [145.49209594726602, 43.266933441162095], [145.53239440918003, 43.31446456909182], [145.65069580078102, 43.39139938354492], [145.72140502929696, 43.383934020996065], [145.76289367675798, 43.39953231811517], [145.817398071289, 43.38613128662107], [145.813003540039, 43.37033462524406], [145.679107666016, 43.31259918212888], [145.621795654297, 43.31660079956052], [145.58990478515597, 43.27833175659183], [145.57029724121097, 43.28419876098632], [145.55760192871097, 43.22033309936516], [145.52879333496094, 43.20473098754879], [145.53030395507804, 43.186866760253935], [145.506607055664, 43.18433380126951], [145.52180480957003, 43.16613388061523], [145.49679565429702, 43.15933227539059], [145.504104614258, 43.17359924316408], [145.48689270019503, 43.18733215332033], [145.40609741210898, 43.18619918823236], [145.28259277343798, 43.16986846923829], [145.20300292968804, 43.136665344238274], [145.146606445313, 43.14533233642576], [145.115097045898, 43.123264312744084], [145.118194580078, 43.08133316040036], [145.08869934082, 43.06719970703129], [145.087692260742, 43.04679870605474], [145.03179931640597, 43.02966690063476], [145.02409362793003, 42.99973297119141], [144.974395751953, 42.982200622558615], [144.87669372558597, 42.98680114746089], [144.83369445800804, 43.0144653320313], [144.85420227050804, 43.04966735839841], [144.80009460449202, 43.059066772460866], [144.746795654297, 43.02453231811524], [144.722702026367, 42.98013305664058], [144.785400390625, 42.93899917602541], [144.77470397949202, 42.933601379394496], [144.632202148438, 42.95146560668954], [144.451507568359, 42.94446563720699], [144.36540222167997, 42.971801757812514], [144.35960388183597, 42.999668121337926], [144.27009582519503, 43.003200531005895], [144.04899597167997, 42.941600799560504], [143.91960144043, 42.874801635742195], [143.59770202636702, 42.641532897949226], [143.389099121094, 42.41579818725587], [143.31030273437497, 42.26146697998054], [143.33610534667997, 42.190597534179744], [143.31240844726594, 42.05519866943359], [143.25959777832003, 42.003200531005916], [143.242797851563, 41.95299911499017], [143.250198364258, 41.92553329467767], [143.16430664062497, 41.98313522338869], [143.13639831542997, 42.0265998840332], [143.011306762695, 42.08139801025387], [142.96490478515597, 42.11920166015634], [142.81779479980497, 42.14153289794923], [142.76210021972702, 42.1746673583984], [142.673400878906, 42.19186782836914], [142.58560180664102, 42.24353408813483], [142.484603881836, 42.271331787109396], [142.44650268554696, 42.304065704345746], [142.37179565429702, 42.32493209838869], [142.27780151367196, 42.377201080322294], [142.19580078125003, 42.44739913940433], [142.02929687500003, 42.484600067138715], [141.87179565429702, 42.59026718139653], [141.74679565429696, 42.622867584228544], [141.63130187988298, 42.62860107421879], [141.695999145508, 42.65806579589839], [141.625701904297, 42.644866943359375], [141.61770629882798, 42.62433242797849], [141.49679565429702, 42.60400009155269], [141.35079956054702, 42.54299926757811], [141.125, 42.41986465454099], [141.00160217285202, 42.30199813842771], [140.930999755859, 42.33653259277343], [140.951202392578, 42.34806823730467], [140.98159790039102, 42.32439804077154], [140.98080444335903, 42.34373474121089], [141.00810241699193, 42.34826660156249], [140.91749572753898, 42.36980056762702], [140.87179565429696, 42.46093368530268], [140.780807495117, 42.5], [140.774398803711, 42.5369338989258], [140.70959472656304, 42.5838661193848], [140.642700195313, 42.58653259277338], [140.583602905273, 42.567600250244126], [140.53489685058597, 42.58900070190432], [140.46850585937503, 42.58653259277338], [140.37179565429696, 42.502666473388665], [140.31570434570304, 42.41986465454099], [140.276504516602, 42.31119918823244], [140.286895751953, 42.25320053100587], [140.39860534667997, 42.21646499633788], [140.54589843749997, 42.115398406982436], [140.58850097656298, 42.10933303833013], [140.70689392089798, 42.13906478881839], [140.760299682617, 42.117065429687464], [140.82080078125003, 42.03626632690433], [140.90809631347696, 41.98460006713873], [140.95880126953102, 41.91799926757806], [141.14819335937503, 41.855400085449205], [141.147094726563, 41.83219909667974], [141.182495117188, 41.8184661865234], [141.186401367188, 41.80253219604488], [141.157897949219, 41.7858009338379], [141.11250305175798, 41.78686523437502], [141.05380249023398, 41.72719955444341], [140.967803955078, 41.710933685302734], [140.89860534667997, 41.74846649169918], [140.774703979492, 41.775333404541044], [140.733703613281, 41.76726531982419], [140.70190429687497, 41.741401672363324], [140.70230102539097, 41.7851982116699], [140.71519470214798, 41.767333984375036], [140.727096557617, 41.78113174438477], [140.71719360351597, 41.806732177734425], [140.64109802246102, 41.817466735839766], [140.618896484375, 41.79819869995118], [140.60209655761702, 41.74319839477542], [140.52690124511696, 41.70100021362303], [140.445007324219, 41.68546676635742], [140.429306030273, 41.5865325927734], [140.439102172852, 41.554668426513715], [140.408996582031, 41.51726531982424], [140.259307861328, 41.481666564941406], [140.19949340820298, 41.39860153198242], [140.14529418945304, 41.42906570434574], [140.089096069336, 41.41839981079098], [140.02850341796898, 41.46239852905273], [139.98609924316403, 41.55173110961911], [139.98390197753903, 41.60646820068356], [140.00900268554696, 41.69160079956048], [140.072494506836, 41.77353286743159], [140.07180786132798, 41.8056678771973], [140.104598999023, 41.80453109741206], [140.12179565429702, 41.82180023193364], [140.12649536132804, 41.855865478515604], [140.111206054688, 41.86373138427727], [140.13920593261702, 41.895065307617166], [140.13279724121102, 41.97586822509766], [140.02600097656304, 42.113265991210916], [139.922698974609, 42.13353347778323], [139.881195068359, 42.20759963989257], [139.81509399414094, 42.221801757812486], [139.775100708008, 42.26006698608399], [139.78570556640602, 42.27413177490231], [139.766799926758, 42.31119918823244], [139.78179931640602, 42.35386657714841], [139.82920837402304, 42.39353179931637], [139.85240173339798, 42.4630012512207], [139.82339477539097, 42.61380004882806], [139.89700317382798, 42.679668426513665], [140.04600524902298, 42.69473266601562], [140.074295043945, 42.728199005127024], [140.14199829101602, 42.753200531005945], [140.18629455566398, 42.82780075073244], [140.234893798828, 42.79713439941412], [140.246795654297, 42.76879882812496], [140.30549621582003, 42.77873229980466], [140.30569458007804, 42.82880020141599], [140.34399414062497, 42.856201171875], [140.39050292968795, 42.92319869995122], [140.52239990234403, 42.99166870117192], [140.52630615234403, 43.03213119506843], [140.50669860839804, 43.037265777587855], [140.430206298828, 43.14300155639651], [140.36070251464798, 43.180667877197294], [140.32600402832003, 43.22173309326171], [140.32829284668003, 43.25946426391597], [140.36000061035196, 43.315731048584034], [140.34660339355503, 43.33446502685547], [140.4248046875, 43.32973098754877], [140.460403442383, 43.34600067138671], [140.46279907226602, 43.37239837646482], [140.49679565429696, 43.37346649169921], [140.58050537109398, 43.31133270263667], [140.63009643554702, 43.298332214355476], [140.64549255371102, 43.285934448242195], [140.64109802246102, 43.26699829101558], [140.777008056641, 43.225799560546925], [140.77630615234398, 43.20406723022458], [140.792098999023, 43.19540023803709], [141.01669311523395, 43.23960113525393], [141.00199890136693, 43.20473098754879], [141.01119995117202, 43.19239807128909], [141.16169738769503, 43.14486694335937], [141.28860473632798, 43.19813156127933], [141.42390441894497, 43.32886505126947], [141.42860412597696, 43.419868469238324], [141.35859680175804, 43.51946640014647], [141.38619995117196, 43.586532592773445], [141.35150146484403, 43.644866943359446], [141.32989501953102, 43.72526550292967], [141.38789367675804, 43.807201385497955], [141.49679565429702, 43.838798522949155], [141.52149963378903, 43.85993576049804], [141.56199645996097, 43.86013412475586], [141.62550354003898, 43.91986846923832], [141.632095336914, 43.960132598877], [141.647705078125, 43.94480133056639], [141.63830566406298, 43.95406723022461], [141.662796020508, 44.037601470947344], [141.64860534668, 44.31499862670904], [141.674499511719, 44.327331542968835], [141.74679565429696, 44.43280029296883], [141.792495727539, 44.643665313720696], [141.77830505371097, 44.7532005310059], [141.72340393066403, 44.919868469238295], [141.57910156249997, 45.1768684387207]]], [[[141.03169250488304, 45.274600982665994], [140.983505249023, 45.38433456420902], [140.99400329589804, 45.42746734619138], [140.96710205078102, 45.43939971923827], [140.967895507813, 45.46459960937501], [141.009399414063, 45.4343338012695], [141.03640747070304, 45.44166564941411], [141.03349304199196, 45.46186828613276], [141.06770324706997, 45.42399978637698], [141.05720520019497, 45.3182678222656], [141.04400634765597, 45.27526855468748], [141.03169250488304, 45.274600982665994]]], [[[141.14970397949202, 45.225467681884815], [141.19889831543003, 45.26020050048826], [141.23510742187497, 45.23473358154303], [141.27360534667997, 45.23519897460943], [141.31809997558602, 45.198467254638715], [141.330505371094, 45.152000427246115], [141.281005859375, 45.10793304443361], [141.22909545898398, 45.100399017334], [141.141799926758, 45.163398742675845], [141.12849426269503, 45.18633270263674], [141.14970397949202, 45.225467681884815]]], [[[145.74734171942697, 44.064653323924325], [145.74369812011696, 44.10380172729493], [145.83200073242202, 44.17839813232424], [145.88450622558602, 44.24626541137703], [145.992401123047, 44.32473373413092], [146.00729370117202, 44.38173294067377], [146.128997802734, 44.50906753540044], [146.174301147461, 44.51580047607423], [146.22599792480503, 44.48306655883788], [146.25, 44.44666671752932], [146.33320617675798, 44.4188652038574], [146.496795654297, 44.42546463012704], [146.57759094238304, 44.4557991027832], [146.534805297852, 44.380401611328075], [146.490798950195, 44.35446548461909], [146.43449401855497, 44.37673187255859], [146.38110351562503, 44.35273361206048], [146.367797851563, 44.31933212280274], [146.29949951171898, 44.277801513671925], [146.11560058593795, 44.265201568603466], [146.06930541992196, 44.23466491699221], [146.04579162597702, 44.18393325805658], [145.92449951171898, 44.137268066406335], [145.863708496094, 44.05319976806636], [145.87849426269497, 44.0213317871094], [145.84219360351602, 44.03293228149413], [145.81440734863298, 44.01726531982419], [145.781097412109, 43.93259811401366], [145.65379333496102, 43.9095344543457], [145.593307495117, 43.870735168457045], [145.57710266113304, 43.84546661376946], [145.54479980468804, 43.658267974853544], [145.54649353027298, 43.731731414794886], [145.43490600585898, 43.71886825561521], [145.40280151367196, 43.836532592773395], [145.447402954102, 43.85620117187498], [145.48410034179702, 43.9043350219727], [145.59010314941398, 43.953201293945305], [145.597702026367, 43.972732543945284], [145.74734171942697, 44.064653323924325]]], [[[141.42410278320298, 44.428867340087855], [141.38200378418003, 44.43393325805662], [141.42590332031304, 44.44739913940429], [141.42410278320298, 44.428867340087855]]], [[[141.29479980468798, 44.41379928588873], [141.32739257812503, 44.44353103637699], [141.33590698242202, 44.431934356689524], [141.29479980468798, 44.41379928588873]]], [[[146.357696533203, 43.61873245239264], [146.27029418945298, 43.628868103027344], [146.31579589843798, 43.65119934082033], [146.35079956054702, 43.64073181152339], [146.357696533203, 43.61873245239264]]], [[[145.89819335937497, 43.416934967040994], [145.89160156250003, 43.44813156127928], [145.86059570312503, 43.45646667480471], [145.94850158691398, 43.45593261718747], [145.93319702148398, 43.438133239746094], [145.953598022461, 43.42533493041991], [145.89819335937497, 43.416934967040994]]], [[[139.45030212402304, 42.05213165283201], [139.42210388183602, 42.071800231933594], [139.42320251464804, 42.136398315429716], [139.406997680664, 42.18013381958007], [139.43899536132804, 42.21746444702152], [139.53550720214798, 42.233932495117195], [139.559097290039, 42.25320053100587], [139.560699462891, 42.22886657714843], [139.51730346679696, 42.17699813842774], [139.50360107421898, 42.09659957885742], [139.45030212402304, 42.05213165283201]]], [[[139.34080505371097, 41.49573135375981], [139.34080505371097, 41.5257987976074], [139.374099731445, 41.52399826049803], [139.383804321289, 41.50966644287114], [139.34080505371097, 41.49573135375981]]]]}}, {"type": "Feature", "properties": {"pref_code": 28, "pref_ja": "兵庫県", "pref_en": "Hyogo Ken"}, "geometry": {"type": "MultiPolygon", "coordinates": [[[[134.867095947266, 35.658065795898445], [134.872497558594, 35.6196670532227], [134.85420227050798, 35.588134765624986], [134.91430664062503, 35.544799804687536], [134.92649841308602, 35.512531280517585], [135.035202026367, 35.53973388671878], [135.044692993164, 35.50853347778322], [135.032806396484, 35.497264862060455], [135.048294067383, 35.40739822387701], [134.98950195312497, 35.38626861572266], [134.95860290527304, 35.409065246582045], [134.93380737304702, 35.40739822387701], [134.91850280761702, 35.36446762084957], [134.92559814453102, 35.311199188232415], [134.99879455566398, 35.291065216064524], [135.009994506836, 35.26979827880858], [135.056503295898, 35.263999938964844], [135.06750488281298, 35.23720169067383], [135.10899353027304, 35.266265869140604], [135.15829467773398, 35.25993347167972], [135.15559387206997, 35.22620010375982], [135.19670104980497, 35.20286560058594], [135.18690490722696, 35.17179870605471], [135.206695556641, 35.16086578369137], [135.273803710938, 35.177066802978466], [135.28979492187503, 35.16986846923828], [135.28219604492193, 35.14493179321293], [135.34049987792997, 35.14993286132812], [135.34350585937497, 35.135734558105476], [135.389404296875, 35.12879943847659], [135.399200439453, 35.076133728027266], [135.37080383300798, 35.0453338623047], [135.34899902343795, 35.050865173339766], [135.33039855956997, 35.034534454345696], [135.35420227050798, 35.02406692504884], [135.358993530273, 34.98233413696294], [135.34559631347696, 34.965267181396534], [135.46710205078097, 34.925201416015575], [135.41819763183602, 34.90879821777339], [135.430603027344, 34.892265319824226], [135.44459533691403, 34.89846801757814], [135.416702270508, 34.85206604003911], [135.41569519043, 34.81946563720701], [135.45989990234403, 34.7332000732422], [135.39215087890597, 34.680038452148416], [135.37384033203097, 34.67858505249019], [135.40126037597702, 34.699180603027294], [135.37123107910196, 34.68077087402339], [135.37376403808602, 34.69309997558591], [135.35394287109403, 34.69681930541989], [135.36322021484395, 34.70629119873047], [135.32250976562494, 34.725917816162095], [135.28189086914102, 34.712371826171946], [135.28808593749997, 34.704013824462905], [135.189971923828, 34.685543060302685], [135.18330383300798, 34.64937973022463], [135.059600830078, 34.625465393066364], [134.96549987793003, 34.646465301513736], [134.847702026367, 34.72033309936517], [134.82629394531298, 34.70633316040043], [134.80909729003898, 34.718067169189496], [134.81005377401996, 34.74228032352624], [134.79729113018797, 34.73306818963213], [134.74679565429702, 34.76819992065431], [134.685104370117, 34.7781982421875], [134.665100097656, 34.76793289184574], [134.66400146484398, 34.78426742553708], [134.65000915527298, 34.770534515380916], [134.65539550781298, 34.78846740722663], [134.64500427246097, 34.76733398437501], [134.63150024414097, 34.77253341674801], [134.64349365234398, 34.78340148925778], [134.62210083007804, 34.78373336791993], [134.62350463867196, 34.76940155029304], [134.60490417480503, 34.77939987182623], [134.57087415182204, 34.75811367865661], [134.570442333046, 34.77322733582657], [134.56479761792997, 34.760516682039025], [134.52799987793, 34.78273391723629], [134.47390747070298, 34.75519943237303], [134.46580505371097, 34.808467864990185], [134.46330261230497, 34.765132904052734], [134.45030212402298, 34.75366592407234], [134.45520019531304, 34.76746749877934], [134.42990112304696, 34.76406860351561], [134.43330383300804, 34.748065948486335], [134.41050720214804, 34.72779846191411], [134.384704589844, 34.72613143920899], [134.358306884766, 34.751201629638665], [134.363204956055, 34.740665435790966], [134.32130432128898, 34.72180175781247], [134.31399536132798, 34.74046707153324], [134.333801269531, 34.76819992065431], [134.315399169922, 34.780799865722685], [134.316497802734, 34.801601409912145], [134.28739929199196, 34.82773208618159], [134.26319885253903, 34.82666778564447], [134.26289367675804, 34.88493347167971], [134.29440307617196, 34.90753555297854], [134.25430297851602, 34.93773269653319], [134.28610229492196, 34.995933532714766], [134.26580810546903, 35.00506591796883], [134.26710510253903, 35.0215339660645], [134.31610107421898, 35.04326629638667], [134.318496704102, 35.082866668701236], [134.348602294922, 35.09033203125], [134.366302490234, 35.1454010009766], [134.40820312500003, 35.14786529541018], [134.41140747070304, 35.186134338378864], [134.38240051269503, 35.194465637207024], [134.38490295410202, 35.223598480224645], [134.40220642089804, 35.241001129150376], [134.46240234374997, 35.23666763305659], [134.51460266113298, 35.27733230590819], [134.502197265625, 35.32540130615233], [134.51330566406298, 35.353931427002045], [134.47219848632798, 35.37799835205082], [134.47950744628898, 35.42526626586914], [134.43980407714804, 35.44279861450203], [134.42990112304696, 35.50320053100588], [134.412307739258, 35.5153312683105], [134.42080688476602, 35.56293106079097], [134.36950683593798, 35.61459732055658], [134.43119812011696, 35.62020111083976], [134.43890380859403, 35.63586425781253], [134.45089721679696, 35.6289978027344], [134.536895751953, 35.66986846923827], [134.55810546875, 35.65106582641599], [134.59780883789102, 35.65873336791993], [134.62179565429696, 35.63926696777344], [134.65699768066398, 35.6655311584473], [134.66200256347696, 35.64839935302732], [134.687194824219, 35.6650657653809], [134.703399658203, 35.65319824218751], [134.709503173828, 35.665466308593814], [134.75639343261696, 35.66173171997066], [134.76390075683602, 35.674667358398366], [134.76899719238304, 35.65940093994141], [134.79919433593804, 35.66986846923827], [134.84060668945298, 35.64273452758792], [134.867095947266, 35.658065795898445]]], [[[135.25479125976602, 34.6778678894043], [135.25228881835903, 34.69323348999024], [135.288146972656, 34.69677352905266], [135.27880859375003, 34.689567565918026], [135.290573120117, 34.6819229125977], [135.25479125976602, 34.6778678894043]]], [[[134.541900634766, 34.65879821777344], [134.507705688477, 34.677135467529325], [134.534805297852, 34.68646621704103], [134.541900634766, 34.65879821777344]]], [[[135.21731567382798, 34.65015792846683], [135.20132446289097, 34.673534393310504], [135.21995544433594, 34.682697296142635], [135.245025634766, 34.65060424804688], [135.21731567382798, 34.65015792846683]]], [[[134.46769714355497, 34.640800476074155], [134.46569824218804, 34.66573333740232], [134.49499511718798, 34.668869018554744], [134.500305175781, 34.64540100097661], [134.46769714355497, 34.640800476074155]]], [[[134.78709411621097, 34.42720031738277], [134.81800842285196, 34.469131469726584], [134.83551025390597, 34.466865539550824], [134.879806518555, 34.52393341064452], [134.93280029296903, 34.548599243164105], [134.98260498046903, 34.60273361206047], [135.00239562988298, 34.609001159667955], [135.020492553711, 34.59073257446292], [135.02540588378898, 34.576267242431605], [134.97909545898398, 34.5032005310059], [134.89469909668, 34.41813278198237], [134.895202636719, 34.34426498413094], [134.91419982910202, 34.33653259277342], [134.95190429687503, 34.26706695556644], [134.79570007324196, 34.19933319091798], [134.72930908203102, 34.18886566162113], [134.730407714844, 34.20660018920902], [134.69970703125, 34.22086715698242], [134.72140502929702, 34.254867553710895], [134.65769958496097, 34.241333007812464], [134.674606323242, 34.25713348388674], [134.65429687499997, 34.29433441162112], [134.686294555664, 34.330467224121115], [134.729202270508, 34.32960128784181], [134.78709411621097, 34.42720031738277]]]]}}, {"type": "Feature", "properties": {"pref_code": 12, "pref_ja": "千葉県", "pref_en": "Chiba Ken"}, "geometry": {"type": "MultiPolygon", "coordinates": [[[[139.77619934082003, 36.090866088867216], [139.786804199219, 36.10413360595698], [139.80120849609403, 36.09193420410161], [139.88420104980497, 35.98886489868162], [139.934097290039, 35.96839904785158], [139.93919372558602, 35.94026565551759], [140.070495605469, 35.878398895263715], [140.12179565429702, 35.87360000610353], [140.15480041503903, 35.84260177612297], [140.281204223633, 35.87413406372068], [140.31759643554693, 35.8643989562988], [140.36650085449196, 35.900199890136726], [140.45849609375003, 35.92613220214844], [140.50279235839795, 35.90579986572273], [140.48719787597702, 35.92813110351562], [140.51130676269494, 35.95866775512697], [140.598892211914, 35.90319824218754], [140.63180541992202, 35.85886764526373], [140.70610046386696, 35.83653259277339], [140.746795654297, 35.7817993164063], [140.82040405273403, 35.73959732055664], [140.86140441894497, 35.74466705322267], [140.87089538574196, 35.718265533447294], [140.86549377441398, 35.693401336669886], [140.83079528808602, 35.71346664428711], [140.655395507813, 35.68819808959962], [140.52549743652298, 35.60253143310554], [140.41130065917997, 35.46153259277337], [140.39160156249997, 35.37699890136718], [140.414794921875, 35.306934356689474], [140.38420104980497, 35.18719863891599], [140.35139465331997, 35.181400299072344], [140.311706542969, 35.134265899658175], [140.29890441894503, 35.15093231201167], [140.23359680175798, 35.11546707153316], [140.20190429687497, 35.109733581543004], [140.19250488281304, 35.12680053710941], [140.12179565429702, 35.115535736084006], [140.084197998047, 35.06313323974607], [140.03810119628898, 35.05139923095701], [139.98150634765594, 35.01133346557623], [139.95610046386702, 34.931198120117216], [139.88789367675798, 34.89953231811517], [139.83709716796895, 34.90319824218748], [139.81159973144497, 34.943065643310526], [139.753601074219, 34.96686553955081], [139.75390625, 34.97773361206048], [139.84820556640597, 34.985198974609425], [139.858200073242, 35.00320053100589], [139.85060119628898, 35.024799346923814], [139.81069946289102, 35.039199829101634], [139.83210754394497, 35.043933868408246], [139.82119750976594, 35.071998596191385], [139.84230041503898, 35.08653259277336], [139.82440185546903, 35.10079956054694], [139.83909606933597, 35.12926864624017], [139.81689453124997, 35.177265167236285], [139.86979675292997, 35.234867095947315], [139.84190368652298, 35.29406738281253], [139.78050231933602, 35.31499862670896], [139.81930541992196, 35.316333770752024], [139.83909606933597, 35.333667755127], [139.82310485839804, 35.344333648681584], [139.83810424804696, 35.35893249511723], [139.85639953613298, 35.35139846801762], [139.84539794921898, 35.37466812133793], [139.896896362305, 35.35826873779301], [139.88830566406298, 35.36999893188481], [139.918899536133, 35.38840103149409], [139.897796630859, 35.4091339111328], [139.905197143555, 35.431999206543026], [139.94859313964804, 35.4421997070313], [139.95109558105503, 35.455932617187464], [139.96499633789102, 35.4506645202637], [139.95469665527304, 35.44406509399406], [139.97439575195304, 35.44839859008794], [139.965698242188, 35.468467712402344], [139.98220825195304, 35.474666595458984], [139.99040222168003, 35.451999664306584], [139.98899841308597, 35.469799041747955], [140.00650024414097, 35.47913360595702], [140.02279663085898, 35.46746444702153], [140.01119995117196, 35.48399734497069], [140.03599548339798, 35.49526596069336], [140.02510070800795, 35.50146865844727], [140.06140136718798, 35.54366683959957], [140.096206665039, 35.53533172607423], [140.088302612305, 35.55186843872066], [140.115600585938, 35.55053329467769], [140.091003417969, 35.56446838378912], [140.12710571289102, 35.56753158569343], [140.086196899414, 35.569332122802706], [140.081695556641, 35.588333129882805], [140.11399841308602, 35.572334289550795], [140.11819458007804, 35.59566497802732], [140.089004516602, 35.594467163085866], [140.100494384766, 35.604465484619055], [140.082992553711, 35.61386871337888], [140.083892822266, 35.59673309326172], [140.01370239257795, 35.65753173828129], [139.98770141601602, 35.65459823608396], [140.00300598144497, 35.659801483154325], [139.98599243164094, 35.66386413574218], [139.98480224609403, 35.69193267822268], [139.93139648437503, 35.67453384399412], [139.94749450683602, 35.66986846923827], [139.918304443359, 35.65546798706053], [139.939605712891, 35.6410675048828], [139.897506713867, 35.62939834594731], [139.897705078125, 35.616668701171875], [139.872604370117, 35.62546539306643], [139.885803222656, 35.67679977416988], [139.918701171875, 35.697799682617166], [139.88079833984398, 35.76473236083981], [139.899993896484, 35.86533355712886], [139.82560729980503, 35.97293472290037], [139.81739807128903, 36.03253555297849], [139.77619934082003, 36.090866088867216]]]]}}, {"type": "Feature", "properties": {"pref_code": 16, "pref_ja": "富山県", "pref_en": "Toyama Ken"}, "geometry": {"type": "MultiPolygon", "coordinates": [[[[137.634902954102, 36.980331420898445], [137.667495727539, 36.950332641601605], [137.71099853515594, 36.94459915161127], [137.71969604492196, 36.9263343811035], [137.72990417480503, 36.82686614990233], [137.76210021972696, 36.77019882202154], [137.74989318847696, 36.70439910888669], [137.76150512695295, 36.66513442993164], [137.74429321289097, 36.61759948730474], [137.75090026855494, 36.58959960937499], [137.68870544433602, 36.56280136108398], [137.684600830078, 36.539867401123], [137.70979309081994, 36.53606796264654], [137.70530700683602, 36.5184669494629], [137.66960144043, 36.51033401489256], [137.633392333984, 36.42573165893552], [137.60800170898398, 36.41960144042972], [137.59249877929696, 36.39053344726559], [137.53979492187503, 36.392601013183615], [137.50520324707003, 36.42480087280273], [137.460998535156, 36.41246795654302], [137.40579223632798, 36.426334381103516], [137.39019775390597, 36.459667205810504], [137.313491821289, 36.4250679016113], [137.308502197266, 36.46386718749996], [137.25669860839798, 36.451663970947315], [137.24679565429696, 36.46179962158202], [137.20649719238304, 36.42793273925779], [137.19149780273403, 36.455333709716804], [137.16070556640602, 36.456733703613345], [137.09190368652298, 36.39686584472656], [137.09460449218795, 36.38406753540037], [137.05819702148398, 36.37213134765631], [137.05189514160196, 36.33020019531249], [136.97509765625, 36.274467468261676], [136.957794189453, 36.279067993164134], [136.971298217773, 36.3148651123047], [136.946701049805, 36.346134185791016], [136.907196044922, 36.361000061035234], [136.87490844726602, 36.3429336547852], [136.87130737304696, 36.36753463745121], [136.86509704589795, 36.349800109863324], [136.83709716796903, 36.34746551513672], [136.831497192383, 36.306533813476634], [136.792098999023, 36.299133300781264], [136.784103393555, 36.34220123291023], [136.80729675293, 36.35846710205081], [136.768905639648, 36.429668426513665], [136.796401977539, 36.44446563720704], [136.794692993164, 36.5080680847168], [136.81689453125003, 36.55206680297846], [136.79179382324202, 36.56900024414062], [136.784194946289, 36.62300109863283], [136.82350158691403, 36.66986846923834], [136.81509399414102, 36.69993209838866], [136.789093017578, 36.71846771240227], [136.84730529785202, 36.757801055908175], [136.85620117187503, 36.84006500244143], [136.89540100097696, 36.924934387207045], [136.93069458007798, 36.950599670410185], [136.972503662109, 36.94459915161127], [136.985794067383, 36.96673202514653], [137.03729248046903, 36.96726608276368], [137.05160522460898, 36.959533691406335], [137.02659606933594, 36.93899917602536], [137.032104492188, 36.92419815063481], [136.98370361328102, 36.87279891967769], [137.01649475097702, 36.829601287841754], [137.08250427246097, 36.78513336181643], [137.113296508789, 36.781600952148366], [137.09199523925798, 36.77059936523436], [137.13049316406298, 36.75719833374018], [137.121795654297, 36.77966690063476], [137.18460083007804, 36.75719833374018], [137.317001342773, 36.75866699218748], [137.39219665527298, 36.80659866333011], [137.41870117187497, 36.87680053710942], [137.40950012206997, 36.89666748046882], [137.435104370117, 36.93053436279296], [137.634902954102, 36.980331420898445]]]]}}, {"type": "Feature", "properties": {"pref_code": 13, "pref_ja": "東京都", "pref_en": "Tokyo To"}, "geometry": {"type": "MultiPolygon", "coordinates": [[[[138.94400024414102, 35.85466766357418], [138.96820068359403, 35.88213348388668], [139.023895263672, 35.897399902343814], [139.062408447266, 35.87340164184571], [139.196395874023, 35.84013366699221], [139.30149841308597, 35.83406448364263], [139.32569885253898, 35.794998168945305], [139.370193481445, 35.79119873046876], [139.391906738281, 35.76326751708977], [139.49699401855497, 35.778667449951236], [139.541595458984, 35.807399749755945], [139.543594360352, 35.78166580200197], [139.51609802246097, 35.76546478271478], [139.54780578613298, 35.773799896240206], [139.547897338867, 35.753665924072315], [139.58869934082003, 35.77859878540039], [139.62179565429693, 35.76673126220699], [139.64160156250003, 35.79806518554688], [139.691696166992, 35.800666809081974], [139.737808227539, 35.780532836914084], [139.76049804687503, 35.79786682128906], [139.75559997558602, 35.812732696533196], [139.82110595703097, 35.8150672912598], [139.82719421386696, 35.793598175048764], [139.871795654297, 35.79706573486334], [139.876693725586, 35.780864715576236], [139.893798828125, 35.78273391723627], [139.88079833984398, 35.76473236083981], [139.918701171875, 35.697799682617166], [139.885803222656, 35.67679977416988], [139.872894287109, 35.63853454589837], [139.80648803710898, 35.64059448242187], [139.79859924316403, 35.6218643188477], [139.77879333496102, 35.63746643066407], [139.79559326171903, 35.64979934692378], [139.77670288085903, 35.64220046997068], [139.789505004883, 35.656932830810476], [139.761596679688, 35.652599334716776], [139.744094848633, 35.589401245117195], [139.754302978516, 35.56159973144528], [139.78550720214804, 35.57046508789058], [139.80870056152304, 35.53839874267581], [139.78979492187503, 35.52666854858401], [139.757507324219, 35.54420089721681], [139.701797485352, 35.53720092773444], [139.70249938964798, 35.55386734008793], [139.66529846191398, 35.58893203735353], [139.561996459961, 35.632534027099645], [139.52540588378898, 35.642665863037074], [139.49679565429696, 35.60480117797848], [139.46299743652304, 35.62493133544919], [139.45320129394503, 35.60493469238281], [139.50720214843804, 35.575733184814524], [139.48959350585898, 35.56153106689452], [139.49000549316395, 35.58406448364259], [139.47320556640597, 35.576267242431584], [139.48500061035196, 35.50386428833009], [139.46780395507804, 35.50220108032233], [139.39860534668, 35.58440017700201], [139.28219604492196, 35.6129989624023], [139.240600585938, 35.60626602172851], [139.21569824218798, 35.6460647583008], [139.179901123047, 35.64553451538092], [139.16169738769497, 35.667865753173814], [139.025604248047, 35.7193336486816], [138.94400024414102, 35.85466766357418]]], [[[139.74949645996102, 35.58886718750004], [139.757507324219, 35.61700057983403], [139.77040100097702, 35.5811996459961], [139.78700256347702, 35.580398559570284], [139.74949645996102, 35.58886718750004]]], [[[139.43879699707003, 34.67860031127927], [139.35949707031298, 34.701732635497976], [139.34880065917997, 34.7645988464355], [139.36030578613298, 34.798801422119055], [139.43449401855503, 34.77033233642583], [139.44960021972702, 34.715332031249986], [139.43879699707003, 34.67860031127927]]], [[[139.27250671386702, 34.32993316650387], [139.242599487305, 34.362266540527315], [139.27850341796903, 34.43093490600592], [139.29100036621094, 34.408332824707], [139.27250671386702, 34.32993316650387]]], [[[139.12899780273398, 34.185066223144496], [139.13690185546903, 34.240734100341825], [139.16940307617196, 34.23199844360349], [139.17539978027298, 34.205001831054744], [139.12899780273398, 34.185066223144496]]], [[[139.50210571289097, 34.04539871215821], [139.48260498046903, 34.05120086669921], [139.47309875488304, 34.07653427124019], [139.49139404296898, 34.11719894409179], [139.538803100586, 34.123668670654276], [139.558502197266, 34.111267089843814], [139.562408447266, 34.06846618652343], [139.50210571289097, 34.04539871215821]]], [[[139.620803833008, 33.85200119018547], [139.57780456543, 33.862468719482415], [139.59049987793, 33.89680099487304], [139.62179565429693, 33.887599945068395], [139.63209533691403, 33.869800567627024], [139.620803833008, 33.85200119018547]]], [[[139.83219909667994, 33.046066284179716], [139.754806518555, 33.104400634765625], [139.740097045898, 33.13053131103524], [139.74679565429702, 33.15593338012698], [139.77139282226602, 33.15800094604492], [139.81770324706997, 33.1195983886719], [139.84640502929696, 33.11640167236327], [139.85810852050804, 33.07846450805664], [139.84040832519497, 33.075267791748004], [139.83219909667994, 33.046066284179716]]], [[[139.76919555664102, 32.442001342773366], [139.755706787109, 32.44853210449216], [139.757705688477, 32.472335815429716], [139.77980041503903, 32.45759963989256], [139.76919555664102, 32.442001342773366]]], [[[142.22000122070304, 27.108133316040046], [142.18759155273403, 27.12026786804202], [142.19039916992202, 27.14266777038567], [142.23489379882804, 27.113267898559563], [142.22000122070304, 27.108133316040046]]], [[[142.22070312500003, 27.03526687622066], [142.184707641602, 27.04199981689454], [142.194107055664, 27.061000823974638], [142.18290710449202, 27.07399940490724], [142.207305908203, 27.084733963012667], [142.20089721679702, 27.098333358764584], [142.18620300293, 27.087999343872063], [142.18620300293, 27.104267120361328], [142.217895507813, 27.099866867065373], [142.232299804688, 27.07733345031739], [142.23699951171903, 27.04853248596192], [142.22239685058602, 27.052867889404304], [142.22070312500003, 27.03526687622066]]], [[[142.17890930175798, 26.606933593750007], [142.124496459961, 26.71339988708496], [142.13369750976597, 26.698801040649407], [142.16369628906298, 26.70193290710447], [142.146499633789, 26.68533325195314], [142.16760253906298, 26.688800811767628], [142.163497924805, 26.66200065612793], [142.18780517578102, 26.65859985351561], [142.172103881836, 26.642932891845668], [142.17890930175798, 26.606933593750007]]], [[[141.2862036412622, 24.74515370975407], [141.2868983363052, 24.78951921962686], [141.3289129918482, 24.811687752112483], [141.34371401723922, 24.775354668006173], [141.2862036412622, 24.74515370975407]]]]}}, {"type": "Feature", "properties": {"pref_code": 11, "pref_ja": "埼玉県", "pref_en": "Saitama Ken"}, "geometry": {"type": "MultiPolygon", "coordinates": [[[[139.12930297851602, 36.283401489257834], [139.32350158691398, 36.229732513427685], [139.35949707031298, 36.25320053100591], [139.45719909668003, 36.19060134887697], [139.587905883789, 36.210399627685526], [139.62489318847702, 36.18659973144533], [139.66059875488304, 36.214668273925824], [139.686096191406, 36.203735351562486], [139.729797363281, 36.087932586669886], [139.77619934082003, 36.090866088867216], [139.81739807128903, 36.03253555297849], [139.82560729980503, 35.97293472290037], [139.887298583984, 35.89653396606451], [139.899993896484, 35.86533355712886], [139.893798828125, 35.78273391723627], [139.876693725586, 35.780864715576236], [139.871795654297, 35.79706573486334], [139.82719421386696, 35.793598175048764], [139.82110595703097, 35.8150672912598], [139.79609680175804, 35.80559921264649], [139.767700195313, 35.81753158569338], [139.737808227539, 35.780532836914084], [139.65710449218804, 35.800533294677734], [139.62179565429693, 35.76673126220699], [139.58869934082003, 35.77859878540039], [139.547897338867, 35.753665924072315], [139.54780578613298, 35.773799896240206], [139.51609802246097, 35.76546478271478], [139.543594360352, 35.78166580200197], [139.541595458984, 35.807399749755945], [139.49699401855497, 35.778667449951236], [139.391906738281, 35.76326751708977], [139.370193481445, 35.79119873046876], [139.32569885253898, 35.794998168945305], [139.30149841308597, 35.83406448364263], [139.196395874023, 35.84013366699221], [139.062408447266, 35.87340164184571], [139.023895263672, 35.897399902343814], [138.89289855957003, 35.83986663818363], [138.846298217773, 35.8671989440918], [138.81359863281304, 35.862331390380945], [138.77819824218804, 35.90013122558588], [138.734802246094, 35.90393447875979], [138.738708496094, 35.938400268554744], [138.71269226074202, 35.98526763916016], [138.755004882813, 36.03459930419916], [138.82850646972696, 36.03733444213867], [138.866104125977, 36.07766723632812], [138.94580078125003, 36.09626770019531], [138.95840454101602, 36.124267578124964], [139.04280090332, 36.1296005249023], [139.043106079102, 36.14846801757807], [139.062103271484, 36.15306854248052], [139.06320190429702, 36.195865631103544], [139.12930297851602, 36.283401489257834]]]]}}, {"type": "Feature", "properties": {"pref_code": 35, "pref_ja": "山口県", "pref_en": "Yamaguchi Ken"}, "geometry": {"type": "MultiPolygon", "coordinates": [[[[131.13749694824196, 34.7584686279297], [131.12979125976594, 34.79833221435548], [131.16279602050795, 34.77833175659183], [131.13749694824196, 34.7584686279297]]], [[[131.68989562988298, 34.680999755859446], [131.69419860839798, 34.620998382568416], [131.71809387207, 34.612064361572266], [131.72599792480497, 34.57826614379879], [131.70210266113298, 34.56520080566411], [131.70480346679696, 34.53166580200204], [131.66720581054696, 34.504066467285206], [131.69920349121097, 34.4742660522461], [131.69760131835898, 34.43506622314453], [131.79310607910202, 34.436199188232415], [131.763702392578, 34.381599426269474], [131.77619934082003, 34.33346557617193], [131.83009338378895, 34.302536010742216], [131.88040161132798, 34.30866622924801], [131.887298583984, 34.32713317871087], [131.89910888671898, 34.31906509399411], [131.919006347656, 34.337734222412145], [131.95779418945304, 34.306400299072344], [132.01260375976602, 34.37166595458977], [131.98950195312503, 34.414199829101584], [131.99679565429696, 34.427867889404254], [132.02450561523398, 34.46233367919921], [132.065994262695, 34.46826553344728], [132.08020019531298, 34.44226837158199], [132.069198608398, 34.356266021728494], [132.095001220703, 34.35006713867194], [132.10710144043, 34.32793426513669], [132.12669372558602, 34.33259963989263], [132.14469909668003, 34.23640060424803], [132.20399475097696, 34.228668212890604], [132.19580078124997, 34.204265594482415], [132.24490356445298, 34.21066665649414], [132.23010253906295, 34.185535430908246], [132.248504638672, 34.16986465454103], [132.24600219726597, 34.14813232421878], [132.23280334472696, 34.12686538696292], [132.19979858398398, 34.120334625244126], [132.21980285644497, 34.04880142211912], [132.21279907226597, 34.00320053100591], [132.18409729003895, 33.96126556396483], [132.117202758789, 33.95113372802731], [132.12989807128903, 33.88446807861333], [132.15719604492193, 33.84533309936516], [132.116897583008, 33.831798553466825], [132.11929321289102, 33.87540054321293], [132.04409790039097, 33.909133911132834], [132.05770874023398, 33.92406845092772], [132.02439880371097, 33.9018669128418], [131.98150634765602, 33.92913436889648], [131.96989440918003, 33.91673278808593], [131.96279907226602, 33.94380187988279], [131.86279296874997, 33.98839950561518], [131.86329650878898, 34.00659942626946], [131.83180236816403, 34.010868072509766], [131.79350280761702, 33.9872665405273], [131.82049560546903, 33.97646713256838], [131.80979919433602, 33.96766662597656], [131.76119995117202, 33.975135803222685], [131.82670593261696, 34.0293998718262], [131.80360412597702, 34.042865753173785], [131.782104492188, 34.030265808105504], [131.796905517578, 34.06006622314452], [131.742401123047, 34.04866790771479], [131.752502441406, 34.07059860229486], [131.69729614257798, 34.047267913818416], [131.63499450683602, 34.04686737060551], [131.60960388183602, 34.02119827270511], [131.59519958496102, 34.04313278198236], [131.53900146484398, 33.997333526611335], [131.50920104980497, 34.00346755981449], [131.51280212402298, 34.018135070800795], [131.47439575195304, 34.03766632080078], [131.465698242188, 34.0252685546875], [131.47929382324196, 34.01173400878907], [131.44949340820304, 34.0095329284668], [131.46020507812503, 33.98780059814454], [131.43650817871102, 33.982601165771534], [131.418395996094, 34.01546859741213], [131.395294189453, 33.98446655273439], [131.416198730469, 34.02280044555656], [131.395004272461, 34.02506637573241], [131.403305053711, 34.04246902465823], [131.38420104980497, 34.04926681518551], [131.385604858398, 34.032333374023445], [131.36900329589798, 34.028331756591804], [131.377197265625, 34.007865905761676], [131.34730529785196, 33.98173141479487], [131.353805541992, 33.96546554565429], [131.265808105469, 33.922801971435504], [131.25180053710903, 33.93680191040042], [131.231796264648, 33.927131652832024], [131.24679565429702, 33.94233322143549], [131.23840332031298, 33.95133209228522], [131.22180175781298, 33.933666229248], [131.20910644531298, 33.944068908691364], [131.17770385742196, 33.931468963623], [131.15699768066398, 33.95306777954101], [131.17379760742196, 33.97466659545902], [131.16130065917997, 33.973533630371136], [131.16900634765597, 33.99599838256837], [131.13290405273403, 34.00320053100591], [131.13470458984403, 33.99126815795903], [131.09159851074202, 34.037334442138715], [131.04669189453102, 34.042266845703054], [131.036895751953, 34.05699920654303], [130.99130249023398, 33.98653411865233], [130.92579650878903, 33.94664764404302], [130.92260742187503, 33.91446685791017], [130.904006958008, 33.9137344360352], [130.909408569336, 33.925666809081996], [130.872802734375, 33.94873428344731], [130.917007446289, 33.94673156738276], [130.905197143555, 33.953868865966825], [130.91110229492202, 34.05906677246088], [130.88720703125, 34.06620025634767], [130.85969543457, 34.10979843139651], [130.86540222167997, 34.135601043701165], [130.892608642578, 34.13499832153317], [130.896392822266, 34.15406799316411], [130.925308227539, 34.16986465454103], [130.929397583008, 34.21060180664057], [130.915802001953, 34.21640014648439], [130.92089843750003, 34.23913192749019], [130.86640930175798, 34.28726577758791], [130.89669799804702, 34.317333221435504], [130.89999389648403, 34.362266540527315], [130.92550659179702, 34.341667175293026], [130.999801635742, 34.373931884765625], [131.033996582031, 34.37033462524408], [131.01289367675798, 34.40480041503912], [130.95840454101602, 34.407199859619126], [130.95460510253903, 34.38919830322266], [130.93139648437503, 34.392734527587905], [130.97149658203097, 34.441932678222656], [131.01899719238298, 34.411197662353494], [131.13079833984403, 34.41773223876947], [131.15440368652298, 34.37253189086908], [131.19720458984398, 34.39726638793951], [131.214996337891, 34.37080001831047], [131.22430419921898, 34.39279937744139], [131.30520629882804, 34.38286590576169], [131.33670043945298, 34.418334960937464], [131.414794921875, 34.42606735229489], [131.42170715332, 34.44100189208978], [131.396392822266, 34.46033477783203], [131.414993286133, 34.448734283447294], [131.43980407714804, 34.482467651367195], [131.461303710938, 34.48619842529298], [131.455505371094, 34.52600097656246], [131.46609497070304, 34.53853225708007], [131.50329589843804, 34.53386688232422], [131.53689575195298, 34.562534332275355], [131.55630493164097, 34.61513137817384], [131.602798461914, 34.62419891357424], [131.589004516602, 34.63259887695306], [131.602905273438, 34.661865234375014], [131.63389587402304, 34.663932800292955], [131.648803710938, 34.640865325927734], [131.64530944824193, 34.652332305908224], [131.67390441894497, 34.66433334350587], [131.66699218749997, 34.67526626586911], [131.68989562988298, 34.680999755859446]]], [[[131.196502685547, 34.39826583862297], [131.172897338867, 34.4074668884277], [131.17089843749997, 34.43126678466798], [131.25169372558602, 34.438198089599595], [131.260604858398, 34.42760086059568], [131.222305297852, 34.416732788085916], [131.226501464844, 34.42833328247074], [131.207107543945, 34.411933898925824], [131.214202880859, 34.40079879760739], [131.196502685547, 34.39826583862297]]], [[[131.731002807617, 34.02099990844729], [131.733505249023, 34.037933349609446], [131.779205322266, 34.04880142211912], [131.731002807617, 34.02099990844729]]], [[[131.566802978516, 33.98666763305657], [131.55520629882798, 33.99413299560551], [131.566802978516, 34.01153182983398], [131.582794189453, 34.02386474609377], [131.60049438476602, 34.01499938964837], [131.566802978516, 33.98666763305657]]], [[[131.82020568847702, 33.930667877197266], [131.80679321289102, 33.95180130004879], [131.84510803222693, 33.95113372802731], [131.85679626464798, 33.98973464965824], [131.86770629882798, 33.9816017150879], [131.87680053710898, 33.970466613769474], [131.85769653320298, 33.96373367309568], [131.86099243164097, 33.95093536376949], [131.82020568847702, 33.930667877197266]]], [[[132.20680236816398, 33.856933593749986], [132.17280578613304, 33.92246627807617], [132.18550109863304, 33.95453262329104], [132.20289611816398, 33.94873428344731], [132.21350097656304, 33.965068817138736], [132.284194946289, 33.95573425292967], [132.300704956055, 33.91986846923826], [132.31869506835903, 33.921531677246115], [132.32890319824193, 33.90166854858398], [132.37010192871097, 33.92826843261717], [132.402404785156, 33.92926788330081], [132.415191650391, 33.95199966430661], [132.47019958496102, 33.950466156005916], [132.40640258789097, 33.90993499755856], [132.37179565429696, 33.911132812500014], [132.36129760742196, 33.89613342285164], [132.37159729003898, 33.86240005493157], [132.32679748535202, 33.85760116577147], [132.336303710938, 33.88320159912112], [132.285095214844, 33.901599884033224], [132.26800537109398, 33.890068054199155], [132.27839660644503, 33.87120056152339], [132.22109985351597, 33.8744010925293], [132.20680236816398, 33.856933593749986]]], [[[132.04930114746097, 33.78466796875001], [132.02740478515597, 33.7933349609375], [132.052795410156, 33.79826736450202], [132.07710266113298, 33.827201843261726], [132.070297241211, 33.85806655883787], [132.117202758789, 33.83060073852537], [132.085998535156, 33.823932647705064], [132.04930114746097, 33.78466796875001]]], [[[132.256408691406, 33.766468048095724], [132.17250061035202, 33.80493545532232], [132.22109985351597, 33.815200805664084], [132.273101806641, 33.78179931640634], [132.256408691406, 33.766468048095724]]], [[[131.963500976563, 33.768600463867244], [131.946701049805, 33.77986526489264], [131.96649169921903, 33.79800033569344], [131.99259948730503, 33.78033447265631], [131.963500976563, 33.768600463867244]]]]}}, {"type": "Feature", "properties": {"pref_code": 7, "pref_ja": "福島県", "pref_en": "Fukushima Ken"}, "geometry": {"type": "MultiPolygon", "coordinates": [[[[140.28010559082003, 37.97686767578129], [140.35130310058597, 37.950466156005916], [140.38549804687497, 37.95306777954101], [140.407806396484, 37.9734649658203], [140.47500610351602, 37.946998596191435], [140.469604492188, 37.919864654540994], [140.48820495605503, 37.899932861328104], [140.567199707031, 37.92279815673833], [140.69039916992196, 37.888332366943374], [140.68640136718804, 37.814865112304666], [140.727996826172, 37.78166580200201], [140.799499511719, 37.77653121948241], [140.765106201172, 37.79639816284181], [140.77510070800798, 37.806465148925845], [140.85260009765597, 37.79579925537108], [140.85670471191403, 37.89126586914062], [140.89910888671895, 37.903865814208984], [140.931198120117, 37.896331787109375], [140.959701538086, 37.831600189209006], [140.986602783203, 37.824066162109396], [141.01620483398403, 37.67146682739259], [141.02789306640597, 37.66706848144531], [141.04330444335898, 37.48120117187501], [141.02580261230503, 37.323734283447344], [141.03680419921903, 37.31746673583977], [141.01289367675804, 37.25320053100589], [141.01660156250003, 37.22999954223633], [141.02839660644497, 37.237667083740185], [141.006301879883, 37.21253204345702], [140.99940490722702, 37.1109352111816], [140.973098754883, 37.038265228271534], [140.98179626464804, 36.99486541748051], [140.967193603516, 36.97086715698241], [140.920700073242, 36.93433380126951], [140.896286010742, 36.94332504272461], [140.81779479980503, 36.90873336791986], [140.78630065918, 36.85633468627928], [140.616394042969, 36.903533935546946], [140.57629394531298, 36.942798614501996], [140.565002441406, 36.9129333496094], [140.591903686523, 36.873065948486264], [140.53939819335898, 36.859199523925774], [140.46369934082003, 36.79180145263673], [140.438507080078, 36.82159805297848], [140.37730407714798, 36.83800125122067], [140.36309814453097, 36.885135650634844], [140.32569885253903, 36.89279937744143], [140.29409790039102, 36.93186569213866], [140.243194580078, 36.94353103637697], [140.24920654296898, 37.02606582641598], [140.20460510253898, 37.02399826049804], [140.19410705566398, 37.064132690429666], [140.13780212402304, 37.10639953613281], [140.02279663085898, 37.14319992065428], [139.902603149414, 37.15399932861329], [139.83099365234395, 37.13240051269528], [139.81629943847693, 37.11820220947272], [139.82200622558594, 37.085468292236285], [139.775802612305, 37.09166717529301], [139.75289916992202, 37.071067810058636], [139.67349243164097, 37.057933807373026], [139.66510009765597, 37.04059982299796], [139.58309936523403, 37.01539993286131], [139.53559875488298, 36.98106765747068], [139.45989990234403, 36.969734191894524], [139.42849731445304, 36.92499923706053], [139.393402099609, 36.91093444824222], [139.23109436035202, 36.93679809570309], [139.25509643554702, 36.98953247070308], [139.24430847168, 37.01459884643549], [139.26010131835903, 37.04713439941411], [139.236099243164, 37.11619949340818], [139.25340270996102, 37.164798736572294], [139.221206665039, 37.208999633789134], [139.196594238281, 37.1941986083984], [139.16479492187497, 37.23799896240234], [139.211898803711, 37.285999298095724], [139.217803955078, 37.334266662597685], [139.233596801758, 37.343868255615234], [139.231704711914, 37.38773345947274], [139.19720458984398, 37.41093444824221], [139.216094970703, 37.44300079345699], [139.36230468749997, 37.47006607055658], [139.397598266602, 37.46006774902339], [139.42849731445304, 37.51440048217766], [139.564300537109, 37.502265930175774], [139.585205078125, 37.51306533813478], [139.590606689453, 37.527999877929666], [139.566101074219, 37.54606628417971], [139.56510925293, 37.59759902954098], [139.548797607422, 37.611331939697315], [139.549407958984, 37.648799896240185], [139.62730407714804, 37.68853378295899], [139.62429809570304, 37.709800720214766], [139.65789794921903, 37.75473403930658], [139.74150085449202, 37.817932128906335], [139.711395263672, 37.8545341491699], [139.68110656738304, 37.84719848632811], [139.707504272461, 37.85620117187502], [139.742202758789, 37.820732116699155], [139.78359985351602, 37.831867218017585], [139.81019592285193, 37.80346679687502], [139.85850524902298, 37.82699966430664], [139.885894775391, 37.80986404418948], [139.93739318847702, 37.82846832275394], [139.99270629882804, 37.75893402099612], [140.049392700195, 37.77926635742192], [140.11750793457003, 37.734600067138686], [140.16699218749997, 37.75733184814449], [140.2373046875, 37.74673461914057], [140.29879760742202, 37.80899810791018], [140.2626953125, 37.8355331420898], [140.28010559082003, 37.97686767578129]]]]}}, {"type": "Feature", "properties": {"pref_code": 17, "pref_ja": "石川県", "pref_en": "Ishikawa Ken"}, "geometry": {"type": "MultiPolygon", "coordinates": [[[[137.08569335937497, 37.46626663208012], [137.121795654297, 37.49133300781253], [137.27679443359398, 37.533466339111335], [137.34489440918003, 37.51573181152336], [137.339706420898, 37.48673248291016], [137.36050415039102, 37.45180130004881], [137.25680541992196, 37.43180084228516], [137.23880004882798, 37.37353134155274], [137.251998901367, 37.3530654907227], [137.26719665527298, 37.35613250732418], [137.25250244140597, 37.34066772460942], [137.26759338378898, 37.336532592773445], [137.24679565429696, 37.307468414306584], [137.23150634765597, 37.31106567382813], [137.23440551757804, 37.29800033569337], [137.150894165039, 37.30686569213867], [137.15289306640602, 37.295333862304695], [137.098892211914, 37.2791328430176], [137.06880187988304, 37.21806716918953], [137.02540588378903, 37.20493316650392], [137.03349304199196, 37.19573211669919], [137.01049804687503, 37.18346786499024], [136.94599914550798, 37.216331481933565], [136.963897705078, 37.23540115356451], [136.924896240234, 37.23346710205082], [136.93190002441398, 37.22073364257811], [136.90640258789097, 37.2179336547852], [136.92610168457, 37.19919967651368], [136.90710449218804, 37.20346832275389], [136.87280273437494, 37.144668579101584], [136.89959716796898, 37.137531280517614], [136.89270019531304, 37.11133575439451], [136.85899353027295, 37.10626602172848], [136.87130737304696, 37.08653259277341], [136.85850524902304, 37.0727310180664], [136.93550109863298, 37.08653259277341], [136.970901489258, 37.047668457031264], [137.004104614258, 37.057399749755874], [137.029907226563, 37.107131958007784], [137.05740356445304, 37.10813140869142], [137.04660034179696, 37.03906631469726], [137.05650329589798, 36.968067169189496], [136.985794067383, 36.96673202514653], [136.972503662109, 36.94459915161127], [136.93069458007798, 36.950599670410185], [136.89540100097696, 36.924934387207045], [136.85620117187503, 36.84006500244143], [136.84730529785202, 36.757801055908175], [136.789093017578, 36.71846771240227], [136.81509399414102, 36.69993209838866], [136.82350158691403, 36.66986846923834], [136.783599853516, 36.614734649658246], [136.79179382324202, 36.56900024414062], [136.81689453125003, 36.55206680297846], [136.794692993164, 36.5080680847168], [136.796401977539, 36.44446563720704], [136.768798828125, 36.42340087890627], [136.795303344727, 36.39986801147456], [136.80729675293, 36.35846710205081], [136.784103393555, 36.34220123291023], [136.792098999023, 36.299133300781264], [136.81449890136702, 36.26633453369143], [136.85150146484403, 36.248401641845724], [136.79840087890602, 36.172798156738324], [136.765701293945, 36.161132812500014], [136.77880859375, 36.13359832763667], [136.754196166992, 36.08653259277343], [136.67449951171903, 36.06766510009766], [136.55160522460898, 36.154998779296946], [136.50680541992202, 36.14673233032228], [136.48939514160202, 36.159000396728494], [136.440093994141, 36.13740158081048], [136.409194946289, 36.17186737060553], [136.34399414062497, 36.17293548583984], [136.33180236816403, 36.22933197021478], [136.30020141601602, 36.25839996337891], [136.266098022461, 36.26566696166994], [136.243698120117, 36.295600891113295], [136.29930114746102, 36.35193252563484], [136.34790039062494, 36.36706542968754], [136.41580200195298, 36.419868469238295], [136.57449340820298, 36.586532592773416], [136.66909790039102, 36.701267242431626], [136.752197265625, 36.84926605224607], [136.766693115234, 36.902065277099645], [136.74870300292997, 36.9309310913086], [136.768203735352, 36.963867187500036], [136.767395019531, 37.001598358154304], [136.743392944336, 37.012268066406335], [136.74609375, 37.03013229370119], [136.72259521484398, 37.055732727050845], [136.72700500488304, 37.133934020996065], [136.70989990234403, 37.149200439453104], [136.68449401855503, 37.13593292236334], [136.67010498046903, 37.14906692504877], [136.67999267578097, 37.206398010253864], [136.73490905761696, 37.28620147705081], [136.724899291992, 37.32753372192381], [136.755996704102, 37.36433410644528], [136.84249877929702, 37.40039825439451], [136.924301147461, 37.39533233642584], [137.08569335937497, 37.46626663208012]]], [[[136.946395874023, 37.091464996337926], [136.90130615234395, 37.15200042724611], [136.92619323730497, 37.144668579101584], [136.92419433593798, 37.13086700439449], [136.94079589843798, 37.14640045166019], [136.97570800781298, 37.14026641845704], [136.966995239258, 37.15513229370117], [137.00680541992202, 37.13626861572267], [137.03549194335898, 37.16799926757812], [137.05389404296895, 37.149734497070256], [137.04019165039097, 37.11746597290039], [136.99679565429702, 37.11973190307624], [136.946395874023, 37.091464996337926]]]]}}, {"type": "Feature", "properties": {"pref_code": 18, "pref_ja": "福井県", "pref_en": "Fukui Ken"}, "geometry": {"type": "MultiPolygon", "coordinates": [[[[136.243698120117, 36.295600891113295], [136.266098022461, 36.26566696166994], [136.30020141601602, 36.25839996337891], [136.33180236816403, 36.22933197021478], [136.33569335937494, 36.184600830078054], [136.35949707031304, 36.16553115844729], [136.409194946289, 36.17186737060553], [136.456497192383, 36.136398315429666], [136.48939514160202, 36.159000396728494], [136.50680541992202, 36.14673233032228], [136.55160522460898, 36.154998779296946], [136.65139770507804, 36.09126663208013], [136.663696289063, 36.067600250244084], [136.753997802734, 36.0863990783691], [136.76379394531298, 36.067733764648416], [136.73300170898398, 36.049331665039134], [136.72639465331997, 35.99593353271484], [136.750701904297, 35.99039840698241], [136.753494262695, 35.9562644958496], [136.79150390625, 35.94673156738281], [136.78439331054702, 35.92440032958983], [136.82209777832003, 35.896198272705085], [136.82839965820304, 35.84893417358403], [136.802597045898, 35.843864440918], [136.789093017578, 35.79946517944343], [136.72329711914097, 35.808200836181584], [136.66000366210903, 35.78346633911133], [136.644897460938, 35.80686569213871], [136.62179565429702, 35.78686523437497], [136.599594116211, 35.79859924316413], [136.57090759277298, 35.77759933471684], [136.52330017089795, 35.78826522827151], [136.50569152831997, 35.75040054321292], [136.48539733886693, 35.77600097656248], [136.43310546875, 35.77466583251951], [136.37750244140597, 35.7952003479004], [136.32829284668003, 35.7751312255859], [136.32359313964804, 35.71686553955084], [136.29159545898403, 35.690799713134794], [136.29859924316403, 35.67766571044918], [136.28059387207003, 35.658664703369084], [136.18499755859403, 35.70373153686523], [136.14999389648403, 35.697799682617166], [136.13420104980503, 35.66986846923827], [136.17669677734403, 35.59613418579099], [136.16850280761696, 35.56546783447267], [136.113296508789, 35.58286666870122], [136.10510253906298, 35.528800964355526], [136.083099365234, 35.54040145874017], [136.069900512695, 35.52659988403317], [136.02609252929696, 35.529598236083984], [136.00590515136696, 35.49160003662114], [135.98150634765602, 35.48680114746087], [135.939804077148, 35.52040100097661], [135.913101196289, 35.431400299072294], [135.890396118164, 35.40380096435546], [135.86160278320298, 35.395065307617216], [135.85279846191398, 35.41153335571289], [135.81509399414102, 35.413131713867166], [135.80709838867193, 35.38526535034176], [135.79049682617202, 35.3866653442383], [135.76840209960903, 35.35606765747074], [135.70069885253898, 35.343734741210945], [135.64190673828094, 35.3667984008789], [135.52850341796898, 35.379734039306605], [135.52529907226597, 35.420665740966776], [135.49580383300804, 35.42506790161132], [135.459106445313, 35.46753311157229], [135.47540283203097, 35.48906707763672], [135.47430419921903, 35.50699996948243], [135.44900512695304, 35.52353286743159], [135.46459960937503, 35.550933837890604], [135.48649597167994, 35.557998657226634], [135.46850585937503, 35.52993392944341], [135.48320007324196, 35.5338668823242], [135.48010253906304, 35.52226638793947], [135.509094238281, 35.534667968750014], [135.49990844726594, 35.55400085449218], [135.51770019531304, 35.5498657226563], [135.50819396972696, 35.50320053100588], [135.53419494628898, 35.488933563232386], [135.575607299805, 35.49319839477542], [135.66090393066403, 35.54759979248054], [135.66889953613304, 35.52519989013671], [135.62820434570304, 35.521865844726555], [135.64190673828094, 35.508132934570305], [135.62640380859403, 35.489200592040966], [135.580703735352, 35.48993301391602], [135.71809387207, 35.484333038330114], [135.76390075683602, 35.53613281249996], [135.718307495117, 35.52019882202153], [135.71690368652298, 35.5401344299316], [135.68879699706997, 35.54959869384772], [135.713195800781, 35.56900024414064], [135.74859619140602, 35.56646728515631], [135.75740051269503, 35.54299926757808], [135.77099609375003, 35.54679870605472], [135.764602661133, 35.55680084228518], [135.79789733886696, 35.525131225585866], [135.83360290527295, 35.53626632690429], [135.80110168457003, 35.571331024169886], [135.83930969238304, 35.56319808959964], [135.85569763183597, 35.591667175292955], [135.83230590820304, 35.60306549072269], [135.83839416503898, 35.620998382568395], [135.81430053710903, 35.642333984375014], [135.84500122070295, 35.63573455810546], [135.86579895019497, 35.608600616455114], [135.980102539063, 35.62986755371089], [135.98590087890597, 35.641399383544865], [135.96359252929702, 35.656265258789084], [135.975708007813, 35.6959991455078], [135.970901489258, 35.71179962158199], [135.955505371094, 35.70299911499017], [135.95390319824202, 35.72053146362297], [136.01690673828097, 35.763866424560504], [136.04290771484398, 35.7059326171875], [136.02499389648398, 35.68059921264652], [136.04359436035196, 35.65873336791993], [136.073699951172, 35.66246795654299], [136.100006103516, 35.777133941650355], [136.069396972656, 35.82486724853517], [135.99440002441403, 35.88786697387702], [135.99679565429696, 35.935531616210895], [135.95750427246102, 35.981601715087855], [136.01080322265597, 36.03406524658201], [136.02819824218804, 36.095798492431555], [136.095001220703, 36.156799316406314], [136.11239624023403, 36.20526504516601], [136.12930297851602, 36.19193267822266], [136.12319946289102, 36.249332427978516], [136.17259216308597, 36.25320053100591], [136.243698120117, 36.295600891113295]]]]}}, {"type": "Feature", "properties": {"pref_code": 38, "pref_ja": "愛媛県", "pref_en": "Ehime Ken"}, "geometry": {"type": "MultiPolygon", "coordinates": [[[[132.95910644531298, 34.1910667419434], [132.94230651855497, 34.20886611938478], [132.964096069336, 34.22733306884773], [132.98779296875003, 34.223331451416], [132.99429321289102, 34.25199890136722], [132.964004516602, 34.26340103149414], [132.98979187011702, 34.27526473999018], [132.983505249023, 34.290599822997976], [133.02400207519503, 34.295467376709006], [133.05569458007795, 34.25813293457029], [133.05799865722696, 34.22013473510736], [132.95910644531298, 34.1910667419434]]], [[[133.20550537109403, 34.238601684570305], [133.198608398438, 34.26813125610348], [133.22819519042994, 34.29220199584961], [133.23629760742196, 34.27746582031254], [133.20550537109403, 34.238601684570305]]], [[[133.132705688477, 34.240932464599645], [133.132598876953, 34.2656669616699], [133.151397705078, 34.28060150146479], [133.16520690918, 34.25646591186517], [133.132705688477, 34.240932464599645]]], [[[133.110198974609, 34.19100189208983], [133.05680847168003, 34.20826721191414], [133.06269836425804, 34.23413467407227], [133.10659790039097, 34.24140167236331], [133.10659790039097, 34.221134185790994], [133.139099121094, 34.221332550048814], [133.110198974609, 34.19100189208983]]], [[[133.034301757813, 34.107666015625], [133.01199340820304, 34.110466003418], [133.02279663085903, 34.15406799316411], [133.03990173339804, 34.149665832519474], [133.02140808105503, 34.176799774169915], [133.02890014648403, 34.191799163818374], [133.06629943847696, 34.1917343139648], [133.08250427246097, 34.16939926147464], [133.11050415039097, 34.17853164672852], [133.034301757813, 34.107666015625]]], [[[132.53059387206997, 33.63746643066411], [132.58090209960898, 33.652133941650426], [132.66099548339804, 33.70759963989258], [132.69999694824196, 33.761398315429695], [132.68690490722702, 33.83273315429688], [132.70590209960898, 33.86693572998053], [132.71800231933597, 33.864933013915994], [132.70019531249997, 33.88546752929688], [132.70890808105503, 33.90719985961913], [132.75270080566398, 33.90933227539056], [132.773696899414, 33.98826599121094], [132.76480102539097, 33.99813461303706], [132.86450195312503, 34.05953598022464], [132.92100524902298, 34.06626510620116], [132.92610168457, 34.107666015625], [132.89089965820295, 34.11766433715819], [132.92149353027298, 34.116333007812486], [132.94079589843798, 34.141998291015625], [133.03129577636696, 34.05200195312503], [133.06359863281304, 33.97366714477538], [133.09230041503898, 33.9407348632813], [133.11860656738298, 33.94113540649412], [133.118301391602, 33.92453384399411], [133.12519836425798, 33.94139862060552], [133.133102416992, 33.927131652832024], [133.20089721679693, 33.93626785278318], [133.25410461425804, 33.956333160400405], [133.25500488281304, 33.980598449706996], [133.26200866699196, 33.96313476562504], [133.27870178222696, 33.973934173583956], [133.26960754394497, 33.983600616455085], [133.319595336914, 33.99386596679694], [133.34019470214804, 33.97980117797854], [133.33959960937503, 33.99233245849606], [133.35600280761702, 33.97886657714839], [133.41020202636696, 33.99066543579103], [133.51269531250003, 33.97013473510741], [133.59790039062497, 34.043601989746115], [133.665802001953, 34.026268005371136], [133.684097290039, 34.00719833374019], [133.674499511719, 33.98346710205084], [133.69200134277304, 33.94580078124997], [133.675506591797, 33.92633438110348], [133.68910217285202, 33.91606903076171], [133.66020202636702, 33.88159942626949], [133.58259582519497, 33.86759948730466], [133.55180358886696, 33.88206863403324], [133.49679565429702, 33.829334259033246], [133.41540527343804, 33.83966827392577], [133.39140319824196, 33.8246688842773], [133.35519409179702, 33.8342018127441], [133.32580566406298, 33.8145332336426], [133.27670288085898, 33.83079910278319], [133.23649597167997, 33.7827987670898], [133.19320678710903, 33.79366683959956], [133.15730285644503, 33.750198364257784], [133.144393920898, 33.70553207397464], [133.120101928711, 33.691066741943416], [133.116104125977, 33.66033554077152], [133.07679748535196, 33.653400421142635], [133.06759643554696, 33.619934082031314], [133.07899475097696, 33.60860061645507], [133.04600524902304, 33.57540130615232], [133.06300354003895, 33.54346847534179], [133.01480102539102, 33.480800628662095], [132.955703735352, 33.466266632080114], [132.84739685058602, 33.47906875610349], [132.806304931641, 33.46046829223629], [132.86059570312503, 33.367465972900426], [132.89500427246097, 33.34873580932617], [132.89979553222696, 33.320667266845675], [132.793304443359, 33.27453231811523], [132.77239990234398, 33.2416687011719], [132.774993896484, 33.20619964599613], [132.74090576171898, 33.20066452026371], [132.69549560546903, 33.13833236694343], [132.634902954102, 33.186332702636726], [132.618896484375, 33.18086624145506], [132.62890625, 33.13233184814452], [132.66270446777304, 33.10893249511723], [132.66870117187503, 33.071666717529276], [132.65699768066403, 33.05699920654296], [132.67539978027304, 33.03966522216798], [132.69079589843804, 32.973865509033224], [132.67790222168003, 32.943199157714815], [132.651794433594, 32.9390678405762], [132.65460205078102, 32.924865722656286], [132.597702026367, 32.91260147094734], [132.58560180664097, 32.93460083007808], [132.60150146484398, 32.94680023193363], [132.54809570312497, 32.94526672363284], [132.56790161132798, 32.92940139770508], [132.51390075683602, 32.949867248535206], [132.50450134277304, 32.941131591796875], [132.52650451660202, 32.932666778564474], [132.49679565429702, 32.91733551025386], [132.52650451660202, 32.914798736572344], [132.49119567871102, 32.898067474365185], [132.45979309082003, 32.93799972534181], [132.50230407714804, 32.955734252929695], [132.470092773438, 32.96979904174801], [132.49679565429702, 32.98746871948241], [132.49429321289102, 32.96393203735352], [132.55340576171903, 32.96020126342773], [132.51159667968804, 32.97679901123047], [132.49449157714804, 33.0177993774414], [132.484802246094, 33.010135650634815], [132.48129272460903, 33.04913330078129], [132.449798583984, 33.048332214355476], [132.451293945313, 33.03499984741213], [132.40859985351597, 33.055866241455085], [132.410995483398, 33.0272674560547], [132.39500427246097, 33.01306533813479], [132.37770080566398, 33.02266693115234], [132.39469909667997, 33.02746582031252], [132.41400146484398, 33.07239913940433], [132.431748333544, 33.05308283576142], [132.446105957031, 33.06546783447272], [132.48269653320304, 33.05613327026366], [132.477905273438, 33.08399963378907], [132.46099853515602, 33.07580184936524], [132.462005615234, 33.09306716918947], [132.48019409179702, 33.098201751708984], [132.446105957031, 33.124065399169936], [132.468200683594, 33.12653350830079], [132.46940612793, 33.11479949951172], [132.50129699707003, 33.13040161132809], [132.440704345703, 33.137668609619126], [132.42410278320298, 33.15586853027341], [132.430999755859, 33.16946792602541], [132.46409606933602, 33.17113494873053], [132.421203613281, 33.208534240722734], [132.40550231933597, 33.20506668090816], [132.457702636719, 33.21073150634774], [132.459899902344, 33.181999206543026], [132.48100280761702, 33.185668945312514], [132.48469543457003, 33.164531707763715], [132.49229431152304, 33.183734893798814], [132.51460266113304, 33.17066574096678], [132.50759887695304, 33.19406890869143], [132.48930358886702, 33.19586563110352], [132.51119995117193, 33.213134765625014], [132.55949401855497, 33.22213363647457], [132.51989746093804, 33.248134613037124], [132.54209899902298, 33.27059936523444], [132.50909423828097, 33.25913238525386], [132.48109436035202, 33.274398803710895], [132.468292236328, 33.255199432372976], [132.48210144043, 33.28893280029296], [132.52259826660193, 33.31493377685552], [132.431198120117, 33.31980133056637], [132.417297363281, 33.303333282470696], [132.37109374999997, 33.3180656433105], [132.37559509277298, 33.336532592773445], [132.419296264648, 33.3564682006836], [132.406097412109, 33.359600067138665], [132.418792724609, 33.382534027099645], [132.38319396972696, 33.361732482910185], [132.37800598144497, 33.384601593017585], [132.39559936523398, 33.398799896240234], [132.37950134277298, 33.416069030761726], [132.41490173339798, 33.443866729736285], [132.38229370117196, 33.44193267822268], [132.419296264648, 33.46239852905272], [132.38650512695298, 33.45959854125981], [132.39950561523398, 33.46540069580081], [132.390594482422, 33.47653579711906], [132.37359619140597, 33.46026611328129], [132.35299682617196, 33.48799896240228], [132.34129333496097, 33.48460006713873], [132.34919738769497, 33.47246551513667], [132.32299804687503, 33.472599029541], [132.31640625000003, 33.451465606689474], [132.29899597168, 33.47446823120121], [132.279800415039, 33.44693374633786], [132.18319702148398, 33.412334442138665], [132.15220642089804, 33.373600006103494], [132.102493286133, 33.36186599731452], [132.11970520019503, 33.386535644531286], [132.095397949219, 33.3871994018555], [132.01190185546903, 33.344200134277294], [132.120300292969, 33.419868469238274], [132.13290405273403, 33.40299987792969], [132.13749694824202, 33.420532226562486], [132.16439819335903, 33.41106796264654], [132.14729309082003, 33.433135986328125], [132.15579223632804, 33.43960189819343], [132.17500305175804, 33.42739868164061], [132.17350769043003, 33.44680023193362], [132.22329711914097, 33.44453430175777], [132.240692138672, 33.465332031249964], [132.25939941406298, 33.4498672485352], [132.257904052734, 33.47353363037106], [132.417205810547, 33.544334411621094], [132.47740173339804, 33.61619949340817], [132.53059387206997, 33.63746643066411]]], [[[132.600204467773, 33.942798614501974], [132.57800292968795, 33.96920013427726], [132.651397705078, 34.014198303222734], [132.643493652344, 33.97906875610347], [132.62939453125, 33.97453308105469], [132.64109802246102, 33.95646667480474], [132.600204467773, 33.942798614501974]]], [[[132.668899536133, 33.870532989501996], [132.66749572753903, 33.897399902343764], [132.65240478515602, 33.89920043945313], [132.70069885253903, 33.927131652832024], [132.69270324706994, 33.90473556518547], [132.67309570312503, 33.90073394775392], [132.68910217285202, 33.876399993896484], [132.668899536133, 33.870532989501996]]]]}}, {"type": "Feature", "properties": {"pref_code": 29, "pref_ja": "奈良県", "pref_en": "Nara Ken"}, "geometry": {"type": "MultiPolygon", "coordinates": [[[[135.71159362792997, 34.78126525878908], [135.72839355468798, 34.77786636352544], [135.75509643554702, 34.727466583252045], [135.84860229492196, 34.70593261718752], [135.889999389648, 34.70866775512704], [135.925399780273, 34.75753402709964], [135.925399780273, 34.74026870727542], [135.97540283203102, 34.74093246459963], [135.98590087890597, 34.715133666992166], [136.01399230956997, 34.70773315429689], [136.05520629882798, 34.738399505615206], [136.06999206543, 34.71366882324222], [136.053298950195, 34.70513534545898], [136.08549499511702, 34.67626571655266], [136.06350708007798, 34.652133941650405], [136.04029846191398, 34.663333892822315], [136.072494506836, 34.63660049438479], [136.04629516601597, 34.60020065307622], [136.04949951171898, 34.580066680908246], [136.114196777344, 34.54593276977544], [136.15559387206997, 34.55873489379881], [136.16709899902304, 34.52000045776373], [136.216293334961, 34.52806472778322], [136.21470642089798, 34.5032005310059], [136.22900390624997, 34.494064331054744], [136.20590209960898, 34.44853210449221], [136.095794677734, 34.43519973754878], [136.068695068359, 34.393531799316364], [136.12919616699202, 34.315933227539134], [136.09469604492202, 34.30099868774407], [136.13110351562503, 34.25166702270507], [136.09309387207003, 34.19559860229492], [136.114105224609, 34.159332275390604], [136.09899902343798, 34.11873245239258], [136.118194580078, 34.08219909667968], [136.092697143555, 34.08259963989259], [136.103302001953, 34.02553176879881], [136.01860046386696, 34.03586578369141], [135.98480224609403, 33.992202758789084], [135.92680358886702, 33.981067657470746], [135.893402099609, 33.948066711425824], [135.908599853516, 33.91839981079096], [135.893295288086, 33.91986846923826], [135.894195556641, 33.9059982299805], [135.86509704589798, 33.91986846923826], [135.86070251464798, 33.88700103759767], [135.882293701172, 33.878734588623], [135.871795654297, 33.858798980712926], [135.84790039062497, 33.8955993652344], [135.80819702148403, 33.90646743774408], [135.755706787109, 33.88506698608397], [135.68659973144497, 33.903865814208984], [135.61830139160202, 33.87186813354487], [135.62179565429702, 33.89806747436516], [135.599609375, 33.90806579589844], [135.61729431152304, 33.95426559448237], [135.63619995117193, 33.950332641601584], [135.63560485839804, 33.99079895019527], [135.62179565429702, 34.009399414062464], [135.59550476074202, 34.01153182983398], [135.580001831055, 34.056934356689545], [135.539596557617, 34.075000762939496], [135.59049987793, 34.14899826049799], [135.64450073242196, 34.18840026855474], [135.63429260253903, 34.20373153686517], [135.64750671386696, 34.218666076660234], [135.70730590820298, 34.208198547363295], [135.729705810547, 34.2282676696777], [135.714996337891, 34.26546859741208], [135.67300415039097, 34.28066635131836], [135.65069580078097, 34.38320159912111], [135.67539978027298, 34.399532318115185], [135.66470336914094, 34.42399978637704], [135.68640136718804, 34.450866699218814], [135.67660522460898, 34.524600982666], [135.65049743652295, 34.544933319091804], [135.68150329589798, 34.5849342346191], [135.65029907226602, 34.60873413085938], [135.67779541015597, 34.67926788330084], [135.67269897460898, 34.70166778564449], [135.70379638671898, 34.723934173583984], [135.71159362792997, 34.78126525878908]]]]}}, {"type": "Feature", "properties": {"pref_code": 32, "pref_ja": "島根県", "pref_en": "Shimane Ken"}, "geometry": {"type": "MultiPolygon", "coordinates": [[[[133.24800109863304, 36.16099929809568], [133.24459838867196, 36.177131652832024], [133.22979736328097, 36.16986465454099], [133.24470520019497, 36.1896667480469], [133.18260192871102, 36.21213150024413], [133.19189453125003, 36.24366760253911], [133.176696777344, 36.25320053100591], [133.18000793457003, 36.28813552856453], [133.20390319824196, 36.279800415039105], [133.19520568847702, 36.301467895507784], [133.23150634765597, 36.31826782226561], [133.22410583496094, 36.3282661437988], [133.26220703124997, 36.3282661437988], [133.28169250488298, 36.34846878051762], [133.38529968261696, 36.268665313720675], [133.36970520019503, 36.206199645996065], [133.33869934082003, 36.19599914550779], [133.34429931640602, 36.224132537841776], [133.334503173828, 36.20293426513667], [133.30619812011702, 36.199600219726605], [133.33410644531298, 36.197334289550845], [133.339706420898, 36.16986465454099], [133.287200927734, 36.171066284179716], [133.27949523925798, 36.1881980895996], [133.27749633789097, 36.16986465454099], [133.24800109863304, 36.16099929809568]]], [[[132.99789428710903, 36.03886795043946], [132.946395874023, 36.06433105468751], [132.97709655761702, 36.114467620849595], [133.00529479980503, 36.10793304443362], [133.01390075683602, 36.13773345947273], [133.05439758300804, 36.12680053710939], [133.06840515136696, 36.142864227294886], [133.09120178222696, 36.13913345336909], [133.06910705566395, 36.1133995056152], [133.03910827636696, 36.10733413696289], [133.05630493164102, 36.08326721191412], [133.04310607910202, 36.06053543090823], [133.00689697265602, 36.07433319091797], [133.00509643554702, 36.1058006286621], [132.992202758789, 36.084400177002], [132.979202270508, 36.08906555175776], [132.99789428710903, 36.03886795043946]]], [[[133.06770324706997, 36.0351333618164], [133.07910156249997, 36.069534301757784], [133.06359863281304, 36.10100173950201], [133.08140563964798, 36.1142654418945], [133.08959960937497, 36.09626770019531], [133.097793579102, 36.11853408813481], [133.131805419922, 36.11140060424802], [133.117004394531, 36.084400177002], [133.15190124511702, 36.075267791748026], [133.09629821777298, 36.07233428955078], [133.10270690917997, 36.05093383789059], [133.06770324706997, 36.0351333618164]]], [[[133.05870056152298, 35.99413299560547], [133.04071044921903, 36.01333236694339], [133.03750610351602, 36.00086593627926], [133.00590515136702, 36.00360107421878], [132.999298095703, 36.032398223876974], [133.07150268554696, 36.01100158691414], [133.05870056152298, 35.99413299560547]]], [[[133.24409484863295, 35.54913330078133], [133.19790649414102, 35.52640151977543], [133.22149658203097, 35.481464385986264], [133.302093505859, 35.43506622314451], [133.320495605469, 35.406932830810526], [133.32389831543, 35.37426757812502], [133.29479980468798, 35.34653472900386], [133.291900634766, 35.319664001464815], [133.309906005859, 35.268466949462876], [133.15280151367202, 35.21913528442379], [133.154403686523, 35.20320129394527], [133.18190002441403, 35.20086669921884], [133.19439697265594, 35.16986846923828], [133.149307250977, 35.14093399047848], [133.13960266113298, 35.075664520263686], [133.09640502929696, 35.084934234619084], [133.03300476074196, 35.06826782226559], [132.99020385742202, 35.10139846801758], [132.94990539550798, 35.07546615600587], [132.87179565429696, 35.10179901123049], [132.82699584960903, 35.06119918823238], [132.83619689941403, 35.04733276367188], [132.745193481445, 34.97706604003909], [132.746795654297, 34.9593315124512], [132.68449401855503, 34.950664520263715], [132.63330078125, 34.9048652648926], [132.69990539550804, 34.88206481933586], [132.70989990234403, 34.8499336242676], [132.69720458984403, 34.84293365478523], [132.67919921875003, 34.851268768310476], [132.66009521484403, 34.83266448974611], [132.615097045898, 34.843265533447294], [132.53739929199196, 34.79493331909184], [132.453994750977, 34.80120086669924], [132.434600830078, 34.820598602294886], [132.39599609374997, 34.77939987182623], [132.37179565429696, 34.80120086669924], [132.33560180664102, 34.79013442993157], [132.315704345703, 34.80139923095697], [132.298004150391, 34.777133941650376], [132.277603149414, 34.79873275756839], [132.24099731445298, 34.80593490600594], [132.221496582031, 34.75026702880861], [132.130004882813, 34.70800018310546], [132.16119384765597, 34.683265686035206], [132.11569213867202, 34.61266708374017], [132.12509155273403, 34.58253479003909], [132.04730224609398, 34.52153396606452], [132.03590393066398, 34.502201080322266], [132.05830383300798, 34.49286651611329], [132.06790161132798, 34.46753311157231], [132.02450561523398, 34.46233367919921], [131.99679565429696, 34.427867889404254], [131.98950195312503, 34.414199829101584], [132.01260375976602, 34.37166595458977], [131.95779418945304, 34.306400299072344], [131.919006347656, 34.337734222412145], [131.89910888671898, 34.31906509399411], [131.887298583984, 34.32713317871087], [131.88040161132798, 34.30866622924801], [131.81919860839804, 34.3026008605957], [131.77619934082003, 34.33346557617193], [131.765396118164, 34.36486816406249], [131.79310607910202, 34.436199188232415], [131.69760131835898, 34.43506622314453], [131.69920349121097, 34.4742660522461], [131.66720581054696, 34.504066467285206], [131.70480346679696, 34.53166580200204], [131.70210266113298, 34.56520080566411], [131.72599792480497, 34.57826614379879], [131.71809387207, 34.612064361572266], [131.69419860839798, 34.620998382568416], [131.68989562988298, 34.680999755859446], [131.746795654297, 34.67586898803711], [131.84410095214798, 34.708732604980526], [131.87010192871097, 34.732398986816385], [131.86410522460898, 34.75479888916021], [131.943008422852, 34.79106903076172], [131.954299926758, 34.81573486328131], [132.00550842285202, 34.84653472900387], [132.00700378418003, 34.86819839477537], [132.03570556640597, 34.882400512695284], [132.05339050292997, 34.87173461914061], [132.064697265625, 34.907600402832024], [132.11189270019503, 34.95299911499023], [132.235397338867, 35.03459930419918], [132.30850219726602, 35.0565986633301], [132.33149719238304, 35.0974655151367], [132.34489440918003, 35.092601776123026], [132.33929443359403, 35.101867675781335], [132.38589477539097, 35.12866592407226], [132.38099670410196, 35.14680099487297], [132.416793823242, 35.19033432006841], [132.625991821289, 35.28726577758789], [132.66430664062503, 35.3365325927734], [132.67379760742202, 35.37493133544924], [132.67149353027304, 35.40106582641604], [132.62390136718798, 35.41786575317378], [132.628692626953, 35.43519973754884], [132.68609619140597, 35.440799713134844], [132.68470764160202, 35.451400756835945], [132.75050354003898, 35.447467803955064], [132.75700378417997, 35.45633316040037], [132.72689819335898, 35.47000122070313], [132.86439514160193, 35.5133323669434], [132.96549987793, 35.51480102539061], [132.96870422363298, 35.5438003540039], [133.02650451660202, 35.5388641357422], [133.03100585937503, 35.557800292968814], [133.05760192871097, 35.56346511840822], [133.04780578613304, 35.57846450805659], [133.095794677734, 35.578330993652344], [133.08889770507798, 35.603664398193416], [133.12390136718798, 35.57659912109383], [133.13740539550798, 35.581867218017585], [133.15119934082003, 35.55953216552734], [133.159698486328, 35.571598052978466], [133.19219970703102, 35.56319808959964], [133.19189453125003, 35.58013153076171], [133.195007324219, 35.5676002502441], [133.21650695800804, 35.58153152465817], [133.306304931641, 35.575733184814524], [133.3251953125, 35.56599807739264], [133.24409484863295, 35.54913330078133]]]]}}, {"type": "Feature", "properties": {"pref_code": 3, "pref_ja": "岩手県", "pref_en": "Iwate Ken"}, "geometry": {"type": "MultiPolygon", "coordinates": [[[[141.58189392089798, 40.37446594238283], [141.58700561523398, 40.40746688842766], [141.68310546875003, 40.45086669921877], [141.81669616699202, 40.27073287963871], [141.83410644531298, 40.22053146362296], [141.80740356445298, 40.21606826782229], [141.80000305175798, 40.198799133300795], [141.81269836425798, 40.190265655517635], [141.794906616211, 40.19060134887697], [141.87640380859403, 40.14446640014652], [141.84309387207003, 40.13093566894527], [141.829498291016, 40.08653259277343], [141.90829467773398, 40.00926589965818], [141.93640136718804, 40.009201049804695], [141.954803466797, 39.98573303222656], [141.963592529297, 39.953533172607365], [141.940994262695, 39.93993377685553], [141.94039916992196, 39.919864654541044], [141.97210693359398, 39.88293457031251], [141.990707397461, 39.82093429565429], [141.98440551757798, 39.78979873657231], [142.004608154297, 39.77613449096681], [141.988693237305, 39.760131835937536], [142.00390625, 39.75220108032229], [141.97210693359398, 39.730533599853516], [141.986801147461, 39.723464965820305], [141.968597412109, 39.69193267822268], [141.985000610352, 39.687465667724645], [141.971298217773, 39.651935577392564], [141.983291625977, 39.6475982666016], [141.96510314941398, 39.64013290405274], [141.97009277343798, 39.623531341552734], [141.947494506836, 39.59146499633787], [141.958892822266, 39.586532592773445], [142.026794433594, 39.65573120117193], [142.02690124511702, 39.57933425903317], [142.05680847168003, 39.57493209838871], [142.07260131835895, 39.548667907714844], [142.05690002441403, 39.52213287353523], [142.03379821777304, 39.52933120727541], [142.00959777832003, 39.476467132568445], [141.97430419921898, 39.48199844360351], [141.954193115234, 39.467998504638686], [141.979095458984, 39.439533233642635], [142.03710937500003, 39.483398437499964], [142.06069946289102, 39.47193527221683], [142.03939819335903, 39.4456672668457], [142.04400634765602, 39.42546844482423], [142.009796142578, 39.42613220214836], [141.986801147461, 39.409133911132805], [141.975997924805, 39.42746734619142], [141.93930053710898, 39.38700103759773], [141.94709777832, 39.37193298339842], [141.96789550781298, 39.37513351440433], [141.95820617675798, 39.357734680175774], [141.91560363769497, 39.35680007934572], [141.89930725097702, 39.3365325927734], [141.91540527343804, 39.32453155517576], [141.99760437011702, 39.35086441040038], [141.97120666503898, 39.313732147216754], [141.88789367675804, 39.303733825683565], [141.92469787597696, 39.2861976623535], [141.92919921874997, 39.26813125610346], [141.88949584960895, 39.274200439453125], [141.90339660644497, 39.25686645507806], [141.89219665527304, 39.24659729003911], [141.97120666503898, 39.24906539916987], [141.944793701172, 39.24139785766602], [141.948791503906, 39.21826553344731], [141.92590332031304, 39.22253036499016], [141.88800048828097, 39.20913314819342], [141.89070129394494, 39.197998046875], [141.86920166015602, 39.20719909667973], [141.86659240722702, 39.19266510009766], [141.92170715331997, 39.17860031127926], [141.83749389648403, 39.146198272705064], [141.87179565429702, 39.131065368652266], [141.87419128418003, 39.11606597900389], [141.92179870605497, 39.105133056640554], [141.88180541992202, 39.08446502685551], [141.811508178711, 39.11213302612301], [141.821792602539, 39.077266693115234], [141.87550354003903, 39.06513214111326], [141.814300537109, 39.05739974975592], [141.85310363769503, 39.02973175048833], [141.802001953125, 39.024600982665994], [141.797698974609, 39.043266296386676], [141.76300048828097, 39.02006530761721], [141.73350524902304, 39.02033233642578], [141.72990417480503, 39.07113265991208], [141.70989990234403, 39.02466583251948], [141.74470520019497, 38.995800018310526], [141.71110534668003, 38.99639892578134], [141.71699523925804, 38.98186492919919], [141.69729614257804, 38.96933364868158], [141.72880554199196, 38.952934265136655], [141.70570373535202, 38.9392013549805], [141.66940307617202, 38.97586822509773], [141.68170166015602, 38.99873352050777], [141.667190551758, 39.00600051879881], [141.625091552734, 39.001068115234375], [141.63220214843798, 38.9710006713867], [141.56809997558597, 38.99573135375977], [141.490997314453, 38.9984664916992], [141.49159240722702, 38.915931701660185], [141.451400756836, 38.87666702270513], [141.466293334961, 38.857200622558636], [141.4501953125, 38.836532592773416], [141.458892822266, 38.81480026245116], [141.42970275878898, 38.81086730957028], [141.438293457031, 38.783332824707024], [141.41070556640597, 38.76813125610347], [141.41499328613298, 38.78573226928712], [141.39450073242196, 38.799667358398366], [141.31039428710903, 38.82266616821292], [141.303497314453, 38.793266296386726], [141.27360534667997, 38.79693222045903], [141.25500488281304, 38.759998321533224], [141.21699523925804, 38.749534606933636], [141.18119812011696, 38.784801483154325], [141.13969421386702, 38.78999710083006], [141.14070129394503, 38.813934326171946], [141.10589599609398, 38.82320022583007], [141.10510253906298, 38.83766555786129], [141.14630126953102, 38.85593414306642], [141.140106201172, 38.877868652343764], [141.09390258789097, 38.88813400268553], [140.98649597168003, 38.87553405761716], [140.9580078125, 38.908531188964815], [140.881393432617, 38.9290657043457], [140.82620239257804, 38.963531494140575], [140.773895263672, 38.9584655761719], [140.764495849609, 39.00013351440432], [140.81030273437503, 39.05739974975592], [140.802398681641, 39.077800750732386], [140.752899169922, 39.086532592773366], [140.756103515625, 39.118465423583984], [140.77020263671898, 39.12440109252932], [140.749603271484, 39.13966751098627], [140.808502197266, 39.18033218383787], [140.765701293945, 39.19773101806642], [140.788803100586, 39.237998962402294], [140.69470214843804, 39.30013275146484], [140.70959472656304, 39.33033370971676], [140.67990112304696, 39.38153457641597], [140.65409851074193, 39.39093399047852], [140.65859985351602, 39.4156646728516], [140.68159484863304, 39.419868469238324], [140.68310546875003, 39.4575347900391], [140.72430419921898, 39.48066711425781], [140.71400451660196, 39.498401641845696], [140.74090576171898, 39.53480148315426], [140.73069763183597, 39.56613159179689], [140.79570007324202, 39.60333251953127], [140.821899414063, 39.64979934692378], [140.82290649414102, 39.68819808959962], [140.77490234375, 39.73486709594731], [140.80459594726602, 39.74580001831047], [140.84779357910193, 39.7960662841797], [140.787002563477, 39.82379913330078], [140.78300476074202, 39.86573410034177], [140.82609558105503, 39.886665344238295], [140.85269165039094, 39.86646652221683], [140.87809753417997, 39.87473297119141], [140.84829711914102, 39.95973205566409], [140.84469604492196, 40.073665618896484], [140.88000488281304, 40.10746765136723], [140.86740112304696, 40.13126754760742], [140.88319396972696, 40.158935546875014], [140.86050415039102, 40.17380142211914], [140.89260864257795, 40.19266510009773], [140.89619445800798, 40.214000701904254], [140.942092895508, 40.22819900512699], [140.95529174804702, 40.24819946289064], [140.980499267578, 40.22013473510741], [141.02630615234403, 40.222133636474595], [141.104598999023, 40.256668090820305], [141.10090637207, 40.28153228759771], [141.21459960937497, 40.314800262451215], [141.317398071289, 40.37326812744137], [141.35139465332003, 40.33153533935547], [141.39759826660196, 40.367668151855455], [141.40829467773398, 40.357868194580085], [141.443405151367, 40.37626647949219], [141.480895996094, 40.37646865844728], [141.53739929199196, 40.34780120849614], [141.58189392089798, 40.37446594238283]]]]}}, {"type": "Feature", "properties": {"pref_code": 31, "pref_ja": "鳥取県", "pref_en": "Tottori Ken"}, "geometry": {"type": "MultiPolygon", "coordinates": [[[[134.36950683593798, 35.61459732055658], [134.42080688476602, 35.56293106079097], [134.412307739258, 35.5153312683105], [134.42990112304696, 35.50320053100588], [134.43980407714804, 35.44279861450203], [134.47950744628898, 35.42526626586914], [134.47219848632798, 35.37799835205082], [134.51330566406298, 35.353931427002045], [134.502197265625, 35.32540130615233], [134.51460266113298, 35.27733230590819], [134.46240234374997, 35.23666763305659], [134.43400573730503, 35.22946548461913], [134.393005371094, 35.2526016235352], [134.32080078124997, 35.201801300048814], [134.28070068359403, 35.19659805297854], [134.26049804687494, 35.210399627685455], [134.171798706055, 35.16986846923828], [134.153396606445, 35.19486618041993], [134.16250610351597, 35.229267120361314], [134.13670349121097, 35.23899841308592], [134.14990234374997, 35.258533477783175], [134.13870239257798, 35.27899932861331], [134.09719848632804, 35.30586624145508], [134.010101318359, 35.307598114013686], [134, 35.31399917602542], [134.01420593261702, 35.350399017333984], [133.93159484863304, 35.333801269531335], [133.92489624023398, 35.3075332641602], [133.862701416016, 35.29299926757813], [133.86509704589804, 35.27313232421882], [133.830795288086, 35.248931884765625], [133.79730224609398, 35.294132232666016], [133.74510192871097, 35.31933212280266], [133.678207397461, 35.31879806518551], [133.59570312499997, 35.3451347351074], [133.559204101563, 35.24639892578129], [133.505294799805, 35.22859954833983], [133.52560424804702, 35.182933807372955], [133.501007080078, 35.192733764648416], [133.45010375976597, 35.172332763671946], [133.39649963378903, 35.180931091308594], [133.40289306640597, 35.114334106445284], [133.32080078125, 35.09379959106448], [133.298904418945, 35.10353469848628], [133.29040527343798, 35.071731567382805], [133.26840209960898, 35.05780029296883], [133.24679565429696, 35.07853317260744], [133.136001586914, 35.06933212280271], [133.149307250977, 35.14093399047848], [133.19439697265594, 35.16986846923828], [133.18190002441403, 35.20086669921884], [133.154403686523, 35.20320129394527], [133.15280151367202, 35.21913528442379], [133.309906005859, 35.268466949462876], [133.291900634766, 35.319664001464815], [133.29479980468798, 35.34653472900386], [133.32389831543, 35.37426757812502], [133.320495605469, 35.406932830810526], [133.302093505859, 35.43506622314451], [133.22149658203097, 35.481464385986264], [133.19790649414102, 35.52640151977543], [133.21749877929696, 35.54613113403324], [133.26480102539097, 35.55160140991209], [133.24409484863295, 35.5351982116699], [133.26400756835898, 35.498199462890604], [133.311996459961, 35.47026443481453], [133.39320373535202, 35.45353317260737], [133.42480468749997, 35.46020126342768], [133.445602416992, 35.493999481201236], [133.56700134277304, 35.530334472656314], [133.77160644531304, 35.50073242187503], [133.93569946289097, 35.51279830932616], [134.00729370117202, 35.53793334960941], [134.01770019531298, 35.52106475830083], [134.07769775390597, 35.52159881591798], [134.24679565429696, 35.55193328857424], [134.29490661621097, 35.58993148803708], [134.36950683593798, 35.61459732055658]]]]}}, {"type": "Feature", "properties": {"pref_code": 36, "pref_ja": "徳島県", "pref_en": "Tokushima Ken"}, "geometry": {"type": "MultiPolygon", "coordinates": [[[[134.59140014648403, 34.2144012451172], [134.59280395507804, 34.24126815795898], [134.61239624023398, 34.25040054321286], [134.61509704589798, 34.23199844360349], [134.59140014648403, 34.2144012451172]]], [[[134.62179565429696, 34.18579864501947], [134.58760070800804, 34.207000732421925], [134.62179565429696, 34.211933135986264], [134.61599731445304, 34.231533050537095], [134.64210510253898, 34.23946762084961], [134.62179565429696, 34.18579864501947]]], [[[134.43969726562497, 34.20786666870123], [134.50630187988298, 34.22573471069336], [134.57170104980503, 34.22233581542972], [134.56860351562503, 34.23619842529303], [134.58349609375003, 34.239265441894524], [134.58290100097702, 34.20393371582026], [134.64179992675795, 34.18019866943364], [134.60369873046903, 34.11966705322273], [134.59300231933602, 34.064800262451215], [134.60629272460898, 34.06200027465822], [134.58569335937503, 34.05566787719733], [134.60009765625003, 34.01866531372068], [134.58839416503903, 34.01173400878907], [134.61390686035202, 33.996734619140604], [134.60580444335903, 33.98266601562502], [134.63250732421903, 33.99393463134769], [134.63400268554696, 34.00973129272462], [134.705795288086, 33.925666809081996], [134.674697875977, 33.87966537475588], [134.65269470214798, 33.88233566284182], [134.66050720214798, 33.875732421875], [134.62850952148398, 33.85726547241214], [134.64540100097696, 33.86593246459963], [134.64280700683597, 33.842735290527344], [134.715606689453, 33.84859848022456], [134.68049621582, 33.83013534545897], [134.74949645996102, 33.834533691406335], [134.64120483398398, 33.780666351318374], [134.62080383300804, 33.786666870117195], [134.60189819335895, 33.76466751098627], [134.57969665527304, 33.76993560791021], [134.56649780273403, 33.73273468017583], [134.557006835938, 33.74499893188478], [134.543304443359, 33.73660278320313], [134.5166015625, 33.70153427124018], [134.39550781250003, 33.65606689453131], [134.361801147461, 33.62699890136717], [134.388793945313, 33.62326812744138], [134.363296508789, 33.5888671875], [134.332000732422, 33.58440017700197], [134.362197875977, 33.580532073974574], [134.31080627441398, 33.576335906982386], [134.31399536132798, 33.54573440551764], [134.28219604492196, 33.560333251953104], [134.19270324707, 33.56153488159183], [134.14920043945298, 33.629131317138686], [134.183502197266, 33.64886856079103], [134.174301147461, 33.683601379394474], [134.057495117188, 33.69079971313484], [134.06730651855503, 33.726200103759766], [134.03239440918, 33.828266143798764], [133.996795654297, 33.82099914550782], [133.983993530273, 33.840801239013736], [133.96040344238298, 33.834735870361335], [133.94090270996097, 33.79913330078132], [133.91310119628903, 33.79146575927729], [133.87179565429702, 33.805999755859446], [133.83859252929702, 33.84460067749019], [133.74679565429696, 33.83679962158201], [133.664001464844, 33.86880111694339], [133.660293579102, 33.88353347778318], [133.68910217285202, 33.91606903076171], [133.675506591797, 33.92633438110348], [133.69200134277304, 33.94580078124997], [133.67900085449202, 34.01240158081046], [133.72030639648403, 34.02199935913092], [133.72830200195304, 34.04420089721684], [133.77740478515597, 34.07813262939447], [133.81570434570298, 34.07266616821289], [133.832901000977, 34.09746551513672], [133.93850708007804, 34.11526870727536], [133.97180175781298, 34.073066711425795], [133.996795654297, 34.07379913330077], [134.050308227539, 34.11793518066412], [134.12179565429696, 34.11866760253909], [134.145599365234, 34.164867401123026], [134.173400878906, 34.17673492431643], [134.25939941406304, 34.18333435058589], [134.29739379882798, 34.168533325195334], [134.34260559082, 34.17240142822273], [134.34930419921898, 34.18533325195307], [134.41239929199196, 34.156799316406264], [134.43339538574196, 34.16986465454103], [134.43969726562497, 34.20786666870123]]]]}}, {"type": "Feature", "properties": {"pref_code": 46, "pref_ja": "鹿児島県", "pref_en": "Kagoshima Ken"}, "geometry": {"type": "MultiPolygon", "coordinates": [[[[130.21420288085903, 32.25026702880857], [130.21910095214804, 32.29166793823241], [130.25529479980503, 32.30633163452154], [130.26780700683602, 32.2802658081055], [130.23429870605503, 32.26233291625979], [130.24150085449193, 32.2532005310059], [130.22549438476602, 32.26200103759773], [130.21420288085903, 32.25026702880857]]], [[[130.15780639648398, 32.08980178833009], [130.11070251464798, 32.12580108642584], [130.11489868164097, 32.156532287597734], [130.09010314941403, 32.180000305175774], [130.12179565429696, 32.20013427734384], [130.10620117187497, 32.21459960937498], [130.13700866699196, 32.21353149414058], [130.15620422363298, 32.19526672363281], [130.14460754394497, 32.216735839843764], [130.15350341796898, 32.22806549072274], [130.16259765625, 32.21226882934573], [130.17419433593798, 32.229133605957045], [130.199600219727, 32.197467803955085], [130.184494018555, 32.164333343505916], [130.203399658203, 32.16960144042968], [130.208602905273, 32.155601501464766], [130.171005249023, 32.13406753540042], [130.176696777344, 32.117733001708984], [130.15780639648398, 32.08980178833009]]], [[[130.59080505371102, 32.18586730957026], [130.60980224609403, 32.186267852783175], [130.62179565429696, 32.15579986572267], [130.650695800781, 32.15106582641597], [130.654098510742, 32.135467529296875], [130.71969604492202, 32.1006011962891], [130.702499389648, 32.05820083618162], [130.77740478515594, 32.01393127441411], [130.79949951171903, 31.949333190917987], [130.865798950195, 31.933000564575234], [130.897399902344, 31.88680076599121], [130.91299438476602, 31.88566780090333], [130.874603271484, 31.842933654785202], [130.87609863281298, 31.815399169921857], [130.931106567383, 31.78540039062502], [130.98660278320295, 31.7791996002197], [130.97729492187497, 31.753200531005913], [131.014205932617, 31.74853324890138], [131.02510070800798, 31.66620063781737], [131.05310058593798, 31.633733749389595], [131.078308105469, 31.659666061401396], [131.12759399414102, 31.626333236694318], [131.16419982910196, 31.63906669616702], [131.18769836425798, 31.62346649169924], [131.20379638671898, 31.57853317260743], [131.188293457031, 31.557334899902326], [131.198593139648, 31.51433372497562], [131.16920471191398, 31.499799728393644], [131.15950012206997, 31.461599349975625], [131.10899353027304, 31.47599983215327], [131.055694580078, 31.441534042358402], [131.01849365234398, 31.39133262634283], [131.01710510253898, 31.356466293334964], [131.10749816894503, 31.33080101013183], [131.072998046875, 31.29146575927734], [131.078399658203, 31.272333145141587], [131.12179565429696, 31.28673362731932], [131.12660217285202, 31.275199890136665], [131.065902709961, 31.22806739807126], [131.01620483398398, 31.227800369262685], [130.98429870605497, 31.179800033569297], [130.99440002441398, 31.169466018676776], [130.97309875488304, 31.166866302490185], [130.97799682617196, 31.152532577514616], [130.95980834960903, 31.1371994018555], [130.871795654297, 31.094800949096705], [130.74679565429702, 31.060533523559567], [130.66059875488298, 30.994199752807564], [130.67790222167997, 31.052865982055714], [130.65290832519497, 31.069398880004876], [130.74699401855503, 31.139801025390593], [130.765502929688, 31.179599761962887], [130.75289916992202, 31.210266113281296], [130.78909301757804, 31.253198623657244], [130.80180358886696, 31.336532592773395], [130.75669860839804, 31.42126655578609], [130.697601318359, 31.462867736816428], [130.697402954102, 31.555265426635707], [130.63609313964798, 31.545867919921925], [130.59049987793003, 31.586532592773434], [130.62699890136696, 31.62100028991698], [130.677093505859, 31.62913322448732], [130.71569824218798, 31.602867126464776], [130.718994140625, 31.561666488647525], [130.705703735352, 31.55686759948734], [130.76420593261702, 31.56233406066892], [130.82189941406304, 31.65600013732909], [130.79389953613304, 31.701799392700206], [130.736999511719, 31.706733703613313], [130.72880554199202, 31.72466659545902], [130.68670654296898, 31.73500061035163], [130.62739562988304, 31.713068008422876], [130.60890197753903, 31.68273353576662], [130.61799621581997, 31.65653419494633], [130.560699462891, 31.595666885375998], [130.55790710449202, 31.546266555786065], [130.54670715332, 31.54899978637699], [130.527099609375, 31.523267745971687], [130.532196044922, 31.50686645507809], [130.517593383789, 31.503200531005874], [130.532897949219, 31.500932693481435], [130.530303955078, 31.483999252319276], [130.513595581055, 31.49386787414549], [130.512191772461, 31.477600097656314], [130.531692504883, 31.46980094909672], [130.511703491211, 31.46339988708499], [130.524505615234, 31.413667678832994], [130.55709838867202, 31.385601043701175], [130.541107177734, 31.385601043701175], [130.57040405273403, 31.313800811767592], [130.62179565429696, 31.275531768798817], [130.66670227050798, 31.266733169555675], [130.64860534667997, 31.24166679382318], [130.65490722656304, 31.21773338317874], [130.63009643554696, 31.211465835571342], [130.63929748535196, 31.191267013549787], [130.59379577636696, 31.178533554077084], [130.58619689941403, 31.15586662292477], [130.554306030273, 31.1780662536621], [130.51969909668, 31.165132522582986], [130.50570678710898, 31.177532196044858], [130.50750732421898, 31.213066101074208], [130.46229553222696, 31.249866485595682], [130.353103637695, 31.25006675720209], [130.29080200195295, 31.26893234252927], [130.27690124511696, 31.246599197387695], [130.23680114746102, 31.258865356445323], [130.21420288085903, 31.249065399169865], [130.22810363769503, 31.26779937744139], [130.213806152344, 31.273532867431634], [130.228698730469, 31.280466079711925], [130.20089721679702, 31.281999588012713], [130.199005126953, 31.29693222045901], [130.22320556640602, 31.310400009155273], [130.173004150391, 31.32346534729004], [130.208908081055, 31.346866607666005], [130.13050842285196, 31.41133308410639], [130.10560607910193, 31.41186714172363], [130.11329650878898, 31.423200607299787], [130.135299682617, 31.412866592407177], [130.157699584961, 31.439733505249038], [130.16920471191398, 31.419866561889634], [130.1875, 31.4099998474121], [130.192108154297, 31.4288005828857], [130.19099426269503, 31.40979957580569], [130.22470092773403, 31.398599624633775], [130.27160644531304, 31.42593383789062], [130.331695556641, 31.55520057678222], [130.31469726562497, 31.65826797485353], [130.29769897460898, 31.661800384521502], [130.27380371093804, 31.705934524536087], [130.252807617188, 31.709199905395483], [130.25180053710903, 31.730932235717827], [130.21249389648403, 31.755266189575174], [130.18550109863298, 31.748666763305714], [130.166000366211, 31.793800354003935], [130.223098754883, 31.91146659851071], [130.19999694824202, 31.986066818237294], [130.17280578613298, 31.991533279418874], [130.20579528808602, 32.05786514282229], [130.192398071289, 32.083866119384844], [130.171600341797, 32.07766723632812], [130.174606323242, 32.104534149169886], [130.223098754883, 32.127933502197266], [130.26559448242196, 32.1284675598145], [130.30810546874997, 32.108001708984375], [130.35139465332, 32.13579940795903], [130.360000610352, 32.16780090332031], [130.403503417969, 32.119667053222685], [130.45329284667997, 32.1133995056152], [130.47480773925804, 32.122131347656264], [130.47599792480497, 32.13886642456051], [130.538604736328, 32.13700103759766], [130.541397094727, 32.14926528930661], [130.58140563964804, 32.154598236084034], [130.59080505371102, 32.18586730957026]]], [[[129.871292114258, 31.800600051879893], [129.87179565429702, 31.820667266845707], [129.85649108886702, 31.821466445922933], [129.86509704589804, 31.83286666870117], [129.84489440918, 31.82979965209959], [129.841094970703, 31.849533081054663], [129.86430358886702, 31.858934402465803], [129.84680175781298, 31.855333328247074], [129.841903686523, 31.86966705322273], [129.834899902344, 31.837865829467763], [129.820297241211, 31.84373474121093], [129.834503173828, 31.882066726684602], [129.90939331054696, 31.84280014038087], [129.90739440918003, 31.86986732482914], [129.93099975585898, 31.864933013916033], [129.92660522460895, 31.8213329315186], [129.90330505371102, 31.824800491332997], [129.871292114258, 31.800600051879893]]], [[[129.827697753906, 31.774667739868182], [129.81030273437497, 31.798999786377028], [129.838104248047, 31.81893348693851], [129.844802856445, 31.80120086669921], [129.82490539550798, 31.78973388671881], [129.827697753906, 31.774667739868182]]], [[[129.71290588378903, 31.62159919738771], [129.70570373535202, 31.63666725158693], [129.688400268555, 31.62159919738771], [129.664993286133, 31.634267807006836], [129.65710449218798, 31.658533096313516], [129.68119812011702, 31.663265228271534], [129.70640563964804, 31.723066329956065], [129.77360534667994, 31.740400314331133], [129.78810119628898, 31.769332885742166], [129.78100585937497, 31.79073333740227], [129.798797607422, 31.7854671478271], [129.799896240234, 31.761667251586903], [129.76869201660196, 31.713466644287106], [129.73770141601602, 31.704401016235387], [129.74240112304696, 31.68686676025391], [129.72419738769503, 31.669866561889584], [129.73710632324196, 31.655200958252042], [129.71290588378903, 31.62159919738771]]], [[[129.92990112304696, 30.81180000305183], [129.90379333496094, 30.83853340148927], [129.93759155273398, 30.850599288940398], [129.96249389648398, 30.835199356079116], [129.92990112304696, 30.81180000305183]]], [[[130.94830322265594, 30.635200500488327], [130.93969726562503, 30.669866561889606], [130.97880554199196, 30.725599288940423], [130.99220275878898, 30.725065231323182], [131.00219726562497, 30.783666610717756], [131.055206298828, 30.83906745910642], [131.081497192383, 30.783666610717756], [131.077499389648, 30.69686698913571], [131.048904418945, 30.646867752075227], [131.054107666016, 30.6056671142578], [130.96189880371097, 30.479732513427674], [130.98019409179696, 30.39780044555657], [130.96650695800804, 30.39419937133793], [130.96690368652304, 30.372467041015586], [130.93789672851602, 30.375267028808587], [130.871307373047, 30.344400405883768], [130.849197387695, 30.46753501892089], [130.871795654297, 30.46586799621577], [130.92889404296903, 30.54393386840816], [130.95019531250003, 30.586534500122134], [130.94830322265594, 30.635200500488327]]], [[[130.27729797363304, 30.77226638793952], [130.26100158691403, 30.781467437744073], [130.26730346679696, 30.79279899597173], [130.30160522460898, 30.807933807373026], [130.31970214843795, 30.79540061950682], [130.27729797363304, 30.77226638793952]]], [[[130.850799560547, 30.725332260131758], [130.83619689941398, 30.7269325256348], [130.855804443359, 30.764865875244066], [130.866302490234, 30.741533279418856], [130.850799560547, 30.725332260131758]]], [[[130.209503173828, 30.42146682739261], [130.19450378418, 30.46039962768551], [130.16889953613298, 30.456800460815373], [130.144104003906, 30.490200042724616], [130.18949890136702, 30.4720668792725], [130.19889831543, 30.48206710815428], [130.26319885253903, 30.447933197021474], [130.26029968261696, 30.432867050170934], [130.209503173828, 30.42146682739261]]], [[[130.52160644531298, 30.226266860961918], [130.43550109863304, 30.240266799926832], [130.41299438476602, 30.265068054199165], [130.375900268555, 30.372467041015586], [130.379501342773, 30.392934799194308], [130.41639709472702, 30.395401000976566], [130.46260070800804, 30.43580055236818], [130.46310424804696, 30.456533432006797], [130.495407104492, 30.455400466918917], [130.496795654297, 30.469066619873], [130.49929809570298, 30.452266693115174], [130.54179382324202, 30.446399688720685], [130.66970825195298, 30.372467041015586], [130.64970397949196, 30.295467376709], [130.58169555664102, 30.23866653442379], [130.52160644531298, 30.226266860961918]]], [[[129.93080139160196, 29.948999404907198], [129.89900207519503, 29.975400924682575], [129.91499328613304, 30.006799697876044], [129.94549560546898, 29.960399627685522], [129.93080139160196, 29.948999404907198]]], [[[129.87179565429702, 29.816066741943384], [129.83659362793, 29.849666595459038], [129.849395751953, 29.882600784301797], [129.89089965820304, 29.869667053222685], [129.91610717773403, 29.82439994812013], [129.87179565429702, 29.816066741943384]]], [[[129.70590209960903, 29.602199554443423], [129.684494018555, 29.653667449951207], [129.74119567871097, 29.669866561889627], [129.73730468750003, 29.637199401855533], [129.70590209960903, 29.602199554443423]]], [[[129.60360717773398, 29.444532394409176], [129.58349609374997, 29.46193313598632], [129.59300231933597, 29.476333618164144], [129.61880493164097, 29.451066970825238], [129.60360717773398, 29.444532394409176]]], [[[129.21969604492196, 29.12673377990719], [129.18699645996102, 29.154867172241175], [129.21890258789102, 29.157466888427678], [129.21969604492196, 29.12673377990719]]], [[[129.645294189453, 28.43339920043954], [129.650604248047, 28.42173385620123], [129.657699584961, 28.434799194335906], [129.64739990234398, 28.467666625976587], [129.671005249023, 28.44093322753906], [129.669998168945, 28.467866897582997], [129.64489746093798, 28.497665405273423], [129.6748046875, 28.525600433349588], [129.687896728516, 28.529800415039134], [129.69419860839804, 28.490467071533235], [129.717407226563, 28.47459983825679], [129.70799255371102, 28.420667648315426], [129.664093017578, 28.397733688354535], [129.61320495605497, 28.39986801147464], [129.56059265136696, 28.332468032836925], [129.53309631347702, 28.327199935913075], [129.542602539063, 28.310132980346673], [129.481094360352, 28.28833389282234], [129.46170043945298, 28.29606628417968], [129.44209289550798, 28.24640083312994], [129.40629577636696, 28.249134063720685], [129.474594116211, 28.209066390991225], [129.40249633789094, 28.1905326843262], [129.40029907226602, 28.15346717834474], [129.33610534668, 28.168132781982372], [129.36390686035202, 28.149868011474602], [129.37660217285202, 28.109399795532234], [129.35740661621102, 28.135467529296868], [129.331802368164, 28.12919998168947], [129.29460144042997, 28.148332595825224], [129.28089904785196, 28.197065353393583], [129.26229858398398, 28.18246650695803], [129.291595458984, 28.22266769409182], [129.26390075683597, 28.214666366577138], [129.27479553222696, 28.232065200805692], [129.25300598144497, 28.2326679229736], [129.24679565429696, 28.203067779540994], [129.21620178222702, 28.22873497009281], [129.18310546875003, 28.221332550048764], [129.133697509766, 28.25373268127437], [129.17990112304702, 28.269666671752894], [129.20790100097702, 28.251934051513686], [129.22430419921903, 28.272600173950227], [129.24679565429696, 28.25246620178216], [129.272506713867, 28.260799407958995], [129.292297363281, 28.284265518188537], [129.264694213867, 28.289333343505888], [129.26370239257798, 28.273933410644517], [129.24870300292994, 28.274532318115156], [129.20980834960903, 28.306200027465792], [129.302703857422, 28.32933235168459], [129.33729553222702, 28.367132186889613], [129.36570739746102, 28.354066848754936], [129.38619995117193, 28.372867584228537], [129.39819335937497, 28.35553359985347], [129.40980529785193, 28.363533020019474], [129.39390563964804, 28.38540077209474], [129.44900512695298, 28.38146591186518], [129.461502075195, 28.412599563598576], [129.475494384766, 28.39966773986823], [129.488098144531, 28.411867141723604], [129.49679565429702, 28.37993431091307], [129.52169799804702, 28.399066925048825], [129.517105102539, 28.440200805664087], [129.54310607910202, 28.46193504333502], [129.56059265136696, 28.448534011840835], [129.62109374999997, 28.476999282836882], [129.58900451660196, 28.413534164428725], [129.61940002441398, 28.450000762939457], [129.621795654297, 28.415933609008817], [129.645294189453, 28.43339920043954]]], [[[129.94450378417994, 28.27386665344244], [129.915405273438, 28.295066833496133], [129.91879272460898, 28.31960105895998], [129.94960021972696, 28.325866699218786], [130.00830078125, 28.374599456787056], [130.029403686523, 28.371400833129915], [130.033203125, 28.35646629333503], [130.000503540039, 28.33653259277337], [129.97669982910196, 28.28720092773437], [129.94450378417994, 28.27386665344244]]], [[[129.20730590820304, 28.28213500976561], [129.17779541015602, 28.296400070190423], [129.18310546875003, 28.30606651306146], [129.21240234375003, 28.296133041381758], [129.22079467773398, 28.28386688232422], [129.20730590820304, 28.28213500976561]]], [[[129.317398071289, 28.061466217041012], [129.321105957031, 28.09519958496091], [129.290603637695, 28.089866638183572], [129.283905029297, 28.062400817871072], [129.26150512695298, 28.07753372192378], [129.25180053710898, 28.11039924621578], [129.21580505371102, 28.07579994201658], [129.21879577636696, 28.139066696167006], [129.19400024414102, 28.145067214965827], [129.174499511719, 28.186800003051818], [129.23750305175804, 28.193466186523356], [129.20199584960903, 28.18073272705083], [129.23719787597696, 28.150533676147496], [129.25459289550798, 28.17379951477054], [129.25849914550795, 28.157133102416957], [129.26840209960898, 28.167133331298825], [129.27380371093804, 28.151000976562482], [129.24380493164094, 28.148132324218814], [129.26020812988304, 28.144001007080114], [129.24259948730494, 28.138401031494112], [129.24430847168003, 28.121599197387695], [129.27409362792997, 28.141201019287113], [129.25939941406304, 28.116399765014602], [129.285995483398, 28.124467849731364], [129.29389953613298, 28.106866836547898], [129.30130004882798, 28.121000289916967], [129.319900512695, 28.100400924682592], [129.343902587891, 28.11513328552248], [129.352905273438, 28.102600097656275], [129.317398071289, 28.061466217041012]]], [[[129.148101806641, 28.01333236694338], [129.14790344238298, 28.04906654357914], [129.17050170898403, 28.067934036254908], [129.17700195312503, 28.048999786376974], [129.148101806641, 28.01333236694338]]], [[[129.25689697265597, 28.00506782531739], [129.21189880371102, 28.021934509277294], [129.21260070800804, 28.05419921874998], [129.23530578613304, 28.03046607971186], [129.26699829101597, 28.034866333007816], [129.25689697265597, 28.00506782531739]]], [[[128.90199279785196, 27.752532958984425], [128.87809753418003, 27.82559967041022], [128.88870239257804, 27.881065368652283], [128.90370178222696, 27.893266677856424], [128.970703125, 27.891532897949226], [128.974700927734, 27.871999740600565], [128.955795288086, 27.862932205200167], [128.970199584961, 27.852066040039084], [128.96760559082, 27.81773376464837], [129.03500366210903, 27.77126693725586], [129.02009582519503, 27.717399597167983], [128.98600769043, 27.669599533081094], [128.93640136718798, 27.660732269287106], [128.88110351562503, 27.720132827758817], [128.90199279785196, 27.752532958984425]]], [[[128.57629394531298, 27.400533676147468], [128.629302978516, 27.407533645629925], [128.68949890136696, 27.439533233642624], [128.71229553222696, 27.434400558471697], [128.63459777832003, 27.365200042724616], [128.56590270996097, 27.327533721923842], [128.51930236816403, 27.3715324401855], [128.53230285644497, 27.40446662902826], [128.57629394531298, 27.400533676147468]]], [[[128.442596435547, 27.018600463867166], [128.39909362792997, 27.03486633300784], [128.39619445800798, 27.0500679016113], [128.438705444336, 27.065067291259766], [128.455703735352, 27.02733421325682], [128.442596435547, 27.018600463867166]]]]}}, {"type": "Feature", "properties": {"pref_code": 15, "pref_ja": "新潟県", "pref_en": "Niigata Ken"}, "geometry": {"type": "MultiPolygon", "coordinates": [[[[139.548202514648, 38.553398132324205], [139.59880065918, 38.52339935302728], [139.721893310547, 38.496601104736264], [139.706100463867, 38.3918685913086], [139.722503662109, 38.39426803588869], [139.75309753418, 38.35973358154298], [139.84890747070295, 38.34299850463873], [139.90010070800798, 38.276065826416], [139.86050415039097, 38.23166656494143], [139.78669738769503, 38.192867279052685], [139.712707519531, 38.20660018920902], [139.68260192871097, 38.1698684692383], [139.69329833984398, 38.11546707153319], [139.67230224609395, 38.077068328857436], [139.69140624999997, 38.07460021972659], [139.69279479980497, 38.05720138549803], [139.65550231933597, 38.03433227539063], [139.62489318847702, 37.91866683959963], [139.65739440917997, 37.863666534423785], [139.68110656738304, 37.84719848632811], [139.711395263672, 37.8545341491699], [139.74150085449202, 37.817932128906335], [139.65789794921903, 37.75473403930658], [139.62429809570304, 37.709800720214766], [139.62730407714804, 37.68853378295899], [139.549407958984, 37.648799896240185], [139.548797607422, 37.611331939697315], [139.56510925293, 37.59759902954098], [139.566101074219, 37.54606628417971], [139.590606689453, 37.527999877929666], [139.585205078125, 37.51306533813478], [139.564300537109, 37.502265930175774], [139.42849731445304, 37.51440048217766], [139.397598266602, 37.46006774902339], [139.36230468749997, 37.47006607055658], [139.223098754883, 37.449001312255895], [139.19720458984398, 37.41093444824221], [139.231704711914, 37.38773345947274], [139.233596801758, 37.343868255615234], [139.217803955078, 37.334266662597685], [139.211898803711, 37.285999298095724], [139.16479492187497, 37.23799896240234], [139.196594238281, 37.1941986083984], [139.221206665039, 37.208999633789134], [139.25340270996102, 37.164798736572294], [139.236099243164, 37.11619949340818], [139.26010131835903, 37.04713439941411], [139.240997314453, 36.9414672851563], [139.228302001953, 36.96133422851561], [139.18029785156298, 36.96466827392577], [139.17190551757798, 37.0002670288086], [139.09700012207003, 37.05879974365233], [139.09019470214804, 37.01959991455077], [139.04699707031298, 36.987468719482415], [138.96649169921898, 36.97886657714841], [138.97900390624997, 36.89106750488282], [138.92300415039102, 36.88346862792972], [138.91619873046903, 36.85100173950204], [138.92840576171903, 36.83259963989258], [138.82150268554696, 36.81706619262696], [138.83129882812497, 36.793731689453075], [138.820892333984, 36.76406860351557], [138.78939819335898, 36.7449989318848], [138.72630310058602, 36.763801574706996], [138.702606201172, 36.73686599731447], [138.66920471191398, 36.77633285522461], [138.69560241699202, 36.80753326416017], [138.68020629882798, 36.82220077514648], [138.690902709961, 36.85720062255859], [138.58949279785193, 36.91406631469729], [138.58639526367196, 36.98740005493157], [138.565795898438, 37.02140045166022], [138.513702392578, 37.02973175048829], [138.39469909668003, 36.99733352661127], [138.34309387207, 36.92093276977541], [138.298400878906, 36.913066864013736], [138.28889465331997, 36.84740066528322], [138.27140808105503, 36.84306716918952], [138.25489807128903, 36.86999893188478], [138.21359252929702, 36.870265960693445], [138.16589355468798, 36.84479904174804], [138.11520385742196, 36.850467681884794], [138.05279541015594, 36.8001327514648], [138.00329589843798, 36.82666778564451], [138.03129577636702, 36.878200531005874], [138.013702392578, 36.903865814209006], [137.86880493164102, 36.91606521606447], [137.86180114746102, 36.89226531982418], [137.876403808594, 36.867198944091776], [137.83110046386702, 36.808933258056626], [137.762496948242, 36.76639938354491], [137.72990417480503, 36.82686614990233], [137.73320007324196, 36.87006759643553], [137.71359252929696, 36.89153289794921], [137.71099853515594, 36.94459915161127], [137.667495727539, 36.950332641601605], [137.634902954102, 36.980331420898445], [137.90899658203097, 37.060001373290966], [138.05099487304702, 37.130268096923764], [138.10169982910196, 37.174400329589844], [138.149002075195, 37.16213226318363], [138.21630859375003, 37.169868469238324], [138.24679565429696, 37.181533813476634], [138.25500488281304, 37.20753097534183], [138.24949645996097, 37.182468414306605], [138.43629455566398, 37.3241310119629], [138.55400085449202, 37.37826538085944], [138.61720275878895, 37.48366546630859], [138.71220397949202, 37.55806732177726], [138.74679565429702, 37.604000091552706], [138.78779602050804, 37.725868225097706], [138.840194702148, 37.81420135498054], [139.06959533691403, 37.95233154296877], [139.230499267578, 37.99459838867191], [139.371795654297, 38.10599899291988], [139.42739868164102, 38.177265167236314], [139.45039367675804, 38.23893356323237], [139.45739746093804, 38.3964653015137], [139.548202514648, 38.553398132324205]]], [[[139.222396850586, 38.436935424804744], [139.224700927734, 38.465332031250036], [139.26510620117202, 38.48873138427732], [139.222396850586, 38.436935424804744]]], [[[138.24490356445304, 37.802665710449205], [138.205993652344, 37.82806777954104], [138.27220153808597, 37.85193252563481], [138.28869628906304, 37.88420104980467], [138.28489685058597, 37.919864654540994], [138.34309387207, 37.964466094970746], [138.30139160156298, 38.00699996948237], [138.27439880371097, 38.003200531005916], [138.25489807128903, 37.9650001525879], [138.22859191894494, 37.97953414916987], [138.23379516601602, 38.00933456420898], [138.22149658203102, 38.02220153808592], [138.23950195312503, 38.030265808105504], [138.24229431152304, 38.08746719360354], [138.28970336914097, 38.134067535400376], [138.32510375976597, 38.19873428344726], [138.43899536132795, 38.26553344726557], [138.45890808105494, 38.32139968872072], [138.51460266113298, 38.3324661254883], [138.49279785156298, 38.20399856567384], [138.45050048828097, 38.14753341674796], [138.43490600585895, 38.08653259277339], [138.48210144042997, 38.06240081787113], [138.56239318847702, 38.088066101074176], [138.57350158691403, 38.06346511840816], [138.546401977539, 38.00833511352543], [138.50019836425798, 37.92073440551757], [138.47030639648398, 37.89706420898444], [138.354904174805, 37.829799652099645], [138.24490356445304, 37.802665710449205]]]]}}, {"type": "Feature", "properties": {"pref_code": 39, "pref_ja": "高知県", "pref_en": "Kochi Ken"}, "geometry": {"type": "MultiPolygon", "coordinates": [[[[133.58259582519497, 33.86759948730466], [133.6455078125, 33.88299942016603], [133.74679565429696, 33.83679962158201], [133.83859252929702, 33.84460067749019], [133.87179565429702, 33.805999755859446], [133.91310119628903, 33.79146575927729], [133.94090270996097, 33.79913330078132], [133.96040344238298, 33.834735870361335], [133.983993530273, 33.840801239013736], [133.996795654297, 33.82099914550782], [134.03239440918, 33.828266143798764], [134.06730651855503, 33.726200103759766], [134.057495117188, 33.69079971313484], [134.174301147461, 33.683601379394474], [134.183502197266, 33.64886856079103], [134.14920043945298, 33.629131317138686], [134.19270324707, 33.56153488159183], [134.30599975585898, 33.552734375], [134.208404541016, 33.39473342895511], [134.176605224609, 33.243465423584], [134.14920043945298, 33.28606796264648], [134.10859680175804, 33.29586791992193], [134.10209655761696, 33.32699966430656], [134.038696289063, 33.37046813964843], [134.03059387207003, 33.41220092773442], [133.959197998047, 33.44219970703134], [133.93429565429696, 33.486598968505916], [133.76860046386696, 33.515533447265625], [133.72900390625003, 33.5380668640137], [133.56440734863304, 33.50080108642583], [133.56039428710898, 33.55253219604492], [133.54589843750003, 33.51786804199223], [133.57389831543003, 33.495666503906314], [133.43170166015597, 33.43693542480467], [133.42469787597696, 33.44886779785156], [133.39810180664102, 33.44486618041992], [133.40539550781304, 33.43233489990231], [133.35040283203102, 33.41759872436524], [133.40260314941403, 33.41446685791018], [133.41589355468804, 33.438934326171946], [133.46159362793, 33.4308662414551], [133.45719909667997, 33.419868469238274], [133.40579223632798, 33.3973350524902], [133.34260559082003, 33.39853286743157], [133.318099975586, 33.3549995422363], [133.323806762695, 33.377532958984375], [133.289108276367, 33.38199996948241], [133.303894042969, 33.39053344726556], [133.28860473632798, 33.40533447265629], [133.29389953613298, 33.38833236694338], [133.25830078124997, 33.365066528320334], [133.26330566406304, 33.34033203124999], [133.23089599609403, 33.323532104492166], [133.260299682617, 33.310134887695334], [133.23789978027298, 33.29586791992193], [133.26280212402298, 33.25759887695307], [133.24679565429696, 33.24819946289061], [133.25579833984398, 33.22606658935553], [133.23840332031304, 33.21626663208008], [133.23989868164097, 33.19693374633791], [133.20970153808602, 33.18280029296884], [133.22239685058597, 33.153133392333984], [133.19140625000003, 33.16713333129881], [133.16999816894503, 33.15019989013674], [133.141006469727, 33.09713363647459], [133.104293823242, 33.07246780395509], [133.09370422363298, 33.02333450317382], [133.03959655761696, 33.03786468505862], [133.011108398438, 33.015064239501974], [132.99209594726602, 32.95166778564448], [133.00869750976602, 32.88193130493157], [132.993103027344, 32.86233139038092], [132.948593139648, 32.856468200683615], [132.95219421386702, 32.81273269653317], [133.001098632813, 32.78726577758794], [133.01980590820304, 32.723800659179695], [132.96630859375, 32.72913360595703], [132.970596313477, 32.74679946899408], [132.952499389648, 32.76419830322272], [132.969100952148, 32.777267456054666], [132.945404052734, 32.76493453979487], [132.93569946289097, 32.78653335571288], [132.88040161132804, 32.78973388671879], [132.86880493164102, 32.765800476074176], [132.86129760742196, 32.790267944335945], [132.80229187011702, 32.747131347656314], [132.770294189453, 32.761665344238295], [132.756393432617, 32.753200531005895], [132.71089172363304, 32.798332214355526], [132.628005981445, 32.76373291015632], [132.64379882812503, 32.786865234375036], [132.62609863281298, 32.795734405517614], [132.655700683594, 32.80093383789062], [132.643997192383, 32.819999694824205], [132.672805786133, 32.84120178222658], [132.65600585937503, 32.85279846191413], [132.69540405273403, 32.88646697998054], [132.72079467773398, 32.880466461181626], [132.70399475097696, 32.89453125000003], [132.72019958496097, 32.89706802368163], [132.70750427246097, 32.9258689880371], [132.65460205078102, 32.924865722656286], [132.651794433594, 32.9390678405762], [132.67790222168003, 32.943199157714815], [132.69079589843804, 32.973865509033224], [132.67539978027304, 33.03966522216798], [132.65699768066403, 33.05699920654296], [132.66870117187503, 33.071666717529276], [132.66270446777304, 33.10893249511723], [132.62890625, 33.13233184814452], [132.618896484375, 33.18086624145506], [132.634902954102, 33.186332702636726], [132.69549560546903, 33.13833236694343], [132.74090576171898, 33.20066452026371], [132.774993896484, 33.20619964599613], [132.77239990234398, 33.2416687011719], [132.793304443359, 33.27453231811523], [132.89979553222696, 33.320667266845675], [132.89500427246097, 33.34873580932617], [132.86059570312503, 33.367465972900426], [132.806304931641, 33.46046829223629], [132.84739685058602, 33.47906875610349], [132.955703735352, 33.466266632080114], [133.01480102539102, 33.480800628662095], [133.06300354003895, 33.54346847534179], [133.04600524902304, 33.57540130615232], [133.07899475097696, 33.60860061645507], [133.06759643554696, 33.619934082031314], [133.07679748535196, 33.653400421142635], [133.116104125977, 33.66033554077152], [133.120101928711, 33.691066741943416], [133.144393920898, 33.70553207397464], [133.15730285644503, 33.750198364257784], [133.19320678710903, 33.79366683959956], [133.23649597167997, 33.7827987670898], [133.27670288085898, 33.83079910278319], [133.32580566406298, 33.8145332336426], [133.35519409179702, 33.8342018127441], [133.39140319824196, 33.8246688842773], [133.41540527343804, 33.83966827392577], [133.49679565429702, 33.829334259033246], [133.53909301757804, 33.87739944458012], [133.58259582519497, 33.86759948730466]]], [[[132.54260253906304, 32.70226669311517], [132.54409790039097, 32.75460052490226], [132.57080078124997, 32.73559951782234], [132.57139587402298, 32.71699905395506], [132.54260253906304, 32.70226669311517]]]]}}, {"type": "Feature", "properties": {"pref_code": 45, "pref_ja": "宮崎県", "pref_en": "Miyazaki Ken"}, "geometry": {"type": "MultiPolygon", "coordinates": [[[[131.50770568847696, 32.773998260498], [131.56640625, 32.7542686462402], [131.59159851074202, 32.77513504028324], [131.70779418945298, 32.771598815918], [131.736801147461, 32.832866668701236], [131.76739501953102, 32.83846664428706], [131.79299926757804, 32.82186889648441], [131.85789489746097, 32.82133483886717], [131.84710693359403, 32.73613357543949], [131.88510131835898, 32.745666503906286], [131.85879516601597, 32.7331314086914], [131.86430358886696, 32.7162017822266], [131.84930419921903, 32.71913146972658], [131.85040283203097, 32.693332672119105], [131.82589721679696, 32.706268310546896], [131.79010009765602, 32.66293334960936], [131.778106689453, 32.67413330078128], [131.76330566406298, 32.641868591308594], [131.750198364258, 32.645534515380895], [131.772399902344, 32.63393402099607], [131.753601074219, 32.60166549682621], [131.69319152832, 32.5677337646484], [131.68479919433597, 32.5084686279297], [131.71339416503898, 32.51966857910162], [131.70979309082, 32.50220108032231], [131.72770690917997, 32.492599487304666], [131.69410705566398, 32.46926879882814], [131.65829467773398, 32.48260116577148], [131.65589904785193, 32.44699859619137], [131.64140319824196, 32.438800811767635], [131.66329956054696, 32.449001312255916], [131.67059326171895, 32.437133789062514], [131.67350769043003, 32.45386886596677], [131.67759704589798, 32.43006896972657], [131.65409851074196, 32.42706680297848], [131.68789672851597, 32.42259979248054], [131.64199829101602, 32.40700149536126], [131.62739562988304, 32.34293365478519], [131.610794067383, 32.338466644287074], [131.583099365234, 32.2869338989258], [131.46319580078097, 31.913799285888725], [131.48159790039102, 31.919866561889624], [131.46179199218804, 31.90673446655269], [131.45370483398403, 31.81813240051269], [131.48739624023398, 31.785533905029265], [131.45750427246102, 31.709266662597738], [131.46780395507804, 31.686399459838924], [131.44949340820304, 31.679800033569286], [131.46850585937503, 31.645133972168008], [131.410598754883, 31.59239959716801], [131.411392211914, 31.56986618041994], [131.40010070800798, 31.58153343200684], [131.395599365234, 31.557533264160234], [131.381103515625, 31.55520057678222], [131.38439941406298, 31.510467529296907], [131.371795654297, 31.517465591430685], [131.37220764160196, 31.506799697876012], [131.388000488281, 31.48466682434076], [131.36169433593798, 31.469867706298796], [131.370697021484, 31.430732727050806], [131.33180236816398, 31.395200729370135], [131.34880065917997, 31.37179946899408], [131.33659362792997, 31.360733032226587], [131.30859374999997, 31.390333175659194], [131.255004882813, 31.380199432372994], [131.23590087890602, 31.4043350219727], [131.241104125977, 31.42673301696776], [131.20350646972696, 31.453533172607365], [131.16029357910196, 31.45966720581052], [131.16920471191398, 31.499799728393644], [131.198593139648, 31.51433372497562], [131.188293457031, 31.557334899902326], [131.20379638671898, 31.57853317260743], [131.18769836425798, 31.62346649169924], [131.16419982910196, 31.63906669616702], [131.11489868164102, 31.62986755371088], [131.078308105469, 31.659666061401396], [131.05310058593798, 31.633733749389595], [131.02510070800798, 31.66620063781737], [131.014205932617, 31.74853324890138], [130.97729492187497, 31.753200531005913], [130.98660278320295, 31.7791996002197], [130.931106567383, 31.78540039062502], [130.87609863281298, 31.815399169921857], [130.874603271484, 31.842933654785202], [130.91299438476602, 31.88566780090333], [130.897399902344, 31.88680076599121], [130.865798950195, 31.933000564575234], [130.79949951171903, 31.949333190917987], [130.77740478515594, 32.01393127441411], [130.70300292968798, 32.05746841430656], [130.703598022461, 32.07839965820309], [130.734298706055, 32.10873413085943], [130.82020568847696, 32.094867706298764], [130.856506347656, 32.0995330810547], [130.904403686523, 32.13313293457027], [130.93280029296903, 32.116199493408196], [130.97239685058597, 32.12113189697271], [131.01269531249997, 32.17380142211913], [131.05830383300798, 32.15533447265628], [131.108108520508, 32.15993499755864], [131.09970092773403, 32.20140075683588], [131.04150390625, 32.25019836425781], [131.05029296875, 32.28626632690432], [131.077896118164, 32.281265258789134], [131.11050415039102, 32.328468322753885], [131.073501586914, 32.35746765136717], [131.066497802734, 32.40739822387699], [131.042205810547, 32.40906524658202], [131.01899719238298, 32.43946838378912], [131.00619506835898, 32.49253463745118], [131.02490234374997, 32.52086639404298], [131.018600463867, 32.54906845092773], [131.03900146484398, 32.55653381347658], [131.05029296875, 32.586532592773416], [131.107299804688, 32.583068847656286], [131.11619567871102, 32.6427345275879], [131.14289855956997, 32.676067352294886], [131.17469787597696, 32.672534942627], [131.17880249023398, 32.71113204956048], [131.23419189453102, 32.74420166015634], [131.244400024414, 32.77133178710942], [131.234405517578, 32.78113174438479], [131.26489257812503, 32.82619857788093], [131.33959960937497, 32.833133697509815], [131.36549377441398, 32.80340194702146], [131.47439575195304, 32.83713150024409], [131.51679992675795, 32.80026626586913], [131.50770568847696, 32.773998260498]]]]}}, {"type": "Feature", "properties": {"pref_code": 14, "pref_ja": "神奈川県", "pref_en": "Kanagawa Ken"}, "geometry": {"type": "MultiPolygon", "coordinates": [[[[139.13099670410196, 35.671798706054695], [139.16169738769497, 35.667865753173814], [139.179901123047, 35.64553451538092], [139.21569824218798, 35.6460647583008], [139.25289916992202, 35.60186767578132], [139.28219604492196, 35.6129989624023], [139.39860534668, 35.58440017700201], [139.46780395507804, 35.50220108032233], [139.48500061035196, 35.50386428833009], [139.47320556640597, 35.576267242431584], [139.49000549316395, 35.58406448364259], [139.48959350585898, 35.56153106689452], [139.50720214843804, 35.575733184814524], [139.44929504394494, 35.611797332763665], [139.46299743652304, 35.62493133544919], [139.49679565429696, 35.60480117797848], [139.52540588378898, 35.642665863037074], [139.66529846191398, 35.58893203735353], [139.70249938964798, 35.55386734008793], [139.701797485352, 35.53720092773444], [139.757507324219, 35.54420089721681], [139.78979492187503, 35.52666854858401], [139.79423522949202, 35.511779785156264], [139.776306152344, 35.50953292846676], [139.75199890136702, 35.53306579589838], [139.764907836914, 35.511600494384794], [139.751800537109, 35.509468078613274], [139.751403808594, 35.52366638183592], [139.733901977539, 35.500465393066364], [139.725006103516, 35.51693344116213], [139.731796264648, 35.49953460693357], [139.720306396484, 35.494266510009815], [139.722793579102, 35.50826644897464], [139.69630432128898, 35.483867645263715], [139.68850708007798, 35.49520111083979], [139.68190002441398, 35.47319793701168], [139.63215637207, 35.465950012206996], [139.63270568847702, 35.451999664306584], [139.66029357910196, 35.44120025634766], [139.67430114746097, 35.44960021972658], [139.67550659179696, 35.43146514892578], [139.69070434570298, 35.43920135498048], [139.66970825195304, 35.40273284912107], [139.63180541992202, 35.410533905029254], [139.64549255371097, 35.402866363525405], [139.62210083007804, 35.39599990844728], [139.63200378418003, 35.38226699829103], [139.65339660644497, 35.3872680664063], [139.65650939941403, 35.37266540527339], [139.65699768066398, 35.34159851074216], [139.62249755859403, 35.33200073242188], [139.66079711914097, 35.32813262939449], [139.63400268554693, 35.29506683349607], [139.66059875488304, 35.28313446044919], [139.67179870605497, 35.30093383789056], [139.690994262695, 35.26726531982424], [139.746597290039, 35.25320053100593], [139.71760559082, 35.247131347656264], [139.725006103516, 35.211868286132756], [139.65650939941403, 35.18500137329099], [139.67799377441398, 35.139331817627024], [139.61090087890602, 35.14099884033197], [139.61070251464804, 35.162933349609396], [139.62680053710903, 35.162799835205064], [139.59979248046903, 35.19480133056644], [139.62750244140594, 35.215465545654304], [139.576400756836, 35.25320053100593], [139.569305419922, 35.29366683959962], [139.53550720214798, 35.30879974365232], [139.47770690918003, 35.297531127929744], [139.47650146484403, 35.31153488159184], [139.43800354003903, 35.31886672973627], [139.24679565429702, 35.291534423828104], [139.14770507812497, 35.240665435791044], [139.13729858398398, 35.178798675537074], [139.16099548339798, 35.14099884033197], [139.028701782227, 35.1506004333496], [139.026107788086, 35.17553329467768], [138.987594604492, 35.2011985778809], [138.97599792480497, 35.23559951782229], [138.97520446777298, 35.261734008789084], [139.018692016602, 35.32979965209961], [139.00170898437497, 35.39879989624019], [138.91740417480503, 35.4099998474121], [138.93719482421903, 35.44886398315434], [139.026596069336, 35.48080062866214], [139.046096801758, 35.50973129272458], [139.08520507812503, 35.512065887451186], [139.11299133300804, 35.53739929199217], [139.12910461425804, 35.56373214721679], [139.13429260253898, 35.6162643432617], [139.11779785156304, 35.65313339233402], [139.13099670410196, 35.671798706054695]]], [[[139.714599609375, 35.4858665466309], [139.73449707031298, 35.49473190307621], [139.741882324219, 35.47700500488277], [139.712707519531, 35.4640655517578], [139.7001953125, 35.47859954833978], [139.714599609375, 35.4858665466309]]]]}}]}