pref_code,month,min_minutes,best_dep,best_arr,n_reachable,gravity,foreign_total,korea,korea_uncertain,pref_ja,pref_en,lat,lon,korea_share,log_foreign,korea_share_pred,korea_share_resid,korea_share_ratio,korea_pred,korea_resid,korea_ratio
1,1,336.9262086374848,ICN,AKJ,1,1.2888942169593551,1724790.0,284170.0,False,北海道,Hokkai Do,43.384150270057226,142.5717760544173,0.1647562891714353,14.360615861906354,0.07806065593621683,0.7469811819919485,2.1106188155279817,105267.32493216298,0.9930695841783912,2.69950813496141
1,2,336.9262086374848,ICN,AKJ,1,1.120290433951457,1487940.0,229920.0,False,北海道,Hokkai Do,43.384150270057226,142.5717760544173,0.1545223597725714,14.212903170981551,0.07473243615018399,0.7264245925424355,2.0676745966375267,87289.21124771742,0.9685045496224785,2.634002492559038
1,3,336.9262086374848,ICN,AKJ,1,1.1356635599257396,834450.0,133840.0,False,北海道,Hokkai Do,43.384150270057226,142.5717760544173,0.1603930732818023,13.63452810417155,0.06141723205180405,0.9599370623841765,2.6115321046463698,42239.243443907144,1.1532953283333143,3.168617358825018
1,4,336.9262086374848,ICN,AKJ,1,0.7147503816968879,555150.0,83480.0,False,北海道,Hokkai Do,43.384150270057226,142.5717760544173,0.1503737728541835,13.226993626482411,0.054133155614460124,1.021677157620894,2.7778497511793945,25906.42943829369,1.1701159034494122,3.2223661002316177
1,5,336.9262086374848,ICN,AKJ,1,0.8263769475078693,603730.0,125580.0,False,北海道,Hokkai Do,43.384150270057226,142.5717760544173,0.2080068904974077,13.310882357106236,0.06699331087441836,1.1329784298323982,3.1048904402907476,34138.92552877042,1.3025047613172696,3.6784988998604558
1,6,336.9262086374848,ICN,AKJ,1,1.1394833120177317,689740.0,196590.0,False,北海道,Hokkai Do,43.384150270057226,142.5717760544173,0.2850204424855743,13.444069993967911,0.07057931031732519,1.395823859161082,4.038300193131953,40168.0722177661,1.588047885095726,4.894185584366919
1,7,336.9262086374848,ICN,AKJ,1,1.275998045933985,917720.0,268920.0,False,北海道,Hokkai Do,43.384150270057226,142.5717760544173,0.2930305539816066,13.729647612184099,0.056690730104850345,1.6426661762275672,5.168932441682128,41968.747145860776,1.8574887118836223,6.407625156533233
1,8,336.9262086374848,ICN,AKJ,1,1.2954416459366005,800270.0,257930.0,False,北海道,Hokkai Do,43.384150270057226,142.5717760544173,0.3223037224936584,13.59270444970975,0.05598675227046948,1.750379242383244,5.756785479118767,36380.44599546081,1.9586567979055278,7.089797635580997
1,9,392.5219285032079,PUS,CTS,0,0.9696369433821408,579790.0,153170.0,False,北海道,Hokkai Do,43.384150270057226,142.5717760544173,0.2641818589489297,13.27042124799429,0.03254456222497987,2.094027430088203,8.117542252455143,15438.202481310784,2.2947032974613446,9.921491843718524
1,10,336.9262086374848,ICN,AKJ,1,1.0847456481888709,811040.0,178980.0,False,北海道,Hokkai Do,43.384150270057226,142.5717760544173,0.2206796212270664,13.606072653706176,0.06688672421531104,1.1937114667934454,3.2993037679149886,45463.367168593664,1.3703671832524726,3.936795955659887
1,11,392.5219285032079,PUS,CTS,0,0.9534089019571906,649760.0,159080.0,False,北海道,Hokkai Do,43.384150270057226,142.5717760544173,0.2448288598867274,13.384358342920125,0.03036102179022959,2.0873998276178902,8.063920298147384,16427.474196185194,2.270452031320268,9.683777195458436
1,12,392.5219285032079,PUS,CTS,0,1.328249023983141,1556600.0,304030.0,False,北海道,Hokkai Do,43.384150270057226,142.5717760544173,0.1953167159193113,14.258014513507424,0.03436294661463093,1.737643574645865,5.683933863696954,41549.33872799095,1.9902447746634415,7.3173246387957835
2,1,298.93258417488704,ICN,AOJ,1,0.323644346171921,47500.0,4450.0,False,青森県,Aomori Ken,40.78368180227256,140.82869360272707,0.0936842105263157,10.768484990022733,0.12695095715215124,-0.3038711836020336,0.7379559211517784,6219.160638794615,-0.3347308559355593,0.7155306412639134
2,2,298.93258417488704,ICN,AOJ,1,0.2783726741022725,48120.0,8110.0,False,青森県,Aomori Ken,40.78368180227256,140.82869360272707,0.1685369908561928,10.781453170088616,0.12153823441260832,0.32692635620227084,1.3866993516133297,5984.674349296395,0.30389594174285506,1.3551280364909866
2,3,298.93258417488704,ICN,AOJ,1,0.292817982315397,22170.0,2130.0,False,青森県,Aomori Ken,40.78368180227256,140.82869360272707,0.0960757780784844,10.006495302610357,0.09988356235416719,-0.03886789604157492,0.9618777686144077,2413.854038292409,-0.12510267645834272,0.8824062955798224
2,4,298.93258417488704,ICN,AOJ,1,0.2383007830255779,51010.0,1890.0,False,青森県,Aomori Ken,40.78368180227256,140.82869360272707,0.0370515585179376,10.839776970916972,0.08803738370501736,-0.8654511229808253,0.4208616494338868,4672.847723478908,-0.9051918476571759,0.40446428213434416
2,5,298.93258417488704,ICN,AOJ,1,0.2769402530858409,29880.0,2850.0,False,青森県,Aomori Ken,40.78368180227256,140.82869360272707,0.0953815261044176,10.304944639246754,0.10895200451874675,-0.13302254674323288,0.8754453534446521,3471.466691398866,-0.197258188011741,0.8209786391041418
2,6,298.93258417488704,ICN,AOJ,1,0.3142216228729526,26820.0,3210.0,False,青森県,Aomori Ken,40.78368180227256,140.82869360272707,0.1196868008948545,10.196903156835669,0.11478395732729198,0.041826608686023725,1.0427136655829234,3266.6145400622268,-0.0174832026153684,0.9826687417912642
2,7,298.93258417488704,ICN,AOJ,1,0.3539787415257844,41490.0,4790.0,False,青森県,Aomori Ken,40.78368180227256,140.82869360272707,0.1154495059050373,10.633207713326913,0.09219679699265697,0.2249078658770305,1.2522073398518638,3924.4627843207563,0.1993009397927885,1.2205492224661405
2,8,298.93258417488704,ICN,AOJ,1,0.3561631776758845,39270.0,5260.0,False,青森県,Aomori Ken,40.78368180227256,140.82869360272707,0.1339444868856633,10.578216147572055,0.09105190961223868,0.38599565796203006,1.4710782833231129,3670.213100186001,0.3598813009230959,1.4331592897789593
2,9,298.93258417488704,ICN,AOJ,1,0.3319499900095635,34250.0,4030.0,False,青森県,Aomori Ken,40.78368180227256,140.82869360272707,0.1176642335766423,10.441441843690372,0.10782879781353896,0.0872903263059861,1.091213441701456,3836.4045658540917,0.04923075894738105,1.050462726446789
2,10,298.93258417488704,ICN,AOJ,1,0.3536818674069457,72580.0,4490.0,False,青森県,Aomori Ken,40.78368180227256,140.82869360272707,0.0618627721135299,11.19244468076706,0.1087786613892145,-0.5643966092976971,0.5687031934708441,8002.218720280367,-0.5778661415090802,0.5610943860633054
2,11,298.93258417488704,ICN,AOJ,1,0.3313040537821199,54210.0,5530.0,False,青森県,Aomori Ken,40.78368180227256,140.82869360272707,0.1020106991330012,10.900620672254384,0.10059414710818534,0.013983625110118414,1.014081853323856,5620.68040734194,-0.016264909965158836,0.9838666494498624
2,12,298.93258417488704,ICN,AOJ,1,0.3688898533204715,40780.0,2500.0,False,青森県,Aomori Ken,40.78368180227256,140.82869360272707,0.0613045610593428,10.615947044128447,0.11385358933918685,-0.6190590732170485,0.538450842131181,4861.689320459655,-0.6650952424428729,0.5142245493719935
3,1,424.6614954428778,ICN,AOJ,0,0.0875790377708454,54410.0,2750.0,False,岩手県,Iwate Ken,39.5964738637001,141.3599306096204,0.0505421797463701,10.90430323947997,0.02539324162760826,0.6883251691964483,1.990379191738135,1354.4550952380116,0.7082016819640771,2.0303367824215357
3,2,424.6614954428778,ICN,AOJ,0,0.0778304439096828,47710.0,2480.0,False,岩手県,Iwate Ken,39.5964738637001,141.3599306096204,0.051980716830853,10.772896298510153,0.024310567030490154,0.759961706585691,2.1381943401673484,1140.227160898094,0.7770310536752127,2.175005196373887
3,3,424.6614954428778,ICN,AOJ,0,0.0838625385882606,29840.0,1150.0,False,岩手県,Iwate Ken,39.5964738637001,141.3599306096204,0.038538873994638,10.303605054317698,0.019979112331116943,0.6569801016602983,1.9289582718154457,610.4235286588016,0.6333641958343916,1.8839378661021386
3,4,424.6614954428778,ICN,AOJ,0,0.0752831493877422,39550.0,630.0,False,岩手県,Iwate Ken,39.5964738637001,141.3599306096204,0.015929203539823,10.5853209731958,0.017609591978141974,-0.10028962717237189,0.9045753904800993,708.9367579058935,-0.11804650416369977,0.8886547255088559
3,5,424.6614954428778,ICN,AOJ,0,0.0797945822282788,21780.0,470.0,False,岩手県,Iwate Ken,39.5964738637001,141.3599306096204,0.0215794306703397,9.988747396486952,0.021793018647673277,-0.009849095786635065,0.9901992477138369,497.39386316954244,-0.05664949877152203,0.9449252087772444
3,6,424.6614954428778,ICN,AOJ,0,0.0839950207470353,26350.0,680.0,False,岩手県,Iwate Ken,39.5964738637001,141.3599306096204,0.0258064516129032,10.179223553969509,0.02295954933125614,0.11689058035366529,1.123996435669206,617.1328758550796,0.09700843950107263,1.1018696728120558
3,7,424.6614954428778,ICN,AOJ,0,0.0893910739609093,27030.0,1580.0,False,岩手県,Iwate Ken,39.5964738637001,141.3599306096204,0.0584535701072881,10.204702639270494,0.018441574572141087,1.1536251623048908,3.169662648849489,506.7412961397827,1.1371795166829166,3.117961792409678
3,8,424.6614954428778,ICN,AOJ,0,0.0907908982291865,29550.0,1020.0,False,岩手県,Iwate Ken,39.5964738637001,141.3599306096204,0.0345177664974619,10.293839022834245,0.018212569588330545,0.6393621700017915,1.895271632597011,541.6015583865195,0.6330273073089856,1.8833032959481744
3,9,424.6614954428778,ICN,AOJ,0,0.0868899712096736,24300.0,1070.0,False,岩手県,Iwate Ken,39.5964738637001,141.3599306096204,0.0440329218106995,10.09823162932864,0.021568350319817287,0.7137105999383291,2.041552606378128,536.0984180123988,0.6910961675456742,1.9959021777513488
3,10,424.6614954428778,ICN,AOJ,0,0.0906044786384366,46940.0,1060.0,False,岩手県,Iwate Ken,39.5964738637001,141.3599306096204,0.0225820195994887,10.756625469405014,0.021758345856924464,0.03715659518955183,1.037855531297298,1026.2992930153487,0.03230949532211902,1.0328371140991786
3,11,424.6614954428778,ICN,AOJ,0,0.08470611556013,40370.0,480.0,False,岩手県,Iwate Ken,39.5964738637001,141.3599306096204,0.0118900173396086,10.605842213846987,0.020121246354841173,-0.5260771203415393,0.5909185310853202,821.4725754722073,-0.5373124495393959,0.5843165241689067
3,12,424.6614954428778,ICN,AOJ,0,0.0949748230772738,42130.0,680.0,False,岩手県,Iwate Ken,39.5964738637001,141.3599306096204,0.0161405174460004,10.648515354973062,0.022773453380075317,-0.3442628099924194,0.7087426389236983,962.2383988404375,-0.34716943763673136,0.7066855789786043
4,1,319.8569318983665,ICN,SDJ,1,0.4225877275451637,90870.0,2350.0,False,宮城県,Miyagi Ken,38.44965812025008,140.9236455649988,0.0258611202817211,11.417185192689393,0.09712232244087804,-1.3232305467005672,0.2662737013673012,8618.714365054144,-1.299520599810859,0.2726624761493923
4,2,319.8569318983665,ICN,SDJ,1,0.3856935035225483,92780.0,2880.0,False,宮城県,Miyagi Ken,38.44965812025008,140.9236455649988,0.0310411726665229,11.437986378305734,0.09298138317593882,-1.0970848184041087,0.33384287914696836,8354.153443194595,-1.0649685393900707,0.3447387002863932
4,3,319.8569318983665,ICN,SDJ,1,0.4240718418657322,69020.0,1750.0,False,宮城県,Miyagi Ken,38.44965812025008,140.9236455649988,0.0253549695740365,11.142151596651994,0.07641473343031496,-1.1032007742789145,0.3318073418021998,5251.987771134727,-1.098990840081763,0.3332071734092976
4,4,319.8569318983665,ICN,SDJ,1,0.409056759096948,98780.0,2780.0,False,宮城県,Miyagi Ken,38.44965812025008,140.9236455649988,0.0281433488560437,11.500650434094617,0.06735195510816287,-0.8726208799372648,0.41785496517283444,6549.220814738363,-0.8568951552864332,0.4244779766386697
4,5,319.8569318983665,ICN,SDJ,1,0.4056488876590942,63740.0,2520.0,False,宮城県,Miyagi Ken,38.44965812025008,140.9236455649988,0.0395356134295575,11.062567587971328,0.08335243743587964,-0.7458759806348265,0.4743186239751054,5321.61236116356,-0.7475174313188315,0.47354069198850995
4,6,319.8569318983665,ICN,SDJ,1,0.4059412161848223,59070.0,2680.0,False,宮城県,Miyagi Ken,38.44965812025008,140.9236455649988,0.0453699001185034,10.986478460301282,0.0878141036874595,-0.6603732298085387,0.5166584661614277,5158.014129663934,-0.6547348523013703,0.5195798097153747
4,7,319.8569318983665,ICN,SDJ,1,0.413096726115012,64900.0,2870.0,False,宮城県,Miyagi Ken,38.44965812025008,140.9236455649988,0.0442218798151001,11.080602902692181,0.07053406485785814,-0.46687609754932335,0.6269577672039326,4513.423716823766,-0.45274397472811767,0.6358809143715196
4,8,319.8569318983665,ICN,SDJ,1,0.4242035313861131,74010.0,2550.0,False,宮城県,Miyagi Ken,38.44965812025008,140.9236455649988,0.0344548034049452,11.211955498191513,0.06965818236107467,-0.7039517526465033,0.49462679382513897,5016.29717785382,-0.6765986883889274,0.5083430884553365
4,9,319.8569318983665,ICN,SDJ,1,0.4166254857050537,59350.0,2510.0,False,宮城県,Miyagi Ken,38.44965812025008,140.9236455649988,0.0422914911541701,10.991207400037814,0.08249314148224453,-0.6681292452661483,0.51266675500863,4851.028155290807,-0.6589079201204386,0.5174160857554394
4,10,319.8569318983665,ICN,SDJ,1,0.4256746578574769,96350.0,3010.0,False,宮城県,Miyagi Ken,38.44965812025008,140.9236455649988,0.031240269849507,11.475742673842513,0.08321982333278813,-0.979777617776318,0.37539457064911264,7905.332808645356,-0.9655974920448323,0.380755633299617
4,11,319.8569318983665,ICN,SDJ,1,0.3974975168011697,100680.0,2950.0,False,宮城県,Miyagi Ken,38.44965812025008,140.9236455649988,0.029300754866905,11.519702449249252,0.07695835785938177,-0.965651189477057,0.380735188248732,7578.515441023848,-0.9435121580133519,0.3892582951050183
4,12,319.8569318983665,ICN,SDJ,1,0.4461896468061616,101500.0,2600.0,False,宮城県,Miyagi Ken,38.44965812025008,140.9236455649988,0.025615763546798,11.52781407746398,0.08710233670470945,-1.2238757858090925,0.2940881326024518,8597.450607286302,-1.1959542732714823,0.30241522967244633
5,1,397.6768025312424,ICN,AOJ,0,0.095974995313837,9780.0,790.0,False,秋田県,Akita Ken,39.75277813799244,140.40530075450533,0.0807770961145194,9.188094763028863,0.035869397519116795,0.811808966244361,2.2519780565444063,393.67510514906485,0.6965069825585104,2.0067309049193423
5,2,397.6768025312424,ICN,AOJ,0,0.0847477267312935,11770.0,700.0,False,秋田県,Akita Ken,39.75277813799244,140.40530075450533,0.0594732370433305,9.373309200254322,0.03434005809576186,0.549213866522253,1.7318909850845732,444.36639880167945,0.45443089039377593,1.5752766228222612
5,3,397.6768025312424,ICN,AOJ,0,0.0912050572195132,7270.0,300.0,False,秋田県,Akita Ken,39.75277813799244,140.40530075450533,0.0412654745529573,8.891511570527564,0.02822163207019508,0.3799374045456898,1.4621930599307134,235.1526014551678,0.2435478033658116,1.2757673023540648
5,4,397.6768025312424,ICN,AOJ,0,0.081721408767252,12420.0,580.0,False,秋田県,Akita Ken,39.75277813799244,140.40530075450533,0.0466988727858293,9.42706335548747,0.02487454985371705,0.629874840487199,1.8773755931446934,345.4967390975007,0.5180448985900137,1.6787423276846656
5,5,397.6768025312424,ICN,AOJ,0,0.0887015428131243,7860.0,430.0,False,秋田県,Akita Ken,39.75277813799244,140.40530075450533,0.05470737913486,8.969541885423252,0.030783877871072146,0.5750074950569237,1.7771438466584146,275.72580611551996,0.4443782928782367,1.5595203294821238
5,6,397.6768025312424,ICN,AOJ,0,0.0921781469809248,8750.0,560.0,True,秋田県,Akita Ken,39.75277813799244,140.40530075450533,0.064,9.07680897935166,0.03243166878415463,0.6797477063269106,1.9733797981826,316.7238336329753,0.5699065768337759,1.7681018620434386
5,7,397.6768025312424,ICN,AOJ,0,0.0991534843249927,9900.0,650.0,False,秋田県,Akita Ken,39.75277813799244,140.40530075450533,0.0656565656565656,9.20029003612268,0.026049772569697285,0.9244285681177278,2.520427596091238,284.7832641986884,0.825243948425797,2.282437494453698
5,8,397.6768025312424,ICN,AOJ,0,0.1000378674124068,10980.0,380.0,False,秋田県,Akita Ken,39.75277813799244,140.40530075450533,0.0346083788706739,9.30383071506352,0.025726290010100464,0.2965823900109821,1.345253390873158,308.4628776271109,0.2085697484562532,1.231914851223581
5,9,397.6768025312424,ICN,AOJ,0,0.0960517573125126,6930.0,280.0,False,秋田県,Akita Ken,39.75277813799244,140.40530075450533,0.0404040404040404,8.84361509218395,0.03046652108456955,0.2823013785926731,1.3261783415272816,238.9548660915355,0.15851491387645478,1.171769399718947
5,10,397.6768025312424,ICN,AOJ,0,0.1007509756400202,18130.0,670.0,False,秋田県,Akita Ken,39.75277813799244,140.40530075450533,0.0369553226696083,9.805323303748898,0.03073490058283518,0.18431085192092045,1.2023895301046492,605.854691932582,0.10063753735753522,1.1058757304706255
5,11,397.6768025312424,ICN,AOJ,0,0.0945001681942679,14470.0,330.0,False,秋田県,Akita Ken,39.75277813799244,140.40530075450533,0.022805805114029,9.57983281962553,0.028422404459664763,-0.22016260976513857,0.8023883111787227,452.5148811971021,-0.3157279947621321,0.7292577851296379
5,12,397.6768025312424,ICN,AOJ,0,0.1036727268471603,7450.0,390.0,False,秋田県,Akita Ken,39.75277813799244,140.40530075450533,0.0523489932885906,8.915969311373605,0.03216879767271899,0.48693574035693565,1.627322034885549,275.4757895013528,0.34764699279024924,1.415732397776048
6,1,364.616945339385,ICN,SDJ,0,0.3604142655492914,53860.0,1680.0,False,山形県,Yamagata Ken,38.4504720500357,140.10001607057436,0.0311919792053471,10.89414336636559,0.05476478834149944,-0.5628864539045697,0.5695626724756382,2950.5860204495198,-0.5632100082079008,0.5693784178317409
6,2,364.616945339385,ICN,SDJ,0,0.3296034590332179,52340.0,1440.0,False,山形県,Yamagata Ken,38.4504720500357,140.10001607057436,0.0275124188001528,10.865516176084137,0.05242981882388469,-0.6448379955293597,0.5247475466693653,2732.0160740949973,-0.6403967117398546,0.5270832824353028
6,3,364.616945339385,ICN,SDJ,0,0.3620657924084633,26280.0,450.0,False,山形県,Yamagata Ken,38.4504720500357,140.10001607057436,0.0171232876712328,10.176563472598547,0.043088309642005995,-0.9228123331655689,0.397399847278753,1193.3106879391257,-0.9752392311948883,0.37710212817850486
6,4,364.616945339385,ICN,SDJ,0,0.346385945356311,16170.0,430.0,False,山形県,Yamagata Ken,38.4504720500357,140.10001607057436,0.0265924551638837,9.690912952571152,0.03797804122867889,-0.3563805951977801,0.7002060744460556,680.7990608174613,-0.4594819890427866,0.6316107420648944
6,5,364.616945339385,ICN,SDJ,0,0.3514416217304694,13450.0,510.0,False,山形県,Yamagata Ken,38.4504720500357,140.10001607057436,0.0379182156133829,9.506734385029985,0.04700030311469099,-0.21472243126748358,0.8067653419352249,699.8710162902946,-0.31648532990418765,0.7287057016638342
6,6,364.616945339385,ICN,SDJ,0,0.3405383724107084,11340.0,750.0,False,山形県,Yamagata Ken,38.4504720500357,140.10001607057436,0.0661375661375661,9.336091577281744,0.04951612235971494,0.28943858744955,1.335677411431836,621.4675275689098,0.1879895454258289,1.206820898485059
6,7,364.616945339385,ICN,SDJ,0,0.3587086907459929,11770.0,340.0,False,山形県,Yamagata Ken,38.4504720500357,140.10001607057436,0.0288870008496176,9.373309200254322,0.039772351357821104,-0.319780285041829,0.7263086004075812,515.8797245228069,-0.41692802869112633,0.6590683522491663
6,8,364.616945339385,ICN,SDJ,0,0.3624545691509838,10240.0,220.0,False,山形県,Yamagata Ken,38.4504720500357,140.10001607057436,0.021484375,9.234056898593499,0.03927846366709408,-0.6033504436355024,0.5469759505384816,446.2328196581024,-0.7072132866347705,0.4930161796896991
6,9,364.616945339385,ICN,SDJ,0,0.3543342602578376,11090.0,390.0,False,山形県,Yamagata Ken,38.4504720500357,140.10001607057436,0.0351668169522092,9.313799080344413,0.04651576815052577,-0.2796884173617866,0.756019267238774,570.0317025714022,-0.37954523870456924,0.6841724736373739
6,10,364.616945339385,ICN,SDJ,0,0.3648885022327266,20890.0,460.0,False,山形県,Yamagata Ken,38.4504720500357,140.10001607057436,0.0220201053135471,9.947025854550612,0.04692552542090875,-0.7566058655311041,0.4692564465934681,1066.114441888127,-0.8405494658482153,0.4314733783976546
6,11,364.616945339385,ICN,SDJ,0,0.3456175084517561,18500.0,300.0,False,山形県,Yamagata Ken,38.4504720500357,140.10001607057436,0.0162162162162162,9.825526011066415,0.043394845524251144,-0.9843289247587887,0.3736899168624484,876.8060861984458,-1.0725033828894235,0.34215090967343215
6,12,364.616945339385,ICN,SDJ,0,0.3799101535544404,39440.0,760.0,False,山形県,Yamagata Ken,38.4504720500357,140.10001607057436,0.0192697768762677,10.582535808716571,0.049114775201006884,-0.9356220065777872,0.3923417504692692,1990.5365194102403,-0.9628410558443639,0.38180660972006397
7,1,389.4333866771648,ICN,SDJ,0,1.575312829576247,39700.0,230.0,False,福島県,Fukushima Ken,37.3819606847433,140.22256869636405,0.005793450881612,10.589106466675283,0.039861040293602795,-1.928671291899518,0.1453411862545338,1606.0090552970616,-1.9434282239842169,0.14321214394239964
7,2,389.4333866771648,ICN,SDJ,0,1.444135960641903,48940.0,210.0,False,福島県,Fukushima Ken,37.3819606847433,140.22256869636405,0.0042909685328974,10.798350336996663,0.03816151187681083,-2.1853149925056017,0.11244230959059161,1853.6095923476337,-2.1777826173698465,0.11329246507298808
7,3,389.4333866771648,ICN,SDJ,0,1.5903682134490056,26940.0,430.0,False,福島県,Fukushima Ken,37.3819606847433,140.22256869636405,0.0159613956941351,10.201367449964355,0.03136221099062882,-0.6754306588192658,0.5089371951137132,881.633169030334,-0.717990852676536,0.4877311960403398
7,4,389.4333866771648,ICN,SDJ,0,1.4808710141879566,32310.0,430.0,False,福島県,Fukushima Ken,37.3819606847433,140.22256869636405,0.0133085731971525,10.383132058818545,0.027642656486655728,-0.730951675656311,0.4814505871958113,933.3699845381994,-0.7750164671846358,0.46069619456720545
7,5,389.4333866771648,ICN,SDJ,0,1.514703730084473,19350.0,220.0,False,福島県,Fukushima Ken,37.3819606847433,140.22256869636405,0.0113695090439276,9.870447698457928,0.034209590377373256,-1.1015708982725751,0.33234858758927327,707.775154164331,-1.1684989180385719,0.31083317732416554
7,6,389.4333866771648,ICN,SDJ,0,1.45570654823489,18360.0,420.0,False,福島県,Fukushima Ken,37.3819606847433,140.22256869636405,0.022875816993464,9.817929664174482,0.036040751883412145,-0.4545699689072671,0.6347208589727745,701.1601630950729,-0.5124816276844024,0.5990072198997002
7,7,389.4333866771648,ICN,SDJ,0,1.564591469089179,14560.0,330.0,False,福島県,Fukushima Ken,37.3819606847433,140.22256869636405,0.0226648351648351,9.586033321750676,0.028948661138969135,-0.2447093438989998,0.782932069156211,453.61034537651307,-0.31814590496037987,0.7274966353029007
7,8,389.4333866771648,ICN,SDJ,0,1.58512333600174,14950.0,260.0,False,福島県,Fukushima Ken,37.3819606847433,140.22256869636405,0.017391304347826,9.612466578818832,0.028589180572408335,-0.4970580134088096,0.608317692204529,457.45791701564355,-0.5650032648039396,0.5683582911761232
7,9,389.4333866771648,ICN,SDJ,0,1.5287968056119152,16980.0,370.0,False,福島県,Fukushima Ken,37.3819606847433,140.22256869636405,0.0217903415783274,9.739791459865339,0.0338569172763688,-0.44067650457927066,0.6436008748361878,610.7045073693665,-0.501110215224081,0.6058576538001812
7,10,389.4333866771648,ICN,SDJ,0,1.5954790803974102,26990.0,360.0,False,福島県,Fukushima Ken,37.3819606847433,140.22256869636405,0.0133382734346054,10.20322170601205,0.034155162765121205,-0.9402761492366611,0.3905199786729244,975.9486215898546,-0.9973059117636343,0.36887187710101726
7,11,389.4333866771648,ICN,SDJ,0,1.5244095482053357,35720.0,740.0,True,福島県,Fukushima Ken,37.3819606847433,140.22256869636405,0.0207166853303471,10.483466034990435,0.031585325870164466,-0.4217532113519291,0.6558958870807823,1164.5227979361991,-0.45341648038083004,0.6354534246229006
7,12,389.4333866771648,ICN,SDJ,0,1.6803656397355844,30420.0,290.0,False,福島県,Fukushima Ken,37.3819606847433,140.22256869636405,0.0095332018408941,10.322855565813283,0.03574862776955226,-1.3217312481854928,0.26667322455978865,1129.943687536989,-1.360042153446047,0.25664995804537094
8,1,328.48253323169854,PUS,NRT,1,10.404110467908325,13000.0,2470.0,False,茨城県,Ibaraki Ken,36.31045573940367,140.3164372424525,0.19,9.472704636443673,0.08697010034224897,0.781459686802447,2.1846588569209735,1270.6241925451304,0.6647098807181138,1.9439264689683364
8,2,328.48253323169854,PUS,NRT,1,9.547176870626538,15970.0,3960.0,False,茨城県,Ibaraki Ken,36.31045573940367,140.3164372424525,0.2479649342517219,9.678467241209058,0.08326201455587219,1.0912949045845795,2.9781279683705875,1461.796402150675,0.9965779334512108,2.708995585277014
8,3,328.48253323169854,PUS,NRT,1,10.51427147326806,22520.0,6150.0,False,茨城県,Ibaraki Ken,36.31045573940367,140.3164372424525,0.2730905861456483,10.022159082253626,0.06842708109771821,1.3840348887759328,3.9909723133689954,1661.8396583660344,1.308526865149883,3.700718038012675
8,4,328.48253323169854,PUS,NRT,1,9.722792978909617,21550.0,3730.0,False,茨城県,Ibaraki Ken,36.31045573940367,140.3164372424525,0.1730858468677494,9.978131095531895,0.060311637394887416,1.0542626193521119,2.869858195599607,1427.3118619921972,0.9606153752455313,2.6133041413905054
8,5,328.48253323169854,PUS,NRT,1,9.948999510700151,20790.0,4820.0,True,茨城県,Ibaraki Ken,36.31045573940367,140.3164372424525,0.2318422318422318,9.942227380852058,0.0746395850653419,1.1333861077970966,3.1061564937595723,1683.328097196594,1.052001084024468,2.863375243380776
8,6,328.48253323169854,PUS,NRT,1,9.555058028461437,16890.0,2140.0,True,茨城県,Ibaraki Ken,36.31045573940367,140.3164372424525,0.1267021906453523,9.734477009801846,0.07863487216146481,0.47702410997536804,1.6112722913211905,1444.2449797799516,0.3932191493654438,1.4817430768054702
8,7,328.48253323169854,PUS,NRT,1,10.316578464596152,19350.0,2400.0,False,茨城県,Ibaraki Ken,36.31045573940367,140.3164372424525,0.1240310077519379,9.870447698457928,0.06316112036930366,0.674842669040776,1.9637239970844,1313.7089302603702,0.6026143560909034,1.8268887001661267
8,8,328.48253323169854,PUS,NRT,1,10.462187368506974,22070.0,2830.0,True,茨城県,Ibaraki Ken,36.31045573940367,140.3164372424525,0.1282283642954236,10.001974499250782,0.062376794101985975,0.7206194535525152,2.0557062308423615,1460.3144591966495,0.6616249161150884,1.9379387652963764
8,9,328.48253323169854,PUS,NRT,1,10.06144441417122,29710.0,4040.0,True,茨城県,Ibaraki Ken,36.31045573940367,140.3164372424525,0.1359811511275664,10.299238968456653,0.07387011154542247,0.610207979917855,1.8408142113600583,2281.8805286785164,0.5712447956817206,1.7704695531714136
8,10,328.48253323169854,PUS,NRT,1,10.517811363045269,39960.0,5660.0,False,茨城県,Ibaraki Ken,36.31045573940367,140.3164372424525,0.1416416416416416,10.59563423276249,0.07452083314958448,0.642221491531487,1.9006985785750223,3123.8538899497603,0.5943564315139458,1.8118645107601448
8,11,300.5649689062776,ICN,IBR,2,10.063810181473547,31960.0,5000.0,False,茨城県,Ibaraki Ken,36.31045573940367,140.3164372424525,0.1564455569461827,10.37224039988021,0.09851410254497484,0.46250835954297265,1.5880523996527331,3372.236508221289,0.39386173589844553,1.4826955309363192
8,12,300.5649689062776,ICN,IBR,2,11.12992515561338,17070.0,2400.0,False,茨城県,Ibaraki Ken,36.31045573940367,140.3164372424525,0.140597539543058,9.745077815788486,0.11149937146155739,0.23188252576148027,1.2609715884500126,2123.896476534503,0.12221637502337845,1.1299985787989097
9,1,382.75148543273207,PUS,NRT,0,4.635836585878026,25190.0,840.0,False,栃木県,Tochigi Ken,36.69268500166095,139.81619410754922,0.0333465660976578,10.134202369346657,0.04342030099360712,-0.2639722950953125,0.7679948165851611,1150.3361609732428,-0.3144076006943317,0.7302213287716848
9,2,382.75148543273207,PUS,NRT,0,4.246660626853828,26940.0,1230.0,False,栃木県,Tochigi Ken,36.69268500166095,139.81619410754922,0.0456570155902004,10.201367449964355,0.04156901876763524,0.09380212873710514,1.0983423940174402,1163.9568602060526,0.055188882440529774,1.0567401954933757
9,3,382.75148543273207,PUS,NRT,0,4.68070686372798,32650.0,2290.0,False,栃木県,Tochigi Ken,36.69268500166095,139.81619410754922,0.0701378254211332,10.393600134704577,0.034162596635910224,0.7193308608625903,2.053058968808226,1150.02487785066,0.6887682425113599,1.9912612710430202
9,4,382.75148543273207,PUS,NRT,0,4.34785660403864,42500.0,2080.0,False,栃木県,Tochigi Ken,36.69268500166095,139.81619410754922,0.0489411764705882,10.657259354912508,0.030110916726528682,0.48573130881888593,1.6253632167721237,1313.4673203002299,0.45969744374206467,1.5835947859932729
9,5,382.75148543273207,PUS,NRT,0,4.4557320332347645,32920.0,1600.0,False,栃木県,Tochigi Ken,36.69268500166095,139.81619410754922,0.048602673147023,10.401835654791006,0.03726422341496039,0.26564482383126053,1.3042717301740572,1264.0273793647616,0.23570067286582042,1.2657953665561277
9,6,382.75148543273207,PUS,NRT,0,4.282121698894033,24380.0,970.0,False,栃木県,Tochigi Ken,36.69268500166095,139.81619410754922,0.0397867104183757,10.101518403035262,0.03925889247463558,0.0133549690133683,1.0134445449290534,995.3802153146079,-0.02582871861396896,0.974501989366359
9,7,382.75148543273207,PUS,NRT,0,4.6061898050567365,23050.0,1400.0,False,栃木県,Tochigi Ken,36.69268500166095,139.81619410754922,0.0607375271149674,10.045421048424794,0.03153353677569985,0.6555101071311085,1.9261247968154498,757.8416898921595,0.6137530041586885,1.8473515229799762
9,8,382.75148543273207,PUS,NRT,0,4.666668126670108,18990.0,810.0,False,栃木県,Tochigi Ken,36.69268500166095,139.81619410754922,0.0426540284360189,9.85166780380633,0.031141957572386202,0.31456569481605223,1.3696643294460247,623.2551316440828,0.26207829161186336,1.2996282884399253
9,9,382.75148543273207,PUS,NRT,0,4.49185098549025,27190.0,1810.0,False,栃木県,Tochigi Ken,36.69268500166095,139.81619410754922,0.0665685913938948,10.210604537626516,0.03688005952748604,0.5905618528425545,1.8050022762106022,1031.152918884515,0.5626493303058595,1.7553167593784527
9,10,382.75148543273207,PUS,NRT,0,4.695908703311493,52660.0,3250.0,False,栃木県,Tochigi Ken,36.69268500166095,139.81619410754922,0.0617166729965818,10.871611433050301,0.037204935867798036,0.5061126841601169,1.6588302481123047,1978.808691804393,0.49616000351757883,1.6424023269457433
9,11,361.8164264402899,ICN,IBR,0,4.489842432861537,51580.0,2460.0,False,栃木県,Tochigi Ken,36.69268500166095,139.81619410754922,0.0476929042264443,10.850889279435336,0.044978609655334775,0.05859559270579284,1.0603463422259785,2351.625397610719,0.0450546023159939,1.046084977011811
9,12,361.8164264402899,ICN,IBR,0,4.930481263642402,26170.0,1530.0,False,栃木県,Tochigi Ken,36.69268500166095,139.81619410754922,0.0584638899503247,10.172368995524192,0.050907297292740565,0.138403019283992,1.1484382998007185,1412.2848658131036,0.08005887035478665,1.0833508430461893
10,1,407.3444114145962,GMP,HND,0,3.157012008903532,40960.0,3010.0,False,群馬県,Gunma Ken,36.50757014985756,138.98236607045845,0.073486328125,10.62035125971339,0.03169440115311742,0.840959331503019,2.3185902068312774,1306.8680743827686,0.8343065869464095,2.303216414114041
10,2,407.3444114145962,GMP,HND,0,2.879750223885388,31460.0,1250.0,False,群馬県,Gunma Ken,36.50757014985756,138.98236607045845,0.0397329942784488,10.356472176612268,0.030343068247197957,0.2696138350785784,1.309458686074635,973.1170871010412,0.25039441917231553,1.2845319608186152
10,3,407.3444114145962,GMP,HND,0,3.182544127566578,31410.0,1300.0,False,群馬県,Gunma Ken,36.50757014985756,138.98236607045845,0.0413880929640241,10.354881592532692,0.024936792639233343,0.5066489009953186,1.6597199793411976,803.4530926041284,0.48120073881359726,1.618016050926481
10,4,407.3444114145962,GMP,HND,0,2.9843428828405,26360.0,1010.0,False,群馬県,Gunma Ken,36.50757014985756,138.98236607045845,0.0383156297420333,10.179602988616443,0.021979291989689898,0.5557571633143934,1.7432604180337792,611.0662258045774,0.5025002673318673,1.652848672286142
10,5,407.3444114145962,GMP,HND,0,3.0736279682951597,23380.0,1260.0,False,群馬県,Gunma Ken,36.50757014985756,138.98236607045845,0.0538922155688622,10.05963623502606,0.027200807422938806,0.6837393863733614,1.9812726413192487,666.6834815334558,0.6365516070894444,1.8899523310549735
10,6,407.3444114145962,GMP,HND,0,2.957776302414073,16140.0,970.0,False,群馬県,Gunma Ken,36.50757014985756,138.98236607045845,0.0600991325898389,9.68905594182394,0.028656804730612117,0.7406044812841941,2.0972028512878502,491.90978433415955,0.679000736993042,1.9719062943888688
10,7,407.3444114145962,GMP,HND,0,3.1612929165210466,14240.0,720.0,False,群馬県,Gunma Ken,36.50757014985756,138.98236607045845,0.0505617977528089,9.563810184965966,0.023017725383634755,0.7869317180561892,2.19664614596356,351.2825776428602,0.7176602479252709,2.0496319653290787
10,8,407.3444114145962,GMP,HND,0,3.2021425544607984,12910.0,740.0,False,群馬県,Gunma Ken,36.50757014985756,138.98236607045845,0.0573199070487993,9.465757483840688,0.022731894376731596,0.9248790043729294,2.5215631437858543,315.67793118463857,0.851927697465916,2.344161333112568
10,9,407.3444114145962,GMP,HND,0,3.08843526249151,17710.0,710.0,False,群馬県,Gunma Ken,36.50757014985756,138.98236607045845,0.0400903444381705,9.781884730776879,0.026920389183554747,0.3982515565271836,1.4892186054524454,501.9716811695082,0.34672126394778147,1.4144224198979145
10,10,407.3444114145962,GMP,HND,0,3.242746520736336,23290.0,2360.0,True,群馬県,Gunma Ken,36.50757014985756,138.98236607045845,0.1013310433662516,10.055779362878386,0.02715753081591057,1.3167384280874064,3.7312318285904533,673.0154645629482,1.2546485900907163,3.506605901741898
10,11,407.3444114145962,GMP,HND,0,3.091579427812741,30970.0,2460.0,False,群馬県,Gunma Ken,36.50757014985756,138.98236607045845,0.0794317081046173,10.340774272967248,0.02511419625045739,1.1514643610203548,3.16282103207546,806.5981807219986,1.1150910019793958,3.0498457085509605
10,12,407.3444114145962,GMP,HND,0,3.3416811660087893,34850.0,2960.0,False,群馬県,Gunma Ken,36.50757014985756,138.98236607045845,0.08493543758967,10.45880841618867,0.028424530339804004,1.0946388933976148,2.988103464658887,1013.1284577228761,1.0721462419057959,2.9216433290729427
11,1,342.5945269187867,GMP,HND,1,7.919793536397786,18040.0,1630.0,False,埼玉県,Saitama Ken,35.99978376990664,139.3445937386078,0.0903547671840354,9.800346793616615,0.0725976276431131,0.2188115349615929,1.2445966916193962,1430.1918214856173,0.13077143864390806,1.13970725850385
11,2,342.5945269187867,GMP,HND,1,7.226113189510461,18120.0,1580.0,False,埼玉県,Saitama Ken,35.99978376990664,139.3445937386078,0.0871964679911699,9.80477157959697,0.06950233132715233,0.2268035291224555,1.254583354632092,1365.4193075054839,0.14596328058789787,1.1571536972672072
11,3,342.5945269187867,GMP,HND,1,7.981166288379326,22810.0,1890.0,False,埼玉県,Saitama Ken,35.99978376990664,139.3445937386078,0.0828583954405962,10.034954315278434,0.05711898381959244,0.37199654415755257,1.4506279681427887,1397.3450511939343,0.3020027848825597,1.3525649934388984
11,4,342.5945269187867,GMP,HND,1,7.473791675054954,29070.0,1780.0,False,埼玉県,Saitama Ken,35.99978376990664,139.3445937386078,0.0612315101479188,10.277461993552922,0.05034467911282243,0.19576899313265628,1.2162459117218523,1564.9715680484296,0.12874570785810135,1.1374008552882005
11,5,342.5945269187867,GMP,HND,1,7.675329750541401,20570.0,2070.0,False,埼玉県,Saitama Ken,35.99978376990664,139.3445937386078,0.1006319883325231,9.931588982647003,0.06230482410260993,0.4794313263702241,1.6151556445579898,1385.0198144452197,0.4018341612816698,1.4945634556348597
11,6,342.5945269187867,GMP,HND,1,7.407874549769375,19620.0,1920.0,False,埼玉県,Saitama Ken,35.99978376990664,139.3445937386078,0.0978593272171253,9.884304733119354,0.06563985952041733,0.39934788481709127,1.4908521732391287,1378.7434228740885,0.3311526648197356,1.3925723728912693
11,7,342.5945269187867,GMP,HND,1,7.897802798760909,16500.0,1500.0,False,埼玉県,Saitama Ken,35.99978376990664,139.3445937386078,0.0909090909090909,9.711115659888671,0.05272326328299117,0.5448032195175996,1.7242690464954338,941.8181412436289,0.46540818715628784,1.5926641612777992
11,8,342.5945269187867,GMP,HND,1,7.98733410332366,20010.0,1260.0,False,埼玉県,Saitama Ken,35.99978376990664,139.3445937386078,0.0629685157421289,9.903987427577778,0.05206855291607923,0.1900736756870609,1.2093386932342356,1108.1366237765471,0.12843183358240218,1.1370439104394008
11,9,342.5945269187867,GMP,HND,1,7.696325082334473,19670.0,2220.0,False,埼玉県,Saitama Ken,35.99978376990664,139.3445937386078,0.1128622267412303,9.886849911383104,0.06166251195325611,0.6044916820558361,1.8303215870736285,1294.065313038239,0.5397185273248013,1.7155239211132463
11,10,342.5945269187867,GMP,HND,1,8.03504348786459,25860.0,2330.0,False,埼玉県,Saitama Ken,35.99978376990664,139.3445937386078,0.0901005413766434,10.160452652325848,0.06220569684705729,0.3704795884839478,1.4484290980321313,1734.5411013021023,0.29512538409048084,1.3432947759213618
11,11,342.5945269187867,GMP,HND,1,7.67994941910748,25190.0,1980.0,False,埼玉県,Saitama Ken,35.99978376990664,139.3445937386078,0.0786026200873362,10.134202369346657,0.05752533575689415,0.3121795607070337,1.3664000227572082,1558.1280108225055,0.23961173707567873,1.2707556672155562
11,12,342.5945269187867,GMP,HND,1,8.30123553764602,22760.0,2240.0,False,埼玉県,Saitama Ken,35.99978376990664,139.3445937386078,0.0984182776801406,10.032759888240268,0.06510782328936648,0.41318182018091054,1.5116198439430002,1597.0376964354555,0.3383253923820009,1.4025968234811355
12,1,300.6495279988921,PUS,NRT,2,18.489564964185185,379890.0,23130.0,False,千葉県,Chiba Ken,35.516462237155416,140.20092146699287,0.0608860459606728,12.847637016112763,0.12419142614091394,-0.7128201163398034,0.4902596568267794,41724.08275720625,-0.5899480100121419,0.5543561049524847
12,2,300.6495279988921,PUS,NRT,2,16.934191011926732,310310.0,21100.0,False,千葉県,Chiba Ken,35.516462237155416,140.20092146699287,0.0679965196094228,12.645327076794413,0.11889635967265928,-0.5587956648617651,0.5718974054094517,32891.930036252845,-0.44395429954948007,0.6414947367559151
12,3,300.6495279988921,PUS,NRT,2,18.66525287592781,372950.0,15770.0,False,千葉県,Chiba Ken,35.516462237155416,140.20092146699287,0.0422844885373374,12.82919964138331,0.09771239488908985,-0.8376081002738522,0.43274436764479196,32247.528862905307,-0.7153320149249982,0.4890297196738197
12,4,300.6495279988921,PUS,NRT,2,17.336665889489268,474770.0,19360.0,False,千葉県,Chiba Ken,35.516462237155416,140.20092146699287,0.0407776396992227,13.07058575522269,0.0861237164438007,-0.7476509412226,0.47347747383651073,36078.46290116598,-0.6224870099209063,0.5366082267150668
12,5,300.6495279988921,PUS,NRT,2,17.75841638313151,383080.0,23320.0,False,千葉県,Chiba Ken,35.516462237155416,140.20092146699287,0.060875013052104,12.855999123635556,0.10658371646523007,-0.5601079506432391,0.5711474047910757,36059.02260226961,-0.43584575116318724,0.6467174736603152
12,6,300.6495279988921,PUS,NRT,2,17.078736379784303,400510.0,20690.0,False,千葉県,Chiba Ken,35.516462237155416,140.20092146699287,0.0516591346033806,12.90049401396785,0.11228890020489807,-0.776407980543568,0.4600555754764371,39080.85724019492,-0.6359822706984257,0.529415203787296
12,7,300.6495279988921,PUS,NRT,2,18.35078276885251,448450.0,17030.0,False,千葉県,Chiba Ken,35.516462237155416,140.20092146699287,0.0379752480767086,13.013552471546149,0.09019271662851239,-0.865014095803371,0.4210456176092558,34802.04766427612,-0.7146997313022467,0.48933902292999537
12,8,300.6495279988921,PUS,NRT,2,18.58516112341259,332900.0,12300.0,False,千葉県,Chiba Ken,35.516462237155416,140.20092146699287,0.0369480324421748,12.715597423563116,0.08907271564754717,-0.8799406691132154,0.41480752184961883,25987.941361602057,-0.7480333742729712,0.4732964350217289
12,9,300.6495279988921,PUS,NRT,2,17.88185847421655,288360.0,16510.0,False,千葉県,Chiba Ken,35.516462237155416,140.20092146699287,0.0572548203634345,12.571964978518515,0.10548492488697037,-0.6110562132616515,0.5427772776516114,26992.6779065998,-0.49159938264955017,0.6116473532981053
12,10,300.6495279988921,PUS,NRT,2,18.67237198575608,392590.0,26210.0,False,千葉県,Chiba Ken,35.516462237155416,140.20092146699287,0.0667617616342749,12.880521089282576,0.10641414129264955,-0.4662079889449986,0.6273767830412066,37371.117096359005,-0.3547571185801335,0.701343765893302
12,11,300.6495279988921,PUS,NRT,2,17.759875915944896,261520.0,16670.0,False,千葉県,Chiba Ken,35.516462237155416,140.20092146699287,0.0637427347812786,12.474266041398092,0.09840753367319321,-0.43426214951806896,0.6477424278609116,23609.079387972935,-0.3480206611125247,0.7060842875767586
12,12,300.6495279988921,PUS,NRT,2,19.426783539730444,293990.0,19050.0,False,千葉県,Chiba Ken,35.516462237155416,140.20092146699287,0.0647981223851151,12.5913010321369,0.11137875561150087,-0.5416599782398861,0.5817817054011342,29626.774415856526,-0.4416113919827893,0.6429994616560167
13,1,315.4051413227707,GMP,HND,2,10.652751363054325,4090050.0,436160.0,False,東京都,Tokyo To,35.715381094345496,139.4341927152654,0.1066392831383479,15.224067752883135,0.10281731007405556,0.03649822880916842,1.0371724669857585,310685.7560665167,0.33922717781240763,1.4038622353405201
13,2,315.4051413227707,GMP,HND,2,9.707741091871162,3625950.0,364350.0,False,東京都,Tokyo To,35.715381094345496,139.4341927152654,0.1004840110867496,15.103626880902356,0.09843355744437288,0.020616844319084393,1.0208308395593186,264216.38900811784,0.3213465213701827,1.3789833453094589
13,3,315.4051413227707,GMP,HND,2,10.727023022885462,4444750.0,288440.0,False,東京都,Tokyo To,35.715381094345496,139.4341927152654,0.064894538500478,15.307234182378819,0.08089548462057929,-0.22039454054122576,0.8022022342143093,263819.0193463184,0.08922375676637984,1.0933252678851073
13,4,315.4051413227707,GMP,HND,2,10.072868073398428,4850290.0,250160.0,False,東京都,Tokyo To,35.715381094345496,139.4341927152654,0.0515762974997371,15.39454905494052,0.07130128973867284,-0.323852199984751,0.7233571466767288,255902.75967874323,-0.02269681416568048,0.9775588208350987
13,5,315.4051413227707,GMP,HND,2,10.348614899877,4743820.0,336120.0,False,東京都,Tokyo To,35.715381094345496,139.4341927152654,0.0708542904241729,15.372353276275438,0.08823999663403925,-0.21943481605087323,0.8029724969055624,305660.6672356606,0.09499268302853281,1.099650808983073
13,6,315.4051413227707,GMP,HND,2,9.999818417254184,4319690.0,308410.0,False,東京都,Tokyo To,35.715381094345496,139.4341927152654,0.0713963270512467,15.278694198386216,0.09296328280457833,-0.26395818047984765,0.7680056566131775,291481.1492362866,0.05645473102863896,1.0580787155809868
13,7,315.4051413227707,GMP,HND,2,10.62363979334699,3904150.0,223640.0,False,東京都,Tokyo To,35.715381094345496,139.4341927152654,0.0572826351446537,15.177550647908156,0.07466998971002348,-0.2650807410270062,0.7671440074802134,212852.08981757838,0.04944010566807755,1.0506826603942065
13,8,315.4051413227707,GMP,HND,2,10.731830514454847,3906110.0,233110.0,False,東京都,Tokyo To,35.715381094345496,139.4341927152654,0.0596782988702315,15.17805255182458,0.07374274785668904,-0.21161420493409633,0.8092768523653302,209562.6860259587,0.10648753325112992,1.1123640587958694
13,9,315.4051413227707,GMP,HND,2,10.342946334486612,3872510.0,254830.0,False,東京都,Tokyo To,35.715381094345496,139.4341927152654,0.0658048655781392,15.169413433580996,0.08733031391342613,-0.2830038604309211,0.7535168789542434,246658.30440956308,0.03259266025758123,1.0331296187655135
13,10,315.4051413227707,GMP,HND,2,10.783741495171244,4613900.0,315420.0,False,東京都,Tokyo To,35.715381094345496,139.4341927152654,0.0683629900951472,15.344584044312352,0.08809960640226681,-0.25363646759615444,0.7759738424142176,301803.99573158234,0.04412729814603544,1.0451153876720944
13,11,315.4051413227707,GMP,HND,2,10.316280099387797,4247930.0,265740.0,False,東京都,Tokyo To,35.715381094345496,139.4341927152654,0.0625575280195295,15.261942363425392,0.08147098570089188,-0.2641603714903855,0.7678503884708083,257310.38679249014,0.032235300277925205,1.0327604855466175
13,12,315.4051413227707,GMP,HND,2,11.096617024949367,4519610.0,400020.0,False,東京都,Tokyo To,35.715381094345496,139.4341927152654,0.0885076367208675,15.323936264899965,0.09220977975062865,-0.040977357063112674,0.9598508635442662,306845.42768680287,0.26517041794279095,1.3036531227322068
14,1,322.0937331838644,GMP,HND,1,8.895252780222519,310240.0,21910.0,False,神奈川県,Kanagawa Ken,35.41687513207004,139.33492546988535,0.0706227436823104,12.64510147047648,0.09438105855345891,-0.2899881610064483,0.748272426318556,26102.563708488262,-0.1750903822762382,0.8393811521615064
14,2,322.0937331838644,GMP,HND,1,8.0955688013704,269120.0,16600.0,False,神奈川県,Kanagawa Ken,35.41687513207004,139.33492546988535,0.0616825208085612,12.502912655766721,0.0903569967167122,-0.3817678566205531,0.6826535083049365,21755.666723231923,-0.27047156723697263,0.7630195944431158
14,3,322.0937331838644,GMP,HND,1,8.953917122878892,359590.0,14550.0,False,神奈川県,Kanagawa Ken,35.41687513207004,139.33492546988535,0.0404627492421924,12.792719772516627,0.07425793832951004,-0.6071629064315736,0.5448945951427328,23528.641491268634,-0.4806274722773267,0.6183952441707878
14,4,322.0937331838644,GMP,HND,1,8.416970707051512,462580.0,16810.0,False,神奈川県,Kanagawa Ken,35.41687513207004,139.33492546988535,0.03633966016689,13.04457479394949,0.06545095565052045,-0.5883913820442643,0.5552197031457864,26580.31176631902,-0.4581968351531618,0.6324229808809323
14,5,322.0937331838644,GMP,HND,1,8.653062552760787,367280.0,14620.0,False,神奈川県,Kanagawa Ken,35.41687513207004,139.33492546988535,0.0398061424526247,12.813879778923104,0.08099982661553573,-0.7104257807584036,0.4914349093802861,26172.524021516492,-0.5823197047044495,0.5586010729412595
14,6,322.0937331838644,GMP,HND,1,8.397271303781581,321280.0,12480.0,False,神奈川県,Kanagawa Ken,35.41687513207004,139.33492546988535,0.0388446215139442,12.680068296045446,0.08533556296484604,-0.7870216591042904,0.45519851471474143,24047.129814648597,-0.6558882840623603,0.5189808553533763
14,7,322.0937331838644,GMP,HND,1,8.900562625377626,299770.0,10020.0,False,神奈川県,Kanagawa Ken,35.41687513207004,139.33492546988535,0.033425626313507,12.610770792932486,0.0685432508001998,-0.7181420838745418,0.4876574414443963,18085.991764575145,-0.5905546073134147,0.5540199360051726
14,8,322.0937331838644,GMP,HND,1,8.989833128836551,312500.0,9580.0,False,神奈川県,Kanagawa Ken,35.41687513207004,139.33492546988535,0.030656,12.652359748158593,0.06769208996366613,-0.7921409317712516,0.45287418391801265,18497.27057791398,-0.6579455928879803,0.5179142490048598
14,9,322.0937331838644,GMP,HND,1,8.667645537789662,330720.0,13210.0,False,神奈川県,Kanagawa Ken,35.41687513207004,139.33492546988535,0.0399431543299467,12.709027374915594,0.0801647841693035,-0.6966270167234914,0.498263105724691,23129.28876871602,-0.5601256079374259,0.571137319962361
14,10,322.0937331838644,GMP,HND,1,9.037448658000155,467040.0,20090.0,False,神奈川県,Kanagawa Ken,35.41687513207004,139.33492546988535,0.043015587529976,13.054170186087942,0.08087095552684741,-0.6312921919257923,0.5319040346406659,33126.16660152449,-0.5001013230186278,0.6064692073086252
14,11,322.0937331838644,GMP,HND,1,8.653636323387662,350320.0,17210.0,False,神奈川県,Kanagawa Ken,35.41687513207004,139.33492546988535,0.0491265129024891,12.76660230147528,0.07478621903554523,-0.42023476380146807,0.6568925871107308,23359.411155148304,-0.3055093400193929,0.7367480235565357
14,12,322.0937331838644,GMP,HND,1,9.264058088214083,304440.0,16620.0,False,神奈川県,Kanagawa Ken,35.41687513207004,139.33492546988535,0.0545920378399684,12.626229302381327,0.08464388550505048,-0.43856482829667875,0.6449613875146485,23094.693961930723,-0.32899610309796046,0.7196458211308793
15,1,327.5418667688583,ICN,KIJ,1,0.8909503418746685,128040.0,5660.0,False,新潟県,Niigata Ken,37.48471228561405,138.95607841286812,0.0442049359575132,11.7600979940838,0.08802358801857094,-0.6887683681303995,0.5021942067186239,10705.200408875611,-0.6373057507046216,0.5287149968072833
15,2,327.5418667688583,ICN,KIJ,1,0.8146378977273364,100450.0,3990.0,False,新潟県,Niigata Ken,37.48471228561405,138.95607841286812,0.0397212543554007,11.51741537024308,0.08427058538533161,-0.7521464576819845,0.4713537253096465,8129.343370633766,-0.7116889231764709,0.4908145489847774
15,3,327.5418667688583,ICN,KIJ,1,0.8976836827247914,62350.0,2370.0,False,新潟県,Niigata Ken,37.48471228561405,138.95607841286812,0.0380112269446672,11.040518951108183,0.06925595316270892,-0.5999275456179345,0.5488514013425558,4321.512724446491,-0.6007155535105273,0.5484190724680914
15,4,327.5418667688583,ICN,KIJ,1,0.8482844313241661,29940.0,4530.0,False,新潟県,Niigata Ken,37.48471228561405,138.95607841286812,0.1513026052104208,10.30695065797362,0.06104220533127332,0.9077163238816799,2.4786556185070365,1959.5850687609816,0.8379891882757864,2.3117138787265072
15,5,327.5418667688583,ICN,KIJ,1,0.881831110299773,16680.0,3270.0,False,新潟県,Niigata Ken,37.48471228561405,138.95607841286812,0.1960431654676259,9.721965675912738,0.07554371053746033,0.9536234307151459,2.595095793850539,1389.6938335841694,0.8557065256366645,2.3530362738721524
15,6,327.5418667688583,ICN,KIJ,1,0.8313593284437175,17590.0,2040.0,False,新潟県,Niigata Ken,37.48471228561405,138.95607841286812,0.1159749857873791,9.775085837731604,0.07958739341216195,0.3765188220000488,1.4572029666404007,1518.2357020996371,0.2954008694606678,1.3436648849574484
15,7,327.5418667688583,ICN,KIJ,1,0.8990429305006099,16690.0,1500.0,False,新潟県,Niigata Ken,37.48471228561405,138.95607841286812,0.0898741761533852,9.722565016655881,0.0639262047105876,0.34068128272916276,1.405905083216993,1159.7583940095062,0.257253405709684,1.2933728332969538
15,8,327.5418667688583,ICN,KIJ,1,0.902573598554606,16900.0,1640.0,False,新潟県,Niigata Ken,37.48471228561405,138.95607841286812,0.0970414201183432,9.735068900911164,0.06313237772919023,0.4299041432051687,1.5371101740315827,1154.6010495177468,0.3509413692036487,1.4204040440505348
15,9,327.5418667688583,ICN,KIJ,1,0.8744185847716711,13480.0,1800.0,False,新潟県,Niigata Ken,37.48471228561405,138.95607841286812,0.1335311572700296,9.508962384466297,0.07476491621800976,0.5799860979693459,1.7860136013616494,1111.0325922294041,0.48249681873485883,1.6201144886200958
15,10,327.5418667688583,ICN,KIJ,1,0.9215433083796222,24240.0,2940.0,False,新潟県,Niigata Ken,37.48471228561405,138.95607841286812,0.1212871287128712,10.09575944018325,0.07542352015400769,0.47504153437829943,1.6080809867427877,1990.4578381889614,0.39004489963441547,1.4770471112691286
15,11,327.5418667688583,ICN,KIJ,1,0.8764399384267005,24450.0,2440.0,False,新潟県,Niigata Ken,37.48471228561405,138.95607841286812,0.0997955010224948,10.104385494903019,0.06974864909067272,0.35822504972811053,1.4307875826062442,1846.7250539700526,0.2785842100405418,1.3212578638896655
15,12,327.5418667688583,ICN,KIJ,1,0.9435030270270892,68530.0,3610.0,False,新潟県,Niigata Ken,37.48471228561405,138.95607841286812,0.0526776594192324,11.135026884579869,0.07894230707072947,-0.40452584970207894,0.6672931330982652,5401.95015942118,-0.4030522566634076,0.6682771764756185
16,1,338.3581062812427,ICN,KMQ,1,0.9693661516636616,22760.0,500.0,False,富山県,Toyama Ken,36.63939171603352,137.26500976129958,0.0219683655536028,10.032759888240268,0.07664297989889277,-1.2495545255131892,0.286632455869845,1875.166527568312,-1.3218446507416273,0.26664298484913357
16,2,338.3581062812427,ICN,KMQ,1,0.8637121037112254,19440.0,310.0,False,富山県,Toyama Ken,36.63939171603352,137.26500976129958,0.0159465020576131,9.87508807801443,0.07337520461439553,-1.526346568309342,0.21732821245836148,1540.6368451160724,-1.6033788482357814,0.20121549149153609
16,3,338.3581062812427,ICN,KMQ,1,0.9709312563987798,16170.0,510.0,False,富山県,Toyama Ken,36.63939171603352,137.26500976129958,0.0315398886827458,9.690912952571152,0.06030182074614248,-0.6481092459429969,0.5230337706637724,1074.0935666140122,-0.7448216653080726,0.4748189690845381
16,4,338.3581062812427,ICN,KMQ,1,0.9846018797128692,59740.0,2440.0,False,富山県,Toyama Ken,36.63939171603352,137.26500976129958,0.0408436558419819,10.9977570917701,0.05315003195736376,-0.26336720055592,0.7684596666799023,3224.2334907937584,-0.27869720541965304,0.7567690140825711
16,5,268.7399707475916,ICN,TOY,2,1.1571585652681886,52910.0,4280.0,False,富山県,Toyama Ken,36.63939171603352,137.26500976129958,0.0808920808920808,10.876347635898178,0.16035176981702787,-0.6842540316309751,0.5044664052313491,8759.397889159498,-0.7161741588780846,0.4886180596153607
16,6,338.3581062812427,ICN,KMQ,1,0.9755240829119638,28100.0,1380.0,False,富山県,Toyama Ken,36.63939171603352,137.26500976129958,0.0491103202846975,10.243524855321837,0.06929750457578121,-0.3443396947284816,0.7086881495276969,2033.0279815460738,-0.3874427990548197,0.6787904605968775
16,7,338.3581062812427,ICN,KMQ,1,1.0338121398462206,25020.0,1280.0,False,富山県,Toyama Ken,36.63939171603352,137.26500976129958,0.0511590727418065,10.127430784020902,0.055661157797980136,-0.08434270526378373,0.9191162161499807,1464.185901151381,-0.13443931120688468,0.8742059317696311
16,8,338.3581062812427,ICN,KMQ,1,1.068741575336464,20280.0,810.0,False,富山県,Toyama Ken,36.63939171603352,137.26500976129958,0.0399408284023668,9.91739045770512,0.05496996505353529,-0.31938787719183326,0.7265936655311387,1186.127330544746,-0.3814146874645816,0.6828946430464558
16,9,338.3581062812427,ICN,KMQ,1,1.0414395015834277,21140.0,930.0,False,富山県,Toyama Ken,36.63939171603352,137.26500976129958,0.0439924314096499,9.958922259424229,0.06509852756320708,-0.39188432517682603,0.6757822804353858,1462.5031606834805,-0.4527201541074728,0.635896061629964
16,10,254.02909714342684,PUS,TOY,2,1.351144883484285,41150.0,2510.0,False,富山県,Toyama Ken,36.63939171603352,137.26500976129958,0.0609963547995139,10.624979206105216,0.1932675382220839,-1.153261332406824,0.31560579371287345,8528.100033412376,-1.2230838442077614,0.2943211254753147
16,11,268.7399707475916,ICN,TOY,2,1.111135934572992,32030.0,1080.0,False,富山県,Toyama Ken,36.63939171603352,137.26500976129958,0.0337183890103028,10.374428242603203,0.14805096604951862,-1.4795132231862815,0.22774852410638782,5130.840494764082,-1.5583084437616828,0.2104918289902246
16,12,338.3581062812427,ICN,KMQ,1,1.116655767820266,22550.0,350.0,False,富山県,Toyama Ken,36.63939171603352,137.26500976129958,0.0155210643015521,10.023490344930824,0.06873582172903075,-1.4880723973477865,0.2258075034403312,1673.9096627887457,-1.5649841302285301,0.2090913313785986
17,1,309.5452298319422,ICN,KMQ,1,0.884622379483308,134250.0,3690.0,False,石川県,Ishikawa Ken,36.76733007647851,136.76780289853625,0.027486033519553,11.807459012371112,0.11082584659641605,-1.3942820159946114,0.24801104041773112,14165.178297530038,-1.3451602623396752,0.26049795650249014
17,2,309.5452298319422,ICN,KMQ,1,0.7878796662050059,116660.0,2600.0,False,石川県,Ishikawa Ken,36.76733007647851,136.76780289853625,0.0222869878278758,11.66701900030763,0.10610063937105758,-1.560385069035116,0.21005516988388007,11825.372225520283,-1.5147359667004103,0.21986622919056634
17,3,309.5452298319422,ICN,KMQ,1,0.8853665995310783,125700.0,1440.0,False,石川県,Ishikawa Ken,36.76733007647851,136.76780289853625,0.0114558472553699,11.74165339457834,0.08719650963875311,-2.029664026061468,0.13137965387411019,10477.929856650506,-1.9846280130304645,0.13743172742142476
17,4,309.5452298319422,ICN,KMQ,1,0.9049812882077348,222280.0,3040.0,False,石川県,Ishikawa Ken,36.76733007647851,136.76780289853625,0.0136764441245276,12.311693127393857,0.07685501393698423,-1.7262457650296161,0.17795122821448356,15894.399386767262,-1.6541092919310785,0.1912623387663785
17,5,301.409316748892,ICN,TOY,2,1.0190112064913086,193170.0,3570.0,False,石川県,Ishikawa Ken,36.76733007647851,136.76780289853625,0.0184811306103432,12.17132590920034,0.1055521902225436,-1.7424552800924218,0.1750899774924428,18933.89835475236,-1.6683882835027468,0.188550711169522
17,6,309.5452298319422,ICN,KMQ,1,0.8970051751120396,118780.0,2990.0,False,石川県,Ishikawa Ken,36.76733007647851,136.76780289853625,0.025172587977774,11.68502832156985,0.10020427991919605,-1.3814552777059728,0.251212702671712,11279.276753020753,-1.3276937389716892,0.2650879187975627
17,7,309.5452298319422,ICN,KMQ,1,0.9448910827773151,107770.0,2080.0,False,石川県,Ishikawa Ken,36.76733007647851,136.76780289853625,0.0193003618817852,11.587754605590877,0.08048610510232744,-1.427960716015019,0.23979743903928935,8266.192771520175,-1.3798061431206152,0.2516273280205009
17,8,309.5452298319422,ICN,KMQ,1,0.978078578966936,115830.0,2460.0,False,石川県,Ishikawa Ken,36.76733007647851,136.76780289853625,0.0212380212380212,11.659878877926392,0.07948663951310514,-1.3197959211161394,0.2671898242033448,8696.713831673856,-1.2627838838646532,0.28286546477366653
17,9,309.5452298319422,ICN,KMQ,1,0.9448756073998176,118380.0,2320.0,False,石川県,Ishikawa Ken,36.76733007647851,136.76780289853625,0.0195979050515289,11.681655068244716,0.09413255380845097,-1.5692812604472195,0.2081947664078934,10528.657926213556,-1.5125336799435463,0.22035097124998407
17,10,286.6984431447272,PUS,TOY,2,1.1534626431325594,221030.0,5440.0,False,石川県,Ishikawa Ken,36.76733007647851,136.76780289853625,0.024612043613989,12.306053717893487,0.1272191256855955,-1.642675097828067,0.19346182015756233,26359.92889226213,-1.5780659512006814,0.20637384957426413
17,11,301.409316748892,ICN,TOY,2,1.018367982417171,217620.0,4090.0,False,石川県,Ishikawa Ken,36.76733007647851,136.76780289853625,0.0187942284716478,12.290505701505003,0.09745513722063505,-1.6458423145266265,0.1928500539596832,19716.14173498325,-1.5728927075931374,0.2074442380753902
17,12,309.5452298319422,ICN,KMQ,1,1.030134474240281,143040.0,3730.0,False,石川県,Ishikawa Ken,36.76733007647851,136.76780289853625,0.0260766219239373,11.870879590407341,0.09939208580706833,-1.338033289632861,0.26236114990639275,13525.62643905133,-1.288177907124462,0.2757728092527166
18,1,319.5095964316163,ICN,KMQ,1,3.5803729777889863,10100.0,510.0,False,福井県,Fukui Ken,35.85027070617498,136.22480900629012,0.0504950495049505,9.22029070282935,0.09755507596285151,-0.6585417983173225,0.5176055577485149,1131.3931256162098,-0.7967942811745319,0.4507716976998865
18,2,319.5095964316163,ICN,KMQ,1,3.159898630958535,8760.0,280.0,False,福井県,Fukui Ken,35.85027070617498,136.22480900629012,0.0319634703196347,9.077951183930438,0.09339568567649781,-1.072251454046517,0.3422371182149587,942.84899015746,-1.2141165289498765,0.29697226483027644
18,3,319.5095964316163,ICN,KMQ,1,3.50486540850367,8450.0,280.0,False,福井県,Fukui Ken,35.85027070617498,136.22480900629012,0.0331360946745562,9.041921720351219,0.07675521895610912,-0.8399982217834152,0.43171129110457485,754.019954073112,-0.9906292287764806,0.3713429578189257
18,4,319.5095964316163,ICN,KMQ,1,3.701746394872729,11430.0,460.0,False,福井県,Fukui Ken,35.85027070617498,136.22480900629012,0.0402449693788276,9.343996756788856,0.06765205909097896,-0.5193927798900133,0.5948816624296073,892.3793726761357,-0.6626648583707739,0.5154758324595926
18,5,319.5095964316163,ICN,KMQ,1,3.908317764393527,9540.0,570.0,False,福井県,Fukui Ken,35.85027070617498,136.22480900629012,0.0597484276729559,9.163248764442333,0.08372383568871083,-0.33738083683966913,0.7136370088812387,920.2984716531761,-0.4790616823098226,0.6193642796951319
18,6,319.5095964316163,ICN,KMQ,1,3.6645096824883914,7040.0,500.0,False,福井県,Fukui Ken,35.85027070617498,136.22480900629012,0.0710227272727272,8.859363449152088,0.08820538204339899,-0.216668053799022,0.8051972071021976,722.3136054853767,-0.36785130279304745,0.6922201052325635
18,7,319.5095964316163,ICN,KMQ,1,3.8817352563466825,5220.0,380.0,False,福井県,Fukui Ken,35.85027070617498,136.22480900629012,0.0727969348659003,8.560252680876685,0.07084834755023221,0.02713220817597284,1.0275036381658236,439.0876388844522,-0.1445277734249215,0.8654308760898611
18,8,319.5095964316163,ICN,KMQ,1,3.979976435273408,4110.0,280.0,False,福井県,Fukui Ken,35.85027070617498,136.22480900629012,0.0681265206812652,8.32117830749028,0.06996856233339643,-0.026679456985457595,0.973673295681652,346.2628768781158,-0.2124086431804697,0.8086341871946027
18,9,319.5095964316163,ICN,KMQ,1,3.912098085126805,5090.0,250.0,False,福井県,Fukui Ken,35.85027070617498,136.22480900629012,0.0491159135559921,8.53503310954457,0.08286071092063835,-0.5229779290934506,0.5927527414414044,500.83747551779874,-0.6948207304294289,0.49916392486711075
18,10,319.5095964316163,ICN,KMQ,1,4.2528752922477375,8580.0,580.0,False,福井県,Fukui Ken,35.85027070617498,136.22480900629012,0.0675990675990676,9.057189192482008,0.08359063068932758,-0.21233725067523546,0.8086919196758532,845.1192567090118,-0.3764496460585107,0.6862936744082538
18,11,319.5095964316163,ICN,KMQ,1,4.247136641320474,10350.0,660.0,False,福井県,Fukui Ken,35.85027070617498,136.22480900629012,0.0637681159420289,9.244741798693514,0.07730126564383281,-0.19245701329167986,0.8249297784572093,925.4420797556648,-0.3380317123828034,0.7131726711349164
18,12,319.5095964316163,ICN,KMQ,1,4.379852625898648,9180.0,530.0,False,福井県,Fukui Ken,35.85027070617498,136.22480900629012,0.0577342047930283,9.124782483614537,0.08749044359953816,-0.4156797694800205,0.6598915540683469,932.4208364208508,-0.5649072474494519,0.568412866055669
19,1,370.9011489329662,ICN,FSZ,0,3.8448339861123975,153700.0,4240.0,False,山梨県,Yamanashi Ken,35.615536019583736,138.60840695375472,0.0275862068965517,11.942757929526687,0.05053217421480774,-0.6052943488939424,0.5459137138901882,7177.073545578587,-0.5263284465500018,0.5907700364324731
19,2,370.9011489329662,ICN,FSZ,0,3.481243185213832,135780.0,3420.0,False,山梨県,Yamanashi Ken,35.615536019583736,138.60840695375472,0.0251878038002651,11.818791207855638,0.04837766782441304,-0.6526783974712327,0.5206494015313914,6083.693986358349,-0.5759715239573353,0.5621584530169941
19,3,370.9011489329662,ICN,FSZ,0,3.871583272711855,154560.0,4310.0,False,山梨県,Yamanashi Ken,35.615536019583736,138.60840695375472,0.0278856107660455,11.948337649446344,0.03975813721535899,-0.35470371733691275,0.7013812195223521,5671.776301833126,-0.27456444530842106,0.7599030304857053
19,4,370.9011489329662,ICN,FSZ,0,3.657557825373745,192890.0,4110.0,False,山梨県,Yamanashi Ken,35.615536019583736,138.60840695375472,0.0213074809476903,12.169875357218286,0.03504282685687831,-0.4975127086992206,0.6080411558894544,6229.966114485998,-0.4159478651891071,0.6597146636870743
19,5,370.9011489329662,ICN,FSZ,0,3.774103800536997,143590.0,3840.0,False,山梨県,Yamanashi Ken,35.615536019583736,138.60840695375472,0.0267428093878403,11.874717295288422,0.04336778388204958,-0.483451229319499,0.6166515093456149,5778.801762139242,-0.4087239870050965,0.6644976169901485
19,6,370.9011489329662,ICN,FSZ,0,3.7153257369428334,115660.0,3420.0,False,山梨県,Yamanashi Ken,35.615536019583736,138.60840695375472,0.0295694276327165,11.658410131712209,0.04568916264078351,-0.4351201511116001,0.6471869021806487,4918.894420103319,-0.3634432428172083,0.6952781881275191
19,7,370.9011489329662,ICN,FSZ,0,3.942391600587583,124760.0,2590.0,False,山梨県,Yamanashi Ken,35.615536019583736,138.60840695375472,0.0207598589291439,11.734147170721739,0.03669845987924682,-0.5697135260828468,0.5656874701950017,4231.495122524015,-0.49089751175704865,0.6120768014628145
19,8,370.9011489329662,ICN,FSZ,0,4.006802749861217,112700.0,2120.0,False,山梨県,Yamanashi Ken,35.615536019583736,138.60840695375472,0.0188110026619343,11.632484700027868,0.036242743357989764,-0.6557972314131528,0.519028112086537,3789.9130693410866,-0.5809269932980428,0.5593795850226673
19,9,370.9011489329662,ICN,FSZ,0,3.879480617910036,98240.0,3140.0,False,山梨県,Yamanashi Ken,35.615536019583736,138.60840695375472,0.0319625407166123,11.495168743380969,0.04292069724182224,-0.2947895482767149,0.7446882919103136,3959.537498421529,-0.2319044251974578,0.7930219125975609
19,10,370.9011489329662,ICN,FSZ,0,4.074579039580806,156570.0,6960.0,False,山梨県,Yamanashi Ken,35.615536019583736,138.60840695375472,0.0444529603372293,11.961258473305568,0.04329878554271477,0.026306971902288367,1.0266560546686911,6343.226187449811,0.09279197294995889,1.097233457285582
19,11,370.9011489329662,ICN,FSZ,0,3.907280971483392,142780.0,4290.0,False,山梨県,Yamanashi Ken,35.615536019583736,138.60840695375472,0.0300462249614791,11.869060263056452,0.04004098181448554,-0.2871664471399411,0.7503868187020666,5360.40924012081,-0.222753589997021,0.8003120298895902
19,12,370.9011489329662,ICN,FSZ,0,4.127067177391777,155630.0,4490.0,False,山梨県,Yamanashi Ken,35.615536019583736,138.60840695375472,0.0288504786994795,11.955236674199055,0.04531883445804706,-0.45159613226132267,0.636611224549193,6537.156575205226,-0.3756495947396843,0.6868429642683057
20,1,406.3943964735019,ICN,KMQ,0,1.912072849456231,287360.0,3850.0,False,長野県,Nagano Ken,36.13635397710495,138.04313000747084,0.0133978285077951,12.568491064095971,0.03208216101324714,-0.8732075018173502,0.417609914190723,8042.319475308393,-0.7366443852391598,0.4787176152129134
20,2,406.3943964735019,ICN,KMQ,0,1.71752239984474,241330.0,3640.0,False,長野県,Nagano Ken,36.13635397710495,138.04313000747084,0.0150830812580284,12.393920570449659,0.030714295450469553,-0.7111545269010682,0.49107690854741115,6504.942084995606,-0.5805785271240893,0.5595745438527537
20,3,406.3943964735019,ICN,KMQ,0,1.921401395824582,121260.0,2500.0,False,長野県,Nagano Ken,36.13635397710495,138.04313000747084,0.020616856341745,11.705692279625723,0.025241877666054294,-0.20239541716774,0.8167718984499674,2843.1851688764373,-0.12863423018145959,0.8792955264985232
20,4,406.3943964735019,ICN,KMQ,0,1.8750390743802727,170520.0,5120.0,False,長野県,Nagano Ken,36.13635397710495,138.04313000747084,0.0300258034248182,12.046607870879146,0.02224819396851255,0.29979629077324566,1.3495838568880312,3488.167637643432,0.3837778729086043,1.4678193630220757
20,5,357.1824347222548,ICN,TOY,1,1.966833337597335,147670.0,5670.0,False,長野県,Nagano Ken,36.13635397710495,138.04313000747084,0.0383964244599444,11.90273533346782,0.051692621868405016,-0.2973507186184361,0.7427834586856705,7100.694908922327,-0.22500353601431478,0.798513395199589
20,6,406.3943964735019,ICN,KMQ,0,1.880065480612633,83000.0,3290.0,False,長野県,Nagano Ken,36.13635397710495,138.04313000747084,0.0396385542168674,11.326595886778735,0.029007401624379703,0.3122512101146917,1.3664979280168477,2270.28822070025,0.3709807718724347,1.449155208577539
20,7,406.3943964735019,ICN,KMQ,0,2.000348675907086,97870.0,2840.0,False,長野県,Nagano Ken,36.13635397710495,138.04313000747084,0.0290180852150812,11.491395346419866,0.023299331902468905,0.21949457727074728,1.2454470942150193,2120.9824228479392,0.29192466382531457,1.3390021385404054
20,8,406.3943964735019,ICN,KMQ,0,2.051109983086912,75370.0,3240.0,False,長野県,Nagano Ken,36.13635397710495,138.04313000747084,0.0429879262305957,11.230164596837515,0.023010003943825845,0.6249902154875673,1.8682276776458542,1638.6201896280447,0.6817187898876051,1.977273330640128
20,9,406.3943964735019,ICN,KMQ,0,2.001089092145305,82670.0,3060.0,False,長野県,Nagano Ken,36.13635397710495,138.04313000747084,0.0370146365065924,11.32261205824672,0.027249742191173442,0.3062693554917102,1.3583481358066545,2118.00570197272,0.36793997663916045,1.4447553173015069
20,10,342.47156111809,PUS,TOY,1,2.1579779025274206,180920.0,11120.0,False,長野県,Nagano Ken,36.13635397710495,138.04313000747084,0.0614636303338492,12.10581022359178,0.062303682610747264,-0.013574911778417409,0.9865168118207964,10531.76146181635,0.05434969634190523,1.0558537658032177
20,11,357.1824347222548,ICN,TOY,1,2.042111084065832,139700.0,4700.0,False,長野県,Nagano Ken,36.13635397710495,138.04313000747084,0.0336435218324982,11.847252545245054,0.04772721008307289,-0.34968115581201875,0.7049128112441322,6289.500381586194,-0.29131912825113027,0.7472771627075838
20,12,406.3943964735019,ICN,KMQ,0,2.12095203972222,213820.0,2140.0,False,長野県,Nagano Ken,36.13635397710495,138.04313000747084,0.0100084182957627,12.27288981856749,0.028772285511311044,-1.0559860467601192,0.3478492625074278,5506.587126474052,-0.9451392059417358,0.38862546816185095
21,1,346.4758968995925,ICN,KMQ,2,2.9423504373580203,165320.0,12380.0,False,岐阜県,Gifu Ken,35.780936179452105,137.05374989324136,0.0748850713767239,12.015638268625668,0.06907902143271864,0.08070346912741222,1.08404939478855,10579.903030736079,0.1571260062051536,1.1701430498969978
21,2,346.4758968995925,ICN,KMQ,2,2.580599194198536,143730.0,7950.0,False,岐阜県,Gifu Ken,35.780936179452105,137.05374989324136,0.0553120434147359,11.875691818545278,0.06613374556775513,-0.17868847146139322,0.83636641082226,8836.352272246717,-0.10570222393834072,0.8996925150855997
21,3,346.4758968995925,ICN,KMQ,2,2.9234755123305534,124990.0,4280.0,False,岐阜県,Gifu Ken,35.780936179452105,137.05374989324136,0.0342427394191535,11.735989013084268,0.05435058466215655,-0.46198081638903377,0.6300344261613101,6419.571346997248,-0.4053983374985659,0.6667111818925369
21,4,346.4758968995925,ICN,KMQ,2,3.108888749821395,185610.0,8250.0,False,岐阜県,Gifu Ken,35.780936179452105,137.05374989324136,0.0444480362049458,12.131402977193144,0.04790461176713007,-0.074890997727878,0.9278446179881993,8283.671703009008,-0.004073112151450786,0.9959351717189874
21,5,346.4758968995925,ICN,KMQ,3,3.2701932904130846,142910.0,8520.0,False,岐阜県,Gifu Ken,35.780936179452105,137.05374989324136,0.0596179413616961,11.86997034047584,0.05928508161043533,0.0055988588424251695,1.0056145617450272,7927.6176931311165,0.07206376733612174,1.074723874157321
21,6,346.4758968995925,ICN,KMQ,2,3.042666745933293,91250.0,4750.0,False,岐阜県,Gifu Ken,35.780936179452105,137.05374989324136,0.0520547945205479,11.421358271444738,0.06245847708608554,-0.1822050647643394,0.8334304156792294,5441.471425516687,-0.13590488887921381,0.8729256534778124
21,7,346.4758968995925,ICN,KMQ,2,3.2426470908893656,100840.0,3650.0,False,岐阜県,Gifu Ken,35.780936179452105,137.05374989324136,0.0361959539865132,11.521290381301856,0.05016791254161755,-0.32642828567225735,0.7214961148021917,4787.142455531091,-0.27120650120566836,0.7624590314380075
21,8,346.4758968995925,ICN,KMQ,2,3.3824992458686696,104310.0,4980.0,False,岐阜県,Gifu Ken,35.780936179452105,137.05374989324136,0.0477423065861374,11.555122513670018,0.04954493417529317,-0.03706208359490937,0.9636163087273877,4860.94950170524,0.02419610148528939,1.024491202439563
21,9,346.4758968995925,ICN,KMQ,2,3.3635117037615023,95970.0,4180.0,False,岐阜県,Gifu Ken,35.780936179452105,137.05374989324136,0.043555277690945,11.471790921611673,0.05867390055435688,-0.29796412078316425,0.7423279734162954,5338.929441883952,-0.24471390728887954,0.7829284963400822
21,10,344.2301387097745,PUS,TOY,3,3.626823082150868,165080.0,12610.0,False,岐阜県,Gifu Ken,35.780936179452105,137.05374989324136,0.076387206203053,12.014185483866518,0.06091691664260545,0.22630431054904232,1.253957199626673,9454.03586894989,0.28804842356285576,1.333821890967785
21,11,346.4758968995925,ICN,KMQ,3,3.5353194811142927,148210.0,6330.0,False,岐阜県,Gifu Ken,35.780936179452105,137.05374989324136,0.0427096687133121,11.90638546595096,0.054737241845006716,-0.24811898771053809,0.7802670955589663,7645.896929141154,-0.1888689186638377,0.827895021168044
21,12,346.4758968995925,ICN,KMQ,2,3.547093518181975,123030.0,8480.0,False,岐阜県,Gifu Ken,35.780936179452105,137.05374989324136,0.0689262781435422,11.720183507054214,0.06195222717956768,0.10667394204091973,1.112571432561421,7245.057082756239,0.15739099514484955,1.1704531659499298
22,1,300.0422197685004,ICN,FSZ,1,3.3685527910109663,124750.0,12590.0,False,静岡県,Shizuoka Ken,35.02009388605614,138.32735965742978,0.1009218436873747,11.734067013613766,0.12516058846354192,-0.21525122807303587,0.8063388397760074,14992.0159492332,-0.17461494128884425,0.8397803232489188
22,2,300.0422197685004,ICN,FSZ,1,3.022972032857443,139040.0,11900.0,False,静岡県,Shizuoka Ken,35.02009388605614,138.32735965742978,0.0855868814729574,11.84251694049922,0.11982420047192363,-0.3364936549762483,0.7142704156245256,15760.899634344736,-0.28099376608056303,0.7550330422806949
22,3,300.0422197685004,ICN,FSZ,1,3.400523336649586,166610.0,12250.0,False,静岡県,Shizuoka Ken,35.02009388605614,138.32735965742978,0.0735249984994898,12.023411030923114,0.09847492072942284,-0.2921764398430069,0.7466367878732564,15409.546168671812,-0.22946126146451462,0.7949617636958517
22,4,300.0422197685004,ICN,FSZ,1,3.1420539177523854,214630.0,12040.0,False,静岡県,Shizuoka Ken,35.02009388605614,138.32735965742978,0.0560965382285794,12.27667089437571,0.0867958068099047,-0.436484208388515,0.6463047039984189,17430.83665850347,-0.3700064195608288,0.6907298964405354
22,5,300.0422197685004,ICN,FSZ,1,3.251275869205715,171410.0,13800.0,False,静岡県,Shizuoka Ken,35.02009388605614,138.32735965742978,0.0805087217781926,12.051813626501103,0.10741547212996136,-0.2883387088730589,0.7495076843379281,17256.48308255804,-0.22351931158040728,0.7996994482582797
22,6,300.0422197685004,ICN,FSZ,1,3.459200946060997,158270.0,11860.0,False,静岡県,Shizuoka Ken,35.02009388605614,138.32735965742978,0.0749352372527958,11.97205771432733,0.11316517785714468,-0.4122242651360577,0.6621757564627445,16669.264474244148,-0.34039517949888065,0.7114891012932817
22,7,300.0422197685004,ICN,FSZ,1,3.660908995020228,170250.0,7370.0,False,静岡県,Shizuoka Ken,35.02009388605614,138.32735965742978,0.0432892804698972,12.045023224011759,0.0908965605688552,-0.7418171227874701,0.476247728175645,14303.021688123656,-0.6630531156042601,0.5152757340862869
22,8,300.0422197685004,ICN,FSZ,1,3.7503130799798954,152530.0,10250.0,False,静岡県,Shizuoka Ken,35.02009388605614,138.32735965742978,0.0671998951026027,11.935116576993979,0.089767819348843,-0.28955486538317254,0.7485967197382837,12712.956955208005,-0.21534400049000446,0.8062640372428053
22,9,300.0422197685004,ICN,FSZ,1,3.6412607012944536,130080.0,11760.0,False,静岡県,Shizuoka Ken,35.02009388605614,138.32735965742978,0.0904059040590405,11.775904924781637,0.1063081058261255,-0.16203196103146844,0.850414023996494,13015.269645736695,-0.10141931383570757,0.9035540807141187
22,10,300.0422197685004,ICN,FSZ,1,3.853455064709662,190000.0,21510.0,False,静岡県,Shizuoka Ken,35.02009388605614,138.32735965742978,0.1132105263157894,12.154779351142624,0.1072445736303749,0.05413718909413889,1.055629413064539,19232.34634016928,0.11192437655273757,1.1184282780449701
22,11,300.0422197685004,ICN,FSZ,1,3.7273385509729016,168770.0,16270.0,False,静岡県,Shizuoka Ken,35.02009388605614,138.32735965742978,0.0964033892279433,12.03629212023053,0.09917548422229623,-0.028349489927401716,0.9720485862399276,15861.489636448545,0.025428785320805503,1.0257548548663877
22,12,300.0422197685004,ICN,FSZ,1,3.8362996464398456,128230.0,17910.0,False,静岡県,Shizuoka Ken,35.02009388605614,138.32735965742978,0.1396709038446541,11.761580805453162,0.11224793069736691,0.21857887689862432,1.2443071598462037,13846.822074114534,0.2573034629001949,1.2934375775277154
23,1,285.80768142100453,PUS,NGO,1,6.24175125477296,402970.0,51980.0,False,愛知県,Aichi Ken,35.03760737331969,137.21094658140888,0.1289922326724073,12.906617396470555,0.15017455557029444,-0.15204613061272698,0.8589486559993714,53543.57950945671,-0.029636863376525824,0.9707980018560288
23,2,285.80768142100453,PUS,NGO,1,5.422974222804611,349310.0,43330.0,False,愛知県,Aichi Ken,35.03760737331969,137.21094658140888,0.1240445449600641,12.763715059071073,0.14377166385470164,-0.14758563875375752,0.862788547021518,44597.40454866849,-0.028830427604821907,0.971581203850431
23,3,285.80768142100453,PUS,NGO,1,6.227715495313377,371260.0,36130.0,False,愛知県,Aichi Ken,35.03760737331969,137.21094658140888,0.0973172439799601,12.824657904763214,0.11815562420169327,-0.19402640635428314,0.8236361547533125,39017.743932826495,-0.07689297013800633,0.9259889567731527
23,4,285.80768142100453,PUS,NGO,1,6.778380518850362,461380.0,47450.0,False,愛知県,Aichi Ken,35.03760737331969,137.21094658140888,0.1028436429840912,13.041977277445076,0.10414238118446847,-0.012549207122607875,0.9875292058275794,42690.546327372045,0.10569902681883114,1.111487298291526
23,5,285.80768142100453,PUS,NGO,1,7.0567822863879295,417570.0,57710.0,False,愛知県,Aichi Ken,35.03760737331969,137.21094658140888,0.1382043729195105,12.942207473889557,0.1288829893380465,0.06982861945821472,1.0723243899706187,47455.69534386502,0.195633922548053,1.2160816437696687
23,6,285.80768142100453,PUS,NGO,1,6.549689526689585,348880.0,48440.0,False,愛知県,Aichi Ken,35.03760737331969,137.21094658140888,0.13884430176565,12.762483302516648,0.1357818023976483,0.02230397094994574,1.022554564116279,41786.43776446772,0.14775408719673067,1.1592277923530023
23,7,285.80768142100453,PUS,NGO,1,7.016032288558866,342110.0,36270.0,False,愛知県,Aichi Ken,35.03760737331969,137.21094658140888,0.1060185320510946,12.742887601757413,0.10906269101053638,-0.02830895427954916,0.9720879896577311,32908.60098978448,0.09725690142897214,1.1021434794891156
23,8,285.80768142100453,PUS,NGO,1,7.404858871842402,347530.0,34920.0,False,愛知県,Aichi Ken,35.03760737331969,137.21094658140888,0.1004805340546139,12.758606271195935,0.10770836523474654,-0.06946323503813367,0.9328944305822502,32859.96893360218,0.060804563779580434,1.0626912055382762
23,9,285.80768142100453,PUS,NGO,1,7.453875952168989,308030.0,45010.0,False,愛知県,Aichi Ken,35.03760737331969,137.21094658140888,0.14612213096127,12.637952459809789,0.12755431036191242,0.13590054793475215,1.1455679588300445,34864.66735753392,0.2554107675483426,1.2909918095138153
23,10,285.80768142100453,PUS,NGO,1,7.879468944510775,421870.0,70370.0,False,愛知県,Aichi Ken,35.03760737331969,137.21094658140888,0.1668049399103989,12.952452488686845,0.12867793592196655,0.25951244340874635,1.2962979139761264,48536.32234901958,0.371454603918707,1.4498420274609336
23,11,285.80768142100453,PUS,NGO,1,7.7226422450781955,399300.0,52490.0,False,愛知県,Aichi Ken,35.03760737331969,137.21094658140888,0.1314550463310793,12.897468293051313,0.11899619879855759,0.09957339044508773,1.1046995421560701,42454.700303435115,0.21218504299607943,1.2363766467514756
23,12,285.80768142100453,PUS,NGO,1,7.599138415484281,361330.0,66040.0,False,愛知県,Aichi Ken,35.03760737331969,137.21094658140888,0.1827692137381341,12.797546947178816,0.1346812388236134,0.305313437312287,1.357050286547331,43576.240888488814,0.41574855097755403,1.5155047487688482
24,1,298.13645492165404,PUS,NGO,2,11.622107251720378,14020.0,2060.0,True,三重県,Mie Ken,34.51843672143001,136.3778340448148,0.1469329529243937,9.54824016058858,0.12825124920852474,0.13598515575639447,1.1456648869399646,2029.3924251034382,0.014969532524975016,1.0150821371549186
24,2,298.13645492165404,PUS,NGO,2,10.246374519135848,12560.0,2160.0,True,三重県,Mie Ken,34.51843672143001,136.3778340448148,0.1719745222929936,9.438272440022189,0.12278308678944364,0.3369270631383834,1.4006369019530076,1742.6805509167825,0.21468374739019147,1.2394698494016445
24,3,298.13645492165404,PUS,NGO,2,11.303670656117813,24040.0,3580.0,True,三重県,Mie Ken,34.51843672143001,136.3778340448148,0.14891846921797,10.087474388649143,0.10090661728502329,0.38920346191184874,1.4758047908526282,2629.21710862451,0.30867667586670944,1.3616220540542943
24,4,298.13645492165404,PUS,NGO,2,11.939481335376996,42620.0,4340.0,False,三重県,Mie Ken,34.51843672143001,136.3778340448148,0.1018301267010793,10.660078905652608,0.08893910444240684,0.1353540846252379,1.1449421189868187,3997.8536769050393,0.08211671177714486,1.0855825026992576
24,5,298.13645492165404,PUS,NGO,2,12.515658010215716,28690.0,3940.0,False,三重県,Mie Ken,34.51843672143001,136.3778340448148,0.1373300801673057,10.26430390897541,0.11006794274544246,0.22128953585832956,1.2476846277113876,3378.3209509544145,0.15380189731373584,1.166259824688032
24,6,298.13645492165404,PUS,NGO,2,11.764424479851122,28850.0,3580.0,True,三重県,Mie Ken,34.51843672143001,136.3778340448148,0.1240901213171577,10.269865271936245,0.11595962918719699,0.06776598015706803,1.0701148510645497,3531.7350457155208,0.01357353585401988,1.0136660745100425
24,7,298.13645492165404,PUS,NGO,2,12.481476871016993,19350.0,680.0,False,三重県,Mie Ken,34.51843672143001,136.3778340448148,0.0351421188630491,9.870447698457928,0.09314112041834766,-0.9747153881878567,0.3772997222409033,1956.4114473163543,-1.0567743816925885,0.3475751488434441
24,8,298.13645492165404,PUS,NGO,2,12.750559088067046,21190.0,1120.0,False,三重県,Mie Ken,34.51843672143001,136.3778340448148,0.0528551203397829,9.961284651262345,0.09198450655709302,-0.5540655638699397,0.5746089457682392,2094.2954062036365,-0.6258884898771218,0.5347860653670832
24,9,298.13645492165404,PUS,NGO,2,12.572487180291592,28510.0,2900.0,False,三重県,Mie Ken,34.51843672143001,136.3778340448148,0.1017186951946685,10.258010181906718,0.10893323162318094,-0.06852402757558851,0.9337710235801249,3270.90283171944,-0.12035530513647874,0.8866053653069037
24,10,298.13645492165404,PUS,NGO,2,13.601697636142156,31570.0,5260.0,True,三重県,Mie Ken,34.51843672143001,136.3778340448148,0.1666138739309471,10.359962581552038,0.10989282415316921,0.41617343821371744,1.5161488042087239,3739.738776187941,0.34111526370157286,1.406515351684997
24,11,298.13645492165404,PUS,NGO,2,13.74730483143298,35960.0,4550.0,True,三重県,Mie Ken,34.51843672143001,136.3778340448148,0.1265294771968854,10.490162488585556,0.10162448018590821,0.2191908495084971,1.2450688747968688,3883.2877672844556,0.1584450754345923,1.1716875680273806
24,12,298.13645492165404,PUS,NGO,2,14.262273729448395,29700.0,3310.0,False,三重県,Mie Ken,34.51843672143001,136.3778340448148,0.1114478114478114,10.298902324790792,0.11501973192785535,-0.031547273063642134,0.9689451503652922,3662.5033947188826,-0.10119871183948703,0.9037534285354727
25,1,316.78038790619485,PUS,NGO,2,8.930657987828436,20310.0,2660.0,False,滋賀県,Shiga Ken,35.218893527095865,136.13489926536806,0.1309699655342196,9.91886865457443,0.10102325145838026,0.25961732337780363,1.2964338767909966,2239.784566708891,0.17194643712821467,1.1876142194820853
25,2,316.78038790619485,PUS,NGO,2,7.880459803709095,19310.0,2130.0,False,滋賀県,Shiga Ken,35.218893527095865,136.13489926536806,0.110305541170378,9.86837837542256,0.09671599090156553,0.13147540737841323,1.1405098592500955,2032.2901725164709,0.04695865876498129,1.0480786793170092
25,3,316.78038790619485,PUS,NGO,2,8.685983445121503,25490.0,3090.0,False,滋賀県,Shiga Ken,35.218893527095865,136.13489926536806,0.121224009415457,10.146041497370161,0.0794839398033861,0.42208516530301665,1.5251384080270858,2173.324892591704,0.35191288742356797,1.4217846629986173
25,4,316.78038790619485,PUS,NGO,3,9.189374938408564,37890.0,3090.0,False,滋賀県,Shiga Ken,35.218893527095865,136.13489926536806,0.0815518606492478,10.542442504012646,0.07005715396939147,0.15192775067768016,1.1640761296823228,2806.975288723403,0.09606359701596912,1.1008290712118514
25,5,316.78038790619485,PUS,NGO,3,9.679219528269282,24910.0,3720.0,False,滋賀県,Shiga Ken,35.218893527095865,136.13489926536806,0.1493376154154957,10.123024608256227,0.0867002974715691,0.5437523031678662,1.7224579357927432,2320.6042569601996,0.47189606093321146,1.6030307575462666
25,6,316.78038790619485,PUS,NGO,3,9.103033126023634,18120.0,2330.0,False,滋賀県,Shiga Ken,35.218893527095865,136.13489926536806,0.1285871964679911,9.80477157959697,0.09134116705055903,0.34200566127648324,1.4077682672569283,1797.2895998047493,0.25958851538459893,1.296396529670634
25,7,316.78038790619485,PUS,NGO,3,9.650258326622897,18010.0,1730.0,False,滋賀県,Shiga Ken,35.218893527095865,136.13489926536806,0.096057745696835,9.798682438170001,0.07336707351551143,0.2694742830368808,1.3092759611915863,1433.2627302124965,0.1881679336827764,1.2070362003646802
25,8,316.78038790619485,PUS,NGO,3,9.846184447361718,14100.0,960.0,False,滋賀県,Shiga Ken,35.218893527095865,136.13489926536806,0.0680851063829787,9.55393007636626,0.07245601109961405,-0.062221147185972825,0.9396750573168298,1124.336423834704,-0.15801501066909385,0.8538369652081431
25,9,316.78038790619485,PUS,NGO,3,9.695925119584428,15320.0,1350.0,False,滋賀県,Shiga Ken,35.218893527095865,136.13489926536806,0.0881201044386423,9.636914443294582,0.0858064877991934,0.02660608810959708,1.026963190066272,1440.5824161248686,-0.06494289500970485,0.9371209761337137
25,10,316.78038790619485,PUS,NGO,3,10.501744907047042,23240.0,3750.0,False,滋賀県,Shiga Ken,35.218893527095865,136.13489926536806,0.1613597246127366,10.053630210965848,0.08656235690809362,0.6227711436477481,1.8640865426533848,2204.6555570619425,0.5311845532347874,1.7009459767935255
25,11,316.78038790619485,PUS,NGO,3,10.60608177918076,30690.0,2910.0,False,滋賀県,Shiga Ken,35.218893527095865,136.13489926536806,0.0948191593352883,10.331692147613781,0.08004939896886235,0.1693275603159532,1.184508073223274,2625.329466687869,0.10294668189648704,1.1084323079919078
25,12,316.78038790619485,PUS,NGO,3,11.017333374363044,26430.0,2370.0,False,滋賀県,Shiga Ken,35.218893527095865,136.13489926536806,0.0896708286038592,10.182255007598334,0.09060081186679679,-0.01031766849797755,0.9897353760548542,2573.8761063144466,-0.08252302012350743,0.9207902409077572
26,1,327.4693398556655,PUS,KIX,1,11.122345179556,968930.0,80070.0,False,京都府,Kyoto Fu,35.255565485262,135.4412524675672,0.0826375486361243,13.783947648841426,0.0881053415495498,-0.0640690004251625,0.9379402790198543,69855.56849810314,0.13647144875591088,1.1462221512401574
26,2,327.4693398556655,PUS,KIX,1,9.895570218193996,878900.0,64030.0,False,京都府,Kyoto Fu,35.255565485262,135.4412524675672,0.0728524291728296,13.686426404552737,0.08434885324589021,-0.14652533676929114,0.8637038485923841,60682.014042811585,0.05370437838808506,1.0551726242116228
26,3,327.4693398556655,PUS,KIX,1,10.696480639269634,1280620.0,61390.0,False,京都府,Kyoto Fu,35.255565485262,135.4412524675672,0.0479377176680045,14.062854893624097,0.06932027590664391,-0.36883482524807354,0.6915396259034502,71110.23930984977,-0.1469843837977045,0.8633074588949757
26,4,325.6969515901872,ICN,UKB,2,11.092543000799616,1798040.0,59820.0,False,京都府,Kyoto Fu,35.255565485262,135.4412524675672,0.03326956018776,14.402207740707288,0.06250085581785303,-0.6305373792754678,0.5323056740969734,89165.65178542476,-0.3991558425556718,0.6708861405954345
26,5,325.6969515901872,ICN,UKB,2,11.775621491915595,1505840.0,64640.0,False,京都府,Kyoto Fu,35.255565485262,135.4412524675672,0.0429262072995803,14.22486143999806,0.07734888565417666,-0.5888436381968356,0.5549686583915562,92245.51582446854,-0.3556202585774937,0.7007386692161994
26,6,325.6969515901872,ICN,UKB,2,11.235626465166584,1296460.0,59110.0,False,京都府,Kyoto Fu,35.255565485262,135.4412524675672,0.0455933850639433,14.075148031190276,0.08148919544398968,-0.580707798608807,0.559502211496016,83515.20939288469,-0.34562864885130296,0.7077752714709241
26,7,325.6969515901872,ICN,UKB,2,11.844010380208331,1278330.0,37280.0,False,京都府,Kyoto Fu,35.255565485262,135.4412524675672,0.0291630486650551,14.061065096550054,0.065453770582434,-0.8084416495861251,0.44555185141437315,66108.51859618457,-0.5728406231116168,0.5639212735611294
26,8,325.6969515901872,ICN,UKB,2,11.860983583703696,1300760.0,48120.0,False,京都府,Kyoto Fu,35.255565485262,135.4412524675672,0.0369937574956179,14.07845926699538,0.06464097449422943,-0.5580993077390142,0.5722957889336953,66113.35650168915,-0.3176729004172678,0.7278408259119413
26,9,325.6969515901872,ICN,UKB,2,11.529092981402316,1255580.0,44780.0,False,京都府,Kyoto Fu,35.255565485262,135.4412524675672,0.0356647923668742,14.043108175183379,0.07655148144494824,-0.7637994806095851,0.46589290884621765,75914.50934552794,-0.5278462189341724,0.5898740621003292
26,10,325.6969515901872,ICN,UKB,2,12.637622764591134,1499470.0,61930.0,False,京都府,Kyoto Fu,35.255565485262,135.4412524675672,0.041301259778455,14.220622270302176,0.07722582322898906,-0.6258408962715838,0.5348115183698207,93088.66769275177,-0.40754774004197714,0.6652796901595582
26,11,325.6969515901872,ICN,UKB,2,12.938927701308783,1347000.0,63460.0,False,京都府,Kyoto Fu,35.255565485262,135.4412524675672,0.0471121009651076,14.113390455392501,0.07141534675308932,-0.41598289804177124,0.6596915524052904,77577.63909244975,-0.20086944348406632,0.8180192223222256
26,12,325.6969515901872,ICN,UKB,2,13.795435729967837,1181500.0,87690.0,False,京都府,Kyoto Fu,35.255565485262,135.4412524675672,0.0742192128650021,13.9822953756091,0.08082869426784227,-0.08530897941517113,0.9182285268528737,77360.51954792961,0.12533130069243903,1.133523928128103
27,1,266.44066879280217,PUS,KIX,2,28.94168760656698,2008420.0,313300.0,False,大阪府,Osaka Fu,34.62630895391716,135.50847719403612,0.1559932683402874,14.512858901268768,0.19242263787147354,-0.2098813371111492,0.8106804379455669,305690.1516639367,0.02458918526908427,1.0248939924778122
27,2,266.44066879280217,PUS,KIX,2,25.80189439507749,1765600.0,313360.0,False,大阪府,Osaka Fu,34.62630895391716,135.50847719403612,0.1774807430901676,14.384001133924663,0.1842184430314025,-0.03726013044660226,0.9634254864477039,257948.94043265807,0.1945910293215718,1.2148140615518754
27,3,266.44066879280217,PUS,KIX,2,27.749607382419608,1862010.0,237750.0,False,大阪府,Osaka Fu,34.62630895391716,135.50847719403612,0.1276845989011874,14.437167107374009,0.15139593256594025,-0.17033532314413846,0.843381963683698,224056.57311658133,0.05932112290183689,1.061115934663045
27,4,266.44066879280217,PUS,KIX,3,28.488450770520323,2311520.0,214280.0,False,大阪府,Osaka Fu,34.62630895391716,135.50847719403612,0.0927009067626496,14.653415874763208,0.13344039291897103,-0.36427662892893053,0.6946989943213097,244904.37542031924,-0.13358425893651749,0.8749537431997285
27,5,266.44066879280217,PUS,KIX,3,30.1077602382058,2156390.0,246700.0,False,大阪府,Osaka Fu,34.62630895391716,135.50847719403612,0.114404166222251,14.583946085190338,0.1651411898041503,-0.36706330747514393,0.6927657864033131,279990.20631711633,-0.12658160158334297,0.8811022472714214
27,6,266.44066879280217,PUS,KIX,3,28.828306234526195,1974210.0,215860.0,False,大阪府,Osaka Fu,34.62630895391716,135.50847719403612,0.1093399385070483,14.495678876296019,0.1739808218048548,-0.4644833425621293,0.628459719713758,268338.4463079081,-0.21761899373534987,0.8044318768705584
27,7,266.44066879280217,PUS,KIX,3,30.36228588118553,1914990.0,155970.0,False,大阪府,Osaka Fu,34.62630895391716,135.50847719403612,0.0814469005060078,14.465222958651134,0.13974491629366312,-0.5398674538493586,0.5828254985308621,209212.63811381778,-0.293687460936253,0.7455094558635015
27,8,266.44066879280217,PUS,KIX,3,30.282563081547423,1895670.0,159570.0,False,大阪府,Osaka Fu,34.62630895391716,135.50847719403612,0.0841760432986754,14.455082896015623,0.1380095827857652,-0.4944127638518996,0.6099289744926147,203958.91842158328,-0.24543589585579184,0.782363434925501
27,9,266.44066879280217,PUS,KIX,3,29.346336349499268,1419730.0,125580.0,False,大阪府,Osaka Fu,34.62630895391716,135.50847719403612,0.0884534383298232,14.165977270653311,0.16343871822032455,-0.6139618149726607,0.5412024720518367,185136.93432481366,-0.3881527311296793,0.6783087364927199
27,10,266.44066879280217,PUS,KIX,3,32.29203010540964,2055280.0,256800.0,False,大阪府,Osaka Fu,34.62630895391716,135.50847719403612,0.1249464793118212,14.535922649672232,0.16487844942794722,-0.27732305218430375,0.7578096455014485,271318.8837393328,-0.05499725006863443,0.946487750726258
27,11,266.44066879280217,PUS,KIX,3,33.258664057624856,1955030.0,259420.0,False,大阪府,Osaka Fu,34.62630895391716,135.50847719403612,0.1326936159547423,14.485916096552408,0.15247298307321258,-0.13894458885270078,0.870276250127717,238419.31496364818,0.08441741886038656,1.088082985388805
27,12,266.44066879280217,PUS,KIX,3,35.75221324387954,1860320.0,336700.0,False,大阪府,Osaka Fu,34.62630895391716,135.50847719403612,0.1809903672486454,14.436259073902436,0.17257064053109084,0.047637147258757784,1.0487900299358142,256381.5155026639,0.2725256961426048,1.3132772046372485
28,1,317.1174784402468,PUS,KIX,2,12.88068092653276,128930.0,11480.0,False,兵庫県,Hyogo Ken,35.09424724163572,134.82419660089167,0.0890405646474831,11.767024900404884,0.10058830283373965,-0.12194392843598756,0.8851980015475204,12353.684838267645,-0.07334799515090751,0.9292773897257562
28,2,317.1174784402468,PUS,KIX,2,11.482939364295314,115590.0,9210.0,False,兵庫県,Hyogo Ken,35.09424724163572,134.82419660089167,0.0796781728523228,11.657804726288314,0.09629958688945828,-0.18946834702260906,0.8273989061218393,10615.708978535044,-0.14204503291058224,0.8675821858551902
28,3,317.1174784402468,PUS,KIX,2,12.351283412645715,128620.0,10430.0,False,兵庫県,Hyogo Ken,35.09424724163572,134.82419660089167,0.0810915876224537,11.764617599688854,0.07914172719589797,0.024338967006200196,1.024637577364584,9690.697647018413,0.07351984910530973,1.076289899851437
28,4,316.6279000603133,ICN,UKB,3,12.719063828520971,175540.0,18900.0,False,兵庫県,Hyogo Ken,35.09424724163572,134.82419660089167,0.1076677680300786,12.075622216146108,0.07019402712485298,0.4277870401633721,1.5338593957370714,11638.70067342522,0.4848261119873474,1.6238926088334413
28,5,316.6279000603133,ICN,UKB,3,13.50591948910138,177160.0,21570.0,False,兵庫県,Hyogo Ken,35.09424724163572,134.82419660089167,0.1217543463535786,12.084808558037135,0.08686968692891946,0.337596315966179,1.401574595902519,14311.794270636643,0.4102194889041222,1.5071485511956344
28,6,316.6279000603133,ICN,UKB,3,12.935762310226531,147610.0,18250.0,False,兵庫県,Hyogo Ken,35.09424724163572,134.82419660089167,0.1236366099857733,11.902328939531042,0.09151962354000205,0.30079328425651397,1.3509300541619176,12569.921899701241,0.37285827067545974,1.4518785514835815
28,7,316.6279000603133,ICN,UKB,3,13.615059838571629,149420.0,13680.0,False,兵庫県,Hyogo Ken,35.09424724163572,134.82419660089167,0.0915540088341587,11.914516411529792,0.07351041337860996,0.21950198382501895,1.245456318720676,10195.135229785828,0.29402424393169646,1.3418164341786154
28,8,316.6279000603133,ICN,UKB,3,13.54858338291092,133540.0,10410.0,False,兵庫県,Hyogo Ken,35.09424724163572,134.82419660089167,0.0779541710348959,11.80215633741186,0.0725975709876405,0.07118963937877121,1.0737848384509632,9041.17256623054,0.1409780079804115,1.1513993261097717
28,9,316.6279000603133,ICN,UKB,3,13.120407780998608,162330.0,16270.0,False,兵庫県,Hyogo Ken,35.09424724163572,134.82419660089167,0.1002279307583317,11.99738657930489,0.08597413098877082,0.15340045134310776,1.1657917283446877,12853.54729789747,0.2357030936746103,1.2657984308083863
28,10,316.6279000603133,ICN,UKB,3,14.421935276171348,236190.0,21610.0,False,兵庫県,Hyogo Ken,35.09424724163572,134.82419660089167,0.0914941360768872,12.372391844846623,0.086731476866055,0.05345801076665957,1.0549126958622819,18925.42065398779,0.1326501440189105,1.1418504452341744
28,11,316.6279000603133,ICN,UKB,4,14.791002175840909,184460.0,21360.0,False,兵庫県,Hyogo Ken,35.09424724163572,134.82419660089167,0.1157974628645776,12.12518791678971,0.08020579432906287,0.3672468945118297,1.443754330135946,13853.982446378603,0.4329472815359381,1.5417949374970852
28,12,316.6279000603133,ICN,UKB,3,15.835218488054842,158480.0,21870.0,False,兵庫県,Hyogo Ken,35.09424724163572,134.82419660089167,0.1379984856133266,11.973383681372432,0.09077782189796366,0.4188277077327731,1.5201784172398412,13552.71101352397,0.4785292325764434,1.6136992796626735
29,1,292.17632808166945,PUS,KIX,3,19.544720160326506,26270.0,1680.0,False,奈良県,Nara Ken,34.319108317626586,135.86833171523918,0.0639512752188808,10.176182882679585,0.13841830084267784,-0.7721587972641353,0.46201459510448656,3926.062945960931,-0.8488433354132043,0.42790959368808806
29,2,292.17632808166945,PUS,KIX,3,17.391638995623964,26230.0,1600.0,False,奈良県,Nara Ken,34.319108317626586,135.86833171523918,0.0609988562714449,10.17465907286092,0.13251665266808305,-0.7758532036938872,0.46031087446971564,3727.6565635345037,-0.8457761398185548,0.42922409098838915
29,3,292.17632808166945,PUS,KIX,2,18.771693476785465,38360.0,1550.0,False,奈良県,Nara Ken,34.319108317626586,135.86833171523918,0.0404066736183524,10.554770528997375,0.10890593732670571,-0.9914895894610392,0.37102360633596004,4383.183987898482,-1.0395204672422045,0.3536242157024187
29,4,292.17632808166945,PUS,KIX,3,19.277450777932945,61610.0,1600.0,False,奈良県,Nara Ken,34.319108317626586,135.86833171523918,0.0259698100957636,11.028579474008616,0.09598970607585419,-1.3073062441405536,0.27054786557260013,6081.977068053337,-1.3353261895408588,0.26307235001004586
29,5,292.17632808166945,PUS,KIX,3,20.25130726765364,46540.0,2450.0,False,奈良県,Nara Ken,34.319108317626586,135.86833171523918,0.0526428878384185,10.748067436856283,0.11879352213795523,-0.8138557323189537,0.44314611513314817,5718.59016031547,-0.8476342749856771,0.4284272751353882
29,6,292.17632808166945,PUS,KIX,3,19.3357151046499,40240.0,2240.0,False,奈良県,Nara Ken,34.319108317626586,135.86833171523918,0.0556660039761431,10.602616804773621,0.1251522689836842,-0.810161528769171,0.44478621465025264,5197.855409654355,-0.8417702534310951,0.4309469624413724
29,7,292.17632808166945,PUS,KIX,3,20.391336203677024,38030.0,1330.0,False,奈良県,Nara Ken,34.319108317626586,135.86833171523918,0.0349723902182487,10.546130600922305,0.10052483470105633,-1.0558459091497912,0.3478980126876171,3956.008802047091,-1.0900566965109535,0.33619743194498797
29,8,292.17632808166945,PUS,KIX,3,20.41156977295538,29810.0,820.0,False,奈良県,Nara Ken,34.319108317626586,135.86833171523918,0.0275075478027507,10.302599186672117,0.0992765308724858,-1.2834487648537576,0.2770800667690771,3106.8401408687914,-1.332057116529719,0.26393375996831825
29,9,292.17632808166945,PUS,KIX,3,19.832074210513685,29920.0,1730.0,False,奈良県,Nara Ken,34.319108317626586,135.86833171523918,0.0578208556149732,10.306282432088414,0.11756885737671494,-0.7096746477832285,0.4918041810145625,3698.7754692433873,-0.7598804021045007,0.4677223622751786
29,10,292.17632808166945,PUS,KIX,3,21.777604275748235,46760.0,3650.0,False,奈良県,Nara Ken,34.319108317626586,135.86833171523918,0.0780581693755346,10.752783415586006,0.11860452110959867,-0.41834029651867155,0.6581382281658851,5818.9305191240555,-0.4663893176624043,0.627263031927291
29,11,292.17632808166945,PUS,KIX,3,22.379928429059568,33680.0,2410.0,False,奈良県,Nara Ken,34.319108317626586,135.86833171523918,0.0715558194774346,10.424659468356262,0.10968070843881339,-0.42709565726570853,0.6524011423335474,3952.011630406507,-0.49459797529535354,0.6098160191274806
29,12,292.17632808166945,PUS,KIX,3,23.93801993524396,25070.0,2040.0,False,奈良県,Nara Ken,34.319108317626586,135.86833171523918,0.0813721579577183,10.12942719115234,0.12413786185386956,-0.4223595625012404,0.6554983044053597,3385.0788524765803,-0.5064273929123004,0.6026447503600992
30,1,289.0261858875086,ICN,SHM,3,17.935772540226036,32560.0,6510.0,False,和歌山県,Wakayama Ken,33.91340527739623,135.50382188983903,0.1999385749385749,10.390839820116476,0.14411358573002878,0.3274084156315804,1.3873679842587798,4991.9261601572225,0.2655176168979203,1.3041058283191762
30,2,289.0261858875086,ICN,SHM,3,15.972727942276482,22160.0,2820.0,True,和歌山県,Wakayama Ken,33.91340527739623,135.50382188983903,0.1272563176895307,10.00604414086122,0.1379691115168639,-0.08082652846260485,0.9223536796783403,3323.202968526075,-0.16419218246266354,0.8485789242210326
30,3,295.5679694952671,PUS,KIX,2,17.16473805461861,44990.0,3620.0,True,和歌山県,Wakayama Ken,33.91340527739623,135.50382188983903,0.0804623249611024,10.714195521835219,0.1042791951069546,-0.25928280849335206,0.7716047757999638,4859.540093499482,-0.29446977662974483,0.7449264601895991
30,4,295.5679694952671,PUS,KIX,3,17.48073528474068,57480.0,1870.0,False,和歌山県,Wakayama Ken,33.91340527739623,135.50382188983903,0.0325330549756437,10.959192340192962,0.09191169493464024,-1.03857162980513,0.35395990682990275,5455.057579224304,-1.0706047436743447,0.34280114789657457
30,5,295.5679694952671,PUS,KIX,3,18.32214148669948,53100.0,4150.0,False,和歌山県,Wakayama Ken,33.91340527739623,135.50382188983903,0.0781544256120527,10.87993220723003,0.11374671736495377,-0.37528751410772276,0.6870917018316758,6180.263461242318,-0.39825256758728855,0.6714924090251965
30,6,295.5679694952671,PUS,KIX,3,17.541105356649297,48830.0,3580.0,False,和歌山県,Wakayama Ken,33.91340527739623,135.50382188983903,0.0733155846815482,10.796100157055706,0.11983532023857232,-0.4913452676065897,0.6118028018416355,5947.456986362953,-0.5076009305347693,0.601937938888613
30,7,295.5679694952671,PUS,KIX,3,18.48393164482701,48180.0,1790.0,True,和歌山県,Wakayama Ken,33.91340527739623,135.50382188983903,0.0371523453715234,10.782699276168863,0.09625415388914041,-0.951965227878341,0.385981735544766,4710.831282642561,-0.9676487657326378,0.3799753997973564
30,8,295.5679694952671,PUS,KIX,3,18.414509404171856,48170.0,2650.0,False,和歌山県,Wakayama Ken,33.91340527739623,135.50382188983903,0.0550134938758563,10.782491699624266,0.09505888279843978,-0.5469180201849309,0.5787307009751564,4634.983204970787,-0.5590729354900992,0.5717388570379303
30,9,295.5679694952671,PUS,KIX,3,17.835390173663008,49240.0,2590.0,False,和歌山県,Wakayama Ken,33.91340527739623,135.50382188983903,0.0525995125913891,10.80446158029839,0.11257408106327188,-0.7609046498924394,0.467243543936421,5612.33934452204,-0.7733097523631889,0.46148314294786646
30,10,295.5679694952671,PUS,KIX,3,19.64857852340205,78530.0,3930.0,False,和歌山県,Wakayama Ken,33.91340527739623,135.50382188983903,0.0500445689545396,11.27123599636892,0.1135657458257044,-0.8194679401158123,0.4406660528725426,8996.738728875624,-0.8282227223272827,0.43682495606840377
30,11,295.5679694952671,PUS,KIX,3,20.257141165478952,62300.0,5330.0,False,和歌山県,Wakayama Ken,33.91340527739623,135.50382188983903,0.085553772070626,11.039716704775545,0.10502105096849812,-0.2050157241107935,0.814634506907463,6682.271469267674,-0.22610673187972985,0.7976329642567076
30,12,295.5679694952671,PUS,KIX,3,21.76185931082069,37590.0,3190.0,False,和歌山県,Wakayama Ken,33.91340527739623,135.50382188983903,0.0848629954775206,10.534493336558224,0.11886400901712356,-0.3369419200674897,0.7139503048840902,4711.893523581203,-0.3900689324341471,0.6770102049282916
31,1,295.7938055789756,ICN,YGJ,2,4.304340396067618,10580.0,2240.0,False,鳥取県,Tottori Ken,35.362953808397094,133.84950553222376,0.2117202268431001,9.26672070541229,0.13215518912970528,0.47128881117243804,1.6020576130030337,1612.3644821142773,0.3287741418105661,1.3892640434889203
31,2,295.7938055789756,ICN,YGJ,2,3.8060129752399434,8240.0,1340.0,False,鳥取県,Tottori Ken,35.362953808397094,133.84950553222376,0.1626213592233009,9.016755622903517,0.12652057704486974,0.25101958969809623,1.285335263414332,1216.1696526961985,0.0969633231305389,1.101819961573021
31,3,295.7938055789756,ICN,YGJ,2,4.117098947968865,9140.0,990.0,False,鳥取県,Tottori Ken,35.362953808397094,133.84950553222376,0.1083150984682713,9.120415664448196,0.1039781926027014,0.040863367020981034,1.0417097639131037,1106.9597256779418,-0.11166760741677084,0.8943414805752653
31,4,295.7938055789756,ICN,YGJ,2,4.273277414106438,13280.0,2110.0,False,鳥取県,Tottori Ken,35.362953808397094,133.84950553222376,0.1588855421686747,9.494014423030425,0.09164639129169298,0.5502464837973775,1.7336802893086356,1399.8207661276151,0.41034374325712,1.5073358325987587
31,5,295.7938055789756,ICN,YGJ,2,4.513954108212084,16730.0,2450.0,False,鳥取県,Tottori Ken,35.362953808397094,133.84950553222376,0.1464435146443514,9.72495879398087,0.11341838680254086,0.25555626927395725,1.2911796647161506,2113.854391816598,0.14757501752402735,1.1590202283963966
31,6,295.7938055789756,ICN,YGJ,2,4.343726572113277,12320.0,2440.0,False,鳥取県,Tottori Ken,35.362953808397094,133.84950553222376,0.198051948051948,9.41897923708751,0.11948941488848981,0.5053015710725985,1.657485294716478,1655.88301567351,0.38766362854658887,1.4735340461279862
31,7,295.7938055789756,ICN,YGJ,2,4.530968011394126,14520.0,1950.0,False,鳥取県,Tottori Ken,35.362953808397094,133.84950553222376,0.134297520661157,9.583282288378786,0.0959763157131199,0.33595619245321817,1.3992777245438544,1546.2724588111967,0.23198220326057317,1.2610972852088416
31,8,295.7938055789756,ICN,YGJ,2,4.492494876680091,11960.0,1680.0,False,鳥取県,Tottori Ken,35.362953808397094,133.84950553222376,0.1404682274247491,9.389323027504624,0.09478449477938676,0.3933754851702409,1.4819747444103841,1271.4243091547328,0.27865601808821605,1.3213527442438915
31,9,295.7938055789756,ICN,YGJ,2,4.349096889162337,10910.0,2420.0,False,鳥取県,Tottori Ken,35.362953808397094,133.84950553222376,0.2218148487626031,9.297435078827116,0.11224913532237608,0.681122195854474,1.9760940529791846,1385.4197302373168,0.5577643921180062,1.746763054677634
31,10,295.7938055789756,ICN,YGJ,2,4.751901981510227,15730.0,4220.0,False,鳥取県,Tottori Ken,35.362953808397094,133.84950553222376,0.2682771773680865,9.663324996052323,0.11323793763869397,0.8625294421860277,2.369145738277865,2022.724865773484,0.7353895821894323,2.0862946174275097
31,11,295.7938055789756,ICN,YGJ,2,4.74996357073478,12420.0,2990.0,False,鳥取県,Tottori Ken,35.362953808397094,133.84950553222376,0.2407407407407407,9.42706335548747,0.1047179070929782,0.8324504542206141,2.2989453038532264,1495.7808792195794,0.6926249896881576,1.998955890892273
31,12,295.7938055789756,ICN,YGJ,2,5.053565812318357,13850.0,3270.0,False,鳥取県,Tottori Ken,35.362953808397094,133.84950553222376,0.2361010830324909,9.536040511615484,0.11852090736254105,0.6891706528061492,1.992062736326228,1863.0805672735396,0.5625586482379212,1.7551575908418007
32,1,314.2189102709615,ICN,HIJ,3,2.9098325933372267,5110.0,1370.0,False,島根県,Shimane Ken,35.01501997518963,132.52465020573285,0.2681017612524461,8.53895468319775,0.10439036338088474,0.9432292481991649,2.5682615958930466,645.1602032605603,0.7530673557187404,2.12350357798914
32,2,314.2189102709615,ICN,HIJ,3,2.544222370610877,4410.0,1010.0,False,島根県,Shimane Ken,35.01501997518963,132.52465020573285,0.2290249433106576,8.391629968440892,0.09993954153332935,0.8292655018901718,2.291634920441164,535.1686134125381,0.6351237473363547,1.8872556698713472
32,3,314.2189102709615,ICN,HIJ,3,2.785917673745693,7550.0,1350.0,False,島根県,Shimane Ken,35.01501997518963,132.52465020573285,0.1788079470198675,8.92930284224307,0.08213314498631241,0.7779706583690471,2.177049801875553,728.1674409699885,0.6173288483496391,1.8539691890119003
32,4,314.2189102709615,ICN,HIJ,3,2.756519080357291,7640.0,1210.0,False,島根県,Shimane Ken,35.01501997518963,132.52465020573285,0.1583769633507853,8.941152882160566,0.07239216373181484,0.7828799776270119,2.1877639123691774,658.6287603354523,0.6082156007051509,1.837150262590603
32,5,314.2189102709615,ICN,HIJ,3,2.925401421154266,7700.0,1010.0,False,島根県,Shimane Ken,35.01501997518963,132.52465020573285,0.1311688311688311,8.948975607841776,0.08959002435213258,0.3812413025486854,1.4641008540557312,808.8755259597709,0.2220605662219297,1.2486470014055433
32,6,314.2189102709615,ICN,HIJ,3,2.825869730149597,6280.0,540.0,False,島根県,Shimane Ken,35.01501997518963,132.52465020573285,0.0859872611464968,8.745125259462244,0.09438557443352787,-0.09318908919196112,0.911021219742158,696.5026367407685,-0.25450243935540584,0.7753021618509435
32,7,314.2189102709615,ICN,HIJ,3,2.89096076587087,7150.0,630.0,False,島根県,Shimane Ken,35.01501997518963,132.52465020573285,0.0881118881118881,8.874867635688053,0.07581240312416213,0.15034555381083914,1.1622357883522358,629.9055082039558,0.00014999822701966536,1.0001500094773161
32,8,314.2189102709615,ICN,HIJ,3,2.8684971172381446,6450.0,840.0,False,島根県,Shimane Ken,35.01501997518963,132.52465020573285,0.1302325581395348,8.771835409789817,0.0748709749352528,0.5535554631642015,1.7394265034234935,563.4556767090318,0.3993132185779915,1.4908004918970328
32,9,314.2189102709615,ICN,HIJ,3,2.7591046862394863,7340.0,680.0,False,島根県,Shimane Ken,35.01501997518963,132.52465020573285,0.0926430517711171,8.901094121608562,0.08866642394187367,0.043872672931550394,1.044849308818977,753.5597862404223,-0.1027155614606805,0.9023836096570135
32,10,314.2189102709615,ICN,HIJ,3,3.043831866920164,11090.0,1300.0,False,島根県,Shimane Ken,35.01501997518963,132.52465020573285,0.1172227231740306,9.313799080344413,0.0894474862201848,0.27042403515260993,1.3105200394952856,1148.9650215202803,0.1235027086053524,1.1314530691977676
32,11,308.87495362899347,CJU,HIJ,3,3.03661015578881,10130.0,940.0,False,島根県,Shimane Ken,35.01501997518963,132.52465020573285,0.0927936821322803,9.22325659724273,0.08857350019401129,0.04654583900593412,1.0476461010237277,1043.0837120030574,-0.10405683730512294,0.901174075659658
32,12,308.87495362899347,CJU,HIJ,3,3.160621233782641,9290.0,1910.0,False,島根県,Shimane Ken,35.01501997518963,132.52465020573285,0.2055974165769644,9.136693831807884,0.10024848569547422,0.7182680074243881,2.050878027240328,1083.9700729711342,0.5664729473823993,1.7620412662913647
33,1,261.7973053819274,ICN,OKJ,4,6.618371659860823,41530.0,4580.0,False,岡山県,Okayama Ken,34.90607873068262,133.81187145983398,0.1102817240549,10.6341713366248,0.20420589825255986,-0.616090570532269,0.540051609667536,8940.347620062568,-0.6688754739792806,0.5122843310613855
33,2,261.7973053819274,ICN,OKJ,4,5.884818912424426,37590.0,3260.0,False,岡山県,Okayama Ken,34.90607873068262,133.81187145983398,0.0867251928704442,10.534493336558224,0.1954993084495724,-0.8128124252921574,0.4436086938528191,7750.785173525803,-0.8660669555678595,0.4206025489049956
33,3,261.7973053819274,ICN,OKJ,4,6.351501164481648,49280.0,3500.0,False,岡山県,Okayama Ken,34.90607873068262,133.81187145983398,0.0710227272727272,10.805273598207402,0.1606668671804705,-0.8163331451406994,0.44204961806437837,8235.987308599215,-0.8557502797024039,0.42496422940642964
33,4,261.7973053819274,ICN,OKJ,4,6.468682854056257,63270.0,3750.0,False,岡山県,Okayama Ken,34.90607873068262,133.81187145983398,0.0592697961119013,11.05516656214093,0.1416117957877382,-0.8709896455701278,0.41853714079539495,9287.301679631952,-0.9068922163619089,0.40377712809998967
33,5,261.7973053819274,ICN,OKJ,4,6.806858451419814,56810.0,4640.0,False,岡山県,Okayama Ken,34.90607873068262,133.81187145983398,0.0816757613096285,10.947467645551173,0.17525383382893725,-0.7634781233661614,0.4660426509662039,10248.405637672946,-0.7924077797033764,0.45275335150117874
33,6,261.7973053819274,ICN,OKJ,4,6.54127623743262,44790.0,2610.0,False,岡山県,Okayama Ken,34.90607873068262,133.81187145983398,0.058271935699933,10.709740179201345,0.18463477264618616,-1.1532590717630886,0.31560650718594024,8552.018721984563,-1.1868171415794508,0.30519109988504894
33,7,261.7973053819274,ICN,OKJ,4,6.833075335766634,44990.0,2170.0,False,岡山県,Okayama Ken,34.90607873068262,133.81187145983398,0.0482329406534785,10.714195521835219,0.14830238517485164,-1.1232111287778435,0.3252337485780209,6886.8151442607605,-1.1548815673926285,0.3150948521986111
33,8,261.7973053819274,ICN,OKJ,4,6.7494063011533685,44070.0,1850.0,False,岡山県,Okayama Ken,34.90607873068262,133.81187145983398,0.0419786702972543,10.693534557836033,0.1464607861734662,-1.2495960822374474,0.2866205446114111,6648.760073270772,-1.2792447430453553,0.278247369376034
33,9,261.7973053819274,ICN,OKJ,4,6.532819710259467,46170.0,2030.0,False,岡山県,Okayama Ken,34.90607873068262,133.81187145983398,0.0439679445527398,10.740085515501034,0.17344710909597308,-1.3724118706856876,0.25349482491755526,8236.17116315568,-1.4004997782120316,0.2464737509440258
33,10,261.7973053819274,ICN,OKJ,4,7.1426914754281645,72960.0,4580.0,False,岡山県,Okayama Ken,34.90607873068262,133.81187145983398,0.0627741228070175,11.197666624748212,0.17497500419057838,-1.0251001991830326,0.3587605160943188,13090.857360309388,-1.0502150770006953,0.34986249364279676
33,11,261.7973053819274,ICN,OKJ,5,7.156440825093516,69200.0,3890.0,False,岡山県,Okayama Ken,34.90607873068262,133.81187145983398,0.0562138728323699,11.144756141605761,0.16180987233170338,-1.0572584444212612,0.3474069413832417,11472.584273997067,-1.081551055369074,0.33906920246528877
33,12,261.7973053819274,ICN,OKJ,4,7.494229145044543,55130.0,3250.0,False,岡山県,Okayama Ken,34.90607873068262,133.81187145983398,0.0589515690186831,10.917449311583729,0.18313823701559026,-1.1335250184809542,0.3218965628333784,10464.974564545942,-1.169378929027415,0.31055976103473776
34,1,264.8499943371529,ICN,HIJ,4,4.688890515977747,78020.0,8040.0,False,広島県,Hiroshima Ken,34.62690295123873,132.7873164926688,0.1030504998718277,11.264720483060648,0.19638061108170596,-0.64483551137266,0.5247488502261182,15403.683514351811,-0.6501775868711466,0.5219530765163426
34,2,264.8499943371529,ICN,HIJ,4,4.141226378151024,73300.0,7010.0,False,広島県,Hiroshima Ken,34.62690295123873,132.7873164926688,0.0956343792633015,11.202315887874743,0.18800766279480705,-0.6759503504101174,0.5086727734479503,13823.27467884262,-0.6790160413836759,0.5071157278477028
34,3,264.8499943371529,ICN,HIJ,4,4.531456943810515,160670.0,6070.0,False,広島県,Hiroshima Ken,34.62690295123873,132.7873164926688,0.0377792991846642,11.987107851037381,0.15451002065797853,-1.4084976408639631,0.24451034970923988,23646.525745654988,-1.3598575961431063,0.2566973290406247
34,4,264.8499943371529,ICN,HIJ,4,4.359873589060375,264390.0,5820.0,False,広島県,Hiroshima Ken,34.62690295123873,132.7873164926688,0.0220129354362873,12.485180564761816,0.13618515053262015,-1.8223851058993095,0.1616397628536937,33557.04501347688,-1.7519465651290407,0.17343601016307086
34,5,264.8499943371529,ICN,HIJ,4,4.672992372252096,203850.0,8340.0,False,広島県,Hiroshima Ken,34.62690295123873,132.7873164926688,0.0409124356144223,12.225139708247399,0.1685380063761553,-1.4157272153992215,0.24274901842087163,32156.105285226364,-1.3495391162912895,0.2593597677959989
34,6,264.8499943371529,ICN,HIJ,4,4.539714473720786,132240.0,6150.0,False,広島県,Hiroshima Ken,34.62690295123873,132.7873164926688,0.0465063520871143,11.792373732494905,0.1775594622362254,-1.3397166440421486,0.26191987462342153,22398.14054031129,-1.292525862003668,0.27457636445005235
34,7,264.8499943371529,ICN,HIJ,4,4.552176795680118,132460.0,7630.0,False,広島県,Hiroshima Ken,34.62690295123873,132.7873164926688,0.0576022950324626,11.794035992038971,0.14261935269613013,-0.9066168007069222,0.4038883499576113,17990.287072283296,-0.857744159864124,0.42411774583381384
34,8,264.8499943371529,ICN,HIJ,4,4.528426060992436,144520.0,7850.0,False,広島県,Hiroshima Ken,34.62690295123873,132.7873164926688,0.0543177414890672,11.881173185261577,0.14084832482497509,-0.9528326964282314,0.3856470537123181,19192.317890013506,-0.8939965572789674,0.4090178187432303
34,9,264.8499943371529,ICN,HIJ,4,4.44698900371895,156440.0,7550.0,False,広島県,Hiroshima Ken,34.62690295123873,132.7873164926688,0.0482613142418818,11.96042782886945,0.16680051637144877,-1.2401682933161902,0.28933552060719325,24505.794842030264,-1.1773620504868187,0.30809039448297654
34,10,264.8499943371529,ICN,HIJ,4,4.892004271452043,229710.0,11470.0,False,広島県,Hiroshima Ken,34.62690295123873,132.7873164926688,0.0499325236167341,12.34457292277528,0.16826986164949864,-1.2148964436642367,0.2967407420869112,36388.84568213197,-1.1545273592358445,0.31520648113419314
34,11,259.5060376951849,CJU,HIJ,4,5.0117632406905415,192000.0,11050.0,False,広島県,Hiroshima Ken,34.62690295123873,132.7873164926688,0.0575520833333333,12.165250651009918,0.16662570691779616,-1.0630596861391752,0.3453973843407385,30427.383503561596,-1.0129125481392212,0.3631597175848716
34,12,259.5060376951849,CJU,HIJ,4,5.156772512402229,132020.0,17010.0,False,広島県,Hiroshima Ken,34.62690295123873,132.7873164926688,0.1288441145281018,11.790708705242762,0.1885888528720057,-0.3809660047210257,0.683201114837618,24216.366305597792,-0.35322729179113743,0.7024175214952879
35,1,274.1094368848598,ICN,UBJ,5,8.556540839010857,15760.0,8500.0,False,山口県,Yamaguchi Ken,34.21085559590399,131.5516353002999,0.5393401015228426,9.66523036341187,0.17443195258287328,1.1288116490041573,3.091979958583563,3100.101417592773,1.0086313371877988,2.741845783419644
35,2,274.1094368848598,ICN,UBJ,5,7.327938511874078,13340.0,5580.0,False,山口県,Yamaguchi Ken,34.21085559590399,131.5516353002999,0.4182908545727136,9.498522319469615,0.16699481451453543,0.9182142537643752,2.504813432612933,2525.8122843909687,0.7926260686107103,2.2091903006740905
35,3,295.8803391913333,ICN,KKJ,4,8.019768529024448,14630.0,6030.0,False,山口県,Yamaguchi Ken,34.21085559590399,131.5516353002999,0.4121667805878332,9.59082949401417,0.10386308784911759,1.3783545058357416,3.9683663284360446,1709.5651756836562,1.2605079557859193,3.527212700497717
35,4,295.8803391913333,ICN,KKJ,4,7.91131219023047,16540.0,6650.0,False,山口県,Yamaguchi Ken,34.21085559590399,131.5516353002999,0.402055622732769,9.713536968577682,0.09154493794823294,1.4797604672180469,4.391893552433499,1713.5348496328954,1.3560584542678251,3.8808665031964105
35,5,295.8803391913333,ICN,KKJ,4,8.184381815928605,12420.0,5020.0,False,山口県,Yamaguchi Ken,34.21085559590399,131.5516353002999,0.4041867954911433,9.42706335548747,0.11329283167277761,1.2719012387024993,3.567629032863716,1602.2814298020917,1.1420014264525822,3.1330326287436643
35,6,295.8803391913333,ICN,KKJ,4,7.698369982974013,11120.0,4440.0,False,山口県,Yamaguchi Ken,34.21085559590399,131.5516353002999,0.3992805755395683,9.316500567804573,0.1193571390784152,1.2075441992826983,3.3452592666220755,1504.2131076242595,1.0823844670550091,2.951709420357662
35,7,274.1094368848598,ICN,UBJ,5,8.39721353627071,10420.0,2460.0,False,山口県,Yamaguchi Ken,34.21085559590399,131.5516353002999,0.236084452975048,9.251482315307358,0.12667937038112684,0.6225303410952403,1.86363771989682,1511.457037315121,0.48708723898441697,1.6275685906162602
35,8,274.1094368848598,ICN,UBJ,5,8.260177456906414,7010.0,2740.0,False,山口県,Yamaguchi Ken,34.21085559590399,131.5516353002999,0.3908701854493581,8.855092980028635,0.12510628305879576,1.139211857833016,3.1243049980604267,1030.2980182926626,0.9781098218604276,2.659424701738759
35,9,295.8803391913333,ICN,KKJ,4,7.365704357383867,10990.0,3740.0,False,山口県,Yamaguchi Ken,34.21085559590399,131.5516353002999,0.3403093721565059,9.304741047397666,0.11212487456405873,1.1102419203299085,3.035092556220268,1393.2445221646171,0.987450395662612,2.6843816289974307
35,10,274.1094368848598,ICN,UBJ,5,8.360838932817915,14920.0,6300.0,False,山口県,Yamaguchi Ken,34.21085559590399,131.5516353002999,0.4222520107238606,9.610457873757753,0.1494630267555282,1.0385532680321423,2.8251268550484023,2560.1241652403996,0.9004938740351704,2.4608181452825812
35,11,295.8803391913333,ICN,KKJ,4,7.984456101289892,15370.0,5780.0,False,山口県,Yamaguchi Ken,34.21085559590399,131.5516353002999,0.3760572543916721,9.640172836532642,0.10460198346909096,1.279578890245273,3.595125464354067,1820.1556029156534,1.1554816891426638,3.1755526784310018
35,12,295.8803391913333,ICN,KKJ,4,8.252838593788566,13850.0,7010.0,False,山口県,Yamaguchi Ken,34.21085559590399,131.5516353002999,0.5061371841155234,9.536040511615484,0.11838970369862833,1.4528259907316254,4.275179076416487,1860.965952318914,1.3262420189224118,3.7668609633964385
36,1,286.5090044349978,ICN,TAK,4,10.027436599203403,13420.0,4100.0,False,徳島県,Tokushima Ken,33.9204711592118,134.2381939116371,0.3055141579731744,9.504501410525673,0.14883249147137753,0.7191746659237348,2.052738316430917,2270.084367239819,0.5911699767226537,1.8061002750242108
36,2,286.5090044349978,ICN,TAK,4,8.953541944476672,12440.0,3740.0,False,徳島県,Tokushima Ken,33.9204711592118,134.2381939116371,0.3006430868167202,9.42867236629317,0.14248682044185979,0.7466742957934291,2.109971195121126,2011.9987443264424,0.6199569832813685,1.8588480785817008
36,3,286.5090044349978,ICN,TAK,4,9.637223463937977,20030.0,3080.0,False,徳島県,Tokushima Ken,33.9204711592118,134.2381939116371,0.1537693459810284,9.904986428659864,0.1170997035051144,0.2724279876696625,1.3131488925957224,2586.3287833323743,0.1746901849910243,1.1908772078202488
36,4,286.5090044349978,ICN,TAK,4,9.691212791417652,22570.0,3620.0,False,徳島県,Tokushima Ken,33.9204711592118,134.2381939116371,0.1603898980948161,10.024376869811581,0.1032116925572731,0.4408255673872905,1.5539896122313301,2584.3811966567755,0.33698792887161755,1.4007221553395184
36,5,286.5090044349978,ICN,TAK,4,10.174429563705448,17470.0,3640.0,False,徳島県,Tokushima Ken,33.9204711592118,134.2381939116371,0.2083571837435603,9.768240403128102,0.12773120145830333,0.4893257692401034,1.6312160330816003,2485.461478268086,0.3815253338007185,1.464516763517258
36,6,286.5090044349978,ICN,TAK,4,9.7011865579799,14260.0,4090.0,False,徳島県,Tokushima Ken,33.9204711592118,134.2381939116371,0.2868162692847125,9.565213693968287,0.13456836193436814,0.7567694969627874,2.1313796583523765,2141.802668947368,0.6468971269473238,1.9096063607064768
36,7,286.5090044349978,ICN,TAK,4,10.238989308160438,14220.0,3600.0,False,徳島県,Tokushima Ken,33.9204711592118,134.2381939116371,0.2531645569620253,9.562404703357231,0.10808803107842828,0.8510937023825478,2.3422071290976705,1713.1950215869845,0.7425737846218787,2.1013369491730187
36,8,286.5090044349978,ICN,TAK,4,10.060854776094043,12920.0,3180.0,False,徳島県,Tokushima Ken,33.9204711592118,134.2381939116371,0.2461300309597523,9.466531777336593,0.10674580849811668,0.8354095907365542,2.3057582721301397,1542.663968916825,0.7233704248877535,2.0613692055262183
36,9,286.5090044349978,ICN,TAK,4,9.706418599424865,12150.0,3900.0,False,徳島県,Tokushima Ken,33.9204711592118,134.2381939116371,0.3209876543209876,9.405084448768694,0.1264143964800385,0.9318372909012669,2.539170088682686,1729.0534831745408,0.8134024139027174,2.2555693261955096
36,10,286.5090044349978,ICN,TAK,4,10.712575875706936,20850.0,4930.0,False,徳島県,Tokushima Ken,33.9204711592118,134.2381939116371,0.2364508393285371,9.945109227226947,0.12752798054192366,0.6174045230394472,1.8541094928638508,2966.3211384292376,0.5080164769601865,1.6619913252583964
36,11,286.5090044349978,ICN,TAK,4,10.904154483560486,21550.0,4090.0,False,徳島県,Tokushima Ken,33.9204711592118,134.2381939116371,0.1897911832946635,9.978131095531895,0.11793276614374698,0.47580974884967,1.6093168124567607,2815.022291904394,0.37357478952304657,1.4529192226158436
36,12,286.5090044349978,ICN,TAK,4,11.34999936751148,18970.0,4490.0,False,徳島県,Tokushima Ken,33.9204711592118,134.2381939116371,0.2366895097522403,9.85061406292906,0.13347763376058247,0.57281527035894,1.7732522152496943,2816.4633390996173,0.46637073896073034,1.5941979210833224
37,1,251.73105840834145,ICN,TAK,6,9.954549205398605,64390.0,20390.0,False,香川県,Kagawa Ken,34.215420977530364,133.97342959316975,0.3166640782730238,11.072713620532229,0.23228748599009355,0.3098657537314282,1.3632420916834438,15316.280857111515,0.28612821364195895,1.3312631304049714
37,2,251.73105840834145,ICN,TAK,6,8.894046265166251,60710.0,16270.0,False,香川県,Kagawa Ken,34.215420977530364,133.97342959316975,0.2679953879097348,11.01386370812448,0.22238360038155144,0.1865659507047741,1.2051040969294753,13790.173109885913,0.16536667621330814,1.1798256534094078
37,3,251.73105840834145,ICN,TAK,6,9.595727262050596,82890.0,14200.0,False,香川県,Kagawa Ken,34.215420977530364,133.97342959316975,0.1713113765231029,11.325269706585573,0.18276113950977868,-0.06469723569616526,0.9373512169086518,15215.400325980214,-0.06906612966605508,0.9332649615372638
37,4,251.73105840834145,ICN,TAK,6,9.60753495231123,88980.0,14810.0,False,香川県,Kagawa Ken,34.215420977530364,133.97342959316975,0.1664418970555181,11.396166904360033,0.161085690039141,0.032709822219015194,1.033250669349187,14536.084390373986,0.018668491590830172,1.018843837327155
37,5,251.73105840834145,ICN,TAK,6,10.087944078198715,92340.0,15060.0,False,香川県,Kagawa Ken,34.215420977530364,133.97342959316975,0.1630929174788823,11.43323269606098,0.19935404813773114,-0.20076229603152806,0.8181068756938585,18342.262240432592,-0.1971655869276887,0.8210546661361451
37,6,251.73105840834145,ICN,TAK,6,9.591927354204646,58620.0,13140.0,False,香川県,Kagawa Ken,34.215420977530364,133.97342959316975,0.2241555783009212,10.978831214264883,0.2100250165707319,0.06511370660609317,1.0672803743140307,12522.685611248795,0.0481191646967698,1.0492956868769976
37,7,251.73105840834145,ICN,TAK,6,10.126031563590152,51620.0,7980.0,False,香川県,Kagawa Ken,34.215420977530364,133.97342959316975,0.1545912437039907,10.851664473272605,0.16869634282548926,-0.08731581459502413,0.9163876413367785,8926.800257155002,-0.11211960534851606,0.8939373314199431
37,8,251.73105840834145,ICN,TAK,6,9.854219643300636,61850.0,6120.0,False,香川県,Kagawa Ken,34.215420977530364,133.97342959316975,0.098949070331447,11.032467377820634,0.16660149441075525,-0.5209994230771899,0.5939266672331791,10386.44155566523,-0.5289391625007465,0.5892297152205969
37,9,251.73105840834145,ICN,TAK,6,9.487153467935466,67060.0,10960.0,False,香川県,Kagawa Ken,34.215420977530364,133.97342959316975,0.1634357291977333,11.113343020020219,0.19729886976292574,-0.18829986502784135,0.8283662719108205,13281.902042210113,-0.19215007834258202,0.8251830170986759
37,10,251.73105840834145,ICN,TAK,6,10.46170384573868,113950.0,15940.0,False,香川県,Kagawa Ken,34.215420977530364,133.97342959316975,0.1398859148749451,11.64351503467383,0.19903687494994296,-0.35266291216181767,0.7028140635252934,22579.080636823834,-0.3481921687122824,0.7059631991394602
37,11,251.73105840834145,ICN,TAK,6,10.483811140324736,106300.0,16600.0,False,香川県,Kagawa Ken,34.215420977530364,133.97342959316975,0.1561618062088429,11.57402056433004,0.18406132621019045,-0.16437630770253975,0.8484226938064792,19486.224314439547,-0.16030507514370207,0.8518838607281759
37,12,251.73105840834145,ICN,TAK,6,10.60875033516221,75120.0,10700.0,False,香川県,Kagawa Ken,34.215420977530364,133.97342959316975,0.1424387646432375,11.226842113882144,0.20832268327722547,-0.3801760539422985,0.6837410233127953,15906.710445232007,-0.3964973193048795,0.6726720799275809
38,1,246.47317640567363,PUS,MYJ,3,5.563941667411688,39780.0,22050.0,False,愛媛県,Ehime Ken,33.60582822948614,132.85100314545085,0.5542986425339367,10.591119552407964,0.2484585782417744,0.8024274629621679,2.2309499090610996,10504.524251390052,0.7415065564472076,2.099095539436937
38,2,246.47317640567363,PUS,MYJ,3,4.935792043142969,30210.0,13990.0,False,愛媛県,Ehime Ken,33.60582822948614,132.85100314545085,0.4630916914928831,10.315928274380717,0.2378652166283447,0.6662208756949618,1.9468659523113299,7740.318869865798,0.5918999042672741,1.8074190786202786
38,3,246.47317640567363,PUS,MYJ,3,5.384735875291613,42090.0,18080.0,False,愛媛県,Ehime Ken,33.60582822948614,132.85100314545085,0.4295557139463055,10.647565461764616,0.19548437009810654,0.7872710232815882,2.197391605941319,8701.848267927542,0.7312709072772758,2.0777195192701265
38,4,246.47317640567363,PUS,MYJ,3,4.813913243134221,44730.0,15490.0,False,愛媛県,Ehime Ken,33.60582822948614,132.85100314545085,0.3463000223563603,10.708399696426893,0.172299946988651,0.6980686801012064,2.009867260023999,8236.20670817043,0.6316547674516162,1.8807201602448484
38,5,246.47317640567363,PUS,MYJ,3,5.02836783278633,35600.0,14510.0,False,愛媛県,Ehime Ken,33.60582822948614,132.85100314545085,0.4075842696629213,10.480100916840122,0.21323242255570884,0.6478649515136619,1.911455419292234,8127.870540277746,0.5795391038101254,1.7852154421131032
38,6,246.47317640567363,PUS,MYJ,3,4.823225770905571,37010.0,18590.0,False,愛媛県,Ehime Ken,33.60582822948614,132.85100314545085,0.502296676573899,10.518943425380202,0.22464626878175692,0.8046639079676456,2.235944889260006,8763.002997564952,0.7520851475890655,2.121418879482954
38,7,246.47317640567363,PUS,MYJ,3,5.022473193461007,32670.0,12240.0,False,愛媛県,Ehime Ken,33.60582822948614,132.85100314545085,0.3746556473829201,10.394212504595115,0.18044042843873018,0.7306066435049103,2.0763398237559447,6260.820148854697,0.6703980863597412,1.9550154307242122
38,8,246.47317640567363,PUS,MYJ,3,4.994594906936167,29260.0,8260.0,False,愛媛県,Ehime Ken,33.60582822948614,132.85100314545085,0.2822966507177033,10.283976674574115,0.17819974355405657,0.4600533949779635,1.5841585688481594,5563.1091054739545,0.3952674439277697,1.4847812335502066
38,9,246.47317640567363,PUS,MYJ,3,4.714665121761348,30460.0,11210.0,False,愛媛県,Ehime Ken,33.60582822948614,132.85100314545085,0.3680236375574524,10.324169626449153,0.21103416940892003,0.5561271079074073,1.743905447104798,6850.850018123276,0.49243350227151694,1.6362933023413166
38,10,246.47317640567363,PUS,MYJ,3,5.58523214239838,51870.0,20730.0,False,愛媛県,Ehime Ken,33.60582822948614,132.85100314545085,0.399652978600347,10.856495867345446,0.21289316881176149,0.6298061320521688,1.8772466060370263,11669.629956234645,0.5745921896292874,1.7764059424116323
38,11,246.47317640567363,PUS,MYJ,3,5.651049100448924,53170.0,20570.0,False,愛媛県,Ehime Ken,33.60582822948614,132.85100314545085,0.3868722964077487,10.881249606498384,0.1968750715285183,0.675525282231466,1.9650649186009737,10989.919107561765,0.6268552958258553,1.8717153237139426
38,12,246.47317640567363,PUS,MYJ,3,5.81410463441824,48620.0,26010.0,False,愛媛県,Ehime Ken,33.60582822948614,132.85100314545085,0.534965034965035,10.791790247870114,0.22282542463255345,0.875812773862414,2.400825829670066,11390.094497336646,0.8257370055181816,2.2835631439301878
39,1,294.3906530640763,PUS,MYJ,2,4.033043392904752,7340.0,690.0,False,高知県,Kochi Ken,33.42566106365277,133.3670901823981,0.0940054495912806,8.901094121608562,0.13455016754794366,-0.3585843674539606,0.6986646787919015,1170.494607879354,-0.5284900826475925,0.5894943858392553
39,2,294.3906530640763,PUS,MYJ,2,3.589285259151991,8130.0,1810.0,False,高知県,Kochi Ken,33.42566106365277,133.3670901823981,0.2226322263222632,9.003316202541857,0.12881344237600806,0.547156026202325,1.7283306944969061,1223.4463469953814,0.39165509440620117,1.4794273606236303
39,3,294.3906530640763,PUS,MYJ,2,3.8963844740195777,12630.0,670.0,False,高知県,Kochi Ken,33.42566106365277,133.3670901823981,0.0530482977038796,9.443830215344537,0.10586253425353508,-0.6909386297913316,0.5011054957066472,1521.3832459732384,-0.8200975178743821,0.44038870664136753
39,4,294.3906530640763,PUS,MYJ,2,3.650235308987411,13180.0,350.0,False,高知県,Kochi Ken,33.42566106365277,133.3670901823981,0.0265553869499241,9.486455808056498,0.09330725024621814,-1.256665188387697,0.2846015382497077,1415.8884560086692,-1.397579342662194,0.24719461375272128
39,5,294.3906530640763,PUS,MYJ,2,3.824191745453412,10480.0,260.0,False,高知県,Kochi Ken,33.42566106365277,133.3670901823981,0.0248091603053435,9.257223957875032,0.11547380808726167,-1.537830782315798,0.21484664545396848,1396.0571822262234,-1.6807256129479944,0.18623878972162933
39,6,294.3906530640763,PUS,MYJ,2,3.6591698859169504,8010.0,210.0,False,高知県,Kochi Ken,33.42566106365277,133.3670901823981,0.0262172284644194,8.988446040062405,0.12165485819609233,-1.534771234644424,0.21550498560575798,1131.9414814065005,-1.6845820318388514,0.18552195802477636
39,7,294.3906530640763,PUS,MYJ,2,3.823842342728144,7570.0,180.0,False,高知県,Kochi Ken,33.42566106365277,133.3670901823981,0.023778071334214,8.931948346431495,0.0977156435920226,-1.413297881439418,0.2433394537469456,861.494299242409,-1.5657115878096919,0.2089392816160136
39,8,294.3906530640763,PUS,MYJ,2,3.776235309784661,6420.0,210.0,False,高知県,Kochi Ken,33.42566106365277,133.3670901823981,0.0327102803738317,8.767173396684006,0.09650222391946209,-1.0818766408613278,0.3389588244218158,727.7759830850297,-1.2428857545825336,0.2885503298828489
39,9,294.3906530640763,PUS,MYJ,2,3.604277746999617,8780.0,230.0,False,高知県,Kochi Ken,33.42566106365277,133.3670901823981,0.0261958997722095,9.080231686629162,0.11428336688250923,-1.473078137347458,0.22921883111074773,1153.9794534587509,-1.6128923333578795,0.1993103077447656
39,10,294.3906530640763,PUS,MYJ,2,4.134086754550729,12250.0,520.0,False,高知県,Kochi Ken,33.42566106365277,133.3670901823981,0.0424489795918367,9.413281215972873,0.11529008873890027,-0.9991485883614541,0.36819279138531796,1634.3379433802143,-1.1451642621543643,0.3181716499370452
39,11,294.3906530640763,PUS,MYJ,3,4.18829237913726,12250.0,240.0,False,高知県,Kochi Ken,33.42566106365277,133.3670901823981,0.0195918367346938,9.413281215972873,0.10661565419729074,-1.6941173644798808,0.1837613517658428,1504.2529368020025,-1.835412743092946,0.15954763599147953
39,12,294.3906530640763,PUS,MYJ,3,4.305380817671973,8900.0,290.0,False,高知県,Kochi Ken,33.42566106365277,133.3670901823981,0.0325842696629213,9.093806555720231,0.1206687989217951,-1.3092199473817252,0.27003061233781744,1259.8497533944064,-1.4688668265171794,0.23018617832694296
40,1,227.90132299058723,PUS,FUK,7,35.42678747269313,661840.0,302460.0,False,福岡県,Fukuoka Ken,33.524765388916194,130.66563263619966,0.4569986703735041,13.402779113864064,0.31513277395977596,0.3716864267710853,1.4501781729368337,181282.92733524536,0.511890092030928,1.6684417250205963
40,2,227.90132299058723,PUS,FUK,7,31.799673302123463,540410.0,242060.0,False,福岡県,Fukuoka Ken,33.524765388916194,130.66563263619966,0.4479191724801539,13.20008338970822,0.30169666942105244,0.39519069083580693,1.4846672763729822,142857.90084435057,0.5273351934872572,1.6944110096069123
40,3,227.90132299058723,PUS,FUK,6,34.9930743611939,634680.0,224030.0,False,福岡県,Fukuoka Ken,33.524765388916194,130.66563263619966,0.3529810298102981,13.360876213848027,0.24794286536909008,0.3532159775282655,1.4236385841748147,137096.50652421563,0.4910948664390311,1.6341043669149153
40,4,227.90132299058723,PUS,FUK,6,35.87145215158947,723450.0,241230.0,False,福岡県,Fukuoka Ken,33.524765388916194,130.66563263619966,0.33344391457599,13.491786714165228,0.21853687094200194,0.422519932997542,1.5258016331005466,138462.99998182582,0.555147693436858,1.7421982770246411
40,5,227.90132299058723,PUS,FUK,6,36.91701532524522,687180.0,263180.0,False,福岡県,Fukuoka Ken,33.524765388916194,130.66563263619966,0.3829855350854216,13.440351545619817,0.2704536317226885,0.34789655439514444,1.4160857543156178,160966.44207384562,0.49164229978692475,1.6349991750408608
40,6,227.90132299058723,PUS,FUK,6,34.54645949462305,664930.0,259070.0,False,福岡県,Fukuoka Ken,33.524765388916194,130.66563263619966,0.389619959995789,13.407437050939542,0.2849303990302142,0.3129268659636103,1.3674215223152564,162384.1928744552,0.46713320698001404,1.5954139095317985
40,7,227.90132299058723,PUS,FUK,7,37.60258231620532,560300.0,205410.0,False,福岡県,Fukuoka Ken,33.524765388916194,130.66563263619966,0.3666071747278244,13.236227633553376,0.2288618616059799,0.4711723090988307,1.6018709808408085,111128.06761919719,0.6143246832258917,1.8484079171058636
40,8,227.90132299058723,PUS,FUK,7,36.62067931801166,643620.0,223190.0,False,福岡県,Fukuoka Ken,33.524765388916194,130.66563263619966,0.3467729405549858,13.37486376881953,0.22601988590011463,0.4280472296710356,1.534258541782628,124345.78674767808,0.5849571391667414,1.7949140524792853
40,9,227.90132299058723,PUS,FUK,6,33.44903994520337,593280.0,202540.0,False,福岡県,Fukuoka Ken,33.524765388916194,130.66563263619966,0.3413902373247033,13.293421741919573,0.2676654743689937,0.2432882430923371,1.275436206815659,136812.03939653924,0.39232938930345895,1.4804252673476583
40,10,227.90132299058723,PUS,FUK,7,37.14288689723884,717500.0,246490.0,False,福岡県,Fukuoka Ken,33.524765388916194,130.66563263619966,0.3435400696864111,13.483528226615913,0.27002333877743007,0.24079536087781728,1.2722606543635773,169731.42160577528,0.373104109880682,1.4522355240298832
40,11,227.90132299058723,PUS,FUK,6,35.38425244352583,644420.0,196310.0,False,福岡県,Fukuoka Ken,33.524765388916194,130.66563263619966,0.3046305204680177,13.376105966426545,0.24970676341043288,0.1988123508936599,1.2199530213256933,141424.73602718115,0.32792736771407505,1.3880881486126306
40,12,227.90132299058723,PUS,FUK,6,36.57389707515576,760200.0,277490.0,False,福岡県,Fukuoka Ken,33.524765388916194,130.66563263619966,0.3650223625361747,13.541336835537285,0.2826209288893663,0.2558520930711017,1.29156168288961,185575.16376041822,0.40232490104921403,1.4952970773516105
41,1,252.43820230907696,PUS,FUK,5,23.97700538253231,26010.0,9040.0,False,佐賀県,Saga Ken,33.28699898651737,130.11525560125963,0.3475586312956555,10.166236358442697,0.23019445204488923,0.4120089785152312,1.5098479924610848,6553.116717791166,0.32171840315311506,1.37949625946035
41,2,252.43820230907696,PUS,FUK,5,21.64729849552993,19520.0,7820.0,False,佐賀県,Saga Ken,33.28699898651737,130.11525560125963,0.4006147540983606,9.879194859967084,0.22037980571964189,0.5976478050649933,1.817837858555907,4775.985885647973,0.4930841337376233,1.637358272665632
41,3,252.43820230907696,PUS,FUK,5,23.829557399265983,24610.0,8540.0,False,佐賀県,Saga Ken,33.28699898651737,130.11525560125963,0.3470134091832588,10.110908143385101,0.18111436431985517,0.6502347435741183,1.9159905426961017,4894.590851836671,0.5566303202273186,1.744783222645752
41,4,252.43820230907696,PUS,FUK,5,24.27825037978378,21930.0,6510.0,False,佐賀県,Saga Ken,33.28699898651737,130.11525560125963,0.2968536251709986,9.995610841411933,0.15963422219143714,0.6203540859844343,1.8595863787590903,3935.2703236374873,0.5033598794711445,1.654270091916484
41,5,252.43820230907696,PUS,FUK,5,25.011717923656303,21910.0,7690.0,False,佐賀県,Saga Ken,33.28699898651737,130.11525560125963,0.3509812870835235,9.994698432589512,0.19755776200510683,0.5747019014622952,1.7766008458551517,4794.037623356057,0.472547799526966,1.6040758550861423
41,6,252.43820230907696,PUS,FUK,5,23.43157698865741,19010.0,6900.0,False,佐賀県,Saga Ken,33.28699898651737,130.11525560125963,0.3629668595476065,9.852720435482475,0.2081325793300818,0.5561362568118007,1.7439214020019895,4371.532360790813,0.45640780931747926,1.5783938972721647
41,7,252.43820230907696,PUS,FUK,5,25.2605849041424,13530.0,4040.0,False,佐賀県,Saga Ken,33.28699898651737,130.11525560125963,0.2985957132298595,9.512664721164834,0.16717629894339808,0.5800415909006382,1.7861127152417515,2558.509296439242,0.45681990916603876,1.5790444872029967
41,8,252.43820230907696,PUS,FUK,5,24.76272185787604,11550.0,2860.0,False,佐賀県,Saga Ken,33.28699898651737,130.11525560125963,0.2476190476190476,9.35444071594994,0.1651003262284179,0.40533813997758106,1.4998095598942929,2174.5417482079124,0.2740036729685915,1.315219632990256
41,9,252.43820230907696,PUS,FUK,5,22.738134374760296,14880.0,5500.0,False,佐賀県,Saga Ken,33.28699898651737,130.11525560125963,0.3696236559139785,9.607773308387083,0.19552110188187055,0.6368170302004013,1.890454034661163,3262.4248276363624,0.5222773611925824,1.685862599318424
41,10,252.43820230907696,PUS,FUK,5,25.405449425677915,22510.0,9450.0,False,佐賀県,Saga Ken,33.28699898651737,130.11525560125963,0.4198134162594402,10.021714933900778,0.19724344671663993,0.7553716296313672,2.128402353780323,4979.974473170681,0.6405899763515688,1.8976000882958983
41,11,252.43820230907696,PUS,FUK,5,24.118751754170887,22850.0,6240.0,False,佐賀県,Saga Ken,33.28699898651737,130.11525560125963,0.2730853391684901,10.036706396322352,0.18240283564572807,0.4035667202005371,1.4971551193364674,4647.690210307193,0.2946098151589691,1.3426023933698377
41,12,252.43820230907696,PUS,FUK,5,24.96148638646881,22030.0,7630.0,False,佐賀県,Saga Ken,33.28699898651737,130.11525560125963,0.3463458919655016,10.000160439796389,0.20644558496606688,0.5174010968485121,1.6776618982790543,5058.910743647579,0.41093665322432216,1.5082298120362976
42,1,238.187627710186,ICN,NGS,4,13.409070274583062,43600.0,14980.0,False,長崎県,Nagasaki Ken,32.94715033470395,129.92415657215443,0.3435779816513761,10.682812429337126,0.2762566593269535,0.2180837480138904,1.2436912199272885,12749.37242328284,0.16123392939937276,1.1749597943067065
42,2,238.187627710186,ICN,NGS,4,12.126023602591768,36650.0,14910.0,False,長崎県,Nagasaki Ken,32.94715033470395,129.92415657215443,0.4068212824010914,10.509168707314798,0.2644780895907912,0.4306155686448059,1.5382041023910071,10321.047102247645,0.3678469104742028,1.4446208657213668
42,3,238.187627710186,ICN,NGS,4,13.338194134010958,45090.0,13810.0,False,長崎県,Nagasaki Ken,32.94715033470395,129.92415657215443,0.306276336216456,10.71641577141513,0.21735558263311683,0.3429531118729119,1.4091026901914552,10340.329595803889,0.28934122304585586,1.3355473703279341
42,4,238.187627710186,ICN,NGS,4,13.22325495514592,56300.0,15490.0,False,長崎県,Nagasaki Ken,32.94715033470395,129.92415657215443,0.275133214920071,10.938449814127782,0.19157723631090506,0.361964348184985,1.4361477397740792,11363.199929177057,0.3098145968948032,1.363172354314266
42,5,238.187627710186,ICN,NGS,4,13.698550887589551,48340.0,14950.0,False,長崎県,Nagasaki Ken,32.94715033470395,129.92415657215443,0.3092676872155565,10.786014654257475,0.2370893254412465,0.2657702328215754,1.3044353078316746,12030.122567838127,0.2172975813867879,1.2427138556316961
42,6,238.187627710186,ICN,NGS,4,12.834046825549985,35820.0,12240.0,False,長崎県,Nagasaki Ken,32.94715033470395,129.92415657215443,0.3417085427135678,10.486261675614703,0.2497801773763778,0.3133769188686384,1.3680370728485354,9478.28104166471,0.2557063019774759,1.2913733984248088
42,7,238.187627710186,ICN,NGS,4,13.486774023944736,40460.0,9290.0,False,長崎県,Nagasaki Ken,32.94715033470395,129.92415657215443,0.2296094908551656,10.608069110721736,0.20062849236584207,0.13492509890452364,1.1444510605027987,8509.224924999771,0.08778769253171781,1.0917563094032618
42,8,238.187627710186,ICN,NGS,4,13.54941566241564,36620.0,10170.0,False,長崎県,Nagasaki Ken,32.94715033470395,129.92415657215443,0.2777170944838886,10.508349818228501,0.19813711482828741,0.3376436596358259,1.4016409531579583,7634.966682832769,0.28670363514100927,1.3320293882705814
42,9,238.187627710186,ICN,NGS,4,12.47772643863419,33190.0,10920.0,False,長崎県,Nagasaki Ken,32.94715033470395,129.92415657215443,0.3290147634829768,10.41000390471402,0.23464512699583845,0.33802834865989695,1.4021802527729974,8269.894523722194,0.2779742154468714,1.3204521495015422
42,10,213.53241620257543,PUS,NGS,4,14.242347057743082,53090.0,18020.0,False,長崎県,Nagasaki Ken,32.94715033470395,129.92415657215443,0.3394236202674703,10.879743865577717,0.32454655701564994,0.04481994563021563,1.0458395349764964,18372.128355171117,-0.019352500715031695,0.9808335567679604
42,11,238.187627710186,ICN,NGS,4,13.415644555670069,53700.0,15630.0,False,長崎県,Nagasaki Ken,32.94715033470395,129.92415657215443,0.2910614525139665,10.891168280496956,0.21890187873609504,0.2849108347860805,1.3296434648917106,12365.430153421239,0.23428745608116763,1.264007786714603
42,12,238.187627710186,ICN,NGS,4,13.940953476008136,47090.0,15570.0,False,長崎県,Nagasaki Ken,32.94715033470395,129.92415657215443,0.3306434487152261,10.7598159432376,0.24775561326040477,0.2885977706649412,1.3345548234570235,12327.88440120544,0.23348226480217882,1.2629904283071907
43,1,234.9233428950382,PUS,KMJ,6,11.927516385809298,110090.0,35940.0,False,熊本県,Kumamoto Ken,32.646666732408605,130.8305555299427,0.3264601689526751,11.609053492064449,0.2880438961121142,0.12519506167763983,1.133369508464114,31384.83935352481,0.1355259281739798,1.1451388868098058
43,2,234.9233428950382,PUS,KMJ,6,10.767135957152886,113910.0,39000.0,False,熊本県,Kumamoto Ken,32.646666732408605,130.8305555299427,0.3423755596523571,11.643163941893958,0.27576276187376425,0.21636732454337793,1.2415583501048852,30798.826883078073,0.23608504508724337,1.2662819966505916
43,3,234.9233428950382,PUS,KMJ,6,11.728442199961934,151570.0,50530.0,False,熊本県,Kumamoto Ken,32.646666732408605,130.8305555299427,0.3333773174110971,11.928802843425702,0.22662964583693238,0.38595776486968814,1.471022540674018,33180.410959265995,0.4206075488657799,1.5228865025822989
43,4,234.9233428950382,PUS,KMJ,6,11.09459030578593,145870.0,51410.0,False,熊本県,Kumamoto Ken,32.646666732408605,130.8305555299427,0.3524371015287584,11.89047109308026,0.19975139671863934,0.5677985939958767,1.764378659265072,28648.580470477365,0.5847288114124485,1.7945042705686058
43,5,234.9233428950382,PUS,KMJ,6,11.453795188684769,131540.0,45020.0,False,熊本県,Kumamoto Ken,32.646666732408605,130.8305555299427,0.3422533069788657,11.787066266855343,0.24720538210036402,0.32533162899033097,1.3844897067811928,31739.301877156915,0.34955111567083463,1.4184306943563039
43,6,234.9233428950382,PUS,KMJ,6,10.84961946754342,109850.0,37540.0,False,熊本県,Kumamoto Ken,32.646666732408605,130.8305555299427,0.3417387346381429,11.606871077812757,0.2604377235225877,0.2716827438695004,1.3121706410880372,27935.399624713646,0.2955123428291273,1.343814676156965
43,7,234.9233428950382,PUS,KMJ,6,11.543641200290311,101060.0,25290.0,False,熊本県,Kumamoto Ken,32.646666732408605,130.8305555299427,0.2502473777953691,11.523469678845899,0.2091888490686543,0.17921251176121955,1.19627493965149,20737.671231463155,0.19845714810654158,1.2195197675633922
43,8,234.9233428950382,PUS,KMJ,6,11.394099717064131,112470.0,35280.0,False,熊本県,Kumamoto Ken,32.646666732408605,130.8305555299427,0.3136836489730595,11.630441798398067,0.20659117017703288,0.4176431736691151,1.5183787801978978,22533.51240749818,0.4483125897110387,1.565668030886315
43,9,234.9233428950382,PUS,KMJ,6,10.446679702932832,123860.0,39750.0,False,熊本県,Kumamoto Ken,32.646666732408605,130.8305555299427,0.3209268528984337,11.726907174492052,0.24465689532432844,0.27135642279018013,1.3117425220041248,29234.395588295574,0.30726389393661613,1.3596997372476718
43,10,234.9233428950382,PUS,KMJ,6,11.901658281828375,167820.0,45960.0,False,熊本県,Kumamoto Ken,32.646666732408605,130.8305555299427,0.2738648552020021,12.03064725542406,0.24681207722488444,0.10400752941582048,1.109608809590255,40294.590125125666,0.13155423311024528,1.1405997643177823
43,11,234.9233428950382,PUS,KMJ,6,11.487786550733988,162160.0,44440.0,False,熊本県,Kumamoto Ken,32.646666732408605,130.8305555299427,0.2740503206709422,11.996338781125882,0.2282419188410654,0.18290562761993145,1.2007010897142658,35927.20891281887,0.21264504790969063,1.2369455169155594
43,12,234.9233428950382,PUS,KMJ,6,12.027047893441024,135640.0,41560.0,False,熊本県,Kumamoto Ken,32.646666732408605,130.8305555299427,0.3063992922441758,11.817759596239576,0.2583267759084581,0.1706637711728194,1.186091883687477,34284.94733592444,0.19243176156341768,1.2121937826765345
44,1,280.818312750794,PUS,KMJ,7,12.271230491361417,111260.0,60070.0,False,大分県,Oita Ken,33.20253999260363,131.42944206711104,0.5399065252561568,11.619625083629284,0.16007808910591845,1.21573427011228,3.372769679296448,17353.579588618064,1.2417117474026291,3.4615336676358637
44,2,280.818312750794,PUS,KMJ,7,10.88294335664222,106710.0,57640.0,False,大分県,Oita Ken,33.20253999260363,131.42944206711104,0.5401555618030175,11.577870153610611,0.15325294707908263,1.2597673703212184,3.524601465081665,15873.86798261115,1.2895425370770894,3.631125070659593
44,3,280.818312750794,PUS,KMJ,6,11.890441426941347,100120.0,39380.0,False,大分県,Oita Ken,33.20253999260363,131.42944206711104,0.3933280063923292,11.514124745545711,0.12594761121480832,1.1387778491496612,3.1229493167718254,12372.953019744871,1.157745190984258,3.182748688785694
44,4,280.818312750794,PUS,KMJ,6,11.490379395027755,97520.0,27770.0,False,大分県,Oita Ken,33.20253999260363,131.42944206711104,0.2847621000820344,11.487812764155153,0.11101023946194713,0.9420316506650959,2.565187693155523,10802.648692266055,0.944164947973329,2.57066584233933
44,5,280.818312750794,PUS,KMJ,6,11.868052639097076,89500.0,33830.0,False,大分県,Oita Ken,33.20253999260363,131.42944206711104,0.3779888268156424,11.401993904262946,0.1373824119082259,1.0120962713895754,2.75136257666044,12164.642024498347,1.0228144336651273,2.7810107302680867
44,6,280.818312750794,PUS,KMJ,6,11.152085695639087,68290.0,22610.0,False,大分県,Oita Ken,33.20253999260363,131.42944206711104,0.3310880070288475,11.131518621955134,0.1447361797118741,0.8274715873514558,2.287527608424814,9847.755406399121,0.8311487345968409,2.2959546685438506
44,7,280.818312750794,PUS,KMJ,7,12.082856898512908,62120.0,17880.0,False,大分県,Oita Ken,33.20253999260363,131.42944206711104,0.28783000643915,11.036823277262624,0.11625502804663747,0.9065837549008087,2.4758499591405427,7234.338166942037,0.9048438904263882,2.471546060938135
44,8,280.818312750794,PUS,KMJ,7,11.840705463719209,58480.0,16600.0,False,大分県,Oita Ken,33.20253999260363,131.42944206711104,0.2838577291381668,10.97644009442366,0.11481138880034818,0.9051824743602472,2.472383028410035,6731.949187391636,0.9025379669840472,2.4658534308444264
44,9,280.818312750794,PUS,KMJ,6,10.740618639418589,60880.0,16130.0,False,大分県,Oita Ken,33.20253999260363,131.42944206711104,0.2649474375821288,11.016659992535567,0.1359661107863278,0.6671257882762596,1.9486284931580964,8290.458544922796,0.6655756115011915,1.9456101146393483
44,10,280.818312750794,PUS,KMJ,8,12.161015207486791,117790.0,47590.0,False,大分県,Oita Ken,33.20253999260363,131.42944206711104,0.4040241107054928,11.67665865695283,0.13716383587258474,1.0802984625323333,2.9455585587501494,15894.749046168385,1.0966338491195895,2.9940705488188977
44,11,280.818312750794,PUS,KMJ,6,11.782485365049157,106410.0,35220.0,False,大分県,Oita Ken,33.20253999260363,131.42944206711104,0.3309839300817592,11.575054836435777,0.12684361902855568,0.9591148430994851,2.609385735101475,13315.50237669132,0.9726851543831483,2.6450372658603025
44,12,280.818312750794,PUS,KMJ,6,12.214706142869828,118000.0,51830.0,False,大分県,Oita Ken,33.20253999260363,131.42944206711104,0.4392372881355932,11.678439903447801,0.14356303747614682,1.1182655624279993,3.059543012306166,16499.52808643844,1.1446373525260043,3.141301965030197
45,1,285.9896617954359,ICN,KMI,3,5.194979401429742,14300.0,5800.0,False,宮崎県,Miyazaki Ken,32.19532597115111,131.29790891585463,0.4055944055944055,9.568014816247999,0.14982515641038038,0.9958846689711296,2.7071181857034565,2424.1162179053226,0.8723909058142008,2.3926245603074974
45,2,285.9896617954359,ICN,KMI,3,4.667013057142295,15860.0,8500.0,False,宮崎県,Miyazaki Ken,32.19532597115111,131.29790891585463,0.5359394703656999,9.671555495188839,0.14343716179222166,1.3181241838952003,3.736405989000564,2536.8770467965337,1.2091323480675245,3.350576257029667
45,3,285.9896617954359,ICN,KMI,3,5.047428433963948,17410.0,6680.0,False,宮崎県,Miyazaki Ken,32.19532597115111,131.29790891585463,0.3836875358989087,9.764800032762235,0.11788072093543481,1.1801552390579726,3.2548794480910974,2286.898710036346,1.0719213629350026,2.9209863867970958
45,4,285.9896617954359,ICN,KMI,3,4.4308730918004615,18700.0,5570.0,False,宮崎県,Miyazaki Ken,32.19532597115111,131.29790891585463,0.2978609625668449,9.836278802842678,0.10390008141298511,1.0531971273853162,2.866802013204382,2185.973776697493,0.9353336602780731,2.5480635034949937
45,5,285.9896617954359,ICN,KMI,3,4.565142362659685,18180.0,3570.0,False,宮崎県,Miyazaki Ken,32.19532597115111,131.29790891585463,0.1963696369636963,9.80807736773147,0.12858312756698337,0.42342318370724374,1.5271804371176196,2596.5307198080186,0.3183893803218574,1.3749115205014624
45,6,285.9896617954359,ICN,KMI,3,4.337977150847005,11350.0,2160.0,False,宮崎県,Miyazaki Ken,32.19532597115111,131.29790891585463,0.1903083700440528,9.336973022909548,0.13546588970851672,0.3399258845904978,1.4048434661562492,1745.4945532414285,0.2130702945954912,1.2374716357543616
45,7,285.9896617954359,ICN,KMI,3,4.572255948212948,11600.0,2020.0,False,宮崎県,Miyazaki Ken,32.19532597115111,131.29790891585463,0.1741379310344827,9.358760377094455,0.10880894354664457,0.47025415952398153,1.6004008986617233,1428.3707004343817,0.34656308704272565,1.4141987086305379
45,8,285.9896617954359,ICN,KMI,3,4.543662759203111,12140.0,2720.0,False,宮崎県,Miyazaki Ken,32.19532597115111,131.29790891585463,0.2240527182866556,9.40426106461349,0.10745776877261069,0.7347834519030874,2.0850304342422112,1466.1551834713898,0.617988427417461,1.8551924316496315
45,9,285.9896617954359,ICN,KMI,3,4.185532854501083,10190.0,2140.0,True,宮崎県,Miyazaki Ken,32.19532597115111,131.29790891585463,0.2100098135426889,9.229162126216771,0.12725753992224229,0.5009413542789596,1.6502740322578169,1479.0916764637848,0.3693776617874507,1.4468339143901585
45,10,285.9896617954359,ICN,KMI,3,4.816913481804327,17810.0,2980.0,False,宮崎県,Miyazaki Ken,32.19532597115111,131.29790891585463,0.1673217293655249,9.787515376283707,0.12837855123233072,0.2649351513730105,1.3033464528098428,2580.942682632396,0.14376858745385057,1.1546168847735092
45,11,285.9896617954359,ICN,KMI,3,4.912757705390159,21970.0,9600.0,False,宮崎県,Miyazaki Ken,32.19532597115111,131.29790891585463,0.4369594902139281,9.997433165378656,0.1187193398344322,1.3030782723495982,3.6806091646341574,2885.407110865204,1.2020970955176802,3.3270868307804906
45,12,285.9896617954359,ICN,KMI,3,5.30610857176796,19280.0,7220.0,False,宮崎県,Miyazaki Ken,32.19532597115111,131.29790891585463,0.3744813278008299,9.866823568164536,0.13436788672796413,1.0249604812016448,2.7869853200786725,2878.625883338423,0.9195418964575044,2.508141138377721
46,1,241.05825714928503,PUS,KOJ,3,3.285883020868298,57430.0,27040.0,False,鹿児島県,Kagoshima Ken,31.63711503096391,130.63039886019928,0.4708340588542573,10.958322093858342,0.26629017088329676,0.5699191330808,1.7681240629065615,15847.640174491511,0.5342966468260553,1.7062477253568527
46,2,241.05825714928503,PUS,KOJ,3,2.931095238092979,44030.0,22670.0,False,鹿児島県,Kagoshima Ken,31.63711503096391,130.63039886019928,0.5148762207585738,10.6926264987498,0.2549365356245305,0.702911889455031,2.019625078442587,11780.593500362369,0.6545889055309715,1.9243512645863439
46,3,265.87327313809806,ICN,KOJ,3,3.137581570295064,57360.0,19380.0,False,鹿児島県,Kagoshima Ken,31.63711503096391,130.63039886019928,0.3378661087866109,10.957102475273501,0.15249946443409412,0.7954886050196723,2.215523248166074,8985.967189685147,0.7685774470916105,2.1566960562960875
46,4,265.87327313809806,ICN,KOJ,3,2.616134653895561,50140.0,13780.0,False,鹿児島県,Kagoshima Ken,31.63711503096391,130.63039886019928,0.2748304746709214,10.822574371712284,0.1344130460384392,0.7152369597209312,2.0446711295592976,7097.190639664271,0.66351924439636,1.9416133368303954
46,5,265.87327313809806,ICN,KOJ,3,2.717381088869015,43460.0,10740.0,False,鹿児島県,Kagoshima Ken,31.63711503096391,130.63039886019928,0.2471237919926369,10.67959625381042,0.16634491148018907,0.3958259804763653,1.4856107697773986,7579.846915389655,0.3484820854892625,1.4169151593542304
46,6,265.87327313809806,ICN,KOJ,3,2.5532633758539145,31440.0,7720.0,False,鹿児島県,Kagoshima Ken,31.63711503096391,130.63039886019928,0.2455470737913486,10.355836246543143,0.1752489759623361,0.33728099285641644,1.401132716713396,5840.660447093042,0.27897048333511165,1.321768329100919
46,7,265.87327313809806,ICN,KOJ,3,2.6077004279915665,28450.0,4450.0,False,鹿児島県,Kagoshima Ken,31.63711503096391,130.63039886019928,0.156414762741652,10.255903439554476,0.1407635233719965,0.10542987138789783,1.1111881757058175,4269.888015702968,0.04131649511220559,1.0421818988307543
46,8,265.87327313809806,ICN,KOJ,3,2.628743409488975,27030.0,4690.0,False,鹿児島県,Kagoshima Ken,31.63711503096391,130.63039886019928,0.173510913799482,10.204702639270494,0.13901554093889046,0.2216547689552666,1.248140406659679,4007.3066084969128,0.15731323551420218,1.1703621554825716
46,9,265.87327313809806,ICN,KOJ,3,2.505878904554998,36170.0,7720.0,False,鹿児島県,Kagoshima Ken,31.63711503096391,130.63039886019928,0.2134365496267625,10.495985324946144,0.16463003050322084,0.2596388801114127,1.296461823971944,6227.197268534734,0.2148880091018679,1.2397230514935205
46,10,265.87327313809806,ICN,KOJ,3,2.9550904950670254,57470.0,15710.0,False,鹿児島県,Kagoshima Ken,31.63711503096391,130.63039886019928,0.2733600139203062,10.959018351501788,0.16608025597738202,0.49831851746404876,1.6459513041546268,9947.836812056132,0.45694233055660405,1.5792378078579348
46,11,265.87327313809806,ICN,KOJ,3,3.5514628251830493,62970.0,24480.0,False,鹿児島県,Kagoshima Ken,31.63711503096391,130.63039886019928,0.3887565507384469,11.050413701482789,0.153584365611713,0.9287032849747016,2.531224771415136,9964.968312132969,0.8987806839008332,2.456605905128074
46,12,265.87327313809806,ICN,KOJ,3,4.208284977848151,66580.0,34340.0,False,鹿児島県,Kagoshima Ken,31.63711503096391,130.63039886019928,0.5157705016521478,11.106159511129016,0.1738285158128514,1.0875926303606616,2.9671225071463,11814.753335822128,1.0669618222534574,2.9065355004815636
47,1,311.80469547217984,PUS,OKA,1,2.2669573503273392,425620.0,101790.0,False,沖縄県,Okinawa Ken,26.49496062810743,127.9588087353711,0.239156994502138,12.961302208386662,0.10766656390192704,0.7980811369590344,2.221274514899398,40043.68267009723,0.9329409424689956,2.541973994714827
47,2,311.80469547217984,PUS,OKA,1,2.075204569596848,366730.0,95370.0,False,沖縄県,Okinawa Ken,26.49496062810743,127.9588087353711,0.2600550813950317,12.812381161457578,0.10307605689202747,0.9254263279357045,2.5229436324620016,33167.66307207987,1.05618866617138,2.875391003361987
47,3,311.80469547217984,PUS,OKA,1,2.198334959501554,408860.0,83560.0,False,沖縄県,Okinawa Ken,26.49496062810743,127.9588087353711,0.2043731350584552,12.921128078138999,0.0847108221174591,0.8807040530357129,2.412597705344822,30331.855361947557,1.013366444358093,2.754859503412678
47,4,311.80469547217984,PUS,OKA,1,2.1196912113578046,530070.0,94800.0,False,沖縄県,Okinawa Ken,26.49496062810743,127.9588087353711,0.1788443035825457,13.180764352278805,0.07466412866091653,0.873515843485666,2.395317628291871,34513.78468104438,1.0104106090525917,2.7467286151340526
47,5,311.80469547217984,PUS,OKA,1,2.1984632875398,548980.0,112700.0,False,沖縄県,Okinawa Ken,26.49496062810743,127.9588087353711,0.2052898101934496,13.215817289955588,0.09240172913940028,0.7982769969520023,2.2217096163183556,43469.86372391535,0.9526615109955312,2.5926007202547803
47,6,311.80469547217984,PUS,OKA,1,1.9758690971162112,570140.0,92250.0,False,沖縄県,Okinawa Ken,26.49496062810743,127.9588087353711,0.1618023643315677,13.253637223687631,0.0973477833781384,0.5080856552516724,1.6621063029556769,46822.336353257604,0.6781419213498268,1.9702135174120115
47,7,311.80469547217984,PUS,OKA,1,2.023294903914915,574270.0,90180.0,False,沖縄県,Okinawa Ken,26.49496062810743,127.9588087353711,0.1570341477005589,13.260854947981432,0.07819170928397122,0.697299660431524,2.0083222267242324,37801.946828711065,0.8694470682885971,2.385591419633107
47,8,311.80469547217984,PUS,OKA,1,2.06862175931934,653350.0,85700.0,False,沖縄県,Okinawa Ken,26.49496062810743,127.9588087353711,0.1311701232111425,13.389868252417292,0.07722073519232588,0.5298271196098061,1.69863862192519,41922.79436534792,0.7150231283338719,2.044233961437383
47,9,311.80469547217984,PUS,OKA,1,2.1056541383461838,585250.0,96120.0,False,沖縄県,Okinawa Ken,26.49496062810743,127.9588087353711,0.1642375053395984,13.279794385353156,0.09144914233569158,0.5855305871917746,1.79594363757634,44918.464534387924,0.7607484638086994,2.1398772419394256
47,10,297.885122108957,CJU,OKA,1,2.227439309063452,647170.0,124300.0,False,沖縄県,Okinawa Ken,26.49496062810743,127.9588087353711,0.1920669993973762,13.380364290129194,0.11024692253337835,0.5551216659438283,1.7421529325612335,61571.33870270293,0.7025015170541682,2.018796450085037
47,11,311.80469547217984,PUS,OKA,1,2.2571281624452864,479460.0,87720.0,False,沖縄県,Okinawa Ken,26.49496062810743,127.9588087353711,0.1829558253034664,13.080415749596563,0.08531346600878903,0.7629124234222813,2.144512863709209,35756.280295170814,0.8974239972461024,2.4532753204713877
47,12,311.80469547217984,PUS,OKA,1,2.327767582349206,440220.0,88920.0,False,沖縄県,Okinawa Ken,26.49496062810743,127.9588087353711,0.2019899141338421,12.995029880936094,0.09655874226580102,0.7380662148360408,2.091886341868627,37198.3713597137,0.8714721094281526,2.390427235110121
